id,text,text_clean,language,category,is_scam,risk_level,ground_truth_label,source,version,extracted_entities,annotation_notes,created_at,updated_at
AADHAAR_SCAM_0001,Your Aadhaar card will be deactivated. Update your Aadhaar now at https://uidai-update.xyz or face legal consequences.,your aadhaar card will be deactivated. update your aadhaar now at https://uidai-update.xyz or face legal consequences.,en,AADHAAR_SCAM,True,HIGH,scam,cert_in,2.0.0-alpha,,,,
AADHAAR_SCAM_0002,Your Aadhaar number has been used to open bank accounts in Dubai. Call immediately to avoid arrest.,your aadhaar number has been used to open bank accounts in dubai. call immediately to avoid arrest.,en,AADHAAR_SCAM,True,HIGH,scam,cert_in,2.0.0-alpha,,,,
AADHAAR_SCAM_0003,Aadhaar OTP: 374829. Call us immediately with this OTP to update your mobile number in Aadhaar.,aadhaar otp: 374829. call us immediately with this otp to update your mobile number in aadhaar.,en,AADHAAR_SCAM,True,HIGH,scam,ncpc,2.0.0-alpha,,,,
AADHAAR_SCAM_0004,Your Amazon account has been hacked! Your order of iPhone 15 is being placed. OTP: 542389. Share to cancel.,your amazon account has been hacked! your order of iphone 15 is being placed. otp: 542389. share to cancel.,en,AADHAAR_SCAM,True,HIGH,scam,manual,2.0.0-alpha,,,,
AADHAAR_SCAM_0005,Google verification: Your account will be deleted. OTP 984312. Forward to 9988776655 to keep active.,google verification: your account will be deleted. otp 984312. forward to 9988776655 to keep active.,en,AADHAAR_SCAM,True,HIGH,scam,manual,2.0.0-alpha,,,,
AADHAAR_SCAM_0006,Your Apple ID has been locked. Verify here: https://apple-verify.tk,your apple id has been locked. verify here: https://apple-verify.tk,en,AADHAAR_SCAM,True,HIGH,scam,manual,2.0.0-alpha,,,,
AADHAAR_SCAM_0007,Facebook: Someone tried to login from Kolkata. Secure your account: http://fb-secure.tk,facebook: someone tried to login from kolkata. secure your account: http://fb-secure.tk,en,AADHAAR_SCAM,True,HIGH,scam,manual,2.0.0-alpha,,,,
AADHAAR_SCAM_0008,Your email account password expired. Update now: https://email-update.ml,your email account password expired. update now: https://email-update.ml,en,AADHAAR_SCAM,True,HIGH,scam,manual,2.0.0-alpha,,,,
AADHAAR_SCAM_0009,Your vehicle insurance expires in 7 days. Renew now to avoid penalty. https://renew-insure.tk,your vehicle insurance expires in 7 days. renew now to avoid penalty. https://renew-insure.tk,en,AADHAAR_SCAM,True,HIGH,scam,manual,2.0.0-alpha,,,,
AADHAAR_SCAM_0010,Your email account password will expire today. Keep same password: https://email-verify-now.xyz,your email account password will expire today. keep same password: https://email-verify-now.xyz,en,AADHAAR_SCAM,True,HIGH,scam,manual,2.0.0-alpha,,,,
AADHAAR_SCAM_0011,Instagram: Your account has been hacked. Recover now: https://instagram-recovery.xyz/login,instagram: your account has been hacked. recover now: https://instagram-recovery.xyz/login,en,AADHAAR_SCAM,True,HIGH,scam,manual,2.0.0-alpha,,,,
AADHAAR_SCAM_0012,LinkedIn: Someone tried to access your account from Russia. Secure here: http://bit.ly/linkedin-secure,linkedin: someone tried to access your account from russia. secure here: http://bit.ly/linkedin-secure,en,AADHAAR_SCAM,True,HIGH,scam,manual,2.0.0-alpha,,,,
AADHAAR_SCAM_0013,Twitter: Your account has been restricted. Appeal at https://twitter-appeal.tk to restore your account.,twitter: your account has been restricted. appeal at https://twitter-appeal.tk to restore your account.,en,AADHAAR_SCAM,True,HIGH,scam,manual,2.0.0-alpha,,,,
AADHAAR_SCAM_0014,Microsoft: Unusual sign-in detected. Verify your identity at https://microsoft-account-verify.com,microsoft: unusual sign-in detected. verify your identity at https://microsoft-account-verify.com,en,AADHAAR_SCAM,True,HIGH,scam,manual,2.0.0-alpha,,,,
AADHAAR_SCAM_0015,Your Apple ID has been locked for security reasons. Unlock here: https://apple-id-unlock.xyz,your apple id has been locked for security reasons. unlock here: https://apple-id-unlock.xyz,en,AADHAAR_SCAM,True,HIGH,scam,manual,2.0.0-alpha,,,,
BANKING_FRAUD_0001,ALERT: Your SBI Account has been temporarily locked due to suspicious activity. Click here immediately to verify: sbi-secure-verify.com/update OR call 9876543210. Failure to verify within 2 hours will result in permanent account closure.,alert: your sbi account has been temporarily locked due to suspicious activity. click here immediately to verify: sbi-secure-verify.com/update or call 9876543210. failure to verify within 2 hours will result in permanent account closure.,en,BANKING_FRAUD,True,CRITICAL,scam,rbi,2.0.0-alpha,,,,
BANKING_FRAUD_0002,RBI NOTICE: Your bank account has suspicious activity. Failure to verify today may lead to legal action and account freeze.,rbi notice: your bank account has suspicious activity. failure to verify today may lead to legal action and account freeze.,en,BANKING_FRAUD,True,CRITICAL,scam,rbi,2.0.0-alpha,,,,
BANKING_FRAUD_0003,"Dear user, your account will be suspended. OTP 782345 required for verification. Reply with OTP.","dear user, your account will be suspended. otp 782345 required for verification. reply with otp.",en,BANKING_FRAUD,True,CRITICAL,scam,manual,2.0.0-alpha,,,,
BANKING_FRAUD_0004,Your HDFC account has been blocked due to suspicious activity. Call 1800-XXX-XXXX immediately to reactivate.,your hdfc account has been blocked due to suspicious activity. call 1800-xxx-xxxx immediately to reactivate.,en,BANKING_FRAUD,True,CRITICAL,scam,manual,2.0.0-alpha,,,,
BANKING_FRAUD_0005,SBI Alert: Your debit card has been deactivated. Update KYC at https://sbi-kyc-update.xyz or your account will be frozen.,sbi alert: your debit card has been deactivated. update kyc at https://sbi-kyc-update.xyz or your account will be frozen.,en,BANKING_FRAUD,True,CRITICAL,scam,manual,2.0.0-alpha,,,,
BANKING_FRAUD_0006,ICICI Bank: Your account is temporarily suspended. Click here to restore access: http://bit.ly/icici-restore,icici bank: your account is temporarily suspended. click here to restore access: http://bit.ly/icici-restore,en,BANKING_FRAUD,True,CRITICAL,scam,manual,2.0.0-alpha,,,,
BANKING_FRAUD_0007,Axis Bank Warning: Unauthorized login detected from New Delhi. Confirm your identity or your account will be blocked permanently.,axis bank warning: unauthorized login detected from new delhi. confirm your identity or your account will be blocked permanently.,en,BANKING_FRAUD,True,CRITICAL,scam,manual,2.0.0-alpha,,,,
BANKING_FRAUD_0008,Your Kotak Mahindra net banking has been locked. Call our helpdesk on 022-XXXX-XXXX to unlock within 24 hours.,your kotak mahindra net banking has been locked. call our helpdesk on 022-xxxx-xxxx to unlock within 24 hours.,en,BANKING_FRAUD,True,CRITICAL,scam,manual,2.0.0-alpha,,,,
BANKING_FRAUD_0009,"PNB Alert: Rs 49,500 debited from your account. Not you? Call 1800-XXX-XXX immediately to reverse. OTP: 491823","pnb alert: rs 49,500 debited from your account. not you? call 1800-xxx-xxx immediately to reverse. otp: 491823",en,BANKING_FRAUD,True,CRITICAL,scam,manual,2.0.0-alpha,,,,
BANKING_FRAUD_0010,Canara Bank: Your account KYC is expired. Update now or account will be suspended. https://canara-kyc.com/update,canara bank: your account kyc is expired. update now or account will be suspended. https://canara-kyc.com/update,en,BANKING_FRAUD,True,CRITICAL,scam,manual,2.0.0-alpha,,,,
BANKING_FRAUD_0011,RBI Warning: Your bank account linked to illegal transactions. Call 011-XXXX-XXXX immediately to avoid legal action.,rbi warning: your bank account linked to illegal transactions. call 011-xxxx-xxxx immediately to avoid legal action.,en,BANKING_FRAUD,True,CRITICAL,scam,manual,2.0.0-alpha,,,,
BANKING_FRAUD_0012,HDFC Bank: Your credit card application has been approved. Pay Rs 999 processing fee to receive your card.,hdfc bank: your credit card application has been approved. pay rs 999 processing fee to receive your card.,en,BANKING_FRAUD,True,CRITICAL,scam,manual,2.0.0-alpha,,,,
BANKING_FRAUD_0013,YES BANK: Fraud detected on your account. Share your account details to secure your funds. Send details to fraud@yesbank-verify.com,yes bank: fraud detected on your account. share your account details to secure your funds. send details to fraud@yesbank-verify.com,en,BANKING_FRAUD,True,CRITICAL,scam,manual,2.0.0-alpha,,,,
BANKING_FRAUD_0014,State Bank of India: Your account will be deactivated. Click https://sbi-secure-login.xyz to verify your credentials now.,state bank of india: your account will be deactivated. click https://sbi-secure-login.xyz to verify your credentials now.,en,BANKING_FRAUD,True,CRITICAL,scam,manual,2.0.0-alpha,,,,
BANKING_FRAUD_0015,"Bank of Baroda: Your savings account has been credited with INR 50,000. Pay Rs 2500 processing fee to claim this amount.","bank of baroda: your savings account has been credited with inr 50,000. pay rs 2500 processing fee to claim this amount.",en,BANKING_FRAUD,True,CRITICAL,scam,manual,2.0.0-alpha,,,,
BANKING_FRAUD_0016,IDBI Bank: 2-factor authentication expired. Update immediately at https://idbi-update.tk or service will be disconnected.,idbi bank: 2-factor authentication expired. update immediately at https://idbi-update.tk or service will be disconnected.,en,BANKING_FRAUD,True,CRITICAL,scam,manual,2.0.0-alpha,,,,
BANKING_FRAUD_0017,Union Bank Alert: Your ATM card has been blocked. Call 1800-XXX-XXXX to reactivate. Do not ignore this message.,union bank alert: your atm card has been blocked. call 1800-xxx-xxxx to reactivate. do not ignore this message.,en,BANKING_FRAUD,True,CRITICAL,scam,manual,2.0.0-alpha,,,,
BANKING_FRAUD_0018,"IndusInd Bank: New device login detected from Mumbai. If not you, secure your account now: http://bit.ly/indus-secure","indusind bank: new device login detected from mumbai. if not you, secure your account now: http://bit.ly/indus-secure",en,BANKING_FRAUD,True,CRITICAL,scam,manual,2.0.0-alpha,,,,
BANKING_FRAUD_0019,"SEBI Alert: Your trading account has been used for unauthorized trades. Pay Rs 10,000 penalty to avoid suspension of demat account.","sebi alert: your trading account has been used for unauthorized trades. pay rs 10,000 penalty to avoid suspension of demat account.",en,BANKING_FRAUD,True,CRITICAL,scam,manual,2.0.0-alpha,,,,
BANKING_FRAUD_0020,"SBI Alert: Your debit card transaction of ₹45,999 at Shoppers Stop. If not you, block: http://sbi-block.in","sbi alert: your debit card transaction of ₹45,999 at shoppers stop. if not you, block: http://sbi-block.in",en,BANKING_FRAUD,True,CRITICAL,scam,known_corpus,2.0.0-alpha,,,,
BANKING_FRAUD_0021,"HDFC Bank: Your account credited ₹1,00,000. Verify OTP 784321 to reverse if incorrect.","hdfc bank: your account credited ₹1,00,000. verify otp 784321 to reverse if incorrect.",en,BANKING_FRAUD,True,CRITICAL,scam,known_corpus,2.0.0-alpha,,,,
BANKING_FRAUD_0022,ICICI: Your net banking password will expire. Click to renew: http://icici-renew.in,icici: your net banking password will expire. click to renew: http://icici-renew.in,en,BANKING_FRAUD,True,CRITICAL,scam,known_corpus,2.0.0-alpha,,,,
BANKING_FRAUD_0023,"Axis Bank Alert: ₹28,500 withdrawn from ATM. Dispute: http://axis-dispute.com","axis bank alert: ₹28,500 withdrawn from atm. dispute: http://axis-dispute.com",en,BANKING_FRAUD,True,CRITICAL,scam,known_corpus,2.0.0-alpha,,,,
BANKING_FRAUD_0024,Your SBI ATM card has been blocked. Unblock: http://sbi-unblock.in,your sbi atm card has been blocked. unblock: http://sbi-unblock.in,en,BANKING_FRAUD,True,CRITICAL,scam,known_corpus,2.0.0-alpha,,,,
BANKING_FRAUD_0025,Kotak Mahindra: New device login detected. Click to verify: http://kotak-verify.in,kotak mahindra: new device login detected. click to verify: http://kotak-verify.in,en,BANKING_FRAUD,True,CRITICAL,scam,known_corpus,2.0.0-alpha,,,,
BANKING_FRAUD_0026,"PNB: Your account has been credited with ₹12,000 government subsidy.","pnb: your account has been credited with ₹12,000 government subsidy.",en,BANKING_FRAUD,True,CRITICAL,scam,known_corpus,2.0.0-alpha,,,,
BANKING_FRAUD_0027,"Yes Bank: Your reward points worth ₹5,000 are expiring. Redeem: http://yes-rewards.in","yes bank: your reward points worth ₹5,000 are expiring. redeem: http://yes-rewards.in",en,BANKING_FRAUD,True,CRITICAL,scam,known_corpus,2.0.0-alpha,,,,
BANKING_FRAUD_0028,"Bank of India: Your loan of ₹5,00,000 pre-approved. Accept offer: http://boi-loan.in","bank of india: your loan of ₹5,00,000 pre-approved. accept offer: http://boi-loan.in",en,BANKING_FRAUD,True,CRITICAL,scam,known_corpus,2.0.0-alpha,,,,
BANKING_FRAUD_0029,SBI Life: Your insurance premium payment failed. Re-pay: http://sbilife-pay.in,sbi life: your insurance premium payment failed. re-pay: http://sbilife-pay.in,en,BANKING_FRAUD,True,CRITICAL,scam,known_corpus,2.0.0-alpha,,,,
BANKING_FRAUD_0030,RBI: Your bank account has been compromised. Freeze now by sharing OTP.,rbi: your bank account has been compromised. freeze now by sharing otp.,en,BANKING_FRAUD,True,CRITICAL,scam,known_corpus,2.0.0-alpha,,,,
BANKING_FRAUD_0031,"IndusInd: Your credit card limit increased to ₹5,00,000. Activate: http://indusind-cc.in","indusind: your credit card limit increased to ₹5,00,000. activate: http://indusind-cc.in",en,BANKING_FRAUD,True,CRITICAL,scam,known_corpus,2.0.0-alpha,,,,
BANKING_FRAUD_0032,"Your SBI savings account no. ****1234 is debited ₹32,000. Not you? Call 1800-123-4567.","your sbi savings account no. ****1234 is debited ₹32,000. not you? call 1800-123-4567.",en,BANKING_FRAUD,True,CRITICAL,scam,known_corpus,2.0.0-alpha,,,,
BANKING_FRAUD_0033,HDFC: Reward points cashout link: http://hdfc-rewards.in. Expires soon.,hdfc: reward points cashout link: http://hdfc-rewards.in. expires soon.,en,BANKING_FRAUD,True,CRITICAL,scam,known_corpus,2.0.0-alpha,,,,
BANKING_FRAUD_0034,"Unga UPI transaction ₹12,599 ku approval kudunga. Link: http://bit.ly/upi-tn","unga upi transaction ₹12,599 ku approval kudunga. link: http://bit.ly/upi-tn",en,BANKING_FRAUD,True,CRITICAL,scam,known_corpus,2.0.0-alpha,,,,
BANKING_FRAUD_0035,SBI la unga account block aagum. KYC update pannungga: http://sbi-kyc-tamil.in,sbi la unga account block aagum. kyc update pannungga: http://sbi-kyc-tamil.in,ta-en,BANKING_FRAUD,True,CRITICAL,scam,known_corpus,2.0.0-alpha,,,,
BANKING_FRAUD_0036,"TNEB la bill ₹2,890 outstanding. Power cut aagum. Ippave pay pannunga.","tneb la bill ₹2,890 outstanding. power cut aagum. ippave pay pannunga.",ta-en,BANKING_FRAUD,True,CRITICAL,scam,known_corpus,2.0.0-alpha,,,,
BANKING_FRAUD_0037,Unga Aadhaar card suspend aagum. Update pannunga: http://aadhaar-update-tn.in,unga aadhaar card suspend aagum. update pannunga: http://aadhaar-update-tn.in,ta-en,BANKING_FRAUD,True,CRITICAL,scam,known_corpus,2.0.0-alpha,,,,
BANKING_FRAUD_0038,Part time job venuma? Daily ₹2000 varai. WhatsApp pannunga 9876543210,part time job venuma? daily ₹2000 varai. whatsapp pannunga 9876543210,ta-en,BANKING_FRAUD,True,CRITICAL,scam,known_corpus,2.0.0-alpha,,,,
BANKING_FRAUD_0039,"Courier delivery unga address ku vanjudhu. Customs clearance fee ₹3,500 kattanum.","courier delivery unga address ku vanjudhu. customs clearance fee ₹3,500 kattanum.",en,BANKING_FRAUD,True,CRITICAL,scam,known_corpus,2.0.0-alpha,,,,
BANKING_FRAUD_0040,"PM Kisan scheme la ₹2,000 eligible aagirukku. Click pannunga: http://pmkisan-tn.in","pm kisan scheme la ₹2,000 eligible aagirukku. click pannunga: http://pmkisan-tn.in",ta-en,BANKING_FRAUD,True,CRITICAL,scam,known_corpus,2.0.0-alpha,,,,
BANKING_FRAUD_0041,"Google Pay la ₹25,000 lottery prize. Claim: http://gpay-tamil.in","google pay la ₹25,000 lottery prize. claim: http://gpay-tamil.in",en,BANKING_FRAUD,True,CRITICAL,scam,known_corpus,2.0.0-alpha,,,,
BANKING_FRAUD_0042,"Amazon job work from home. Monthly ₹45,000 salary. Registration fee ₹999.","amazon job work from home. monthly ₹45,000 salary. registration fee ₹999.",en,BANKING_FRAUD,True,CRITICAL,scam,known_corpus,2.0.0-alpha,,,,
BANKING_FRAUD_0043,Unga phone number ku OTP vanthirukku. OTP: 784321. Yarum share pannathinga.,unga phone number ku otp vanthirukku. otp: 784321. yarum share pannathinga.,ta-en,BANKING_FRAUD,True,CRITICAL,scam,known_corpus,2.0.0-alpha,,,,
BANKING_FRAUD_0044,"Electricity bill overpayment refund ₹1,200. Claim: http://tneb-refund-tn.in","electricity bill overpayment refund ₹1,200. claim: http://tneb-refund-tn.in",en,BANKING_FRAUD,True,CRITICAL,scam,known_corpus,2.0.0-alpha,,,,
BANKING_FRAUD_0045,Flipkart order deliver aagala. Click: http://flipkart-tn.in address confirm pannunga.,flipkart order deliver aagala. click: http://flipkart-tn.in address confirm pannunga.,ta-en,BANKING_FRAUD,True,CRITICAL,scam,known_corpus,2.0.0-alpha,,,,
BANKING_FRAUD_0046,RBI la unga account ku security issue. Ippave verify pannunga: http://rbi-tn.in,rbi la unga account ku security issue. ippave verify pannunga: http://rbi-tn.in,ta-en,BANKING_FRAUD,True,CRITICAL,scam,known_corpus,2.0.0-alpha,,,,
BANKING_FRAUD_0047,Modi ji govt scheme: free smartphone. Register pannikonga: http://freesmartphone.in,modi ji govt scheme: free smartphone. register pannikonga: http://freesmartphone.in,en,BANKING_FRAUD,True,CRITICAL,scam,known_corpus,2.0.0-alpha,,,,
BANKING_FRAUD_0048,"Unga bank loan pre-approved ₹3,00,000. Low interest. Accept: http://loan-tn.in","unga bank loan pre-approved ₹3,00,000. low interest. accept: http://loan-tn.in",en,BANKING_FRAUD,True,CRITICAL,scam,known_corpus,2.0.0-alpha,,,,
BANKING_FRAUD_0049,YouTube video rating job. Daily income ₹500-1000. Join free: http://yt-job-tn.in,youtube video rating job. daily income ₹500-1000. join free: http://yt-job-tn.in,en,BANKING_FRAUD,True,CRITICAL,scam,known_corpus,2.0.0-alpha,,,,
BANKING_FRAUD_0050,"SBI credit card outstanding ₹45,000. Late fee avoid panna pay now.","sbi credit card outstanding ₹45,000. late fee avoid panna pay now.",en,BANKING_FRAUD,True,CRITICAL,scam,known_corpus,2.0.0-alpha,,,,
BANKING_FRAUD_0051,Swiggy food review ku ₹300 per review. Interested ah? WhatsApp.,swiggy food review ku ₹300 per review. interested ah? whatsapp.,en,BANKING_FRAUD,True,CRITICAL,scam,known_corpus,2.0.0-alpha,,,,
BANKING_FRAUD_0052,Aadhaar-PAN link panna time short. Link: http://aadhaar-pan-tn.in,aadhaar-pan link panna time short. link: http://aadhaar-pan-tn.in,en,BANKING_FRAUD,True,CRITICAL,scam,known_corpus,2.0.0-alpha,,,,
BANKING_FRAUD_0053,"e-Shram card registration. Free ₹2,000 incentive. Click: http://eshram-tn.in","e-shram card registration. free ₹2,000 incentive. click: http://eshram-tn.in",en,BANKING_FRAUD,True,CRITICAL,scam,known_corpus,2.0.0-alpha,,,,
BANKING_FRAUD_0054,Courier tracking: unga parcel Dubai la irundhu customs clearance pending.,courier tracking: unga parcel dubai la irundhu customs clearance pending.,en,BANKING_FRAUD,True,CRITICAL,scam,known_corpus,2.0.0-alpha,,,,
BANKING_FRAUD_0055,Netflix subscription ₹499 automatic renew. Cancel: http://netflix-cancel-tn.in,netflix subscription ₹499 automatic renew. cancel: http://netflix-cancel-tn.in,en,BANKING_FRAUD,True,CRITICAL,scam,known_corpus,2.0.0-alpha,,,,
BANKING_FRAUD_0056,"Paytm cashback ₹5,000 unga account ku credit aagirukku. Claim pannunga.","paytm cashback ₹5,000 unga account ku credit aagirukku. claim pannunga.",ta-en,BANKING_FRAUD,True,CRITICAL,scam,known_corpus,2.0.0-alpha,,,,
BANKING_FRAUD_0057,PhonePe unga document verify panna request. Link: http://phonepay-verify-tn.in,phonepe unga document verify panna request. link: http://phonepay-verify-tn.in,en,BANKING_FRAUD,True,CRITICAL,scam,known_corpus,2.0.0-alpha,,,,
BANKING_FRAUD_0058,IRCTC ticket booking pending. Complete karo: http://irctc-tn.in,irctc ticket booking pending. complete karo: http://irctc-tn.in,en,BANKING_FRAUD,True,CRITICAL,scam,known_corpus,2.0.0-alpha,,,,
BANKING_FRAUD_0059,Chennai la unga house property tax pending. Pay online: http://chennai-tax.in,chennai la unga house property tax pending. pay online: http://chennai-tax.in,ta-en,BANKING_FRAUD,True,CRITICAL,scam,known_corpus,2.0.0-alpha,,,,
BANKING_FRAUD_0060,BSNL: unga number deactivate aagum. Re-verify: http://bsnl-recharge.in,bsnl: unga number deactivate aagum. re-verify: http://bsnl-recharge.in,en,BANKING_FRAUD,True,CRITICAL,scam,known_corpus,2.0.0-alpha,,,,
BANKING_FRAUD_0061,Airtel: unlimited 5G data offer. Claim: http://airtel-offer-tn.in,airtel: unlimited 5g data offer. claim: http://airtel-offer-tn.in,en,BANKING_FRAUD,True,CRITICAL,scam,known_corpus,2.0.0-alpha,,,,
BANKING_FRAUD_0062,Jio: unga plan renew pannunga otherwise number block. Link: http://jio-recharge-tn.in,jio: unga plan renew pannunga otherwise number block. link: http://jio-recharge-tn.in,ta-en,BANKING_FRAUD,True,CRITICAL,scam,known_corpus,2.0.0-alpha,,,,
BANKING_FRAUD_0063,Vodafone Idea: unga SIM inactive aagum. Re-verify KYC: http://vi-kyc.in,vodafone idea: unga sim inactive aagum. re-verify kyc: http://vi-kyc.in,en,BANKING_FRAUD,True,CRITICAL,scam,known_corpus,2.0.0-alpha,,,,
BANKING_FRAUD_0064,"SBI loan offer: ₹10,00,000 pre-approved. Processing fee ₹2,500 matum.","sbi loan offer: ₹10,00,000 pre-approved. processing fee ₹2,500 matum.",en,BANKING_FRAUD,True,CRITICAL,scam,known_corpus,2.0.0-alpha,,,,
BANKING_FRAUD_0065,Unga ATM card block aagirukku. Unblock: http://atm-unblock-tn.in,unga atm card block aagirukku. unblock: http://atm-unblock-tn.in,ta-en,BANKING_FRAUD,True,CRITICAL,scam,known_corpus,2.0.0-alpha,,,,
BANKING_FRAUD_0066,"Insurance policy maturity amount ₹75,000. Claim: http://insurance-tn.in","insurance policy maturity amount ₹75,000. claim: http://insurance-tn.in",en,BANKING_FRAUD,True,CRITICAL,scam,known_corpus,2.0.0-alpha,,,,
BANKING_FRAUD_0067,LIC policy lapsed. Premium pay pannunga: http://lic-pay-tn.in,lic policy lapsed. premium pay pannunga: http://lic-pay-tn.in,ta-en,BANKING_FRAUD,True,CRITICAL,scam,known_corpus,2.0.0-alpha,,,,
BANKING_FRAUD_0068,"PF account settlement ₹45,000 pending. Link: http://epfo-tn.in","pf account settlement ₹45,000 pending. link: http://epfo-tn.in",en,BANKING_FRAUD,True,CRITICAL,scam,known_corpus,2.0.0-alpha,,,,
BANKING_FRAUD_0069,"Aapke SBI account mein ₹50,000 credit hua hai. Check karein: http://sbi-offer.in","aapke sbi account mein ₹50,000 credit hua hai. check karein: http://sbi-offer.in",hi-en,BANKING_FRAUD,True,CRITICAL,scam,known_corpus,2.0.0-alpha,,,,
BANKING_FRAUD_0070,Aapka Aadhaar card block hone wala hai. Update karein: http://aadhaar-update.in,aapka aadhaar card block hone wala hai. update karein: http://aadhaar-update.in,hi-en,BANKING_FRAUD,True,CRITICAL,scam,known_corpus,2.0.0-alpha,,,,
BANKING_FRAUD_0071,"Flipkart se ₹25,000 ka lottery aapko mila hai. Claim karein.","flipkart se ₹25,000 ka lottery aapko mila hai. claim karein.",hi-en,BANKING_FRAUD,True,CRITICAL,scam,known_corpus,2.0.0-alpha,,,,
BANKING_FRAUD_0072,"PM Modi ji ki taraf se ₹5,000 aapke bank account mein bheje gaye.","pm modi ji ki taraf se ₹5,000 aapke bank account mein bheje gaye.",en,BANKING_FRAUD,True,CRITICAL,scam,known_corpus,2.0.0-alpha,,,,
BANKING_FRAUD_0073,"Courier mein aapka parcel pakda gaya. Customs fee ₹2,500 bharein.","courier mein aapka parcel pakda gaya. customs fee ₹2,500 bharein.",en,BANKING_FRAUD,True,CRITICAL,scam,known_corpus,2.0.0-alpha,,,,
BANKING_FRAUD_0074,KYC update nahi kiya toh account freeze ho jayega. Click: http://kyc-update.in,kyc update nahi kiya toh account freeze ho jayega. click: http://kyc-update.in,en,BANKING_FRAUD,True,CRITICAL,scam,known_corpus,2.0.0-alpha,,,,
BANKING_FRAUD_0075,"Aapki Google Pay par ₹10,000 ki lottery lagi hai. Claim karein.","aapki google pay par ₹10,000 ki lottery lagi hai. claim karein.",hi-en,BANKING_FRAUD,True,CRITICAL,scam,known_corpus,2.0.0-alpha,,,,
BANKING_FRAUD_0076,"Job karni hai ghar baithe? ₹50,000 salary. Registration fee ₹1,000.","job karni hai ghar baithe? ₹50,000 salary. registration fee ₹1,000.",hi-en,BANKING_FRAUD,True,CRITICAL,scam,known_corpus,2.0.0-alpha,,,,
BANKING_FRAUD_0077,RBI ka important notice: Aapka account suspend hone wala hai.,rbi ka important notice: aapka account suspend hone wala hai.,hi-en,BANKING_FRAUD,True,CRITICAL,scam,known_corpus,2.0.0-alpha,,,,
BANKING_FRAUD_0078,Bill payment failed. Aapki bijli kal se cut hogi. Pay karein: http://bill-pay.in,bill payment failed. aapki bijli kal se cut hogi. pay karein: http://bill-pay.in,en,BANKING_FRAUD,True,CRITICAL,scam,known_corpus,2.0.0-alpha,,,,
COURIER_SCAM_0001,"Your package has arrived at the warehouse and we attempted delivery twice but were unable to due to incomplete address information. Please update your address within 48 hours, otherwise the package will be returned. In order to update the address click on the link indisposegvs.top/IN","your package has arrived at the warehouse and we attempted delivery twice but were unable to due to incomplete address information. please update your address within 48 hours, otherwise the package will be returned. in order to update the address click on the link indisposegvs.top/in",en,COURIER_SCAM,True,HIGH,scam,pib,2.0.0-alpha,,,,
COURIER_SCAM_0002,Your parcel delivery has been attempted for the 2nd time please confirm your details or your item will be returned: https://indiapots.com/in,your parcel delivery has been attempted for the 2nd time please confirm your details or your item will be returned: https://indiapots.com/in,en,COURIER_SCAM,True,HIGH,scam,pib,2.0.0-alpha,,,,
COURIER_SCAM_0003,Your parcel could not be delivered. Update your address now at http://bit.ly/delivery-fix to avoid return.,your parcel could not be delivered. update your address now at http://bit.ly/delivery-fix to avoid return.,en,COURIER_SCAM,True,HIGH,scam,ncpc,2.0.0-alpha,,,,
COURIER_SCAM_0004,Your parcel is on hold due to incomplete address,your parcel is on hold due to incomplete address,en,COURIER_SCAM,True,HIGH,scam,ncpc,2.0.0-alpha,,,,
COURIER_SCAM_0005,Delivery failed. Pay Rs 5 redelivery fee,delivery failed. pay rs 5 redelivery fee,en,COURIER_SCAM,True,HIGH,scam,ncpc,2.0.0-alpha,,,,
COURIER_SCAM_0006,KYC required before shipment release,kyc required before shipment release,en,COURIER_SCAM,True,HIGH,scam,ncpc,2.0.0-alpha,,,,
COURIER_SCAM_0007,Customs clearance pending. Pay now,customs clearance pending. pay now,en,COURIER_SCAM,True,HIGH,scam,ncpc,2.0.0-alpha,,,,
COURIER_SCAM_0008,Your parcel is waiting for address confirmation. Click here to reschedule delivery,your parcel is waiting for address confirmation. click here to reschedule delivery,en,COURIER_SCAM,True,HIGH,scam,ncpc,2.0.0-alpha,,,,
COURIER_SCAM_0009,Your parcel from Dubai customs has been held. Release fee Rs 15000 required. http://dhl-customs.tk,your parcel from dubai customs has been held. release fee rs 15000 required. http://dhl-customs.tk,en,COURIER_SCAM,True,HIGH,scam,manual,2.0.0-alpha,,,,
COURIER_SCAM_0010,FedEx: Your package contains illegal items! Pay fine Rs 25000 to avoid legal action. http://fedex-alert.xyz,fedex: your package contains illegal items! pay fine rs 25000 to avoid legal action. http://fedex-alert.xyz,en,COURIER_SCAM,True,HIGH,scam,manual,2.0.0-alpha,,,,
COURIER_SCAM_0011,Blue Dart: Your international shipment is stuck at customs. Clearance fee Rs 8000. Pay now: http://dart-customs.ml,blue dart: your international shipment is stuck at customs. clearance fee rs 8000. pay now: http://dart-customs.ml,en,COURIER_SCAM,True,HIGH,scam,manual,2.0.0-alpha,,,,
COURIER_SCAM_0012,Amazon international parcel stopped at Mumbai customs. Pay Rs 12000 release fee: https://amazon-customs.tk,amazon international parcel stopped at mumbai customs. pay rs 12000 release fee: https://amazon-customs.tk,en,COURIER_SCAM,True,HIGH,scam,manual,2.0.0-alpha,,,,
COURIER_SCAM_0013,Urgent: Your shipment tracking ID: SH2024IN9065 requires customs clearance. http://track-customs.top,urgent: your shipment tracking id: sh2024in9065 requires customs clearance. http://track-customs.top,en,COURIER_SCAM,True,HIGH,scam,manual,2.0.0-alpha,,,,
COURIER_SCAM_0014,Your parcel contains undeclared goods. Customs department has seized it. Pay penalty: http://customs-india.tk,your parcel contains undeclared goods. customs department has seized it. pay penalty: http://customs-india.tk,en,COURIER_SCAM,True,HIGH,scam,manual,2.0.0-alpha,,,,
COURIER_SCAM_0015,DTDC: Your package weight mismatch detected. Additional shipping fee Rs 3500. http://dtdc-billing.xyz,dtdc: your package weight mismatch detected. additional shipping fee rs 3500. http://dtdc-billing.xyz,en,COURIER_SCAM,True,HIGH,scam,manual,2.0.0-alpha,,,,
COURIER_SCAM_0016,Speed Post: Your parcel contains gold jewelry worth Rs 5 lakhs. Customs verification needed. http://speedpost-in.ml,speed post: your parcel contains gold jewelry worth rs 5 lakhs. customs verification needed. http://speedpost-in.ml,en,COURIER_SCAM,True,HIGH,scam,manual,2.0.0-alpha,,,,
COURIER_SCAM_0017,Your Amazon order RB7845NH has been stopped by customs. Pay import fee Rs 9000. http://tiny.cc/amazon-customs,your amazon order rb7845nh has been stopped by customs. pay import fee rs 9000. http://tiny.cc/amazon-customs,en,COURIER_SCAM,True,HIGH,scam,manual,2.0.0-alpha,,,,
COURIER_SCAM_0018,Courier company: Unga parcel la illegal items irukku! Fine pay pannanum. http://customs-alert.ga,courier company: unga parcel la illegal items irukku! fine pay pannanum. http://customs-alert.ga,ta-en,COURIER_SCAM,True,HIGH,scam,manual,2.0.0-alpha,,,,
COURIER_SCAM_0019,DHL tracking: Package held at Chennai customs. Release fee Rs 12000 required. Track: https://dhl-india.top,dhl tracking: package held at chennai customs. release fee rs 12000 required. track: https://dhl-india.top,en,COURIER_SCAM,True,HIGH,scam,manual,2.0.0-alpha,,,,
COURIER_SCAM_0020,Your international courier requires insurance payment of Rs 5000. Pay here: http://courier-insure.tk,your international courier requires insurance payment of rs 5000. pay here: http://courier-insure.tk,en,COURIER_SCAM,True,HIGH,scam,manual,2.0.0-alpha,,,,
COURIER_SCAM_0021,Your FedEx package #FDX2891 is held at customs. Pay Rs 2500 clearance fee to release.,your fedex package #fdx2891 is held at customs. pay rs 2500 clearance fee to release.,en,COURIER_SCAM,True,HIGH,scam,manual,2.0.0-alpha,,,,
COURIER_SCAM_0022,"DHL: Your international shipment is stuck at Mumbai customs. Pay Rs 3,200 for customs clearance. http://bit.ly/dhl-clear","dhl: your international shipment is stuck at mumbai customs. pay rs 3,200 for customs clearance. http://bit.ly/dhl-clear",en,COURIER_SCAM,True,HIGH,scam,manual,2.0.0-alpha,,,,
COURIER_SCAM_0023,"Blue Dart: Package delivery failed. Your parcel contains undeclared items. Pay Rs 5,000 penalty to avoid legal action.","blue dart: package delivery failed. your parcel contains undeclared items. pay rs 5,000 penalty to avoid legal action.",en,COURIER_SCAM,True,HIGH,scam,manual,2.0.0-alpha,,,,
COURIER_SCAM_0024,"Amazon Logistics: Your order #AMZ99887 is held. Customs duties of Rs 1,800 pending. Pay at https://amazon-customs.xyz","amazon logistics: your order #amz99887 is held. customs duties of rs 1,800 pending. pay at https://amazon-customs.xyz",en,COURIER_SCAM,True,HIGH,scam,manual,2.0.0-alpha,,,,
COURIER_SCAM_0025,"UPS: Your package from USA requires insurance clearance. Pay Rs 4,500 insurance fee for delivery.","ups: your package from usa requires insurance clearance. pay rs 4,500 insurance fee for delivery.",en,COURIER_SCAM,True,HIGH,scam,manual,2.0.0-alpha,,,,
COURIER_SCAM_0026,"India Post: Your international parcel is detained. Customs clearance fee Rs 2,000 required. Contact immediately.","india post: your international parcel is detained. customs clearance fee rs 2,000 required. contact immediately.",en,COURIER_SCAM,True,HIGH,scam,manual,2.0.0-alpha,,,,
COURIER_SCAM_0027,"FedEx Alert: Your shipment contains restricted items. Pay Rs 7,500 fine to avoid investigation by customs authorities.","fedex alert: your shipment contains restricted items. pay rs 7,500 fine to avoid investigation by customs authorities.",en,COURIER_SCAM,True,HIGH,scam,manual,2.0.0-alpha,,,,
COURIER_SCAM_0028,Your SpeedPost package requires additional postage of Rs 890. Pay online: https://indiapost-payment.com,your speedpost package requires additional postage of rs 890. pay online: https://indiapost-payment.com,en,COURIER_SCAM,True,HIGH,scam,manual,2.0.0-alpha,,,,
COURIER_SCAM_0029,"FedEx: Your package from Dubai held at customs. Pay ₹4,500 to release: http://fedex-release.in","fedex: your package from dubai held at customs. pay ₹4,500 to release: http://fedex-release.in",en,COURIER_SCAM,True,HIGH,scam,known_corpus,2.0.0-alpha,,,,
COURIER_SCAM_0030,DHL: Your parcel contains illegal items. Contact customs immediately: 9876543210,dhl: your parcel contains illegal items. contact customs immediately: 9876543210,en,COURIER_SCAM,True,HIGH,scam,known_corpus,2.0.0-alpha,,,,
COURIER_SCAM_0031,Blue Dart: Your delivery address incomplete. Update: http://bluedart-update.com,blue dart: your delivery address incomplete. update: http://bluedart-update.com,en,COURIER_SCAM,True,HIGH,scam,known_corpus,2.0.0-alpha,,,,
COURIER_SCAM_0032,India Post: Your package is stuck at Mumbai sorting center. Clear customs: http://indiapodt-clear.in,india post: your package is stuck at mumbai sorting center. clear customs: http://indiapodt-clear.in,en,COURIER_SCAM,True,HIGH,scam,known_corpus,2.0.0-alpha,,,,
COURIER_SCAM_0033,Amazon: Your return pickup failed. Reschedule: http://amzn-return.in,amazon: your return pickup failed. reschedule: http://amzn-return.in,en,COURIER_SCAM,True,HIGH,scam,known_corpus,2.0.0-alpha,,,,
COURIER_SCAM_0034,Flipkart: Your order #12345 is undelivered. Confirm delivery slot: http://bit.ly/fk-delivery,flipkart: your order #12345 is undelivered. confirm delivery slot: http://bit.ly/fk-delivery,en,COURIER_SCAM,True,HIGH,scam,known_corpus,2.0.0-alpha,,,,
COURIER_SCAM_0035,"DTDC: Your parcel contains undeclared goods. Penalty ₹8,000 payable.","dtdc: your parcel contains undeclared goods. penalty ₹8,000 payable.",en,COURIER_SCAM,True,HIGH,scam,known_corpus,2.0.0-alpha,,,,
COURIER_SCAM_0036,"USPS: International shipment held at Indian customs. Pay release fee ₹3,200.","usps: international shipment held at indian customs. pay release fee ₹3,200.",en,COURIER_SCAM,True,HIGH,scam,known_corpus,2.0.0-alpha,,,,
COURIER_SCAM_0037,Your courier from USA is held due to incorrect address. Update at: http://track-courier.co.in,your courier from usa is held due to incorrect address. update at: http://track-courier.co.in,en,COURIER_SCAM,True,HIGH,scam,known_corpus,2.0.0-alpha,,,,
COURIER_SCAM_0038,Porter: Your delivery partner could not locate address. Share OTP: http://bit.ly/porter-otp,porter: your delivery partner could not locate address. share otp: http://bit.ly/porter-otp,en,COURIER_SCAM,True,HIGH,scam,known_corpus,2.0.0-alpha,,,,
COURIER_SCAM_0039,Ecom Express: Your shipment lost in transit. Claim insurance: http://ecom-claim.in,ecom express: your shipment lost in transit. claim insurance: http://ecom-claim.in,en,COURIER_SCAM,True,HIGH,scam,known_corpus,2.0.0-alpha,,,,
COURIER_SCAM_0040,"Delhivery: Cash on delivery order ₹9,999. Pay now to avoid return.","delhivery: cash on delivery order ₹9,999. pay now to avoid return.",en,COURIER_SCAM,True,HIGH,scam,known_corpus,2.0.0-alpha,,,,
CRYPTO_SCAM_0001,Cryptocurrency investment opportunity! Get guaranteed 10x returns in 30 days. Invest in Bitcoin now. Limited seats available.,cryptocurrency investment opportunity! get guaranteed 10x returns in 30 days. invest in bitcoin now. limited seats available.,en,CRYPTO_SCAM,True,HIGH,scam,ncpc,2.0.0-alpha,,,,
CRYPTO_SCAM_0002,"Bitcoin trading signal group. We have insider information. Minimum investment Rs 10,000. Daily 5% returns guaranteed.","bitcoin trading signal group. we have insider information. minimum investment rs 10,000. daily 5% returns guaranteed.",en,CRYPTO_SCAM,True,HIGH,scam,ncpc,2.0.0-alpha,,,,
CRYPTO_SCAM_0003,NFT investment opportunity. Rare digital art collection. 1000x potential returns. Buy now at discounted price.,nft investment opportunity. rare digital art collection. 1000x potential returns. buy now at discounted price.,en,CRYPTO_SCAM,True,HIGH,scam,ncpc,2.0.0-alpha,,,,
CRYPTO_SCAM_0004,Cryptocurrency investment! Get 10x returns. Bitcoin ethereum trading. WhatsApp group: https://t.me/crypto-invest,cryptocurrency investment! get 10x returns. bitcoin ethereum trading. whatsapp group: https://t.me/crypto-invest,en,CRYPTO_SCAM,True,HIGH,scam,manual,2.0.0-alpha,,,,
CRYPTO_SCAM_0005,NFT investment! Limited edition digital art. 1000x returns. Mint now: http://nft-drop.tk,nft investment! limited edition digital art. 1000x returns. mint now: http://nft-drop.tk,en,CRYPTO_SCAM,True,HIGH,scam,manual,2.0.0-alpha,,,,
CRYPTO_SCAM_0006,"Passive income: Earn Rs 50,000 monthly from crypto trading bot. Fully automated. https://trading-bot.xyz","passive income: earn rs 50,000 monthly from crypto trading bot. fully automated. https://trading-bot.xyz",en,CRYPTO_SCAM,True,HIGH,scam,manual,2.0.0-alpha,,,,
CRYPTO_SCAM_0007,Crypto mining cloud service! Earn 0.05 BTC weekly. Start with Rs 2000 only. http://crypto-mine.ga,crypto mining cloud service! earn 0.05 btc weekly. start with rs 2000 only. http://crypto-mine.ga,en,CRYPTO_SCAM,True,HIGH,scam,manual,2.0.0-alpha,,,,
DIGITAL_ARREST_0001,Mumbai Police FIR No. 0078/2026 Money Laundering case linked to your Aadhaar. Immediate action required. Call us to avoid arrest.,mumbai police fir no. 0078/2026 money laundering case linked to your aadhaar. immediate action required. call us to avoid arrest.,en,DIGITAL_ARREST,True,CRITICAL,scam,cert_in,2.0.0-alpha,,,,
DIGITAL_ARREST_0002,Your Aadhaar has been linked to a money laundering case. An arrest warrant has been issued. You must appear on video call immediately.,your aadhaar has been linked to a money laundering case. an arrest warrant has been issued. you must appear on video call immediately.,en,DIGITAL_ARREST,True,CRITICAL,scam,cert_in,2.0.0-alpha,,,,
DIGITAL_ARREST_0003,NCB has intercepted a parcel in your name containing illegal items. Your PAN card has been misused. Contact immediately to avoid legal action.,ncb has intercepted a parcel in your name containing illegal items. your pan card has been misused. contact immediately to avoid legal action.,en,DIGITAL_ARREST,True,CRITICAL,scam,cert_in,2.0.0-alpha,,,,
DIGITAL_ARREST_0004,Your Aadhaar and PAN have been used in criminal activities. CBI has issued a non-bailable warrant. Call us immediately to resolve.,your aadhaar and pan have been used in criminal activities. cbi has issued a non-bailable warrant. call us immediately to resolve.,en,DIGITAL_ARREST,True,CRITICAL,scam,cert_in,2.0.0-alpha,,,,
DIGITAL_ARREST_0005,Cyber crime department: Your mobile number has been used in online fraud. Your bank accounts will be frozen. Contact us immediately.,cyber crime department: your mobile number has been used in online fraud. your bank accounts will be frozen. contact us immediately.,en,DIGITAL_ARREST,True,CRITICAL,scam,cert_in,2.0.0-alpha,,,,
ELECTRICITY_BILL_SCAM_0001,"Dear CUSTOMER, your electricity power will be disconnected tonight at 9.30 pm from electricity office because your previous month bill was not updated. Please immediately contact with our electricity officer 9693325442 Thank you.","dear customer, your electricity power will be disconnected tonight at 9.30 pm from electricity office because your previous month bill was not updated. please immediately contact with our electricity officer 9693325442 thank you.",en,ELECTRICITY_BILL_SCAM,True,HIGH,scam,cert_in,2.0.0-alpha,,,,
ELECTRICITY_BILL_SCAM_0002,Your Electricity Power will disconnect at 9:30 pm as your last month bill was not updated Call us,your electricity power will disconnect at 9:30 pm as your last month bill was not updated call us,en,ELECTRICITY_BILL_SCAM,True,HIGH,scam,cert_in,2.0.0-alpha,,,,
ELECTRICITY_BILL_SCAM_0003,Please Update Your Bill. Dear Consumer Your Electricity Power will be disconnected. Tonight at 8.30 PM from electricity office. Because your previous month bill was not updated please immediately contact with our electricity officer. Thank you.,please update your bill. dear consumer your electricity power will be disconnected. tonight at 8.30 pm from electricity office. because your previous month bill was not updated please immediately contact with our electricity officer. thank you.,en,ELECTRICITY_BILL_SCAM,True,HIGH,scam,cert_in,2.0.0-alpha,,,,
ELECTRICITY_BILL_SCAM_0004,"Dear customer, your electricity will be disconnected tonight due to pending bill. Contact support immediately.","dear customer, your electricity will be disconnected tonight due to pending bill. contact support immediately.",en,ELECTRICITY_BILL_SCAM,True,HIGH,scam,ncpc,2.0.0-alpha,,,,
ELECTRICITY_BILL_SCAM_0005,"Dear Customer Your Electricity power will be disconnected Tonight at 8.30 pm from electricity office. Because your previous month bill was not update, please immediately contact with our electricity officer 8240471159 Thank you.","dear customer your electricity power will be disconnected tonight at 8.30 pm from electricity office. because your previous month bill was not update, please immediately contact with our electricity officer 8240471159 thank you.",en,ELECTRICITY_BILL_SCAM,True,HIGH,scam,cert_in,2.0.0-alpha,,,,
ELECTRICITY_BILL_SCAM_0006,"Dear customer, your electricity supply will be disconnected tonight because you have not updated your previous bill.","dear customer, your electricity supply will be disconnected tonight because you have not updated your previous bill.",en,ELECTRICITY_BILL_SCAM,True,HIGH,scam,ncpc,2.0.0-alpha,,,,
ELECTRICITY_BILL_SCAM_0007,Your electricity will be disconnected today at 9:30 PM as your previous month bill is not updated. Please immediately contact our electricity officer.,your electricity will be disconnected today at 9:30 pm as your previous month bill is not updated. please immediately contact our electricity officer.,en,ELECTRICITY_BILL_SCAM,True,HIGH,scam,ncpc,2.0.0-alpha,,,,
ELECTRICITY_BILL_SCAM_0008,Your electricity bill payment failed! Immediate disconnection warning. Pay now: http://tneb-bill.tk,your electricity bill payment failed! immediate disconnection warning. pay now: http://tneb-bill.tk,en,ELECTRICITY_BILL_SCAM,True,HIGH,scam,manual,2.0.0-alpha,,,,
ELECTRICITY_BILL_SCAM_0009,TNEB: Your electricity connection will be disconnected tonight! Pay pending bill Rs 4500: http://tneb-bill.tk,tneb: your electricity connection will be disconnected tonight! pay pending bill rs 4500: http://tneb-bill.tk,en,ELECTRICITY_BILL_SCAM,True,HIGH,scam,manual,2.0.0-alpha,,,,
ELECTRICITY_BILL_SCAM_0010,Electricity board: Your meter has been tampered. Pay penalty Rs 25000 to avoid FIR. http://elect-penalty.xyz,electricity board: your meter has been tampered. pay penalty rs 25000 to avoid fir. http://elect-penalty.xyz,en,ELECTRICITY_BILL_SCAM,True,HIGH,scam,manual,2.0.0-alpha,,,,
ELECTRICITY_BILL_SCAM_0011,BSES: Your electricity bill payment failed. Immediate disconnection. Pay now: http://bses-pay.top,bses: your electricity bill payment failed. immediate disconnection. pay now: http://bses-pay.top,en,ELECTRICITY_BILL_SCAM,True,HIGH,scam,manual,2.0.0-alpha,,,,
ELECTRICITY_BILL_SCAM_0012,Current bill pay pannathinga! Disconnect panniduvinga. Link: http://tneb-alert.ga,current bill pay pannathinga! disconnect panniduvinga. link: http://tneb-alert.ga,en,ELECTRICITY_BILL_SCAM,True,HIGH,scam,manual,2.0.0-alpha,,,,
ELECTRICITY_BILL_SCAM_0013,TNEB: Your electricity connection will be disconnected today. Pay immediately: http://tneb-pay.in,tneb: your electricity connection will be disconnected today. pay immediately: http://tneb-pay.in,en,ELECTRICITY_BILL_SCAM,True,HIGH,scam,known_corpus,2.0.0-alpha,,,,
ELECTRICITY_BILL_SCAM_0014,TANGEDCO: Final notice! Power cut in 2 hrs if unpaid. Pay: http://tangedco-bill.com,tangedco: final notice! power cut in 2 hrs if unpaid. pay: http://tangedco-bill.com,en,ELECTRICITY_BILL_SCAM,True,HIGH,scam,known_corpus,2.0.0-alpha,,,,
ELECTRICITY_BILL_SCAM_0015,"TNEB Bill ₹2,450 overdue. Disconnection scheduled. Click to pay: http://bit.ly/tnebbill","tneb bill ₹2,450 overdue. disconnection scheduled. click to pay: http://bit.ly/tnebbill",en,ELECTRICITY_BILL_SCAM,True,HIGH,scam,known_corpus,2.0.0-alpha,,,,
ELECTRICITY_BILL_SCAM_0016,Your EB bill payment failed. Re-attempt: http://tneb-reconnect.in,your eb bill payment failed. re-attempt: http://tneb-reconnect.in,en,ELECTRICITY_BILL_SCAM,True,HIGH,scam,known_corpus,2.0.0-alpha,,,,
ELECTRICITY_BILL_SCAM_0017,"Electricity Board: Meter tampering detected. Fine of ₹5,000 imposed. Pay within 24 hrs.","electricity board: meter tampering detected. fine of ₹5,000 imposed. pay within 24 hrs.",en,ELECTRICITY_BILL_SCAM,True,HIGH,scam,known_corpus,2.0.0-alpha,,,,
ELECTRICITY_BILL_SCAM_0018,TNEB: Your new smart meter requires activation. Click: http://tneb-smartmeter.in,tneb: your new smart meter requires activation. click: http://tneb-smartmeter.in,en,ELECTRICITY_BILL_SCAM,True,HIGH,scam,known_corpus,2.0.0-alpha,,,,
ELECTRICITY_BILL_SCAM_0019,BESCOM: Final warning! Power disconnection in 12 hours. Pay bill now.,bescom: final warning! power disconnection in 12 hours. pay bill now.,en,ELECTRICITY_BILL_SCAM,True,HIGH,scam,known_corpus,2.0.0-alpha,,,,
ELECTRICITY_BILL_SCAM_0020,MSEDCL: Your electricity bill payment link: http://mahadiscom-bill.in,msedcl: your electricity bill payment link: http://mahadiscom-bill.in,en,ELECTRICITY_BILL_SCAM,True,HIGH,scam,known_corpus,2.0.0-alpha,,,,
ELECTRICITY_BILL_SCAM_0021,"UPPCL: Bill amount ₹3,200 overdue. Pay or face legal action. Link: http://uppcl-bill.com","uppcl: bill amount ₹3,200 overdue. pay or face legal action. link: http://uppcl-bill.com",en,ELECTRICITY_BILL_SCAM,True,HIGH,scam,known_corpus,2.0.0-alpha,,,,
ELECTRICITY_BILL_SCAM_0022,"Electricity department: Your connection has been used for illegal mining. Pay penalty ₹15,000.","electricity department: your connection has been used for illegal mining. pay penalty ₹15,000.",en,ELECTRICITY_BILL_SCAM,True,HIGH,scam,known_corpus,2.0.0-alpha,,,,
ELECTRICITY_BILL_SCAM_0023,"TNEB: Congratulations, you saved ₹500 on this bill! Claim refund: http://tneb-refund.in","tneb: congratulations, you saved ₹500 on this bill! claim refund: http://tneb-refund.in",en,ELECTRICITY_BILL_SCAM,True,HIGH,scam,known_corpus,2.0.0-alpha,,,,
ELECTRICITY_BILL_SCAM_0024,"PSPCL: Your electricity bill has been revised to ₹6,740. Pay now to avoid penalty.","pspcl: your electricity bill has been revised to ₹6,740. pay now to avoid penalty.",en,ELECTRICITY_BILL_SCAM,True,HIGH,scam,known_corpus,2.0.0-alpha,,,,
FAKE_CUSTOMER_CARE_0001,"Dear user, your UPI refund is pending. Contact customer care now on 9876543210 to receive your money today.","dear user, your upi refund is pending. contact customer care now on 9876543210 to receive your money today.",en,FAKE_CUSTOMER_CARE,True,MEDIUM,scam,ncpc,2.0.0-alpha,,,,
FAKE_CUSTOMER_CARE_0002,"UPI Support: Your transaction failed. To fix issue instantly, approve support request and verify your UPI PIN now.","upi support: your transaction failed. to fix issue instantly, approve support request and verify your upi pin now.",en,FAKE_CUSTOMER_CARE,True,MEDIUM,scam,npci,2.0.0-alpha,,,,
FAKE_CUSTOMER_CARE_0003,"For quick support, install AnyDesk and connect with UPI customer care to resolve payment issue safely.","for quick support, install anydesk and connect with upi customer care to resolve payment issue safely.",en,FAKE_CUSTOMER_CARE,True,MEDIUM,scam,ncpc,2.0.0-alpha,,,,
FAKE_CUSTOMER_CARE_0004,SBI customer care: Your complaint has been registered. Call 1800-123-4567 for immediate resolution.,sbi customer care: your complaint has been registered. call 1800-123-4567 for immediate resolution.,en,FAKE_CUSTOMER_CARE,True,MEDIUM,scam,manual,2.0.0-alpha,,,,
FAKE_CUSTOMER_CARE_0005,Amazon helpdesk: Your order has been cancelled. Refund available. Call 1900-123-456 to process.,amazon helpdesk: your order has been cancelled. refund available. call 1900-123-456 to process.,en,FAKE_CUSTOMER_CARE,True,MEDIUM,scam,manual,2.0.0-alpha,,,,
FAKE_CUSTOMER_CARE_0006,Paytm customer service: Your wallet transaction failed. Call our toll-free 1800-999-8888 for refund.,paytm customer service: your wallet transaction failed. call our toll-free 1800-999-8888 for refund.,en,FAKE_CUSTOMER_CARE,True,MEDIUM,scam,manual,2.0.0-alpha,,,,
FAKE_CUSTOMER_CARE_0007,Your credit card has been charged Rs 50000 for Amazon purchase. Dispute: Call 1800-111-2222,your credit card has been charged rs 50000 for amazon purchase. dispute: call 1800-111-2222,en,FAKE_CUSTOMER_CARE,True,MEDIUM,scam,manual,2.0.0-alpha,,,,
FAKE_CUSTOMER_CARE_0008,IRCTC helpdesk: Your train ticket is cancelled. Refund processing. Call 1800-111-3333,irctc helpdesk: your train ticket is cancelled. refund processing. call 1800-111-3333,en,FAKE_CUSTOMER_CARE,True,MEDIUM,scam,manual,2.0.0-alpha,,,,
FAKE_CUSTOMER_CARE_0009,Google Pay support: Unusual activity on your account. Call 1800-123-9999 immediately to secure.,google pay support: unusual activity on your account. call 1800-123-9999 immediately to secure.,en,FAKE_CUSTOMER_CARE,True,MEDIUM,scam,manual,2.0.0-alpha,,,,
FAKE_CUSTOMER_CARE_0010,PhonePe customer care: Your Rs 25000 payment is stuck. Call 1800-222-4444 to resolve.,phonepe customer care: your rs 25000 payment is stuck. call 1800-222-4444 to resolve.,en,FAKE_CUSTOMER_CARE,True,MEDIUM,scam,manual,2.0.0-alpha,,,,
FAKE_CUSTOMER_CARE_0011,Swift customer support: Your parcel is held at customs. Call 1800-333-5555 for clearance.,swift customer support: your parcel is held at customs. call 1800-333-5555 for clearance.,en,FAKE_CUSTOMER_CARE,True,MEDIUM,scam,manual,2.0.0-alpha,,,,
FAKE_CUSTOMER_CARE_0012,Microsoft support: Your PC has a virus! Call 1800-444-6666 immediately for free support.,microsoft support: your pc has a virus! call 1800-444-6666 immediately for free support.,en,FAKE_CUSTOMER_CARE,True,MEDIUM,scam,manual,2.0.0-alpha,,,,
FAKE_CUSTOMER_CARE_0013,Your card has been blocked due to suspicious transactions. Call SBI support 1800-555-7777 to unblock.,your card has been blocked due to suspicious transactions. call sbi support 1800-555-7777 to unblock.,en,FAKE_CUSTOMER_CARE,True,MEDIUM,scam,manual,2.0.0-alpha,,,,
FAKE_CUSTOMER_CARE_0014,Windows Alert: Your computer has been infected with 5 viruses! Call Microsoft Certified Technician immediately: 1800-XXX-XXXX.,windows alert: your computer has been infected with 5 viruses! call microsoft certified technician immediately: 1800-xxx-xxxx.,en,FAKE_CUSTOMER_CARE,True,MEDIUM,scam,manual,2.0.0-alpha,,,,
FAKE_CUSTOMER_CARE_0015,Your Netflix account has been suspended due to billing issues. Update payment: https://netflix-billing-update.xyz,your netflix account has been suspended due to billing issues. update payment: https://netflix-billing-update.xyz,en,FAKE_CUSTOMER_CARE,True,MEDIUM,scam,manual,2.0.0-alpha,,,,
FAKE_CUSTOMER_CARE_0016,Facebook: Your account was reported for violation. Verify now at https://facebook-verification.tk or be permanently banned.,facebook: your account was reported for violation. verify now at https://facebook-verification.tk or be permanently banned.,en,FAKE_CUSTOMER_CARE,True,MEDIUM,scam,manual,2.0.0-alpha,,,,
FAKE_CUSTOMER_CARE_0017,Your Amazon Prime membership will expire today. Renew at discounted rate Rs 999. Click: https://amazon-prime-renew.xyz,your amazon prime membership will expire today. renew at discounted rate rs 999. click: https://amazon-prime-renew.xyz,en,FAKE_CUSTOMER_CARE,True,MEDIUM,scam,manual,2.0.0-alpha,,,,
FAKE_CUSTOMER_CARE_0018,Google: Your business listing has been suspended. Re-verify at https://google-business-verify.com to restore visibility.,google: your business listing has been suspended. re-verify at https://google-business-verify.com to restore visibility.,en,FAKE_CUSTOMER_CARE,True,MEDIUM,scam,manual,2.0.0-alpha,,,,
GOVERNMENT_IMPERSONATION_0001,"Government of India Digital India Scheme: Your Aadhaar number WON Rs 5,00,000 in our national prize draw. Pay Rs 999 GST fee to receive your prize in 24 hours.","government of india digital india scheme: your aadhaar number won rs 5,00,000 in our national prize draw. pay rs 999 gst fee to receive your prize in 24 hours.",en,GOVERNMENT_IMPERSONATION,True,HIGH,scam,ncpc,2.0.0-alpha,,,,
GOVERNMENT_IMPERSONATION_0002,"PM Kisan Yojana: You are eligible for Rs 6,000 installment. Click to claim: https://pmkisan-gov.xyz/claim","pm kisan yojana: you are eligible for rs 6,000 installment. click to claim: https://pmkisan-gov.xyz/claim",en,GOVERNMENT_IMPERSONATION,True,HIGH,scam,pib,2.0.0-alpha,,,,
GOVERNMENT_IMPERSONATION_0003,"Central Government: Rs 1,50,000 subsidy approved for your bank account. Pay Rs 2,500 processing fee to release funds.","central government: rs 1,50,000 subsidy approved for your bank account. pay rs 2,500 processing fee to release funds.",en,GOVERNMENT_IMPERSONATION,True,HIGH,scam,pib,2.0.0-alpha,,,,
GOVERNMENT_IMPERSONATION_0004,"Ayushman Bharat: Your health insurance is expiring. Renew now with Rs 1,200 premium or lose coverage permanently.","ayushman bharat: your health insurance is expiring. renew now with rs 1,200 premium or lose coverage permanently.",en,GOVERNMENT_IMPERSONATION,True,HIGH,scam,pib,2.0.0-alpha,,,,
GOVERNMENT_IMPERSONATION_0005,"NREGA: You have pending wages of Rs 12,000. Update your bank details at https://nrega-wages.xyz to receive payment.","nrega: you have pending wages of rs 12,000. update your bank details at https://nrega-wages.xyz to receive payment.",en,GOVERNMENT_IMPERSONATION,True,HIGH,scam,pib,2.0.0-alpha,,,,
GOVERNMENT_IMPERSONATION_0006,PM Modi: Rs 5000 monthly pension scheme. Register now: https://pm-scheme.tk,pm modi: rs 5000 monthly pension scheme. register now: https://pm-scheme.tk,en,GOVERNMENT_IMPERSONATION,True,HIGH,scam,manual,2.0.0-alpha,,,,
GOVERNMENT_IMPERSONATION_0007,Central Government: Rs 15000 subsidy for all citizens. Apply: http://govt-subsidy.xyz,central government: rs 15000 subsidy for all citizens. apply: http://govt-subsidy.xyz,en,GOVERNMENT_IMPERSONATION,True,HIGH,scam,manual,2.0.0-alpha,,,,
GOVERNMENT_IMPERSONATION_0008,Aadhaar linking mandatory! Your PAN-Aadhaar not linked. Link now: http://aadhaar-link.ml,aadhaar linking mandatory! your pan-aadhaar not linked. link now: http://aadhaar-link.ml,en,GOVERNMENT_IMPERSONATION,True,HIGH,scam,manual,2.0.0-alpha,,,,
GOVERNMENT_IMPERSONATION_0009,PM Awas Yojana: You have been selected for housing subsidy. Pay processing fee Rs 5000: http://pmay-scheme.top,pm awas yojana: you have been selected for housing subsidy. pay processing fee rs 5000: http://pmay-scheme.top,en,GOVERNMENT_IMPERSONATION,True,HIGH,scam,manual,2.0.0-alpha,,,,
GOVERNMENT_IMPERSONATION_0010,Ayushman Bharat: Health insurance of Rs 5 lakhs approved. Registration fee Rs 999: http://ayushman.ga,ayushman bharat: health insurance of rs 5 lakhs approved. registration fee rs 999: http://ayushman.ga,en,GOVERNMENT_IMPERSONATION,True,HIGH,scam,manual,2.0.0-alpha,,,,
GOVERNMENT_IMPERSONATION_0011,NREGA job card: 100 days work guaranteed. Apply with Rs 250 processing: http://nrega-register.tk,nrega job card: 100 days work guaranteed. apply with rs 250 processing: http://nrega-register.tk,en,GOVERNMENT_IMPERSONATION,True,HIGH,scam,manual,2.0.0-alpha,,,,
GOVERNMENT_IMPERSONATION_0012,Mahatma Gandhi National Pension: You are eligible for Rs 2000 monthly pension. Register: https://pension-scheme.ml,mahatma gandhi national pension: you are eligible for rs 2000 monthly pension. register: https://pension-scheme.ml,en,GOVERNMENT_IMPERSONATION,True,HIGH,scam,manual,2.0.0-alpha,,,,
GOVERNMENT_IMPERSONATION_0013,Income Tax refund of Rs 8500 is pending. Update your bank details: http://itr-refund.tk,income tax refund of rs 8500 is pending. update your bank details: http://itr-refund.tk,en,GOVERNMENT_IMPERSONATION,True,HIGH,scam,manual,2.0.0-alpha,,,,
GOVERNMENT_IMPERSONATION_0014,Sarkari yojna: Rs 5000 har mahine! Apply karein: http://sarkari-scheme.xyz,sarkari yojna: rs 5000 har mahine! apply karein: http://sarkari-scheme.xyz,en,GOVERNMENT_IMPERSONATION,True,HIGH,scam,manual,2.0.0-alpha,,,,
GOVERNMENT_IMPERSONATION_0015,CSC centre: Digital India scheme! Laptop free me paaye. Registration Rs 999. http://csc-scheme.tk,csc centre: digital india scheme! laptop free me paaye. registration rs 999. http://csc-scheme.tk,en,GOVERNMENT_IMPERSONATION,True,HIGH,scam,manual,2.0.0-alpha,,,,
GOVERNMENT_IMPERSONATION_0016,Aadhaar card update pannikunga! Payment Rs 500. http://aadhaar-update.ml,aadhaar card update pannikunga! payment rs 500. http://aadhaar-update.ml,en,GOVERNMENT_IMPERSONATION,True,HIGH,scam,manual,2.0.0-alpha,,,,
GOVERNMENT_IMPERSONATION_0017,LPG subsidy of Rs 1800 is pending in your name. Update bank details: http://lpg-subsidy.tk,lpg subsidy of rs 1800 is pending in your name. update bank details: http://lpg-subsidy.tk,en,GOVERNMENT_IMPERSONATION,True,HIGH,scam,manual,2.0.0-alpha,,,,
GOVERNMENT_IMPERSONATION_0018,Gas connection: Unga subsidy amount Rs 2000 credit aagirukku. Bank details update pannunga: http://gas-subsidy.ml,gas connection: unga subsidy amount rs 2000 credit aagirukku. bank details update pannunga: http://gas-subsidy.ml,ta-en,GOVERNMENT_IMPERSONATION,True,HIGH,scam,manual,2.0.0-alpha,,,,
GOVERNMENT_IMPERSONATION_0019,Free laptop! Government scheme for students. Register with Rs 200 registration fee: http://student-scheme.tk,free laptop! government scheme for students. register with rs 200 registration fee: http://student-scheme.tk,en,GOVERNMENT_IMPERSONATION,True,HIGH,scam,manual,2.0.0-alpha,,,,
GOVERNMENT_IMPERSONATION_0021,"Income Tax Department: Tax evasion case registered against you. Pay Rs 50,000 penalty immediately to avoid arrest warrant.","income tax department: tax evasion case registered against you. pay rs 50,000 penalty immediately to avoid arrest warrant.",en,GOVERNMENT_IMPERSONATION,True,HIGH,scam,manual,2.0.0-alpha,,,,
GOVERNMENT_IMPERSONATION_0023,"Electricity board: Your connection will be disconnected for non-payment. Pay Rs 4,200 immediately via this link: https://bill-pay.tk","electricity board: your connection will be disconnected for non-payment. pay rs 4,200 immediately via this link: https://bill-pay.tk",en,GOVERNMENT_IMPERSONATION,True,HIGH,scam,manual,2.0.0-alpha,,,,
GOVERNMENT_IMPERSONATION_0025,"Water department: Your water connection will be cut. Pay outstanding bill of Rs 3,800 at https://water-bill-pay.com","water department: your water connection will be cut. pay outstanding bill of rs 3,800 at https://water-bill-pay.com",en,GOVERNMENT_IMPERSONATION,True,HIGH,scam,manual,2.0.0-alpha,,,,
GOVERNMENT_IMPERSONATION_0027,"GST department: Your GST return has discrepancies. Pay Rs 15,000 penalty or your business registration will be cancelled.","gst department: your gst return has discrepancies. pay rs 15,000 penalty or your business registration will be cancelled.",en,GOVERNMENT_IMPERSONATION,True,HIGH,scam,manual,2.0.0-alpha,,,,
GOVERNMENT_IMPERSONATION_0030,"PM Kisan: You are eligible for ₹6,000 installment. Click: http://pmkisan-gov.in","pm kisan: you are eligible for ₹6,000 installment. click: http://pmkisan-gov.in",en,GOVERNMENT_IMPERSONATION,True,HIGH,scam,known_corpus,2.0.0-alpha,,,,
GOVERNMENT_IMPERSONATION_0031,PM Awas Yojana: Your application approved. Get subsidy: http://pmay-subsidy.com,pm awas yojana: your application approved. get subsidy: http://pmay-subsidy.com,en,GOVERNMENT_IMPERSONATION,True,HIGH,scam,known_corpus,2.0.0-alpha,,,,
GOVERNMENT_IMPERSONATION_0032,Ayushman Bharat: Your health insurance card is ready. Download: http://ayushman-card.in,ayushman bharat: your health insurance card is ready. download: http://ayushman-card.in,en,GOVERNMENT_IMPERSONATION,True,HIGH,scam,known_corpus,2.0.0-alpha,,,,
GOVERNMENT_IMPERSONATION_0033,"SBI: ₹2,000 COVID relief credited. Claim via: http://sbi-relief.in","sbi: ₹2,000 covid relief credited. claim via: http://sbi-relief.in",en,GOVERNMENT_IMPERSONATION,True,HIGH,scam,known_corpus,2.0.0-alpha,,,,
GOVERNMENT_IMPERSONATION_0034,"Govt of India: You have ₹1,50,000 pending subsidy. Release now: http://govt-subsidy.in","govt of india: you have ₹1,50,000 pending subsidy. release now: http://govt-subsidy.in",en,GOVERNMENT_IMPERSONATION,True,HIGH,scam,known_corpus,2.0.0-alpha,,,,
GOVERNMENT_IMPERSONATION_0035,"DBT: Your direct benefit transfer of ₹5,000 is pending. Link Aadhaar now.","dbt: your direct benefit transfer of ₹5,000 is pending. link aadhaar now.",en,GOVERNMENT_IMPERSONATION,True,HIGH,scam,known_corpus,2.0.0-alpha,,,,
GOVERNMENT_IMPERSONATION_0036,"NREGA: Your job card payment of ₹4,200 is due. Verify: http://nrega-verify.in","nrega: your job card payment of ₹4,200 is due. verify: http://nrega-verify.in",en,GOVERNMENT_IMPERSONATION,True,HIGH,scam,known_corpus,2.0.0-alpha,,,,
GOVERNMENT_IMPERSONATION_0037,"PM SVANidhi: Loan of ₹10,000 sanctioned. Disburse now: http://bit.ly/pm-svanidhi","pm svanidhi: loan of ₹10,000 sanctioned. disburse now: http://bit.ly/pm-svanidhi",en,GOVERNMENT_IMPERSONATION,True,HIGH,scam,known_corpus,2.0.0-alpha,,,,
GOVERNMENT_IMPERSONATION_0038,Skill India: Your training certificate with stipend ready. Claim: http://skill-india.in,skill india: your training certificate with stipend ready. claim: http://skill-india.in,en,GOVERNMENT_IMPERSONATION,True,HIGH,scam,known_corpus,2.0.0-alpha,,,,
GOVERNMENT_IMPERSONATION_0039,Modi govt scheme: Free laptop for students. Register: http://freeshiksha.in,modi govt scheme: free laptop for students. register: http://freeshiksha.in,en,GOVERNMENT_IMPERSONATION,True,HIGH,scam,known_corpus,2.0.0-alpha,,,,
GOVERNMENT_IMPERSONATION_0040,"Mahatma Gandhi: ₹50,000 financial assistance approved. Contact: 9876543210","mahatma gandhi: ₹50,000 financial assistance approved. contact: 9876543210",en,GOVERNMENT_IMPERSONATION,True,HIGH,scam,known_corpus,2.0.0-alpha,,,,
GOVERNMENT_IMPERSONATION_0041,Central govt: Your LPG subsidy for 12 cylinders is pending. Link bank account.,central govt: your lpg subsidy for 12 cylinders is pending. link bank account.,en,GOVERNMENT_IMPERSONATION,True,HIGH,scam,known_corpus,2.0.0-alpha,,,,
GOVERNMENT_IMPERSONATION_0042,Food department: Your ration card is deactivated. Update now: http://food-gov.in,food department: your ration card is deactivated. update now: http://food-gov.in,en,GOVERNMENT_IMPERSONATION,True,HIGH,scam,known_corpus,2.0.0-alpha,,,,
GOVERNMENT_IMPERSONATION_0043,"Sarkari yojana: You have been selected for ₹25,000 monthly pension. Register here.","sarkari yojana: you have been selected for ₹25,000 monthly pension. register here.",en,GOVERNMENT_IMPERSONATION,True,HIGH,scam,known_corpus,2.0.0-alpha,,,,
INCOME_TAX_SCAM_0001,"Your income tax refund will be credited to your bank account number XXXXX. If the account number mentioned is incorrect, please visit the link to update your bank account details","your income tax refund will be credited to your bank account number xxxxx. if the account number mentioned is incorrect, please visit the link to update your bank account details",en,INCOME_TAX_SCAM,True,CRITICAL,scam,cert_in,2.0.0-alpha,,,,
INCOME_TAX_SCAM_0002,"INCOME TAX REFUND: Rs 18,490 approved. Enter your bank details at incometax-refund.net to receive funds.","income tax refund: rs 18,490 approved. enter your bank details at incometax-refund.net to receive funds.",en,INCOME_TAX_SCAM,True,CRITICAL,scam,cert_in,2.0.0-alpha,,,,
INCOME_TAX_SCAM_0003,"Dear taxpayer, your refund is pending. Click now to avoid penalty http://incometax-refund-claim.xyz","dear taxpayer, your refund is pending. click now to avoid penalty http://incometax-refund-claim.xyz",en,INCOME_TAX_SCAM,True,CRITICAL,scam,cert_in,2.0.0-alpha,,,,
INCOME_TAX_SCAM_0004,"You have been approved an Income Tax Refund of Rs 15000, the amount will be credited to your account shortly. Please verify your account number 5XXXXX6777. If this is not correct, please update your bank account information by visiting the link below. https://bit.ly/20wpUUX","you have been approved an income tax refund of rs 15000, the amount will be credited to your account shortly. please verify your account number 5xxxxx6777. if this is not correct, please update your bank account information by visiting the link below. https://bit.ly/20wpuux",en,INCOME_TAX_SCAM,True,CRITICAL,scam,cert_in,2.0.0-alpha,,,,
INVESTMENT_SCAM_0001,Get 500% returns in 3 days! Stock market tips from experts. 100% guaranteed profit. Earn Rs 1 lakh in one week.,get 500% returns in 3 days! stock market tips from experts. 100% guaranteed profit. earn rs 1 lakh in one week.,en,INVESTMENT_SCAM,True,HIGH,scam,ncpc,2.0.0-alpha,,,,
INVESTMENT_SCAM_0002,"SEBI registered investment advisor. Get 10x returns in 30 days. Join our elite group. Fee Rs 15,000.","sebi registered investment advisor. get 10x returns in 30 days. join our elite group. fee rs 15,000.",en,INVESTMENT_SCAM,True,HIGH,scam,ncpc,2.0.0-alpha,,,,
INVESTMENT_SCAM_0003,"Mutual fund bonus scheme. Government approved. Invest Rs 25,000 get Rs 1,00,000 after 1 year. Limited period.","mutual fund bonus scheme. government approved. invest rs 25,000 get rs 1,00,000 after 1 year. limited period.",en,INVESTMENT_SCAM,True,HIGH,scam,ncpc,2.0.0-alpha,,,,
INVESTMENT_SCAM_0004,"Forex trading made easy. Earn $500 daily. Automated trading bot. One-time setup fee Rs 8,500.","forex trading made easy. earn $500 daily. automated trading bot. one-time setup fee rs 8,500.",en,INVESTMENT_SCAM,True,HIGH,scam,ncpc,2.0.0-alpha,,,,
INVESTMENT_SCAM_0005,"Real estate fractional ownership. Invest Rs 1,00,000 get 30% returns annually. Guaranteed buyback after 3 years.","real estate fractional ownership. invest rs 1,00,000 get 30% returns annually. guaranteed buyback after 3 years.",en,INVESTMENT_SCAM,True,HIGH,scam,ncpc,2.0.0-alpha,,,,
INVESTMENT_SCAM_0006,Double your money in 7 days! Guaranteed 200% returns. Invest now: http://quick-profit.ml,double your money in 7 days! guaranteed 200% returns. invest now: http://quick-profit.ml,en,INVESTMENT_SCAM,True,HIGH,scam,manual,2.0.0-alpha,,,,
INVESTMENT_SCAM_0007,"Bitcoin trading: Earn Rs 25,000 daily. Minimum investment Rs 1000. Join: https://crypto-profit.xyz","bitcoin trading: earn rs 25,000 daily. minimum investment rs 1000. join: https://crypto-profit.xyz",en,INVESTMENT_SCAM,True,HIGH,scam,manual,2.0.0-alpha,,,,
INVESTMENT_SCAM_0008,SEBI approved investment scheme! 35% monthly returns. Limited seats. Call 1800-123-4567,sebi approved investment scheme! 35% monthly returns. limited seats. call 1800-123-4567,en,INVESTMENT_SCAM,True,HIGH,scam,manual,2.0.0-alpha,,,,
INVESTMENT_SCAM_0009,Mutual fund guaranteed returns! 50% profit in 3 months. Start with Rs 5000. http://mutual-fund.top,mutual fund guaranteed returns! 50% profit in 3 months. start with rs 5000. http://mutual-fund.top,en,INVESTMENT_SCAM,True,HIGH,scam,manual,2.0.0-alpha,,,,
INVESTMENT_SCAM_0010,Work from home data entry. Earn Rs 500-2000 daily. No investment required. Contact: job@home-work.tk,work from home data entry. earn rs 500-2000 daily. no investment required. contact: job@home-work.tk,en,INVESTMENT_SCAM,True,HIGH,scam,manual,2.0.0-alpha,,,,
INVESTMENT_SCAM_0011,Stock market tips! 100% accuracy. 7 day free trial. SMS JOIN to 56789,stock market tips! 100% accuracy. 7 day free trial. sms join to 56789,en,INVESTMENT_SCAM,True,HIGH,scam,manual,2.0.0-alpha,,,,
INVESTMENT_SCAM_0012,RBI bond scheme! 40% interest. Government approved. http://rbi-scheme.ml,rbi bond scheme! 40% interest. government approved. http://rbi-scheme.ml,en,INVESTMENT_SCAM,True,HIGH,scam,manual,2.0.0-alpha,,,,
INVESTMENT_SCAM_0013,Share market la nalla profit! Weekly 20% guaranteed. Join our Telegram: t.me/share_tips,share market la nalla profit! weekly 20% guaranteed. join our telegram: t.me/share_tips,en,INVESTMENT_SCAM,True,HIGH,scam,manual,2.0.0-alpha,,,,
INVESTMENT_SCAM_0014,Get 500% returns in 3 days! Bitcoin trading signal group. Limited seats. Join now!,get 500% returns in 3 days! bitcoin trading signal group. limited seats. join now!,en,INVESTMENT_SCAM,True,HIGH,scam,manual,2.0.0-alpha,,,,
INVESTMENT_SCAM_0015,"Stock market tips from experts. 100% guaranteed profit. Earn Rs 1 lakh in one week. Investment Rs 5,000 only.","stock market tips from experts. 100% guaranteed profit. earn rs 1 lakh in one week. investment rs 5,000 only.",en,INVESTMENT_SCAM,True,HIGH,scam,manual,2.0.0-alpha,,,,
INVESTMENT_SCAM_0016,"Cryptocurrency investment opportunity. Minimum investment Rs 10,000. Daily returns of 10% for lifetime.","cryptocurrency investment opportunity. minimum investment rs 10,000. daily returns of 10% for lifetime.",en,INVESTMENT_SCAM,True,HIGH,scam,manual,2.0.0-alpha,,,,
INVESTMENT_SCAM_0020,"NFT investment opportunity. Rare digital art collection. 1000x potential returns. Buy now at discounted price Rs 50,000.","nft investment opportunity. rare digital art collection. 1000x potential returns. buy now at discounted price rs 50,000.",en,INVESTMENT_SCAM,True,HIGH,scam,manual,2.0.0-alpha,,,,
INVESTMENT_SCAM_0021,"IPO guaranteed allotment. We have insider connections. Pay Rs 3,000 registration to get IPO shares at listing price.","ipo guaranteed allotment. we have insider connections. pay rs 3,000 registration to get ipo shares at listing price.",en,INVESTMENT_SCAM,True,HIGH,scam,manual,2.0.0-alpha,,,,
JOB_SCAM_0001,Your CV has been selected for a job. Accept this job and earn daily salary.,your cv has been selected for a job. accept this job and earn daily salary.,en,JOB_SCAM,True,MEDIUM,scam,ncpc,2.0.0-alpha,,,,
JOB_SCAM_0002,"Hi, this is HR Priya from XYZ digital marketing, daily payout up to Rs 3,000.","hi, this is hr priya from xyz digital marketing, daily payout up to rs 3,000.",en,JOB_SCAM,True,MEDIUM,scam,ncpc,2.0.0-alpha,,,,
JOB_SCAM_0003,"We are hiring part-time workers. You only need to rate hotels and restaurants. Daily income Rs 2,000 to Rs 5,000. First task is free.","we are hiring part-time workers. you only need to rate hotels and restaurants. daily income rs 2,000 to rs 5,000. first task is free.",en,JOB_SCAM,True,MEDIUM,scam,ncpc,2.0.0-alpha,,,,
JOB_SCAM_0004,"Your salary of Rs 18,400 is approved. Pay Rs 2,750 GST to release it.","your salary of rs 18,400 is approved. pay rs 2,750 gst to release it.",en,JOB_SCAM,True,MEDIUM,scam,ncpc,2.0.0-alpha,,,,
JOB_SCAM_0005,"Hi, I am Priya from Amazon HR. We are hiring part-time reviewers. Earn Rs 3,000 to Rs 50,000 daily.","hi, i am priya from amazon hr. we are hiring part-time reviewers. earn rs 3,000 to rs 50,000 daily.",en,JOB_SCAM,True,MEDIUM,scam,ncpc,2.0.0-alpha,,,,
JOB_SCAM_0006,"Congratulations! Your profile has been selected for a part-time work-from-home opportunity with a salary of Rs 30,000 per month.","congratulations! your profile has been selected for a part-time work-from-home opportunity with a salary of rs 30,000 per month.",en,JOB_SCAM,True,MEDIUM,scam,ncpc,2.0.0-alpha,,,,
JOB_SCAM_0007,"Hello, I am from HR. We found your profile. Are you interested in part-time work from home?","hello, i am from hr. we found your profile. are you interested in part-time work from home?",en,JOB_SCAM,True,MEDIUM,scam,ncpc,2.0.0-alpha,,,,
JOB_SCAM_0008,Congrats! You are shortlisted for a part-time job. Accept the Rs 10 UPI request to activate your profile.,congrats! you are shortlisted for a part-time job. accept the rs 10 upi request to activate your profile.,en,JOB_SCAM,True,MEDIUM,scam,ncpc,2.0.0-alpha,,,,
JOB_SCAM_0009,Urgent hiring! Work from home data entry. Salary Rs 25000/month. Registration fee Rs 999. http://job-hiring.tk,urgent hiring! work from home data entry. salary rs 25000/month. registration fee rs 999. http://job-hiring.tk,en,JOB_SCAM,True,MEDIUM,scam,manual,2.0.0-alpha,,,,
JOB_SCAM_0010,Amazon work from home job! Earn Rs 50000 monthly. No experience needed. Apply: https://amazon-jobs.xyz,amazon work from home job! earn rs 50000 monthly. no experience needed. apply: https://amazon-jobs.xyz,en,JOB_SCAM,True,MEDIUM,scam,manual,2.0.0-alpha,,,,
JOB_SCAM_0011,Part-time job: Rs 2000 per day. Simple online work. Register with Rs 499 refundable deposit. http://part-time.top,part-time job: rs 2000 per day. simple online work. register with rs 499 refundable deposit. http://part-time.top,en,JOB_SCAM,True,MEDIUM,scam,manual,2.0.0-alpha,,,,
JOB_SCAM_0012,Data entry operators required. Daily payment Rs 1500. Processing fee Rs 599. http://dataentry.ml,data entry operators required. daily payment rs 1500. processing fee rs 599. http://dataentry.ml,en,JOB_SCAM,True,MEDIUM,scam,manual,2.0.0-alpha,,,,
JOB_SCAM_0013,Flipkart product review job! Earn Rs 100 per review. Free registration: https://flipkart-review.ga,flipkart product review job! earn rs 100 per review. free registration: https://flipkart-review.ga,en,JOB_SCAM,True,MEDIUM,scam,manual,2.0.0-alpha,,,,
JOB_SCAM_0014,YouTube video editing job! Rs 30000 per month. Training provided. Fee Rs 2000. http://youtube-jobs.top,youtube video editing job! rs 30000 per month. training provided. fee rs 2000. http://youtube-jobs.top,en,JOB_SCAM,True,MEDIUM,scam,manual,2.0.0-alpha,,,,
JOB_SCAM_0015,Overseas job in Dubai! Salary 1.5 lakhs. Visa processing fee Rs 15000. Contact: hr@dubai-jobs.tk,overseas job in dubai! salary 1.5 lakhs. visa processing fee rs 15000. contact: hr@dubai-jobs.tk,en,JOB_SCAM,True,MEDIUM,scam,manual,2.0.0-alpha,,,,
JOB_SCAM_0016,Call center job! Work from home. Good salary. Exam fee Rs 299. http://callcenter-hire.tk,call center job! work from home. good salary. exam fee rs 299. http://callcenter-hire.tk,en,JOB_SCAM,True,MEDIUM,scam,manual,2.0.0-alpha,,,,
JOB_SCAM_0017,"Vela venuma? Data entry, part time. Monthly Rs 30,000. Registration fee Rs 999. http://tamil-jobs.tk","vela venuma? data entry, part time. monthly rs 30,000. registration fee rs 999. http://tamil-jobs.tk",en,JOB_SCAM,True,MEDIUM,scam,manual,2.0.0-alpha,,,,
JOB_SCAM_0018,Excellent opportunity! MNC company hiring. Work from home or office. Registration Rs 1499. http://mnc-hire.xyz,excellent opportunity! mnc company hiring. work from home or office. registration rs 1499. http://mnc-hire.xyz,en,JOB_SCAM,True,MEDIUM,scam,manual,2.0.0-alpha,,,,
JOB_SCAM_0019,Simple copy paste job! Rs 2000 per day. No investment. Register free: http://copy-work.ml,simple copy paste job! rs 2000 per day. no investment. register free: http://copy-work.ml,en,JOB_SCAM,True,MEDIUM,scam,manual,2.0.0-alpha,,,,
JOB_SCAM_0020,Telegram part-time job! Add group members and earn Rs 5000 daily. Join: https://t.me/earn_online,telegram part-time job! add group members and earn rs 5000 daily. join: https://t.me/earn_online,en,JOB_SCAM,True,MEDIUM,scam,manual,2.0.0-alpha,,,,
JOB_SCAM_0021,"Congratulations! You have been selected for Work From Home job. Earn Rs 50,000/month. Pay Rs 999 registration fee.","congratulations! you have been selected for work from home job. earn rs 50,000/month. pay rs 999 registration fee.",en,JOB_SCAM,True,MEDIUM,scam,manual,2.0.0-alpha,,,,
JOB_SCAM_0022,"Urgent hiring for Amazon data entry. Salary Rs 35,000-60,000. No experience needed. Register: https://amazon-jobs.xyz","urgent hiring for amazon data entry. salary rs 35,000-60,000. no experience needed. register: https://amazon-jobs.xyz",en,JOB_SCAM,True,MEDIUM,scam,manual,2.0.0-alpha,,,,
JOB_SCAM_0023,Flipkart is hiring part-time workers. Earn Rs 500-2000 per day. Join today: Pay Rs 499 for registration kit.,flipkart is hiring part-time workers. earn rs 500-2000 per day. join today: pay rs 499 for registration kit.,en,JOB_SCAM,True,MEDIUM,scam,manual,2.0.0-alpha,,,,
JOB_SCAM_0024,"Google is offering Work From Home jobs. Type names and earn Rs 40,000/month. Processing fee Rs 1,500 required.","google is offering work from home jobs. type names and earn rs 40,000/month. processing fee rs 1,500 required.",en,JOB_SCAM,True,MEDIUM,scam,manual,2.0.0-alpha,,,,
JOB_SCAM_0025,"We liked your profile. Get international placement in Canada. Visa processing fee Rs 25,000. Limited seats!","we liked your profile. get international placement in canada. visa processing fee rs 25,000. limited seats!",en,JOB_SCAM,True,MEDIUM,scam,manual,2.0.0-alpha,,,,
JOB_SCAM_0026,YouTube video rating job. Earn Rs 200 per video. Weekly payout. Registration Rs 750. Contact now!,youtube video rating job. earn rs 200 per video. weekly payout. registration rs 750. contact now!,en,JOB_SCAM,True,MEDIUM,scam,manual,2.0.0-alpha,,,,
JOB_SCAM_0027,"Microsoft home-based job. Data entry operator needed. Salary Rs 45,000/month. Security deposit Rs 2,000 refundable.","microsoft home-based job. data entry operator needed. salary rs 45,000/month. security deposit rs 2,000 refundable.",en,JOB_SCAM,True,MEDIUM,scam,manual,2.0.0-alpha,,,,
JOB_SCAM_0028,"Swiggy delivery partner registration. Earn Rs 30,000 monthly. Complete your profile: registration fee Rs 499.","swiggy delivery partner registration. earn rs 30,000 monthly. complete your profile: registration fee rs 499.",en,JOB_SCAM,True,MEDIUM,scam,manual,2.0.0-alpha,,,,
JOB_SCAM_0029,"Railway recruitment 2026. 50,000 vacancies. Apply now with registration fee Rs 1,200. Guaranteed job placement.","railway recruitment 2026. 50,000 vacancies. apply now with registration fee rs 1,200. guaranteed job placement.",en,JOB_SCAM,True,MEDIUM,scam,manual,2.0.0-alpha,,,,
JOB_SCAM_0030,"Zomato customer support jobs from home. Salary Rs 25,000 plus incentives. Pay Rs 999 for training materials.","zomato customer support jobs from home. salary rs 25,000 plus incentives. pay rs 999 for training materials.",en,JOB_SCAM,True,MEDIUM,scam,manual,2.0.0-alpha,,,,
JOB_SCAM_0031,"Work from home: Earn ₹50,000/month part time. No experience needed. Contact: jobs@fakemail.com","work from home: earn ₹50,000/month part time. no experience needed. contact: jobs@fakemail.com",en,JOB_SCAM,True,MEDIUM,scam,known_corpus,2.0.0-alpha,,,,
JOB_SCAM_0032,Flipkart data entry: Earn ₹500 per task. Register: http://flipkart-jobs.in,flipkart data entry: earn ₹500 per task. register: http://flipkart-jobs.in,en,JOB_SCAM,True,MEDIUM,scam,known_corpus,2.0.0-alpha,,,,
JOB_SCAM_0033,"Amazon work from home: ₹45,000 salary. WhatsApp: 9876543210","amazon work from home: ₹45,000 salary. whatsapp: 9876543210",en,JOB_SCAM,True,MEDIUM,scam,known_corpus,2.0.0-alpha,,,,
JOB_SCAM_0034,"Urgent hiring! Google India paying ₹60,000 for online data entry. Apply: http://google-jobs.in","urgent hiring! google india paying ₹60,000 for online data entry. apply: http://google-jobs.in",en,JOB_SCAM,True,MEDIUM,scam,known_corpus,2.0.0-alpha,,,,
JOB_SCAM_0035,YouTube video rating job. Earn ₹200 per video. Daily payout. Join now.,youtube video rating job. earn ₹200 per video. daily payout. join now.,en,JOB_SCAM,True,MEDIUM,scam,known_corpus,2.0.0-alpha,,,,
JOB_SCAM_0036,Part-time job: Like YouTube videos and earn ₹100-500 daily. No investment.,part-time job: like youtube videos and earn ₹100-500 daily. no investment.,en,JOB_SCAM,True,MEDIUM,scam,known_corpus,2.0.0-alpha,,,,
JOB_SCAM_0037,"Zomato delivery partner: Earn ₹80,000/month. Registration fee ₹499 required.","zomato delivery partner: earn ₹80,000/month. registration fee ₹499 required.",en,JOB_SCAM,True,MEDIUM,scam,known_corpus,2.0.0-alpha,,,,
JOB_SCAM_0038,Swiggy: Food review and earn. ₹300 per review. Sign up: http://swiggy-review.in,swiggy: food review and earn. ₹300 per review. sign up: http://swiggy-review.in,en,JOB_SCAM,True,MEDIUM,scam,known_corpus,2.0.0-alpha,,,,
JOB_SCAM_0039,"Airport job for 12th pass: ₹75,000 salary. Call 9876543210 for interview.","airport job for 12th pass: ₹75,000 salary. call 9876543210 for interview.",en,JOB_SCAM,True,MEDIUM,scam,known_corpus,2.0.0-alpha,,,,
JOB_SCAM_0040,"International call center: Voice process, ₹50,000 + incentives. Registration fee ₹2,000.","international call center: voice process, ₹50,000 + incentives. registration fee ₹2,000.",en,JOB_SCAM,True,MEDIUM,scam,known_corpus,2.0.0-alpha,,,,
JOB_SCAM_0041,"Reliance Jio: Home-based job, ₹35,000/month. Processing fee ₹999. Apply now.","reliance jio: home-based job, ₹35,000/month. processing fee ₹999. apply now.",en,JOB_SCAM,True,MEDIUM,scam,known_corpus,2.0.0-alpha,,,,
JOB_SCAM_0042,"MakeMyTrip: Travel package promoters needed. Earn ₹10,000 per week. No experience.","makemytrip: travel package promoters needed. earn ₹10,000 per week. no experience.",en,JOB_SCAM,True,MEDIUM,scam,known_corpus,2.0.0-alpha,,,,
JOB_SCAM_0043,"Offshore data entry from home. Earn $15/hour. Register with ₹1,500 registration fee.","offshore data entry from home. earn $15/hour. register with ₹1,500 registration fee.",en,JOB_SCAM,True,MEDIUM,scam,known_corpus,2.0.0-alpha,,,,
JOB_SCAM_0044,"Microsoft work from home India. Salary ₹80,000/month. Exam fee ₹2,500.","microsoft work from home india. salary ₹80,000/month. exam fee ₹2,500.",en,JOB_SCAM,True,MEDIUM,scam,known_corpus,2.0.0-alpha,,,,
KYC_SCAM_0001,"Dear SBI user, your a/c XXXX8821 will be suspended. Update KYC immediately: bit.ly/sbi-kyc-verify","dear sbi user, your a/c xxxx8821 will be suspended. update kyc immediately: bit.ly/sbi-kyc-verify",en,KYC_SCAM,True,HIGH,scam,cert_in,2.0.0-alpha,,,,
KYC_SCAM_0002,URGENT: Your KYC is incomplete. Your account will be blocked in 24 hours. Update now.,urgent: your kyc is incomplete. your account will be blocked in 24 hours. update now.,en,KYC_SCAM,True,HIGH,scam,cert_in,2.0.0-alpha,,,,
KYC_SCAM_0003,"Dear Customer, Your SBI YONO account will be deactivated today due to KYC expiry. Update KYC now to continue services: http://sbi-yono-kyc.online/update","dear customer, your sbi yono account will be deactivated today due to kyc expiry. update kyc now to continue services: http://sbi-yono-kyc.online/update",en,KYC_SCAM,True,HIGH,scam,cert_in,2.0.0-alpha,,,,
KYC_SCAM_0004,HDFC Bank: Your bank account will be blocked on today date due to incomplete KYC. Re-verify within 24 hrs: http://hdfc-kyc.in-online.xyz,hdfc bank: your bank account will be blocked on today date due to incomplete kyc. re-verify within 24 hrs: http://hdfc-kyc.in-online.xyz,en,KYC_SCAM,True,HIGH,scam,cert_in,2.0.0-alpha,,,,
KYC_SCAM_0005,ICICI: PAN-Aadhaar link mandatory. Account suspension begins tomorrow. Click here: bit.ly/icici-pan-link,icici: pan-aadhaar link mandatory. account suspension begins tomorrow. click here: bit.ly/icici-pan-link,en,KYC_SCAM,True,HIGH,scam,cert_in,2.0.0-alpha,,,,
KYC_SCAM_0006,"Dear SBI Customer, Your KYC verification has expired. Your account will be BLOCKED in 24 hours. Update immediately: bit.ly/sbi-kyc-updt","dear sbi customer, your kyc verification has expired. your account will be blocked in 24 hours. update immediately: bit.ly/sbi-kyc-updt",en,KYC_SCAM,True,HIGH,scam,cert_in,2.0.0-alpha,,,,
KYC_SCAM_0007,Your HDFC Bank net banking access will be disabled due to pending KYC. Complete verification: hdfckyc-update.com/login,your hdfc bank net banking access will be disabled due to pending kyc. complete verification: hdfckyc-update.com/login,en,KYC_SCAM,True,HIGH,scam,cert_in,2.0.0-alpha,,,,
KYC_SCAM_0008,Your bank account will be blocked if KYC is not updated today. Click the link below.,your bank account will be blocked if kyc is not updated today. click the link below.,en,KYC_SCAM,True,HIGH,scam,ncpc,2.0.0-alpha,,,,
KYC_SCAM_0009,Your account will be blocked today. Complete KYC immediately.,your account will be blocked today. complete kyc immediately.,en,KYC_SCAM,True,HIGH,scam,ncpc,2.0.0-alpha,,,,
KYC_SCAM_0010,"Dear Customer, your KYC is expired. Your account will be blocked within 24 hours. Click here to update now: bit.ly/kycupdate","dear customer, your kyc is expired. your account will be blocked within 24 hours. click here to update now: bit.ly/kycupdate",en,KYC_SCAM,True,HIGH,scam,cert_in,2.0.0-alpha,,,,
KYC_SCAM_0011,India Post Payment Bank KYC Login Dear user your India post payment bank account has been blocked today please updated your PAN Card immediately click here the link- http://surl.li/iccpf,india post payment bank kyc login dear user your india post payment bank account has been blocked today please updated your pan card immediately click here the link- http://surl.li/iccpf,en,KYC_SCAM,True,HIGH,scam,pib,2.0.0-alpha,,,,
KYC_SCAM_0012,"Dear user, your bank account will be blocked today. Update KYC immediately.","dear user, your bank account will be blocked today. update kyc immediately.",en,KYC_SCAM,True,HIGH,scam,ncpc,2.0.0-alpha,,,,
KYC_SCAM_0013,Your KYC is incomplete. Your account will be frozen within 24 hours.,your kyc is incomplete. your account will be frozen within 24 hours.,en,KYC_SCAM,True,HIGH,scam,cert_in,2.0.0-alpha,,,,
KYC_SCAM_0014,"Dear customer, your KYC has expired. Update now to avoid account suspension: link","dear customer, your kyc has expired. update now to avoid account suspension: link",en,KYC_SCAM,True,HIGH,scam,rbi,2.0.0-alpha,,,,
KYC_SCAM_0015,"Dear Customer, your SBI account will be BLOCKED today due to incomplete KYC. Update immediately at http://sbi-kyc-verify.xyz or your account is suspended.","dear customer, your sbi account will be blocked today due to incomplete kyc. update immediately at http://sbi-kyc-verify.xyz or your account is suspended.",en,KYC_SCAM,True,HIGH,scam,cert_in,2.0.0-alpha,,,,
KYC_SCAM_0016,Your SBI account will be blocked today. Update KYC immediately: http://bit.ly/kyc-update,your sbi account will be blocked today. update kyc immediately: http://bit.ly/kyc-update,en,KYC_SCAM,True,HIGH,scam,manual,2.0.0-alpha,,,,
KYC_SCAM_0017,HDFC Bank: Your account has been deactivated due to incomplete KYC. Click https://hdfc-verify.tk to reactivate,hdfc bank: your account has been deactivated due to incomplete kyc. click https://hdfc-verify.tk to reactivate,en,KYC_SCAM,True,HIGH,scam,manual,2.0.0-alpha,,,,
KYC_SCAM_0018,"Dear Customer, your ICICI bank a/c will be suspended. Update your Aadhaar KYC now. https://icici-update.xyz","dear customer, your icici bank a/c will be suspended. update your aadhaar kyc now. https://icici-update.xyz",en,KYC_SCAM,True,HIGH,scam,manual,2.0.0-alpha,,,,
KYC_SCAM_0019,SBI Alert: Your account is blocked due to KYC not updated. Click: http://sbi-kyc.ml to update now,sbi alert: your account is blocked due to kyc not updated. click: http://sbi-kyc.ml to update now,en,KYC_SCAM,True,HIGH,scam,manual,2.0.0-alpha,,,,
KYC_SCAM_0020,Your Axis Bank ATM card will be deactivated. Update KYC: https://axisverify.tk,your axis bank atm card will be deactivated. update kyc: https://axisverify.tk,en,KYC_SCAM,True,HIGH,scam,manual,2.0.0-alpha,,,,
KYC_SCAM_0021,KYC update mandatory for your account. Failing to update will result in permanent block. https://sbi-kyc.gq,kyc update mandatory for your account. failing to update will result in permanent block. https://sbi-kyc.gq,en,KYC_SCAM,True,HIGH,scam,manual,2.0.0-alpha,,,,
KYC_SCAM_0022,Alert: Your Kotak Mahindra account needs KYC renewal. Click: http://tiny.cc/kyc-kotak,alert: your kotak mahindra account needs kyc renewal. click: http://tiny.cc/kyc-kotak,en,KYC_SCAM,True,HIGH,scam,manual,2.0.0-alpha,,,,
KYC_SCAM_0023,PNB: Your account is temporarily suspended. Complete KYC to restore. http://pnb-update.tk,pnb: your account is temporarily suspended. complete kyc to restore. http://pnb-update.tk,en,KYC_SCAM,True,HIGH,scam,manual,2.0.0-alpha,,,,
KYC_SCAM_0024,Canara Bank: Your aadhaar seeding incomplete. Update now or account will freeze. https://canara-kyc.ga,canara bank: your aadhaar seeding incomplete. update now or account will freeze. https://canara-kyc.ga,en,KYC_SCAM,True,HIGH,scam,manual,2.0.0-alpha,,,,
KYC_SCAM_0025,We have detected unusual activity. Your BOB account needs verification. http://bob-verify.tk,we have detected unusual activity. your bob account needs verification. http://bob-verify.tk,en,KYC_SCAM,True,HIGH,scam,manual,2.0.0-alpha,,,,
KYC_SCAM_0026,"Dear IndusInd customer, your account will be disabled in 24hrs. Update KYC: https://indusind-alert.top","dear indusind customer, your account will be disabled in 24hrs. update kyc: https://indusind-alert.top",en,KYC_SCAM,True,HIGH,scam,manual,2.0.0-alpha,,,,
KYC_SCAM_0027,Your SBI YONO access has been restricted. Please update your KYC profile. http://secure-sbi.xyz,your sbi yono access has been restricted. please update your kyc profile. http://secure-sbi.xyz,en,KYC_SCAM,True,HIGH,scam,manual,2.0.0-alpha,,,,
KYC_SCAM_0028,RBI Mandatory: All bank accounts require KYC update by tomorrow. http://rbi-kyc.ml,rbi mandatory: all bank accounts require kyc update by tomorrow. http://rbi-kyc.ml,en,KYC_SCAM,True,HIGH,scam,manual,2.0.0-alpha,,,,
KYC_SCAM_0029,Ungal SBI account KYC update pannitt illaina block aagum. https://sbi-update.tk,ungal sbi account kyc update pannitt illaina block aagum. https://sbi-update.tk,en,KYC_SCAM,True,HIGH,scam,manual,2.0.0-alpha,,,,
KYC_SCAM_0030,Your HDFC account ku KYC mandatory. Click the link and update. http://tinyurl.com/hdfc-update,your hdfc account ku kyc mandatory. click the link and update. http://tinyurl.com/hdfc-update,en,KYC_SCAM,True,HIGH,scam,manual,2.0.0-alpha,,,,
KYC_SCAM_0031,Your SBI account has been compromised. Share OTP 784512 to secure your account immediately!,your sbi account has been compromised. share otp 784512 to secure your account immediately!,en,KYC_SCAM,True,HIGH,scam,manual,2.0.0-alpha,,,,
KYC_SCAM_0032,Your SBI account will be blocked. Update KYC: http://sbi-kyc.co.in,your sbi account will be blocked. update kyc: http://sbi-kyc.co.in,en,KYC_SCAM,True,HIGH,scam,known_corpus,2.0.0-alpha,,,,
KYC_SCAM_0033,HDFC Bank: Your KYC documents expired. Update within 24 hrs: http://hdfc-kyc-update.com,hdfc bank: your kyc documents expired. update within 24 hrs: http://hdfc-kyc-update.com,en,KYC_SCAM,True,HIGH,scam,known_corpus,2.0.0-alpha,,,,
KYC_SCAM_0034,ICICI Bank: Aadhaar link pending. Complete KYC: http://icici-verify.in,icici bank: aadhaar link pending. complete kyc: http://icici-verify.in,en,KYC_SCAM,True,HIGH,scam,known_corpus,2.0.0-alpha,,,,
KYC_SCAM_0035,Axis Bank: Your account is temporarily suspended. Complete e-KYC: http://axisbank-kyc.com,axis bank: your account is temporarily suspended. complete e-kyc: http://axisbank-kyc.com,en,KYC_SCAM,True,HIGH,scam,known_corpus,2.0.0-alpha,,,,
KYC_SCAM_0036,Yes Bank: KYC not updated. Account will be frozen. Update here: http://yeskyc.com,yes bank: kyc not updated. account will be frozen. update here: http://yeskyc.com,en,KYC_SCAM,True,HIGH,scam,known_corpus,2.0.0-alpha,,,,
KYC_SCAM_0037,Kotak Mahindra: Your debit card will be blocked. Update KYC now: http://kotak-kyc.in,kotak mahindra: your debit card will be blocked. update kyc now: http://kotak-kyc.in,en,KYC_SCAM,True,HIGH,scam,known_corpus,2.0.0-alpha,,,,
KYC_SCAM_0038,PNB: Your account is flagged for suspicious activity. Verify KYC immediately.,pnb: your account is flagged for suspicious activity. verify kyc immediately.,en,KYC_SCAM,True,HIGH,scam,known_corpus,2.0.0-alpha,,,,
KYC_SCAM_0039,Canara Bank: Aadhaar seeding pending. Click to complete: http://canara-kyc.in,canara bank: aadhaar seeding pending. click to complete: http://canara-kyc.in,en,KYC_SCAM,True,HIGH,scam,known_corpus,2.0.0-alpha,,,,
KYC_SCAM_0040,Bank of Baroda: Your account requires document re-verification. Link: http://bob-kyc.com,bank of baroda: your account requires document re-verification. link: http://bob-kyc.com,en,KYC_SCAM,True,HIGH,scam,known_corpus,2.0.0-alpha,,,,
KYC_SCAM_0041,Union Bank: KYC compliance missing. Account will be debited ₹500 monthly. Update now.,union bank: kyc compliance missing. account will be debited ₹500 monthly. update now.,en,KYC_SCAM,True,HIGH,scam,known_corpus,2.0.0-alpha,,,,
KYC_SCAM_0042,RBI: Your bank account KYC is incomplete. Submit documents at http://rbi-kyc.co.in,rbi: your bank account kyc is incomplete. submit documents at http://rbi-kyc.co.in,en,KYC_SCAM,True,HIGH,scam,known_corpus,2.0.0-alpha,,,,
KYC_SCAM_0043,SEBI: Your trading account needs KYC update. Link: http://sebi-kyc.in,sebi: your trading account needs kyc update. link: http://sebi-kyc.in,en,KYC_SCAM,True,HIGH,scam,known_corpus,2.0.0-alpha,,,,
KYC_SCAM_0044,IRCTC: Your account KYC is pending. Update to continue booking tickets.,irctc: your account kyc is pending. update to continue booking tickets.,en,KYC_SCAM,True,HIGH,scam,known_corpus,2.0.0-alpha,,,,
KYC_SCAM_0045,Aadhaar KYC: Your Aadhaar is about to be deactivated. Update now: http://aadhaar-kyc.in,aadhaar kyc: your aadhaar is about to be deactivated. update now: http://aadhaar-kyc.in,en,KYC_SCAM,True,HIGH,scam,known_corpus,2.0.0-alpha,,,,
KYC_SCAM_0046,NSDL: PAN-Aadhaar link pending. Complete immediately: http://nsdl-link.in,nsdl: pan-aadhaar link pending. complete immediately: http://nsdl-link.in,en,KYC_SCAM,True,HIGH,scam,known_corpus,2.0.0-alpha,,,,
LEGITIMATE_BANKING_0001,"HDFC Bank: Rs 5,000 credited to your account from NEFT. Ref: NEFT123456789. Avl Bal Rs 45,200.","hdfc bank: rs 5,000 credited to your account from neft. ref: neft123456789. avl bal rs 45,200.",en,LEGITIMATE_BANKING,False,NONE,legitimate,manual,2.0.0-alpha,,,,
LEGITIMATE_BANKING_0002,"SBI: Rs 2,500 debited from A/C XX1234 on 15/07/26 via UPI. Avl Bal Rs 12,340.","sbi: rs 2,500 debited from a/c xx1234 on 15/07/26 via upi. avl bal rs 12,340.",en,LEGITIMATE_BANKING,False,NONE,legitimate,manual,2.0.0-alpha,,,,
LEGITIMATE_BANKING_0003,"ICICI Bank: Your credit card bill of Rs 12,500 is due on 05-Aug-2026. Auto-debit will be processed.","icici bank: your credit card bill of rs 12,500 is due on 05-aug-2026. auto-debit will be processed.",en,LEGITIMATE_BANKING,False,NONE,legitimate,manual,2.0.0-alpha,,,,
LEGITIMATE_BANKING_0004,"Axis Bank: FD of Rs 1,00,000 has matured. Maturity amount Rs 1,23,456 credited to savings account.","axis bank: fd of rs 1,00,000 has matured. maturity amount rs 1,23,456 credited to savings account.",en,LEGITIMATE_BANKING,False,NONE,legitimate,manual,2.0.0-alpha,,,,
LEGITIMATE_BANKING_0005,"PNB Alert: Rs 8,000 withdrawn from ATM on 20/07/26 at Malad West Branch. Avl Bal Rs 32,100.","pnb alert: rs 8,000 withdrawn from atm on 20/07/26 at malad west branch. avl bal rs 32,100.",en,LEGITIMATE_BANKING,False,NONE,legitimate,manual,2.0.0-alpha,,,,
LEGITIMATE_BANKING_0006,"Kotak Mahindra: Your account XX6789 has been credited with Rs 15,000 via IMPS. Ref: IMPS1234567890.","kotak mahindra: your account xx6789 has been credited with rs 15,000 via imps. ref: imps1234567890.",en,LEGITIMATE_BANKING,False,NONE,legitimate,manual,2.0.0-alpha,,,,
LEGITIMATE_BANKING_0007,Canara Bank: Your monthly statement for Jul 2026 is available. Download from canarabank.com,canara bank: your monthly statement for jul 2026 is available. download from canarabank.com,en,LEGITIMATE_BANKING,False,NONE,legitimate,manual,2.0.0-alpha,,,,
LEGITIMATE_BANKING_0008,"Yes Bank: Your cheque no. 456789 of Rs 25,000 has been cleared. Avl Bal Rs 67,890.","yes bank: your cheque no. 456789 of rs 25,000 has been cleared. avl bal rs 67,890.",en,LEGITIMATE_BANKING,False,NONE,legitimate,manual,2.0.0-alpha,,,,
LEGITIMATE_BANKING_0009,"Bank of Baroda: Your home loan EMI of Rs 18,234 has been debited on 10/07/26.","bank of baroda: your home loan emi of rs 18,234 has been debited on 10/07/26.",en,LEGITIMATE_BANKING,False,NONE,legitimate,manual,2.0.0-alpha,,,,
LEGITIMATE_COURIER_0002,Amazon: Your order #AMZ876543 is out for delivery. Expected by 8 PM. Track at https://amazon.in/track,amazon: your order #amz876543 is out for delivery. expected by 8 pm. track at https://amazon.in/track,en,LEGITIMATE_COURIER,False,NONE,legitimate,manual,2.0.0-alpha,,,,
LEGITIMATE_COURIER_0003,Delhivery: Your shipment DL7845123456 is out for delivery today. Track: delhivery.com/track,delhivery: your shipment dl7845123456 is out for delivery today. track: delhivery.com/track,en,LEGITIMATE_COURIER,False,NONE,legitimate,manual,2.0.0-alpha,,,,
LEGITIMATE_COURIER_0004,Blue Dart: Your shipment BD9876543210 has been delivered. Thank you for choosing Blue Dart.,blue dart: your shipment bd9876543210 has been delivered. thank you for choosing blue dart.,en,LEGITIMATE_COURIER,False,NONE,legitimate,manual,2.0.0-alpha,,,,
LEGITIMATE_COURIER_0005,India Post: Your article EL123456789IN has reached Mumbai Sorting Centre. Track at indiapost.gov.in,india post: your article el123456789in has reached mumbai sorting centre. track at indiapost.gov.in,en,LEGITIMATE_COURIER,False,NONE,legitimate,manual,2.0.0-alpha,,,,
LEGITIMATE_COURIER_0006,Zomato: Your order from Saravana Bhavan is out for delivery. ETA 10 mins. Track live.,zomato: your order from saravana bhavan is out for delivery. eta 10 mins. track live.,en,LEGITIMATE_COURIER,False,NONE,legitimate,manual,2.0.0-alpha,,,,
LEGITIMATE_COURIER_0007,Swiggy: Your order from Dominos has been delivered. Enjoy your meal! Rate your experience.,swiggy: your order from dominos has been delivered. enjoy your meal! rate your experience.,en,LEGITIMATE_COURIER,False,NONE,legitimate,manual,2.0.0-alpha,,,,
LEGITIMATE_COURIER_0008,Myntra: Your order MY784512 has been shipped via Delhivery. Track: bit.ly/myntra-track,myntra: your order my784512 has been shipped via delhivery. track: bit.ly/myntra-track,en,LEGITIMATE_COURIER,False,NONE,legitimate,manual,2.0.0-alpha,,,,
LEGITIMATE_GOVERNMENT_0001,"PM Kisan: Your installment of Rs 2,000 has been credited to your A/C XX4567. -PM Kisan Yojana","pm kisan: your installment of rs 2,000 has been credited to your a/c xx4567. -pm kisan yojana",en,LEGITIMATE_GOVERNMENT,False,NONE,legitimate,manual,2.0.0-alpha,,,,
LEGITIMATE_GOVERNMENT_0002,Ayushman Bharat: Your health insurance card is ready for pickup at nearest CSC center.,ayushman bharat: your health insurance card is ready for pickup at nearest csc center.,en,LEGITIMATE_GOVERNMENT,False,NONE,legitimate,manual,2.0.0-alpha,,,,
LEGITIMATE_GOVERNMENT_0003,Income Tax Dept: Your ITR for AY 2026-27 has been processed successfully. Ref: ITR123456789.,income tax dept: your itr for ay 2026-27 has been processed successfully. ref: itr123456789.,en,LEGITIMATE_GOVERNMENT,False,NONE,legitimate,manual,2.0.0-alpha,,,,
LEGITIMATE_GOVERNMENT_0004,"EPFO: Your PF claim of Rs 1,25,000 has been approved and will be credited within 3 working days.","epfo: your pf claim of rs 1,25,000 has been approved and will be credited within 3 working days.",en,LEGITIMATE_GOVERNMENT,False,NONE,legitimate,manual,2.0.0-alpha,,,,
LEGITIMATE_GOVERNMENT_0005,Voter Helpline: Your voter ID application E1234567 has been approved. Card will be delivered shortly.,voter helpline: your voter id application e1234567 has been approved. card will be delivered shortly.,en,LEGITIMATE_GOVERNMENT,False,NONE,legitimate,manual,2.0.0-alpha,,,,
LEGITIMATE_GOVERNMENT_0006,Passport Seva: Your passport application PA1234567890 has been processed. Track at passportindia.gov.in,passport seva: your passport application pa1234567890 has been processed. track at passportindia.gov.in,en,LEGITIMATE_GOVERNMENT,False,NONE,legitimate,manual,2.0.0-alpha,,,,
LEGITIMATE_GOVERNMENT_0007,"NREGA: Wage payment of Rs 8,400 for July 2026 has been credited to your account. -NREGA","nrega: wage payment of rs 8,400 for july 2026 has been credited to your account. -nrega",en,LEGITIMATE_GOVERNMENT,False,NONE,legitimate,manual,2.0.0-alpha,,,,
LEGITIMATE_GOVERNMENT_0008,UIDAI: Your Aadhaar update request AR1234567890 has been processed. Check status at uidai.gov.in,uidai: your aadhaar update request ar1234567890 has been processed. check status at uidai.gov.in,en,LEGITIMATE_GOVERNMENT,False,NONE,legitimate,manual,2.0.0-alpha,,,,
LEGITIMATE_OTHER_0001,Your OTP for SBI transaction is 456782. Do not share this with anyone.,your otp for sbi transaction is 456782. do not share this with anyone.,en,LEGITIMATE_OTHER,False,NONE,legitimate,manual,2.0.0-alpha,,,,
LEGITIMATE_OTHER_0002,Your Aadhaar OTP 783421 is valid for UIDAI authentication. Valid for 10 minutes.,your aadhaar otp 783421 is valid for uidai authentication. valid for 10 minutes.,en,LEGITIMATE_OTHER,False,NONE,legitimate,manual,2.0.0-alpha,,,,
LEGITIMATE_OTHER_0003,HDFC Bank: Rs 15000 credited to account 4567 from NEFT transfer. Available balance: Rs 45200.,hdfc bank: rs 15000 credited to account 4567 from neft transfer. available balance: rs 45200.,en,LEGITIMATE_OTHER,False,NONE,legitimate,manual,2.0.0-alpha,,,,
LEGITIMATE_OTHER_0004,Your Flipkart order OD784512345 has been shipped. Track: https://flipkart.com/track,your flipkart order od784512345 has been shipped. track: https://flipkart.com/track,en,LEGITIMATE_OTHER,False,NONE,legitimate,manual,2.0.0-alpha,,,,
LEGITIMATE_OTHER_0005,Amazon: Your package will be delivered tomorrow between 10AM-2PM. Track here: https://amazon.in/track,amazon: your package will be delivered tomorrow between 10am-2pm. track here: https://amazon.in/track,en,LEGITIMATE_OTHER,False,NONE,legitimate,manual,2.0.0-alpha,,,,
LEGITIMATE_OTHER_0006,Swiggy: Your order from Saravana Bhavan has been confirmed. ETA 30 mins.,swiggy: your order from saravana bhavan has been confirmed. eta 30 mins.,en,LEGITIMATE_OTHER,False,NONE,legitimate,manual,2.0.0-alpha,,,,
LEGITIMATE_OTHER_0007,IRCTC: Your train ticket 2456789 for Chennai Express on 15th March is confirmed. PNR: 4785213698,irctc: your train ticket 2456789 for chennai express on 15th march is confirmed. pnr: 4785213698,en,LEGITIMATE_OTHER,False,NONE,legitimate,manual,2.0.0-alpha,,,,
LEGITIMATE_OTHER_0008,Your monthly mobile bill of Rs 499 has been paid via auto-debit. Receipt: 7845129630,your monthly mobile bill of rs 499 has been paid via auto-debit. receipt: 7845129630,en,LEGITIMATE_OTHER,False,NONE,legitimate,manual,2.0.0-alpha,,,,
LEGITIMATE_OTHER_0009,Income Tax: Your ITR for FY 2024-25 has been successfully filed. Acknowledgement: 478596321478,income tax: your itr for fy 2024-25 has been successfully filed. acknowledgement: 478596321478,en,LEGITIMATE_OTHER,False,NONE,legitimate,manual,2.0.0-alpha,,,,
LEGITIMATE_OTHER_0010,Meeting reminder: Project review tomorrow at 10AM in conference room 3. Please bring status reports.,meeting reminder: project review tomorrow at 10am in conference room 3. please bring status reports.,en,LEGITIMATE_OTHER,False,NONE,legitimate,manual,2.0.0-alpha,,,,
LEGITIMATE_OTHER_0011,"Your appointment with Dr. Patel on 20th March at 11:30 AM is confirmed. Apollo Clinic, T Nagar.","your appointment with dr. patel on 20th march at 11:30 am is confirmed. apollo clinic, t nagar.",en,LEGITIMATE_OTHER,False,NONE,legitimate,manual,2.0.0-alpha,,,,
LEGITIMATE_OTHER_0012,Zomato: Your order #7845 has been delivered! Rate your delivery experience. Have a great day!,zomato: your order #7845 has been delivered! rate your delivery experience. have a great day!,en,LEGITIMATE_OTHER,False,NONE,legitimate,manual,2.0.0-alpha,,,,
LEGITIMATE_OTHER_0013,"Your password was changed successfully. If this was not you, contact support immediately.","your password was changed successfully. if this was not you, contact support immediately.",en,LEGITIMATE_OTHER,False,NONE,legitimate,manual,2.0.0-alpha,,,,
LEGITIMATE_OTHER_0014,Library reminder: The book 'Wings of Fire' is due for return by 25th March. Late fee applies after that.,library reminder: the book 'wings of fire' is due for return by 25th march. late fee applies after that.,en,LEGITIMATE_OTHER,False,NONE,legitimate,manual,2.0.0-alpha,,,,
LEGITIMATE_OTHER_0015,Your Netflix subscription of Rs 649 has been renewed. Valid until 15th April 2025.,your netflix subscription of rs 649 has been renewed. valid until 15th april 2025.,en,LEGITIMATE_OTHER,False,NONE,legitimate,manual,2.0.0-alpha,,,,
LEGITIMATE_OTHER_0016,Unlimited 5G data plan activated! Rs 299 for 28 days. Valid on your Airtel number.,unlimited 5g data plan activated! rs 299 for 28 days. valid on your airtel number.,en,LEGITIMATE_OTHER,False,NONE,legitimate,manual,2.0.0-alpha,,,,
LEGITIMATE_OTHER_0017,Your Uber ride to Chennai Airport is confirmed. Driver Rajesh will arrive in 5 mins. Plate: TN07AB1234.,your uber ride to chennai airport is confirmed. driver rajesh will arrive in 5 mins. plate: tn07ab1234.,en,LEGITIMATE_OTHER,False,NONE,legitimate,manual,2.0.0-alpha,,,,
LEGITIMATE_OTHER_0018,Weekly grocery delivery from BigBasket will arrive tomorrow 7-9AM. Order BB784512.,weekly grocery delivery from bigbasket will arrive tomorrow 7-9am. order bb784512.,en,LEGITIMATE_OTHER,False,NONE,legitimate,manual,2.0.0-alpha,,,,
LEGITIMATE_OTHER_0019,Your EPFO passbook has been updated. View your PF balance on the UMANG app or EPFO portal.,your epfo passbook has been updated. view your pf balance on the umang app or epfo portal.,en,LEGITIMATE_OTHER,False,NONE,legitimate,manual,2.0.0-alpha,,,,
LEGITIMATE_OTHER_0020,Your credit card bill of Rs 12500 is due on 5th April. Auto-pay is enabled. Sufficient balance confirmed.,your credit card bill of rs 12500 is due on 5th april. auto-pay is enabled. sufficient balance confirmed.,en,LEGITIMATE_OTHER,False,NONE,legitimate,manual,2.0.0-alpha,,,,
LEGITIMATE_OTHER_0021,Your account has been credited with Rs 1000. Thank you for being a valued customer.,your account has been credited with rs 1000. thank you for being a valued customer.,en,LEGITIMATE_OTHER,False,NONE,legitimate,manual,2.0.0-alpha,,,,
LEGITIMATE_OTHER_0022,Free consultation! Our financial advisor will call you. Reply YES for callback.,free consultation! our financial advisor will call you. reply yes for callback.,en,LEGITIMATE_OTHER,False,NONE,legitimate,manual,2.0.0-alpha,,,,
LEGITIMATE_OTHER_0023,"Hi, remember me? I got your number from Suresh. Need to discuss something urgent. Please call back.","hi, remember me? i got your number from suresh. need to discuss something urgent. please call back.",en,LEGITIMATE_OTHER,False,NONE,legitimate,manual,2.0.0-alpha,,,,
LEGITIMATE_OTHER_0024,Thank you for your recent purchase. Your feedback matters. Complete survey and get 10% off next order.,thank you for your recent purchase. your feedback matters. complete survey and get 10% off next order.,en,LEGITIMATE_OTHER,False,NONE,legitimate,manual,2.0.0-alpha,,,,
LEGITIMATE_OTHER_0025,Congratulations! You have been pre-selected for our credit card with Rs 5 lakh limit. Terms apply.,congratulations! you have been pre-selected for our credit card with rs 5 lakh limit. terms apply.,en,LEGITIMATE_OTHER,False,NONE,legitimate,manual,2.0.0-alpha,,,,
LEGITIMATE_OTHER_0026,Your Flipkart order #OD12345678 has been shipped. Track here: https://flipkart.com/track,your flipkart order #od12345678 has been shipped. track here: https://flipkart.com/track,en,LEGITIMATE_OTHER,False,NONE,legitimate,manual,2.0.0-alpha,,,,
LEGITIMATE_OTHER_0027,Your monthly Netflix subscription of Rs 199 will be charged on 15th. Manage your account settings.,your monthly netflix subscription of rs 199 will be charged on 15th. manage your account settings.,en,LEGITIMATE_OTHER,False,NONE,legitimate,manual,2.0.0-alpha,,,,
LEGITIMATE_OTHER_0028,Your Amazon order #AMZ876543 is out for delivery. Expected by 8 PM. Track at https://amazon.in/track,your amazon order #amz876543 is out for delivery. expected by 8 pm. track at https://amazon.in/track,en,LEGITIMATE_OTHER,False,NONE,legitimate,manual,2.0.0-alpha,,,,
LEGITIMATE_OTHER_0029,"ICICI Bank: Your credit card bill of Rs 12,500 is due on 05-Apr-2026. Auto-debit will be processed.","icici bank: your credit card bill of rs 12,500 is due on 05-apr-2026. auto-debit will be processed.",en,LEGITIMATE_OTHER,False,NONE,legitimate,manual,2.0.0-alpha,,,,
LEGITIMATE_OTHER_0030,Swiggy: Your order from Dominos is being prepared. Estimated delivery by 7:30 PM. Track live on the app.,swiggy: your order from dominos is being prepared. estimated delivery by 7:30 pm. track live on the app.,en,LEGITIMATE_OTHER,False,NONE,legitimate,manual,2.0.0-alpha,,,,
LEGITIMATE_OTHER_0031,Zomato: Table for 2 at Pizza Express confirmed for 28 Mar 8 PM. Order #ZB89765.,zomato: table for 2 at pizza express confirmed for 28 mar 8 pm. order #zb89765.,en,LEGITIMATE_OTHER,False,NONE,legitimate,manual,2.0.0-alpha,,,,
LEGITIMATE_OTHER_0032,"HDFC Bank: Rs 5,000 credited to your account from NEFT. Ref: NEFT123456789.","hdfc bank: rs 5,000 credited to your account from neft. ref: neft123456789.",en,LEGITIMATE_OTHER,False,NONE,legitimate,manual,2.0.0-alpha,,,,
LEGITIMATE_OTHER_0033,"Your Uber ride is arriving. Driver: Rajesh, Car: MH12AB1234 White Swift. ETA 3 mins.","your uber ride is arriving. driver: rajesh, car: mh12ab1234 white swift. eta 3 mins.",en,LEGITIMATE_OTHER,False,NONE,legitimate,manual,2.0.0-alpha,,,,
LEGITIMATE_OTHER_0034,Airtel: Your monthly plan of Rs 499 will expire on 31 Mar. Recharge now to continue uninterrupted service.,airtel: your monthly plan of rs 499 will expire on 31 mar. recharge now to continue uninterrupted service.,en,LEGITIMATE_OTHER,False,NONE,legitimate,manual,2.0.0-alpha,,,,
LEGITIMATE_OTHER_0035,IRCTC: Your train ticket for 12951 Mumbai-Delhi on 15 Apr is confirmed. PNR: 4123567890.,irctc: your train ticket for 12951 mumbai-delhi on 15 apr is confirmed. pnr: 4123567890.,en,LEGITIMATE_OTHER,False,NONE,legitimate,manual,2.0.0-alpha,,,,
LEGITIMATE_OTHER_0036,Google: Your account verification code is 839201. This code expires in 10 minutes.,google: your account verification code is 839201. this code expires in 10 minutes.,en,LEGITIMATE_OTHER,False,NONE,legitimate,manual,2.0.0-alpha,,,,
LEGITIMATE_OTHER_0037,LinkedIn: John Doe sent you a connection request. View profile: https://linkedin.com/in/johndoe,linkedin: john doe sent you a connection request. view profile: https://linkedin.com/in/johndoe,en,LEGITIMATE_OTHER,False,NONE,legitimate,manual,2.0.0-alpha,,,,
LEGITIMATE_OTHER_0038,WhatsApp: Your verification code is 482-931. Do not share this code with anyone.,whatsapp: your verification code is 482-931. do not share this code with anyone.,en,LEGITIMATE_OTHER,False,NONE,legitimate,manual,2.0.0-alpha,,,,
LEGITIMATE_OTHER_0039,"Paytm: Rs 250 received from Ravi Kumar. UPI Ref: 987654321098. Wallet balance: Rs 1,250.","paytm: rs 250 received from ravi kumar. upi ref: 987654321098. wallet balance: rs 1,250.",en,LEGITIMATE_OTHER,False,NONE,legitimate,manual,2.0.0-alpha,,,,
LEGITIMATE_OTHER_0040,Your appointment with Dr Sharma at Apollo Hospital is confirmed for 10:30 AM on 20 Mar.,your appointment with dr sharma at apollo hospital is confirmed for 10:30 am on 20 mar.,en,LEGITIMATE_OTHER,False,NONE,legitimate,manual,2.0.0-alpha,,,,
LEGITIMATE_OTHER_0041,"SBI: Your FD of Rs 2,00,000 has matured. Maturity amount Rs 2,45,678 credited to savings account.","sbi: your fd of rs 2,00,000 has matured. maturity amount rs 2,45,678 credited to savings account.",en,LEGITIMATE_OTHER,False,NONE,legitimate,manual,2.0.0-alpha,,,,
LEGITIMATE_OTHER_0042,Myntra: 50% off on your favorite brands! Use code MYNTRA50. Shop now: https://myntra.com/sale,myntra: 50% off on your favorite brands! use code myntra50. shop now: https://myntra.com/sale,en,LEGITIMATE_OTHER,False,NONE,legitimate,manual,2.0.0-alpha,,,,
LEGITIMATE_OTHER_0043,Vistara: Check-in for flight UK915 DEL-BOM on 22 Mar is now open. Web check-in: https://vistara.com/webcheckin,vistara: check-in for flight uk915 del-bom on 22 mar is now open. web check-in: https://vistara.com/webcheckin,en,LEGITIMATE_OTHER,False,NONE,legitimate,manual,2.0.0-alpha,,,,
LEGITIMATE_OTHER_0044,"PhonePe: Rs 1,200 bill paid for electricity. Receipt: PP-RCPT-928374. Auto-pay scheduled for next month.","phonepe: rs 1,200 bill paid for electricity. receipt: pp-rcpt-928374. auto-pay scheduled for next month.",en,LEGITIMATE_OTHER,False,NONE,legitimate,manual,2.0.0-alpha,,,,
LEGITIMATE_OTHER_0045,"Zerodha: Your trade of 100 shares of TCS at Rs 3,450 executed successfully. Ledger updated.","zerodha: your trade of 100 shares of tcs at rs 3,450 executed successfully. ledger updated.",en,LEGITIMATE_OTHER,False,NONE,legitimate,manual,2.0.0-alpha,,,,
LEGITIMATE_OTHER_0047,Airtel: Your monthly plan of Rs 499 will expire on 31 Jul. Recharge now to continue uninterrupted service.,airtel: your monthly plan of rs 499 will expire on 31 jul. recharge now to continue uninterrupted service.,en,LEGITIMATE_OTHER,False,NONE,legitimate,manual,2.0.0-alpha,,,,
LEGITIMATE_OTHER_0049,Vistara: Check-in for flight UK915 DEL-BOM on 22 Sep is now open. Web check-in: vistara.com,vistara: check-in for flight uk915 del-bom on 22 sep is now open. web check-in: vistara.com,en,LEGITIMATE_OTHER,False,NONE,legitimate,manual,2.0.0-alpha,,,,
LEGITIMATE_OTHER_0050,Netflix: Your subscription of Rs 199 will be charged on 20th. Update payment method in settings.,netflix: your subscription of rs 199 will be charged on 20th. update payment method in settings.,en,LEGITIMATE_OTHER,False,NONE,legitimate,manual,2.0.0-alpha,,,,
LEGITIMATE_OTHER_0052,IRCTC: Your train ticket for 12951 Mumbai-Delhi on 15 Aug is confirmed. PNR: 4123567890.,irctc: your train ticket for 12951 mumbai-delhi on 15 aug is confirmed. pnr: 4123567890.,en,LEGITIMATE_OTHER,False,NONE,legitimate,manual,2.0.0-alpha,,,,
LEGITIMATE_OTHER_0053,"LIC: Your premium payment of Rs 12,500 for policy 123456789 is due on 15-Aug-2026.","lic: your premium payment of rs 12,500 for policy 123456789 is due on 15-aug-2026.",en,LEGITIMATE_OTHER,False,NONE,legitimate,manual,2.0.0-alpha,,,,
LEGITIMATE_OTP_0001,"Your SBI OTP for transaction of Rs 5,000 is 784512. Do not share this OTP with anyone. Valid for 10 mins.","your sbi otp for transaction of rs 5,000 is 784512. do not share this otp with anyone. valid for 10 mins.",en,LEGITIMATE_OTP,False,NONE,legitimate,manual,2.0.0-alpha,,,,
LEGITIMATE_OTP_0002,"HDFC Bank: OTP 382917 for online transaction of Rs 12,500. Valid for 10 minutes. Do not share.","hdfc bank: otp 382917 for online transaction of rs 12,500. valid for 10 minutes. do not share.",en,LEGITIMATE_OTP,False,NONE,legitimate,manual,2.0.0-alpha,,,,
LEGITIMATE_OTP_0003,"ICICI Bank: Your OTP for credit card payment of Rs 8,999 is 516273. Valid for 10 mins.","icici bank: your otp for credit card payment of rs 8,999 is 516273. valid for 10 mins.",en,LEGITIMATE_OTP,False,NONE,legitimate,manual,2.0.0-alpha,,,,
LEGITIMATE_OTP_0004,Google: Your verification code is 839201. This code expires in 10 minutes.,google: your verification code is 839201. this code expires in 10 minutes.,en,LEGITIMATE_OTP,False,NONE,legitimate,manual,2.0.0-alpha,,,,
LEGITIMATE_OTP_0006,Aadhaar: Your OTP for authentication is 728491. Valid for 10 minutes. -UIDAI,aadhaar: your otp for authentication is 728491. valid for 10 minutes. -uidai,en,LEGITIMATE_OTP,False,NONE,legitimate,manual,2.0.0-alpha,,,,
LEGITIMATE_OTP_0007,IRCTC: Your OTP for booking IR1234567890 is 637182. Valid for 5 mins.,irctc: your otp for booking ir1234567890 is 637182. valid for 5 mins.,en,LEGITIMATE_OTP,False,NONE,legitimate,manual,2.0.0-alpha,,,,
LEGITIMATE_OTP_0008,Amazon: Your OTP for login is 918273. Do not share. Valid for 5 minutes.,amazon: your otp for login is 918273. do not share. valid for 5 minutes.,en,LEGITIMATE_OTP,False,NONE,legitimate,manual,2.0.0-alpha,,,,
LEGITIMATE_UPI_0002,"GPay: Rs 1,200 paid to Electricity Board. UPI Ref: GPay123456789. 20 Jul 2026.","gpay: rs 1,200 paid to electricity board. upi ref: gpay123456789. 20 jul 2026.",en,LEGITIMATE_UPI,False,NONE,legitimate,manual,2.0.0-alpha,,,,
LEGITIMATE_UPI_0003,"PhonePe: Rs 350 sent to Swiggy India. UPI Ref: PPRef98765432. Avl Bal Rs 5,000.","phonepe: rs 350 sent to swiggy india. upi ref: ppref98765432. avl bal rs 5,000.",en,LEGITIMATE_UPI,False,NONE,legitimate,manual,2.0.0-alpha,,,,
LEGITIMATE_UPI_0004,Amazon Pay: Rs 899 paid for order OD7845123456 via UPI. Thank you for shopping.,amazon pay: rs 899 paid for order od7845123456 via upi. thank you for shopping.,en,LEGITIMATE_UPI,False,NONE,legitimate,manual,2.0.0-alpha,,,,
LEGITIMATE_UPI_0005,"BHIM: Rs 500 received from Priya Sharma. UPI Ref: BHIM4567890123. Avl Bal Rs 8,500.","bhim: rs 500 received from priya sharma. upi ref: bhim4567890123. avl bal rs 8,500.",en,LEGITIMATE_UPI,False,NONE,legitimate,manual,2.0.0-alpha,,,,
LEGITIMATE_UPI_0006,Google Pay: Rs 75 paid to Chaiwala India. UPI transaction successful. Ref: GPay7654321.,google pay: rs 75 paid to chaiwala india. upi transaction successful. ref: gpay7654321.,en,LEGITIMATE_UPI,False,NONE,legitimate,manual,2.0.0-alpha,,,,
LEGITIMATE_UPI_0007,"PhonePe: Rs 15,000 transferred to HDFC Bank XX5678. UPI Ref: PPRef09876543.","phonepe: rs 15,000 transferred to hdfc bank xx5678. upi ref: ppref09876543.",en,LEGITIMATE_UPI,False,NONE,legitimate,manual,2.0.0-alpha,,,,
LEGITIMATE_UPI_0008,Paytm: Rs 499 recharged for Airtel mobile 9876543210. Ref: PAYTM12345678.,paytm: rs 499 recharged for airtel mobile 9876543210. ref: paytm12345678.,en,LEGITIMATE_UPI,False,NONE,legitimate,manual,2.0.0-alpha,,,,
LOAN_SCAM_0001,"Get instant loan approval in 5 minutes. No documents needed. Click now to download app and receive Rs 50,000 today: http://bit.ly/loan-app-fast","get instant loan approval in 5 minutes. no documents needed. click now to download app and receive rs 50,000 today: http://bit.ly/loan-app-fast",en,LOAN_SCAM,True,MEDIUM,scam,ncpc,2.0.0-alpha,,,,
LOAN_SCAM_0002,Final warning: Your loan repayment is overdue. Pay today or legal action will begin and your contacts will be informed immediately.,final warning: your loan repayment is overdue. pay today or legal action will begin and your contacts will be informed immediately.,en,LOAN_SCAM,True,MEDIUM,scam,ncpc,2.0.0-alpha,,,,
LOAN_SCAM_0003,Complete loan verification now. Install the secure loan app APK from this link to release your approved amount today.,complete loan verification now. install the secure loan app apk from this link to release your approved amount today.,en,LOAN_SCAM,True,MEDIUM,scam,ncpc,2.0.0-alpha,,,,
LOAN_SCAM_0004,"Your personal loan is approved. Verify Aadhaar, PAN, bank details, and OTP now to release funds instantly.","your personal loan is approved. verify aadhaar, pan, bank details, and otp now to release funds instantly.",en,LOAN_SCAM,True,MEDIUM,scam,ncpc,2.0.0-alpha,,,,
LOAN_SCAM_0005,"Pradhan Mantri Yojana Aadhar Card Loan 2% interest, 50% waiver. Call 8595311955","pradhan mantri yojana aadhar card loan 2% interest, 50% waiver. call 8595311955",en,LOAN_SCAM,True,MEDIUM,scam,pib,2.0.0-alpha,,,,
LOAN_SCAM_0006,"Your loan of Rs 2,00,000 is on track. KYC processing is happening now.","your loan of rs 2,00,000 is on track. kyc processing is happening now.",en,LOAN_SCAM,True,MEDIUM,scam,ncpc,2.0.0-alpha,,,,
LOAN_SCAM_0007,"Urgent loan? Get Rs 10,000 in just 5 minutes! No CIBIL check! Just click here!","urgent loan? get rs 10,000 in just 5 minutes! no cibil check! just click here!",en,LOAN_SCAM,True,MEDIUM,scam,ncpc,2.0.0-alpha,,,,
LOAN_SCAM_0008,Congratulations! Your Rs 5 lakh loan is approved. Instant Loan No CIBIL No Income Proof Required,congratulations! your rs 5 lakh loan is approved. instant loan no cibil no income proof required,en,LOAN_SCAM,True,MEDIUM,scam,ncpc,2.0.0-alpha,,,,
LOAN_SCAM_0009,Netflix: Your subscription is suspended! Update payment: http://netflix-renew.tk,netflix: your subscription is suspended! update payment: http://netflix-renew.tk,en,LOAN_SCAM,True,MEDIUM,scam,manual,2.0.0-alpha,,,,
LOAN_SCAM_0010,Personal loan approved! Rs 5 lakhs at 2% interest. Processing fee Rs 2500. Call 1800-123-4567,personal loan approved! rs 5 lakhs at 2% interest. processing fee rs 2500. call 1800-123-4567,en,LOAN_SCAM,True,MEDIUM,scam,manual,2.0.0-alpha,,,,
LOAN_SCAM_0011,Instant loan up to Rs 10 lakhs! No paperwork. Low EMI. Processing fee Rs 999. http://loan-offer.tk,instant loan up to rs 10 lakhs! no paperwork. low emi. processing fee rs 999. http://loan-offer.tk,en,LOAN_SCAM,True,MEDIUM,scam,manual,2.0.0-alpha,,,,
LOAN_SCAM_0012,Bajaj Finserv: Your pre-approved loan of Rs 3 lakhs is ready. Processing fee Rs 1499. http://bajaj-loan.xyz,bajaj finserv: your pre-approved loan of rs 3 lakhs is ready. processing fee rs 1499. http://bajaj-loan.xyz,en,LOAN_SCAM,True,MEDIUM,scam,manual,2.0.0-alpha,,,,
LOAN_SCAM_0013,Loan 1 minute me! Aadhaar card se. Rs 50000 instantly. Fee Rs 499. http://instant-loan.ml,loan 1 minute me! aadhaar card se. rs 50000 instantly. fee rs 499. http://instant-loan.ml,en,LOAN_SCAM,True,MEDIUM,scam,manual,2.0.0-alpha,,,,
LOAN_SCAM_0014,Business loan up to Rs 50 lakhs! Low interest 5%. Processing fee 1%. Contact: loan@easy-finance.tk,business loan up to rs 50 lakhs! low interest 5%. processing fee 1%. contact: loan@easy-finance.tk,en,LOAN_SCAM,True,MEDIUM,scam,manual,2.0.0-alpha,,,,
LOAN_SCAM_0015,"Loan app: Quick approval, minimal documents. EMI starts after 90 days. Download: http://loan-app.tk","loan app: quick approval, minimal documents. emi starts after 90 days. download: http://loan-app.tk",en,LOAN_SCAM,True,MEDIUM,scam,manual,2.0.0-alpha,,,,
LOAN_SCAM_0016,Gold loan: No income proof needed. Rs 2 lakhs loan. Processing fee Rs 1999. Call 1800-777-8888,gold loan: no income proof needed. rs 2 lakhs loan. processing fee rs 1999. call 1800-777-8888,en,LOAN_SCAM,True,MEDIUM,scam,manual,2.0.0-alpha,,,,
LOAN_SCAM_0017,Home loan sanction pannirukkom! Rs 20 lakhs. Processing fee Rs 5000 maatrum. http://home-loan.top,home loan sanction pannirukkom! rs 20 lakhs. processing fee rs 5000 maatrum. http://home-loan.top,en,LOAN_SCAM,True,MEDIUM,scam,manual,2.0.0-alpha,,,,
LOAN_SCAM_0018,"Dear customer, your policy premium is due. Pay Rs 5000 to avoid lapse. http://insurance-pay.tk","dear customer, your policy premium is due. pay rs 5000 to avoid lapse. http://insurance-pay.tk",en,LOAN_SCAM,True,MEDIUM,scam,manual,2.0.0-alpha,,,,
LOAN_SCAM_0019,"Instant personal loan up to Rs 25 lakhs. No paperwork. 0% interest for 6 months. Processing fee Rs 2,500.","instant personal loan up to rs 25 lakhs. no paperwork. 0% interest for 6 months. processing fee rs 2,500.",en,LOAN_SCAM,True,MEDIUM,scam,manual,2.0.0-alpha,,,,
LOAN_SCAM_0020,"Bajaj Finserv: Your pre-approved loan of Rs 5,00,000 is ready. Pay Rs 3,000 documentation fee to disburse.","bajaj finserv: your pre-approved loan of rs 5,00,000 is ready. pay rs 3,000 documentation fee to disburse.",en,LOAN_SCAM,True,MEDIUM,scam,manual,2.0.0-alpha,,,,
LOAN_SCAM_0021,"Home loan at 2% interest rate! Government subsidy available. Register with Rs 5,000 processing fee. Limited offer.","home loan at 2% interest rate! government subsidy available. register with rs 5,000 processing fee. limited offer.",en,LOAN_SCAM,True,MEDIUM,scam,manual,2.0.0-alpha,,,,
LOAN_SCAM_0022,"Student loan for abroad studies. 100% approval. No collateral. Pay Rs 2,000 application fee to proceed.","student loan for abroad studies. 100% approval. no collateral. pay rs 2,000 application fee to proceed.",en,LOAN_SCAM,True,MEDIUM,scam,manual,2.0.0-alpha,,,,
LOAN_SCAM_0023,Business loan Rs 50 lakhs in 24 hours. CIBIL not required. Processing fee 1% of loan amount. Contact now.,business loan rs 50 lakhs in 24 hours. cibil not required. processing fee 1% of loan amount. contact now.,en,LOAN_SCAM,True,MEDIUM,scam,manual,2.0.0-alpha,,,,
LOTTERY_SCAM_0001,"Congratulations! Your mobile number has won Rs 35,00,000 in KBC Season 15 Lucky Draw. To claim your prize, contact our KBC manager: +91-9876543210 (WhatsApp only)","congratulations! your mobile number has won rs 35,00,000 in kbc season 15 lucky draw. to claim your prize, contact our kbc manager: +91-9876543210 (whatsapp only)",en,LOTTERY_SCAM,True,MEDIUM,scam,ncpc,2.0.0-alpha,,,,
LOTTERY_SCAM_0002,"DEAR WINNER: Your number has been selected in WhatsApp 15th Anniversary Lottery. Prize: Rs 40 Lakh. Pay Rs 1,850 processing fee to release your winnings.","dear winner: your number has been selected in whatsapp 15th anniversary lottery. prize: rs 40 lakh. pay rs 1,850 processing fee to release your winnings.",en,LOTTERY_SCAM,True,MEDIUM,scam,ncpc,2.0.0-alpha,,,,
LOTTERY_SCAM_0003,"Congratulation Dear Customer You Have Win The Prize 25,00,000 By KBC Department Please Collect Your Prize Urgently By Follow The Company Rules and Regulations.","congratulation dear customer you have win the prize 25,00,000 by kbc department please collect your prize urgently by follow the company rules and regulations.",en,LOTTERY_SCAM,True,MEDIUM,scam,pib,2.0.0-alpha,,,,
LOTTERY_SCAM_0004,"You have won Rs 25,000 in the BSNL lucky draw. Claim before midnight.","you have won rs 25,000 in the bsnl lucky draw. claim before midnight.",en,LOTTERY_SCAM,True,MEDIUM,scam,ncpc,2.0.0-alpha,,,,
LOTTERY_SCAM_0005,Congratulations! You have won Rs 10 lakh in our lucky draw.,congratulations! you have won rs 10 lakh in our lucky draw.,en,LOTTERY_SCAM,True,MEDIUM,scam,ncpc,2.0.0-alpha,,,,
LOTTERY_SCAM_0006,"CONGRATULATIONS! You won Rs 25,00,000 in KBC Lucky Draw. Call 1800-123-4567 to claim.","congratulations! you won rs 25,00,000 in kbc lucky draw. call 1800-123-4567 to claim.",en,LOTTERY_SCAM,True,MEDIUM,scam,manual,2.0.0-alpha,,,,
LOTTERY_SCAM_0007,Amazon Mega Draw! You won a brand new iPhone 15. Contact: claim@amazon-promo.tk,amazon mega draw! you won a brand new iphone 15. contact: claim@amazon-promo.tk,en,LOTTERY_SCAM,True,MEDIUM,scam,manual,2.0.0-alpha,,,,
LOTTERY_SCAM_0008,"KBC winner 2025! Your cheque of Rs 15,00,000 is ready. Processing fee Rs 2500 required. Call now!","kbc winner 2025! your cheque of rs 15,00,000 is ready. processing fee rs 2500 required. call now!",en,LOTTERY_SCAM,True,MEDIUM,scam,manual,2.0.0-alpha,,,,
LOTTERY_SCAM_0009,"Flipkart Big Billion Draw! You won Rs 50,000. Pay processing fee Rs 199 to claim: http://flipkart-winner.xyz","flipkart big billion draw! you won rs 50,000. pay processing fee rs 199 to claim: http://flipkart-winner.xyz",en,LOTTERY_SCAM,True,MEDIUM,scam,manual,2.0.0-alpha,,,,
LOTTERY_SCAM_0010,You have been selected for Rs 1 crore lottery by reliance. Call 1900-123-456 to claim immediately!,you have been selected for rs 1 crore lottery by reliance. call 1900-123-456 to claim immediately!,en,LOTTERY_SCAM,True,MEDIUM,scam,manual,2.0.0-alpha,,,,
LOTTERY_SCAM_0011,Congratulations! Nikeil message la neenga lottery winner aaga irukinga! Rs 10 lakhs claim panniko!,congratulations! nikeil message la neenga lottery winner aaga irukinga! rs 10 lakhs claim panniko!,en,LOTTERY_SCAM,True,MEDIUM,scam,manual,2.0.0-alpha,,,,
LOTTERY_SCAM_0012,"HDFC Bank: Your transaction won a lucky draw of Rs 50,000! Contact http://hdfc-draw.tk","hdfc bank: your transaction won a lucky draw of rs 50,000! contact http://hdfc-draw.tk",en,LOTTERY_SCAM,True,MEDIUM,scam,manual,2.0.0-alpha,,,,
LOTTERY_SCAM_0013,"Your phone number won a lottery of Rs 75,000. This is an international lottery. Claim: http://uk-lottery.ml","your phone number won a lottery of rs 75,000. this is an international lottery. claim: http://uk-lottery.ml",en,LOTTERY_SCAM,True,MEDIUM,scam,manual,2.0.0-alpha,,,,
LOTTERY_SCAM_0014,Tata Group: You won Rs 5 lakhs in our customer appreciation draw. Contact tata-promo@outlook.com,tata group: you won rs 5 lakhs in our customer appreciation draw. contact tata-promo@outlook.com,en,LOTTERY_SCAM,True,MEDIUM,scam,manual,2.0.0-alpha,,,,
LOTTERY_SCAM_0015,"Prize money Rs 10,00,000 unclaimed! Last day today. Call 090-1234-5678 immediately!","prize money rs 10,00,000 unclaimed! last day today. call 090-1234-5678 immediately!",en,LOTTERY_SCAM,True,MEDIUM,scam,manual,2.0.0-alpha,,,,
LOTTERY_SCAM_0016,"Big Bazaar Lucky Draw! Neenga winner! Rs 25,000 gift voucher. http://bigbazaar-offer.ga","big bazaar lucky draw! neenga winner! rs 25,000 gift voucher. http://bigbazaar-offer.ga",en,LOTTERY_SCAM,True,MEDIUM,scam,manual,2.0.0-alpha,,,,
LOTTERY_SCAM_0017,"Congratulations! Your email has won a cash prize of £500,000 from UK National Lottery. Contact our agent.","congratulations! your email has won a cash prize of £500,000 from uk national lottery. contact our agent.",en,LOTTERY_SCAM,True,MEDIUM,scam,manual,2.0.0-alpha,,,,
LOTTERY_SCAM_0018,Win a free iPhone! Click the link and participate. http://survey-free.tk,win a free iphone! click the link and participate. http://survey-free.tk,en,LOTTERY_SCAM,True,MEDIUM,scam,manual,2.0.0-alpha,,,,
LOTTERY_SCAM_0019,Neraya lucky draw! Unga phone number winner aagirukku! Rs 5000 cash prize. Call pannunga now!,neraya lucky draw! unga phone number winner aagirukku! rs 5000 cash prize. call pannunga now!,ta-en,LOTTERY_SCAM,True,MEDIUM,scam,manual,2.0.0-alpha,,,,
LOTTERY_SCAM_0020,"Congratulations! You won Rs 25,00,000 in KBC Lottery. Claim your prize by paying Rs 5,000 processing fee.","congratulations! you won rs 25,00,000 in kbc lottery. claim your prize by paying rs 5,000 processing fee.",en,LOTTERY_SCAM,True,MEDIUM,scam,manual,2.0.0-alpha,,,,
LOTTERY_SCAM_0021,You won an iPhone 16 Pro! Claim your prize at https://apple-lucky-winner.xyz. Pay Rs 999 for shipping.,you won an iphone 16 pro! claim your prize at https://apple-lucky-winner.xyz. pay rs 999 for shipping.,en,LOTTERY_SCAM,True,MEDIUM,scam,manual,2.0.0-alpha,,,,
LOTTERY_SCAM_0022,"Google Lucky Draw: You won Rs 15,00,000. Contact Mr Sharma at 9876543210 with registration fee Rs 8,000.","google lucky draw: you won rs 15,00,000. contact mr sharma at 9876543210 with registration fee rs 8,000.",en,LOTTERY_SCAM,True,MEDIUM,scam,manual,2.0.0-alpha,,,,
LOTTERY_SCAM_0023,"Amazon Great Indian Sale winner! You won Rs 5,00,000 shopping voucher. Tax processing fee Rs 3,500 required.","amazon great indian sale winner! you won rs 5,00,000 shopping voucher. tax processing fee rs 3,500 required.",en,LOTTERY_SCAM,True,MEDIUM,scam,manual,2.0.0-alpha,,,,
LOTTERY_SCAM_0024,Reliance Jio: You won free recharge for lifetime. Pay Rs 499 registration fee to activate the offer.,reliance jio: you won free recharge for lifetime. pay rs 499 registration fee to activate the offer.,en,LOTTERY_SCAM,True,MEDIUM,scam,manual,2.0.0-alpha,,,,
LOTTERY_SCAM_0025,"Air India: You won 2 free international tickets worth Rs 2,00,000. Processing fee Rs 4,900. Limited period offer.","air india: you won 2 free international tickets worth rs 2,00,000. processing fee rs 4,900. limited period offer.",en,LOTTERY_SCAM,True,MEDIUM,scam,manual,2.0.0-alpha,,,,
LOTTERY_SCAM_0026,"Tata Motors customer reward: You won a brand new Nexon! Contact us with registration fee of Rs 12,000.","tata motors customer reward: you won a brand new nexon! contact us with registration fee of rs 12,000.",en,LOTTERY_SCAM,True,MEDIUM,scam,manual,2.0.0-alpha,,,,
LOTTERY_SCAM_0027,"Parker Pen lucky draw: You won Rs 50,00,000. Deposit Rs 10,000 as processing fee to release your winnings.","parker pen lucky draw: you won rs 50,00,000. deposit rs 10,000 as processing fee to release your winnings.",en,LOTTERY_SCAM,True,MEDIUM,scam,manual,2.0.0-alpha,,,,
PAN_SCAM_0001,Your PAN card has been used in illegal transactions. Call Income Tax Dept immediately or face arrest.,your pan card has been used in illegal transactions. call income tax dept immediately or face arrest.,en,PAN_SCAM,True,HIGH,scam,cert_in,2.0.0-alpha,,,,
PAN_SCAM_0002,Your PAN card will be deactivated due to non-linking with Aadhaar. Click here to link now: http://pan-aadhaar-link.xyz,your pan card will be deactivated due to non-linking with aadhaar. click here to link now: http://pan-aadhaar-link.xyz,en,PAN_SCAM,True,HIGH,scam,cert_in,2.0.0-alpha,,,,
QR_SCAM_0001,Scan this QR code to receive your refund payment. Amount will be credited immediately.,scan this qr code to receive your refund payment. amount will be credited immediately.,en,QR_SCAM,True,HIGH,scam,npci,2.0.0-alpha,,,,
QR_SCAM_0002,Scan QR code below to pay and claim your prize money. Limited time offer.,scan qr code below to pay and claim your prize money. limited time offer.,en,QR_SCAM,True,HIGH,scam,ncpc,2.0.0-alpha,,,,
QR_SCAM_0003,Customer care QR code payment. Scan to pay the processing fee and unlock your account.,customer care qr code payment. scan to pay the processing fee and unlock your account.,en,QR_SCAM,True,HIGH,scam,ncpc,2.0.0-alpha,,,,
QR_SCAM_0004,Scan this QR code to claim your Rs 5000 Paytm cashback! http://paytm-qr.tk,scan this qr code to claim your rs 5000 paytm cashback! http://paytm-qr.tk,en,QR_SCAM,True,HIGH,scam,manual,2.0.0-alpha,,,,
QR_SCAM_0005,"QR code scan panni Rs 10,000 gift voucher vangikunga! http://gift-qr.xyz","qr code scan panni rs 10,000 gift voucher vangikunga! http://gift-qr.xyz",en,QR_SCAM,True,HIGH,scam,manual,2.0.0-alpha,,,,
QR_SCAM_0006,Electricity bill pay panna QR code scan pannunga. 50% discount! http://bill-qr.top,electricity bill pay panna qr code scan pannunga. 50% discount! http://bill-qr.top,ta-en,QR_SCAM,True,HIGH,scam,manual,2.0.0-alpha,,,,
QR_SCAM_0007,Free recharging! Scan QR and get Rs 200 free mobile recharge. Limited offer: http://free-recharge.tk,free recharging! scan qr and get rs 200 free mobile recharge. limited offer: http://free-recharge.tk,en,QR_SCAM,True,HIGH,scam,manual,2.0.0-alpha,,,,
QR_SCAM_0008,Google Pay QR code scanner! Scan any QR and earn rewards. Download: http://gpay-qr.ml,google pay qr code scanner! scan any qr and earn rewards. download: http://gpay-qr.ml,en,QR_SCAM,True,HIGH,scam,manual,2.0.0-alpha,,,,
QR_SCAM_0009,Your parcel delivery needs QR payment of Rs 500 for customs. Scan: http://delivery-qr.tk,your parcel delivery needs qr payment of rs 500 for customs. scan: http://delivery-qr.tk,en,QR_SCAM,True,HIGH,scam,manual,2.0.0-alpha,,,,
QR_SCAM_0010,QR code scanner app download panni 2000rs daily earn pannunga! http://earn-qr.tk,qr code scanner app download panni 2000rs daily earn pannunga! http://earn-qr.tk,ta-en,QR_SCAM,True,HIGH,scam,manual,2.0.0-alpha,,,,
QR_SCAM_0011,Zomato: Scan this QR code for 80% discount on your next order! https://zomato-offer.ga,zomato: scan this qr code for 80% discount on your next order! https://zomato-offer.ga,en,QR_SCAM,True,HIGH,scam,manual,2.0.0-alpha,,,,
ROMANCE_SCAM_0001,"Hi beautiful, I am US Army captain in Syria. I need your help to transfer $2 million. Please help me with visa fee.","hi beautiful, i am us army captain in syria. i need your help to transfer $2 million. please help me with visa fee.",en,ROMANCE_SCAM,True,HIGH,scam,ncpc,2.0.0-alpha,,,,
ROMANCE_SCAM_0002,I am a British oil engineer on offshore rig. I have fallen in love with you. Send me money for my visa to meet you.,i am a british oil engineer on offshore rig. i have fallen in love with you. send me money for my visa to meet you.,en,ROMANCE_SCAM,True,HIGH,scam,ncpc,2.0.0-alpha,,,,
ROMANCE_SCAM_0003,"Hello dear. I am Maria from Russia. I want to marry you. Please send Rs 50,000 for my flight ticket to India.","hello dear. i am maria from russia. i want to marry you. please send rs 50,000 for my flight ticket to india.",en,ROMANCE_SCAM,True,HIGH,scam,ncpc,2.0.0-alpha,,,,
ROMANCE_SCAM_0004,I am a UN doctor working in Congo. I received a gold shipment worth $5 million. Help me transfer it for 30% share.,i am a un doctor working in congo. i received a gold shipment worth $5 million. help me transfer it for 30% share.,en,ROMANCE_SCAM,True,HIGH,scam,ncpc,2.0.0-alpha,,,,
ROMANCE_SCAM_0005,"Sweetheart, I am a US soldier in Afghanistan. My leave has been denied. Pay $2,500 for my emergency leave approval.","sweetheart, i am a us soldier in afghanistan. my leave has been denied. pay $2,500 for my emergency leave approval.",en,ROMANCE_SCAM,True,HIGH,scam,ncpc,2.0.0-alpha,,,,
ROMANCE_SCAM_0006,I am a wealthy widow from UK. I need a trustworthy person to inherit my $10 million fortune. Share your bank details.,i am a wealthy widow from uk. i need a trustworthy person to inherit my $10 million fortune. share your bank details.,en,ROMANCE_SCAM,True,HIGH,scam,ncpc,2.0.0-alpha,,,,
ROMANCE_SCAM_0007,"Hi beautiful, I am US Army captain in Syria. I need your help to transfer $2 million.","hi beautiful, i am us army captain in syria. i need your help to transfer $2 million.",en,ROMANCE_SCAM,True,HIGH,scam,manual,2.0.0-alpha,,,,
TELECOM_SCAM_0001,"Dear Customer, Your SIM KYC has been suspended by Telecom Regulatory Authority of India. Your SIM card will be blocked within 24 hours. Call Immediately.","dear customer, your sim kyc has been suspended by telecom regulatory authority of india. your sim card will be blocked within 24 hours. call immediately.",en,TELECOM_SCAM,True,HIGH,scam,cert_in,2.0.0-alpha,,,,
TELECOM_SCAM_0002,Your number will be disconnected today!,your number will be disconnected today!,en,TELECOM_SCAM,True,HIGH,scam,cert_in,2.0.0-alpha,,,,
TELECOM_SCAM_0003,"Dear customer, your Aadhaar-linked mobile number has been deactivated.","dear customer, your aadhaar-linked mobile number has been deactivated.",en,TELECOM_SCAM,True,HIGH,scam,cert_in,2.0.0-alpha,,,,
TELECOM_SCAM_0004,Suspicious login detected. Verify now or your UPI will be blocked.,suspicious login detected. verify now or your upi will be blocked.,en,TELECOM_SCAM,True,HIGH,scam,ncpc,2.0.0-alpha,,,,
TELECOM_SCAM_0005,Alert: 15000 withdrawn from your account. OTP 321654 required to reverse transaction.,alert: 15000 withdrawn from your account. otp 321654 required to reverse transaction.,en,TELECOM_SCAM,True,HIGH,scam,manual,2.0.0-alpha,,,,
TELECOM_SCAM_0006,Your social media account reported for fraud. OTP: 673421. Send to 9988776655 to verify identity.,your social media account reported for fraud. otp: 673421. send to 9988776655 to verify identity.,en,TELECOM_SCAM,True,HIGH,scam,manual,2.0.0-alpha,,,,
TELECOM_SCAM_0007,Your Aadhaar OTP is 284761. Do NOT share this OTP with anyone. KYC update required.,your aadhaar otp is 284761. do not share this otp with anyone. kyc update required.,en,TELECOM_SCAM,True,HIGH,scam,manual,2.0.0-alpha,,,,
TELECOM_SCAM_0008,SBI: Your OTP for transaction is 729384. Forward this OTP to 9222222222 for verification.,sbi: your otp for transaction is 729384. forward this otp to 9222222222 for verification.,en,TELECOM_SCAM,True,HIGH,scam,manual,2.0.0-alpha,,,,
TELECOM_SCAM_0009,Aadhaar OTP: 516273. Share this OTP with our executive to complete KYC or your Aadhaar will be deactivated.,aadhaar otp: 516273. share this otp with our executive to complete kyc or your aadhaar will be deactivated.,en,TELECOM_SCAM,True,HIGH,scam,manual,2.0.0-alpha,,,,
TELECOM_SCAM_0010,Your Google verification code is 382917. Do not share. But forward to your friend for referral bonus.,your google verification code is 382917. do not share. but forward to your friend for referral bonus.,en,TELECOM_SCAM,True,HIGH,scam,manual,2.0.0-alpha,,,,
TELECOM_SCAM_0011,OTP for PAN-Aadhaar linking is 462819. Send this OTP to 1800-XXX-XXXX immediately for link completion.,otp for pan-aadhaar linking is 462819. send this otp to 1800-xxx-xxxx immediately for link completion.,en,TELECOM_SCAM,True,HIGH,scam,manual,2.0.0-alpha,,,,
TELECOM_SCAM_0012,IRCTC: Your booking OTP is 719283. WhatsApp this OTP to 9876543210 for ticket confirmation.,irctc: your booking otp is 719283. whatsapp this otp to 9876543210 for ticket confirmation.,en,TELECOM_SCAM,True,HIGH,scam,manual,2.0.0-alpha,,,,
TELECOM_SCAM_0013,Netflix: Your OTP is 638192. Share with our support agent for account recovery. Do not ignore.,netflix: your otp is 638192. share with our support agent for account recovery. do not ignore.,en,TELECOM_SCAM,True,HIGH,scam,manual,2.0.0-alpha,,,,
TELECOM_SCAM_0014,Facebook: Your login code is 482716. Forward this code to our verification bot on WhatsApp.,facebook: your login code is 482716. forward this code to our verification bot on whatsapp.,en,TELECOM_SCAM,True,HIGH,scam,manual,2.0.0-alpha,,,,
TELECOM_SCAM_0015,Your one-time password for Paytm wallet is 927364. Never share with anyone except our customer support.,your one-time password for paytm wallet is 927364. never share with anyone except our customer support.,en,TELECOM_SCAM,True,HIGH,scam,manual,2.0.0-alpha,,,,
UPI_FRAUD_0001,URGENT: Your UPI ID linked to Aadhaar has been suspended. Click to re-verify now or your account access will be revoked permanently: upi-kyc-verify.in/update,urgent: your upi id linked to aadhaar has been suspended. click to re-verify now or your account access will be revoked permanently: upi-kyc-verify.in/update,en,UPI_FRAUD,True,CRITICAL,scam,cert_in,2.0.0-alpha,,,,
UPI_FRAUD_0002,"Congratulations! You have won Rs 4,999 cashback. Click now to claim reward and complete UPI verification.","congratulations! you have won rs 4,999 cashback. click now to claim reward and complete upi verification.",en,UPI_FRAUD,True,CRITICAL,scam,npci,2.0.0-alpha,,,,
UPI_FRAUD_0003,"Refund pending. To receive your refund, approve the collect request sent to your UPI app immediately.","refund pending. to receive your refund, approve the collect request sent to your upi app immediately.",en,UPI_FRAUD,True,CRITICAL,scam,npci,2.0.0-alpha,,,,
UPI_FRAUD_0004,NPCI Support: Your UPI service will be suspended today. Verify your details now to avoid deactivation.,npci support: your upi service will be suspended today. verify your details now to avoid deactivation.,en,UPI_FRAUD,True,CRITICAL,scam,npci,2.0.0-alpha,,,,
UPI_FRAUD_0005,Customer care has sent a request to complete your refund. Please accept the collect request to receive money.,customer care has sent a request to complete your refund. please accept the collect request to receive money.,en,UPI_FRAUD,True,CRITICAL,scam,npci,2.0.0-alpha,,,,
UPI_FRAUD_0006,Your UPI account KYC is pending. Complete verification now or your account will be blocked within 24 hours.,your upi account kyc is pending. complete verification now or your account will be blocked within 24 hours.,en,UPI_FRAUD,True,CRITICAL,scam,npci,2.0.0-alpha,,,,
UPI_FRAUD_0007,"Hi! I accidentally sent Rs 5,000 to your number via UPI. Please accept the request I just sent, I need the refund urgently","hi! i accidentally sent rs 5,000 to your number via upi. please accept the request i just sent, i need the refund urgently",en,UPI_FRAUD,True,CRITICAL,scam,npci,2.0.0-alpha,,,,
UPI_FRAUD_0008,Your refund of Rs 799 is about to expire! Accept the UPI request within 1 minute!,your refund of rs 799 is about to expire! accept the upi request within 1 minute!,en,UPI_FRAUD,True,CRITICAL,scam,npci,2.0.0-alpha,,,,
UPI_FRAUD_0009,"You have won a cashback of Rs 1,000! Accept to claim.","you have won a cashback of rs 1,000! accept to claim.",en,UPI_FRAUD,True,CRITICAL,scam,npci,2.0.0-alpha,,,,
UPI_FRAUD_0010,Your GPay account has been credited Rs 4500. Claim now: http://gpay-cashback.tk,your gpay account has been credited rs 4500. claim now: http://gpay-cashback.tk,en,UPI_FRAUD,True,CRITICAL,scam,manual,2.0.0-alpha,,,,
UPI_FRAUD_0011,PhonePe: You won Rs 10000 cashback! Click to redeem: https://phonepe-winner.top,phonepe: you won rs 10000 cashback! click to redeem: https://phonepe-winner.top,en,UPI_FRAUD,True,CRITICAL,scam,manual,2.0.0-alpha,,,,
UPI_FRAUD_0012,Your Paytm wallet has been blocked. Update KYC: https://paytm-verify.xyz,your paytm wallet has been blocked. update kyc: https://paytm-verify.xyz,en,UPI_FRAUD,True,CRITICAL,scam,manual,2.0.0-alpha,,,,
UPI_FRAUD_0013,Neraya cashback! Rs 5000 credit pannirukkom. Claim panniko: http://tiny.cc/cashback,neraya cashback! rs 5000 credit pannirukkom. claim panniko: http://tiny.cc/cashback,en,UPI_FRAUD,True,CRITICAL,scam,manual,2.0.0-alpha,,,,
UPI_FRAUD_0014,UPI reference number UTR32984739. Payment of Rs 7200 received. Check now: http://payment-confirm.ml,upi reference number utr32984739. payment of rs 7200 received. check now: http://payment-confirm.ml,en,UPI_FRAUD,True,CRITICAL,scam,manual,2.0.0-alpha,,,,
UPI_FRAUD_0015,Your BHIM UPI pin is expiring. Update now: https://bhim-upi.tk,your bhim upi pin is expiring. update now: https://bhim-upi.tk,en,UPI_FRAUD,True,CRITICAL,scam,manual,2.0.0-alpha,,,,
UPI_FRAUD_0016,Google Pay: Unusual login detected from Pune. Secure your account: http://gpay-secure.xyz,google pay: unusual login detected from pune. secure your account: http://gpay-secure.xyz,en,UPI_FRAUD,True,CRITICAL,scam,manual,2.0.0-alpha,,,,
UPI_FRAUD_0017,PhonePe transaction failed! Refund available. Process: http://refund-phonepe.tk,phonepe transaction failed! refund available. process: http://refund-phonepe.tk,en,UPI_FRAUD,True,CRITICAL,scam,manual,2.0.0-alpha,,,,
UPI_FRAUD_0018,Your UPI account has been credited Rs 9999. Click to check balance: https://reward-claim.ga,your upi account has been credited rs 9999. click to check balance: https://reward-claim.ga,en,UPI_FRAUD,True,CRITICAL,scam,manual,2.0.0-alpha,,,,
UPI_FRAUD_0019,Paytm cashback offer! Rs 2500 unclaimed. http://paytm-offer.top,paytm cashback offer! rs 2500 unclaimed. http://paytm-offer.top,en,UPI_FRAUD,True,CRITICAL,scam,manual,2.0.0-alpha,,,,
UPI_FRAUD_0020,Amazon Pay: You have been selected for Rs 5000 gift card. Claim: https://amazon-gift.tk,amazon pay: you have been selected for rs 5000 gift card. claim: https://amazon-gift.tk,en,UPI_FRAUD,True,CRITICAL,scam,manual,2.0.0-alpha,,,,
UPI_FRAUD_0021,GPay la Rs 8000 credit aagirukku. Ippa linka click panni claim pannungo: https://gpay-cash.tk,gpay la rs 8000 credit aagirukku. ippa linka click panni claim pannungo: https://gpay-cash.tk,ta-en,UPI_FRAUD,True,CRITICAL,scam,manual,2.0.0-alpha,,,,
UPI_FRAUD_0022,PhonePe account upgrade pannikunga. Unlimited cashback offer! http://phonepe-upgrade.top,phonepe account upgrade pannikunga. unlimited cashback offer! http://phonepe-upgrade.top,en,UPI_FRAUD,True,CRITICAL,scam,manual,2.0.0-alpha,,,,
UPI_FRAUD_0023,Alert: Rs 15000 withdrawn from your Paytm wallet. Dispute: http://paytm-dispute.tk,alert: rs 15000 withdrawn from your paytm wallet. dispute: http://paytm-dispute.tk,en,UPI_FRAUD,True,CRITICAL,scam,manual,2.0.0-alpha,,,,
UPI_FRAUD_0024,Your Google Pay daily limit has been increased to Rs 50000. Verify: https://gpay-limit.tk,your google pay daily limit has been increased to rs 50000. verify: https://gpay-limit.tk,en,UPI_FRAUD,True,CRITICAL,scam,manual,2.0.0-alpha,,,,
UPI_FRAUD_0025,Your UPI PIN has been reset. Click here to set new PIN: http://bit.ly/fake-upi,your upi pin has been reset. click here to set new pin: http://bit.ly/fake-upi,en,UPI_FRAUD,True,CRITICAL,scam,manual,2.0.0-alpha,,,,
UPI_FRAUD_0026,GPay: Your UPI ID has been compromised. Verify immediately: https://gpay-verify.xyz,gpay: your upi id has been compromised. verify immediately: https://gpay-verify.xyz,en,UPI_FRAUD,True,CRITICAL,scam,manual,2.0.0-alpha,,,,
UPI_FRAUD_0027,"PhonePe: Rs 12,500 sent to Ramesh Kumar. UPI ref UPIRef1234. Not you? Block here: http://bit.ly/phonepe-block","phonepe: rs 12,500 sent to ramesh kumar. upi ref upiref1234. not you? block here: http://bit.ly/phonepe-block",en,UPI_FRAUD,True,CRITICAL,scam,manual,2.0.0-alpha,,,,
UPI_FRAUD_0028,Paytm UPI: Your account is limited. Complete KYC to restore unlimited payments. https://paytm-kyc.tk,paytm upi: your account is limited. complete kyc to restore unlimited payments. https://paytm-kyc.tk,en,UPI_FRAUD,True,CRITICAL,scam,manual,2.0.0-alpha,,,,
UPI_FRAUD_0029,"BHIM UPI: You received Rs 2,000. Claim by entering your UPI PIN at https://bhim-reward.com/claim","bhim upi: you received rs 2,000. claim by entering your upi pin at https://bhim-reward.com/claim",en,UPI_FRAUD,True,CRITICAL,scam,manual,2.0.0-alpha,,,,
UPI_FRAUD_0030,"Google Pay: Your UPI collect request of Rs 8,500 is pending. Approve now or your account will be debited automatically.","google pay: your upi collect request of rs 8,500 is pending. approve now or your account will be debited automatically.",en,UPI_FRAUD,True,CRITICAL,scam,manual,2.0.0-alpha,,,,
UPI_FRAUD_0031,"Amazon Pay UPI: Congratulations! You won Rs 10,000 cashback. Claim at https://amazon-pay-reward.xyz","amazon pay upi: congratulations! you won rs 10,000 cashback. claim at https://amazon-pay-reward.xyz",en,UPI_FRAUD,True,CRITICAL,scam,manual,2.0.0-alpha,,,,
UPI_FRAUD_0032,"UPI Alert: Your UPI linked mobile number is being changed. If not you, stop here: http://bit.ly/upi-stop","upi alert: your upi linked mobile number is being changed. if not you, stop here: http://bit.ly/upi-stop",en,UPI_FRAUD,True,CRITICAL,scam,manual,2.0.0-alpha,,,,
UPI_FRAUD_0033,"Your UPI transaction of Rs 22,500 failed. Refund available. Click: https://refund-upi.com/process","your upi transaction of rs 22,500 failed. refund available. click: https://refund-upi.com/process",en,UPI_FRAUD,True,CRITICAL,scam,manual,2.0.0-alpha,,,,
UPI_FRAUD_0034,PhonePe: Your daily limit has been increased. Activate new limit by sharing OTP 728491 with our executive.,phonepe: your daily limit has been increased. activate new limit by sharing otp 728491 with our executive.,en,UPI_FRAUD,True,CRITICAL,scam,manual,2.0.0-alpha,,,,
UPI_FRAUD_0035,"Your UPI transaction of ₹15,999 to Flipkart is pending. Click here to complete: http://bit.ly/xyz","your upi transaction of ₹15,999 to flipkart is pending. click here to complete: http://bit.ly/xyz",en,UPI_FRAUD,True,CRITICAL,scam,known_corpus,2.0.0-alpha,,,,
UPI_FRAUD_0036,Your Google Pay balance is expiring! Update KYC now: http://tinyurl.com/fakegpay,your google pay balance is expiring! update kyc now: http://tinyurl.com/fakegpay,en,UPI_FRAUD,True,CRITICAL,scam,known_corpus,2.0.0-alpha,,,,
UPI_FRAUD_0037,UPI PIN expired. Reset immediately to avoid account block: http://bit.ly/fakeupi,upi pin expired. reset immediately to avoid account block: http://bit.ly/fakeupi,en,UPI_FRAUD,True,CRITICAL,scam,known_corpus,2.0.0-alpha,,,,
UPI_FRAUD_0038,"Dear Customer, your PhonePe account has been limited. Verify now: http://phonepay-kyc.in","dear customer, your phonepe account has been limited. verify now: http://phonepay-kyc.in",en,UPI_FRAUD,True,CRITICAL,scam,known_corpus,2.0.0-alpha,,,,
UPI_FRAUD_0039,BHIM UPI: Your account will be deactivated. Update Aadhaar: http://bhim-update.in,bhim upi: your account will be deactivated. update aadhaar: http://bhim-update.in,en,UPI_FRAUD,True,CRITICAL,scam,known_corpus,2.0.0-alpha,,,,
UPI_FRAUD_0040,"₹49,500 credited by mistake. Return via UPI: 9876543210@paytm. Don't share with bank.","₹49,500 credited by mistake. return via upi: 9876543210@paytm. don't share with bank.",en,UPI_FRAUD,True,CRITICAL,scam,known_corpus,2.0.0-alpha,,,,
UPI_FRAUD_0041,"Your Amazon UPI payment of ₹34,999 failed. Retry: http://amzn-upi-pay.in","your amazon upi payment of ₹34,999 failed. retry: http://amzn-upi-pay.in",en,UPI_FRAUD,True,CRITICAL,scam,known_corpus,2.0.0-alpha,,,,
UPI_FRAUD_0042,"Paytm UPI: You won ₹10,000 cashback! Claim: http://paytm-winner.in","paytm upi: you won ₹10,000 cashback! claim: http://paytm-winner.in",en,UPI_FRAUD,True,CRITICAL,scam,known_corpus,2.0.0-alpha,,,,
UPI_FRAUD_0043,Google Pay: Your QR code scanner has a security issue. Update now: http://gpay-secure.in,google pay: your qr code scanner has a security issue. update now: http://gpay-secure.in,en,UPI_FRAUD,True,CRITICAL,scam,known_corpus,2.0.0-alpha,,,,
UPI_FRAUD_0044,SBI UPI: Daily limit exceeded. Click to increase limit: http://sbi-upi-limit.com,sbi upi: daily limit exceeded. click to increase limit: http://sbi-upi-limit.com,en,UPI_FRAUD,True,CRITICAL,scam,known_corpus,2.0.0-alpha,,,,
UPI_FRAUD_0045,UPI reference number TXN2026123456789 failed. Re-initiate: http://bit.ly/3xyz,upi reference number txn2026123456789 failed. re-initiate: http://bit.ly/3xyz,en,UPI_FRAUD,True,CRITICAL,scam,known_corpus,2.0.0-alpha,,,,
UPI_FRAUD_0046,"Your UPI transaction of ₹8,500 is on hold. Call 1800-123-4567 immediately.","your upi transaction of ₹8,500 is on hold. call 1800-123-4567 immediately.",en,UPI_FRAUD,True,CRITICAL,scam,known_corpus,2.0.0-alpha,,,,
UPI_FRAUD_0047,PhonePe: Your account is used for suspicious activity. Freeze now: http://bit.ly/freeze,phonepe: your account is used for suspicious activity. freeze now: http://bit.ly/freeze,en,UPI_FRAUD,True,CRITICAL,scam,known_corpus,2.0.0-alpha,,,,
UPI_FRAUD_0048,Paytm Payments Bank: Update your UPI PIN to continue using services.,paytm payments bank: update your upi pin to continue using services.,en,UPI_FRAUD,True,CRITICAL,scam,known_corpus,2.0.0-alpha,,,,
UPI_FRAUD_0049,"Dear user, your UPI linked mobile number is going to be changed. If not you, block: http://bit.ly/blockupi","dear user, your upi linked mobile number is going to be changed. if not you, block: http://bit.ly/blockupi",en,UPI_FRAUD,True,CRITICAL,scam,known_corpus,2.0.0-alpha,,,,
AADHAAR_SCAM_0016,Your Aadhaar number has been found in dark web. Freeze your Aadhaar at https://uidai-freeze.tk,your aadhaar number has been found in dark web. freeze your aadhaar at https://uidai-freeze.tk,en,AADHAAR_SCAM,True,HIGH,scam,synthetic,2.0.0-beta,"{""urls"": [""https://uidai-freeze.tk""], ""phones"": [], ""upi_ids"": [], ""banks"": [], ""emails"": [], ""aadhaar"": [], ""pan"": []}",Synthetic sample for AADHAAR_SCAM expansion. Generated via pattern-based synthesis.,2026-07-30T09:28:45.540Z,2026-07-30T09:28:45.540Z
AADHAAR_SCAM_0017,Aadhaar update: Your biometrics expired. Re-submit at nearest centre or click https://uidai-update.in,aadhaar update: your biometrics expired. re-submit at nearest centre or click https://uidai-update.in,en,AADHAAR_SCAM,True,HIGH,scam,synthetic,2.0.0-beta,"{""urls"": [""https://uidai-update.in""], ""phones"": [], ""upi_ids"": [], ""banks"": [], ""emails"": [], ""aadhaar"": [], ""pan"": []}",Synthetic sample for AADHAAR_SCAM expansion. Generated via pattern-based synthesis.,2026-07-30T09:28:45.540Z,2026-07-30T09:28:45.540Z
AADHAAR_SCAM_0018,Your Aadhaar has been used to obtain 2 passport copies. Not you? File complaint immediately.,your aadhaar has been used to obtain 2 passport copies. not you? file complaint immediately.,en,AADHAAR_SCAM,True,CRITICAL,scam,synthetic,2.0.0-beta,"{""urls"": [], ""phones"": [], ""upi_ids"": [], ""banks"": [], ""emails"": [], ""aadhaar"": [], ""pan"": []}",Synthetic sample for AADHAAR_SCAM expansion. Generated via pattern-based synthesis.,2026-07-30T09:28:45.540Z,2026-07-30T09:28:45.540Z
AADHAAR_SCAM_0019,UIDAI: Your Aadhaar number appears in fraud database. Immediate verification required. Call 1800-300-1234.,uidai: your aadhaar number appears in fraud database. immediate verification required. call 1800-300-1234.,en,AADHAAR_SCAM,True,CRITICAL,scam,synthetic,2.0.0-beta,"{""urls"": [], ""phones"": [""1800-300-1234""], ""upi_ids"": [], ""banks"": [], ""emails"": [], ""aadhaar"": [], ""pan"": []}",Synthetic sample for AADHAAR_SCAM expansion. Generated via pattern-based synthesis.,2026-07-30T09:28:45.540Z,2026-07-30T09:28:45.540Z
AADHAAR_SCAM_0020,"Aadhaar OTP: 891234 for mobile number change request. If not you, call 1947 immediately.","aadhaar otp: 891234 for mobile number change request. if not you, call 1947 immediately.",en,AADHAAR_SCAM,True,HIGH,scam,synthetic,2.0.0-beta,"{""urls"": [], ""phones"": [], ""upi_ids"": [], ""banks"": [], ""emails"": [], ""aadhaar"": [], ""pan"": []}",Synthetic sample for AADHAAR_SCAM expansion. Generated via pattern-based synthesis.,2026-07-30T09:28:45.540Z,2026-07-30T09:28:45.540Z
AADHAAR_SCAM_0021,Your Aadhaar is being used for fake voter ID registration in Gujarat. Report immediately.,your aadhaar is being used for fake voter id registration in gujarat. report immediately.,en,AADHAAR_SCAM,True,CRITICAL,scam,synthetic,2.0.0-beta,"{""urls"": [], ""phones"": [], ""upi_ids"": [], ""banks"": [], ""emails"": [], ""aadhaar"": [], ""pan"": []}",Synthetic sample for AADHAAR_SCAM expansion. Generated via pattern-based synthesis.,2026-07-30T09:28:45.540Z,2026-07-30T09:28:45.540Z
AADHAAR_SCAM_0022,Aadhaar seeding with bank failed. Your account may be frozen. Re-link Aadhaar at https://bank-aadhaar-link.xyz,aadhaar seeding with bank failed. your account may be frozen. re-link aadhaar at https://bank-aadhaar-link.xyz,en,AADHAAR_SCAM,True,HIGH,scam,synthetic,2.0.0-beta,"{""urls"": [""https://bank-aadhaar-link.xyz""], ""phones"": [], ""upi_ids"": [], ""banks"": [], ""emails"": [], ""aadhaar"": [], ""pan"": []}",Synthetic sample for AADHAAR_SCAM expansion. Generated via pattern-based synthesis.,2026-07-30T09:28:45.541Z,2026-07-30T09:28:45.541Z
AADHAAR_SCAM_0023,Your Aadhaar details incomplete. Upload documents at https://uidai-docs.xyz within 7 days.,your aadhaar details incomplete. upload documents at https://uidai-docs.xyz within 7 days.,en,AADHAAR_SCAM,True,HIGH,scam,synthetic,2.0.0-beta,"{""urls"": [""https://uidai-docs.xyz""], ""phones"": [], ""upi_ids"": [], ""banks"": [], ""emails"": [], ""aadhaar"": [], ""pan"": []}",Synthetic sample for AADHAAR_SCAM expansion. Generated via pattern-based synthesis.,2026-07-30T09:28:45.541Z,2026-07-30T09:28:45.541Z
AADHAAR_SCAM_0024,Aadhaar-based OTP: 637829 for SIM replacement request. Share if you requested. Ignore if not.,aadhaar-based otp: 637829 for sim replacement request. share if you requested. ignore if not.,en,AADHAAR_SCAM,True,MEDIUM,scam,synthetic,2.0.0-beta,"{""urls"": [], ""phones"": [], ""upi_ids"": [], ""banks"": [], ""emails"": [], ""aadhaar"": [], ""pan"": []}",Synthetic sample for AADHAAR_SCAM expansion. Generated via pattern-based synthesis.,2026-07-30T09:28:45.541Z,2026-07-30T09:28:45.541Z
AADHAAR_SCAM_0025,UIDAI: Your Aadhaar PVC card is ready for dispatch. Pay Rs 50 shipping at https://uidai-pvc.xyz,uidai: your aadhaar pvc card is ready for dispatch. pay rs 50 shipping at https://uidai-pvc.xyz,en,AADHAAR_SCAM,True,MEDIUM,scam,synthetic,2.0.0-beta,"{""urls"": [""https://uidai-pvc.xyz""], ""phones"": [], ""upi_ids"": [], ""banks"": [], ""emails"": [], ""aadhaar"": [], ""pan"": []}",Synthetic sample for AADHAAR_SCAM expansion. Generated via pattern-based synthesis.,2026-07-30T09:28:45.541Z,2026-07-30T09:28:45.541Z
CRYPTO_SCAM_0008,New crypto token launching! 1000x guaranteed returns. Presale price Rs 1 per token. Invest now: https://cryptomoon.tk,new crypto token launching! 1000x guaranteed returns. presale price rs 1 per token. invest now: https://cryptomoon.tk,en,CRYPTO_SCAM,True,HIGH,scam,synthetic,2.0.0-beta,"{""urls"": [""https://cryptomoon.tk""], ""phones"": [], ""upi_ids"": [], ""banks"": [], ""emails"": [], ""aadhaar"": [], ""pan"": []}",Synthetic sample for CRYPTO_SCAM expansion. Generated via pattern-based synthesis.,2026-07-30T09:28:45.542Z,2026-07-30T09:28:45.542Z
CRYPTO_SCAM_0009,Ethereum 2.0 staking pool! Get 25% APY. Minimum stake 0.5 ETH. Join our whitelist: https://eth-staking.xyz,ethereum 2.0 staking pool! get 25% apy. minimum stake 0.5 eth. join our whitelist: https://eth-staking.xyz,en,CRYPTO_SCAM,True,HIGH,scam,synthetic,2.0.0-beta,"{""urls"": [""https://eth-staking.xyz""], ""phones"": [], ""upi_ids"": [], ""banks"": [], ""emails"": [], ""aadhaar"": [], ""pan"": []}",Synthetic sample for CRYPTO_SCAM expansion. Generated via pattern-based synthesis.,2026-07-30T09:28:45.542Z,2026-07-30T09:28:45.542Z
CRYPTO_SCAM_0010,"Bitcoin arbitrage bot! Earn 3% daily profit. Fully automated. Setup fee Rs 5,000 only. WhatsApp group link in bio.","bitcoin arbitrage bot! earn 3% daily profit. fully automated. setup fee rs 5,000 only. whatsapp group link in bio.",en,CRYPTO_SCAM,True,HIGH,scam,synthetic,2.0.0-beta,"{""urls"": [], ""phones"": [], ""upi_ids"": [], ""banks"": [], ""emails"": [], ""aadhaar"": [], ""pan"": []}",Synthetic sample for CRYPTO_SCAM expansion. Generated via pattern-based synthesis.,2026-07-30T09:28:45.542Z,2026-07-30T09:28:45.542Z
CRYPTO_SCAM_0011,Meme coin presale! Shiba Inu rival launching tomorrow. 10000x potential. Buy now at discount.,meme coin presale! shiba inu rival launching tomorrow. 10000x potential. buy now at discount.,en,CRYPTO_SCAM,True,HIGH,scam,synthetic,2.0.0-beta,"{""urls"": [], ""phones"": [], ""upi_ids"": [], ""banks"": [], ""emails"": [], ""aadhaar"": [], ""pan"": []}",Synthetic sample for CRYPTO_SCAM expansion. Generated via pattern-based synthesis.,2026-07-30T09:28:45.542Z,2026-07-30T09:28:45.542Z
CRYPTO_SCAM_0012,"Crypto mining cloud contract! Mine Bitcoin with us. 2 TH/s for Rs 15,000. Daily payouts guaranteed.","crypto mining cloud contract! mine bitcoin with us. 2 th/s for rs 15,000. daily payouts guaranteed.",en,CRYPTO_SCAM,True,HIGH,scam,synthetic,2.0.0-beta,"{""urls"": [], ""phones"": [], ""upi_ids"": [], ""banks"": [], ""emails"": [], ""aadhaar"": [], ""pan"": []}",Synthetic sample for CRYPTO_SCAM expansion. Generated via pattern-based synthesis.,2026-07-30T09:28:45.542Z,2026-07-30T09:28:45.542Z
CRYPTO_SCAM_0013,DeFi yield farming! 500% APR on USDT deposits. Smart contract audited. Invest now: http://defi-farm.tk,defi yield farming! 500% apr on usdt deposits. smart contract audited. invest now: http://defi-farm.tk,en,CRYPTO_SCAM,True,HIGH,scam,synthetic,2.0.0-beta,"{""urls"": [""http://defi-farm.tk""], ""phones"": [], ""upi_ids"": [], ""banks"": [], ""emails"": [], ""aadhaar"": [], ""pan"": []}",Synthetic sample for CRYPTO_SCAM expansion. Generated via pattern-based synthesis.,2026-07-30T09:28:45.542Z,2026-07-30T09:28:45.542Z
CRYPTO_SCAM_0014,NFT minting event! Exclusive Indian artist collection. Floor price 0.1 ETH. Mint at https://nft-india.xyz,nft minting event! exclusive indian artist collection. floor price 0.1 eth. mint at https://nft-india.xyz,en,CRYPTO_SCAM,True,MEDIUM,scam,synthetic,2.0.0-beta,"{""urls"": [""https://nft-india.xyz""], ""phones"": [], ""upi_ids"": [], ""banks"": [], ""emails"": [], ""aadhaar"": [], ""pan"": []}",Synthetic sample for CRYPTO_SCAM expansion. Generated via pattern-based synthesis.,2026-07-30T09:28:45.542Z,2026-07-30T09:28:45.542Z
CRYPTO_SCAM_0015,"Crypto signal group! 92% win rate. 7-day free trial then Rs 2,999/month. Guaranteed profits.","crypto signal group! 92% win rate. 7-day free trial then rs 2,999/month. guaranteed profits.",en,CRYPTO_SCAM,True,HIGH,scam,synthetic,2.0.0-beta,"{""urls"": [], ""phones"": [], ""upi_ids"": [], ""banks"": [], ""emails"": [], ""aadhaar"": [], ""pan"": []}",Synthetic sample for CRYPTO_SCAM expansion. Generated via pattern-based synthesis.,2026-07-30T09:28:45.542Z,2026-07-30T09:28:45.542Z
CRYPTO_SCAM_0016,Bitcoin loan! Get instant loan against your BTC at 2% interest. No KYC. https://cryptoloan.in,bitcoin loan! get instant loan against your btc at 2% interest. no kyc. https://cryptoloan.in,en,CRYPTO_SCAM,True,MEDIUM,scam,synthetic,2.0.0-beta,"{""urls"": [""https://cryptoloan.in""], ""phones"": [], ""upi_ids"": [], ""banks"": [], ""emails"": [], ""aadhaar"": [], ""pan"": []}",Synthetic sample for CRYPTO_SCAM expansion. Generated via pattern-based synthesis.,2026-07-30T09:28:45.542Z,2026-07-30T09:28:45.542Z
CRYPTO_SCAM_0017,Web3 gaming token presale! Play-to-earn game launching. Buy tokens now at 50% discount.,web3 gaming token presale! play-to-earn game launching. buy tokens now at 50% discount.,en,CRYPTO_SCAM,True,HIGH,scam,synthetic,2.0.0-beta,"{""urls"": [], ""phones"": [], ""upi_ids"": [], ""banks"": [], ""emails"": [], ""aadhaar"": [], ""pan"": []}",Synthetic sample for CRYPTO_SCAM expansion. Generated via pattern-based synthesis.,2026-07-30T09:28:45.542Z,2026-07-30T09:28:45.542Z
CRYPTO_SCAM_0018,"Crypto airdrop! Free tokens worth Rs 25,000 for early adopters. Connect wallet: http://airdrop-claim.xyz","crypto airdrop! free tokens worth rs 25,000 for early adopters. connect wallet: http://airdrop-claim.xyz",en,CRYPTO_SCAM,True,HIGH,scam,synthetic,2.0.0-beta,"{""urls"": [""http://airdrop-claim.xyz""], ""phones"": [], ""upi_ids"": [], ""banks"": [], ""emails"": [], ""aadhaar"": [], ""pan"": []}",Synthetic sample for CRYPTO_SCAM expansion. Generated via pattern-based synthesis.,2026-07-30T09:28:45.543Z,2026-07-30T09:28:45.543Z
CRYPTO_SCAM_0019,Solana memecoin launch! Get in early before exchange listing. Price expected to 100x in 30 days.,solana memecoin launch! get in early before exchange listing. price expected to 100x in 30 days.,en,CRYPTO_SCAM,True,HIGH,scam,synthetic,2.0.0-beta,"{""urls"": [], ""phones"": [], ""upi_ids"": [], ""banks"": [], ""emails"": [], ""aadhaar"": [], ""pan"": []}",Synthetic sample for CRYPTO_SCAM expansion. Generated via pattern-based synthesis.,2026-07-30T09:28:45.543Z,2026-07-30T09:28:45.543Z
CRYPTO_SCAM_0020,"Crypto trading course! Learn from experts. Earn Rs 1 lakh per month. Course fee Rs 9,999. Limited seats.","crypto trading course! learn from experts. earn rs 1 lakh per month. course fee rs 9,999. limited seats.",en,CRYPTO_SCAM,True,MEDIUM,scam,synthetic,2.0.0-beta,"{""urls"": [], ""phones"": [], ""upi_ids"": [], ""banks"": [], ""emails"": [], ""aadhaar"": [], ""pan"": []}",Synthetic sample for CRYPTO_SCAM expansion. Generated via pattern-based synthesis.,2026-07-30T09:28:45.543Z,2026-07-30T09:28:45.543Z
CRYPTO_SCAM_0021,Bitcoin recovery service! We recover lost BTC from hacked wallets. 30% success fee. DM now.,bitcoin recovery service! we recover lost btc from hacked wallets. 30% success fee. dm now.,en,CRYPTO_SCAM,True,MEDIUM,scam,synthetic,2.0.0-beta,"{""urls"": [], ""phones"": [], ""upi_ids"": [], ""banks"": [], ""emails"": [], ""aadhaar"": [], ""pan"": []}",Synthetic sample for CRYPTO_SCAM expansion. Generated via pattern-based synthesis.,2026-07-30T09:28:45.543Z,2026-07-30T09:28:45.543Z
CRYPTO_SCAM_0022,"Crypto index fund! Diversified portfolio of top 20 coins. Minimum investment Rs 10,000. 3x leverage available.","crypto index fund! diversified portfolio of top 20 coins. minimum investment rs 10,000. 3x leverage available.",en,CRYPTO_SCAM,True,HIGH,scam,synthetic,2.0.0-beta,"{""urls"": [], ""phones"": [], ""upi_ids"": [], ""banks"": [], ""emails"": [], ""aadhaar"": [], ""pan"": []}",Synthetic sample for CRYPTO_SCAM expansion. Generated via pattern-based synthesis.,2026-07-30T09:28:45.543Z,2026-07-30T09:28:45.543Z
CRYPTO_SCAM_0023,AI crypto trading bot! Machine learning algorithm. 90% accuracy. Download at https://ai-crypto-bot.tk,ai crypto trading bot! machine learning algorithm. 90% accuracy. download at https://ai-crypto-bot.tk,en,CRYPTO_SCAM,True,HIGH,scam,synthetic,2.0.0-beta,"{""urls"": [""https://ai-crypto-bot.tk""], ""phones"": [], ""upi_ids"": [], ""banks"": [], ""emails"": [], ""aadhaar"": [], ""pan"": []}",Synthetic sample for CRYPTO_SCAM expansion. Generated via pattern-based synthesis.,2026-07-30T09:28:45.543Z,2026-07-30T09:28:45.543Z
CRYPTO_SCAM_0024,P2P crypto exchange platform! Zero fees for first 1000 users. Register at https://peer-crypto.xyz,p2p crypto exchange platform! zero fees for first 1000 users. register at https://peer-crypto.xyz,en,CRYPTO_SCAM,True,MEDIUM,scam,synthetic,2.0.0-beta,"{""urls"": [""https://peer-crypto.xyz""], ""phones"": [], ""upi_ids"": [], ""banks"": [], ""emails"": [], ""aadhaar"": [], ""pan"": []}",Synthetic sample for CRYPTO_SCAM expansion. Generated via pattern-based synthesis.,2026-07-30T09:28:45.543Z,2026-07-30T09:28:45.543Z
CRYPTO_SCAM_0025,"Crypto debit card! Spend Bitcoin anywhere. No KYC, instant activation. Get card at https://cryptocard.in","crypto debit card! spend bitcoin anywhere. no kyc, instant activation. get card at https://cryptocard.in",en,CRYPTO_SCAM,True,MEDIUM,scam,synthetic,2.0.0-beta,"{""urls"": [""https://cryptocard.in""], ""phones"": [], ""upi_ids"": [], ""banks"": [], ""emails"": [], ""aadhaar"": [], ""pan"": []}",Synthetic sample for CRYPTO_SCAM expansion. Generated via pattern-based synthesis.,2026-07-30T09:28:45.543Z,2026-07-30T09:28:45.543Z
DIGITAL_ARREST_0006,CBI has issued a lookout notice against you. Your Aadhaar used in child trafficking case. Report via video call immediately.,cbi has issued a lookout notice against you. your aadhaar used in child trafficking case. report via video call immediately.,en,DIGITAL_ARREST,True,CRITICAL,scam,synthetic,2.0.0-beta,"{""urls"": [], ""phones"": [], ""upi_ids"": [], ""banks"": [], ""emails"": [], ""aadhaar"": [], ""pan"": []}",Synthetic sample for DIGITAL_ARREST expansion. Generated via pattern-based synthesis.,2026-07-30T09:28:45.544Z,2026-07-30T09:28:45.544Z
DIGITAL_ARREST_0007,Delhi Police Cyber Cell: Your Aadhaar linked to international drug trafficking. Digital arrest warrant issued. Connect now.,delhi police cyber cell: your aadhaar linked to international drug trafficking. digital arrest warrant issued. connect now.,en,DIGITAL_ARREST,True,CRITICAL,scam,synthetic,2.0.0-beta,"{""urls"": [], ""phones"": [], ""upi_ids"": [], ""banks"": [], ""emails"": [], ""aadhaar"": [], ""pan"": []}",Synthetic sample for DIGITAL_ARREST expansion. Generated via pattern-based synthesis.,2026-07-30T09:28:45.544Z,2026-07-30T09:28:45.544Z
DIGITAL_ARREST_0008,Enforcement Directorate: FEMA violation of Rs 3.2 crore detected under your PAN. Digital custody ordered. Video call mandatory.,enforcement directorate: fema violation of rs 3.2 crore detected under your pan. digital custody ordered. video call mandatory.,en,DIGITAL_ARREST,True,CRITICAL,scam,synthetic,2.0.0-beta,"{""urls"": [], ""phones"": [], ""upi_ids"": [], ""banks"": [], ""emails"": [], ""aadhaar"": [], ""pan"": []}",Synthetic sample for DIGITAL_ARREST expansion. Generated via pattern-based synthesis.,2026-07-30T09:28:45.544Z,2026-07-30T09:28:45.544Z
DIGITAL_ARREST_0009,RBI Cyber Fraud Division: Your account used to launder money. Stay on video call until verification complete. Do not disconnect.,rbi cyber fraud division: your account used to launder money. stay on video call until verification complete. do not disconnect.,en,DIGITAL_ARREST,True,CRITICAL,scam,synthetic,2.0.0-beta,"{""urls"": [], ""phones"": [], ""upi_ids"": [], ""banks"": [], ""emails"": [], ""aadhaar"": [], ""pan"": []}",Synthetic sample for DIGITAL_ARREST expansion. Generated via pattern-based synthesis.,2026-07-30T09:28:45.544Z,2026-07-30T09:28:45.544Z
DIGITAL_ARREST_0010,Supreme Court notice: Your name in Panama Papers probe. Digital house arrest ordered. Connect with investigating officer.,supreme court notice: your name in panama papers probe. digital house arrest ordered. connect with investigating officer.,en,DIGITAL_ARREST,True,CRITICAL,scam,synthetic,2.0.0-beta,"{""urls"": [], ""phones"": [], ""upi_ids"": [], ""banks"": [], ""emails"": [], ""aadhaar"": [], ""pan"": []}",Synthetic sample for DIGITAL_ARREST expansion. Generated via pattern-based synthesis.,2026-07-30T09:28:45.544Z,2026-07-30T09:28:45.544Z
DIGITAL_ARREST_0011,Mumbai Crime Branch: Your SIM used in kidnapping ransom call. Report immediately via video conference for narco analysis.,mumbai crime branch: your sim used in kidnapping ransom call. report immediately via video conference for narco analysis.,en,DIGITAL_ARREST,True,CRITICAL,scam,synthetic,2.0.0-beta,"{""urls"": [], ""phones"": [], ""upi_ids"": [], ""banks"": [], ""emails"": [], ""aadhaar"": [], ""pan"": []}",Synthetic sample for DIGITAL_ARREST expansion. Generated via pattern-based synthesis.,2026-07-30T09:28:45.544Z,2026-07-30T09:28:45.544Z
DIGITAL_ARREST_0012,NIA: Your Aadhaar number found at terrorist hideout. Digital arrest until proven innocent. Stay online for interrogation.,nia: your aadhaar number found at terrorist hideout. digital arrest until proven innocent. stay online for interrogation.,en,DIGITAL_ARREST,True,CRITICAL,scam,synthetic,2.0.0-beta,"{""urls"": [], ""phones"": [], ""upi_ids"": [], ""banks"": [], ""emails"": [], ""aadhaar"": [], ""pan"": []}",Synthetic sample for DIGITAL_ARREST expansion. Generated via pattern-based synthesis.,2026-07-30T09:28:45.544Z,2026-07-30T09:28:45.544Z
DIGITAL_ARREST_0013,Income Tax Department: Rs 5 crore undisclosed income linked to your PAN. Digital attachment of assets initiated.,income tax department: rs 5 crore undisclosed income linked to your pan. digital attachment of assets initiated.,en,DIGITAL_ARREST,True,CRITICAL,scam,synthetic,2.0.0-beta,"{""urls"": [], ""phones"": [], ""upi_ids"": [], ""banks"": [], ""emails"": [], ""aadhaar"": [], ""pan"": []}",Synthetic sample for DIGITAL_ARREST expansion. Generated via pattern-based synthesis.,2026-07-30T09:28:45.545Z,2026-07-30T09:28:45.545Z
DIGITAL_ARREST_0014,CBI Cyber Crime: Your IP address used for hacking bank servers. Digital arrest warrant executed. Do not leave home.,cbi cyber crime: your ip address used for hacking bank servers. digital arrest warrant executed. do not leave home.,en,DIGITAL_ARREST,True,CRITICAL,scam,synthetic,2.0.0-beta,"{""urls"": [], ""phones"": [], ""upi_ids"": [], ""banks"": [], ""emails"": [], ""aadhaar"": [], ""pan"": []}",Synthetic sample for DIGITAL_ARREST expansion. Generated via pattern-based synthesis.,2026-07-30T09:28:45.545Z,2026-07-30T09:28:45.545Z
DIGITAL_ARREST_0015,ED: Your bank locker found with unaccounted cash. Digital arrest under PMLA. Video conference with magistrate ordered.,ed: your bank locker found with unaccounted cash. digital arrest under pmla. video conference with magistrate ordered.,en,DIGITAL_ARREST,True,CRITICAL,scam,synthetic,2.0.0-beta,"{""urls"": [], ""phones"": [], ""upi_ids"": [], ""banks"": [], ""emails"": [], ""aadhaar"": [], ""pan"": []}",Synthetic sample for DIGITAL_ARREST expansion. Generated via pattern-based synthesis.,2026-07-30T09:28:45.545Z,2026-07-30T09:28:45.545Z
DIGITAL_ARREST_0016,Interpol notice: Your passport linked to international fraud syndicate. Digital detention ordered by court.,interpol notice: your passport linked to international fraud syndicate. digital detention ordered by court.,en,DIGITAL_ARREST,True,CRITICAL,scam,synthetic,2.0.0-beta,"{""urls"": [], ""phones"": [], ""upi_ids"": [], ""banks"": [], ""emails"": [], ""aadhaar"": [], ""pan"": []}",Synthetic sample for DIGITAL_ARREST expansion. Generated via pattern-based synthesis.,2026-07-30T09:28:45.545Z,2026-07-30T09:28:45.545Z
DIGITAL_ARREST_0017,RBI: 57 transactions from your account flagged under FEMA. Digital arrest until full financial disclosure.,rbi: 57 transactions from your account flagged under fema. digital arrest until full financial disclosure.,en,DIGITAL_ARREST,True,CRITICAL,scam,synthetic,2.0.0-beta,"{""urls"": [], ""phones"": [], ""upi_ids"": [], ""banks"": [], ""emails"": [], ""aadhaar"": [], ""pan"": []}",Synthetic sample for DIGITAL_ARREST expansion. Generated via pattern-based synthesis.,2026-07-30T09:28:45.545Z,2026-07-30T09:28:45.545Z
DIGITAL_ARREST_0018,Cyberabad Police: Your mobile number used in Rs 15 crore online fraud. Digital arrest. Report immediately.,cyberabad police: your mobile number used in rs 15 crore online fraud. digital arrest. report immediately.,en,DIGITAL_ARREST,True,CRITICAL,scam,synthetic,2.0.0-beta,"{""urls"": [], ""phones"": [], ""upi_ids"": [], ""banks"": [], ""emails"": [], ""aadhaar"": [], ""pan"": []}",Synthetic sample for DIGITAL_ARREST expansion. Generated via pattern-based synthesis.,2026-07-30T09:28:45.545Z,2026-07-30T09:28:45.545Z
DIGITAL_ARREST_0019,NCB: Courier containing 2 kg drugs booked in your name. Non-bailable warrant issued. Video arrest in progress.,ncb: courier containing 2 kg drugs booked in your name. non-bailable warrant issued. video arrest in progress.,en,DIGITAL_ARREST,True,CRITICAL,scam,synthetic,2.0.0-beta,"{""urls"": [], ""phones"": [], ""upi_ids"": [], ""banks"": [], ""emails"": [], ""aadhaar"": [], ""pan"": []}",Synthetic sample for DIGITAL_ARREST expansion. Generated via pattern-based synthesis.,2026-07-30T09:28:45.545Z,2026-07-30T09:28:45.545Z
DIGITAL_ARREST_0020,DRI: Customs evasion of Rs 85 lakh linked to your imported goods. Digital seizure warrant executed.,dri: customs evasion of rs 85 lakh linked to your imported goods. digital seizure warrant executed.,en,DIGITAL_ARREST,True,CRITICAL,scam,synthetic,2.0.0-beta,"{""urls"": [], ""phones"": [], ""upi_ids"": [], ""banks"": [], ""emails"": [], ""aadhaar"": [], ""pan"": []}",Synthetic sample for DIGITAL_ARREST expansion. Generated via pattern-based synthesis.,2026-07-30T09:28:45.545Z,2026-07-30T09:28:45.545Z
DIGITAL_ARREST_0021,SEBI: Insider trading case registered against you. Digital arrest for market manipulation investigation.,sebi: insider trading case registered against you. digital arrest for market manipulation investigation.,en,DIGITAL_ARREST,True,CRITICAL,scam,synthetic,2.0.0-beta,"{""urls"": [], ""phones"": [], ""upi_ids"": [], ""banks"": [], ""emails"": [], ""aadhaar"": [], ""pan"": []}",Synthetic sample for DIGITAL_ARREST expansion. Generated via pattern-based synthesis.,2026-07-30T09:28:45.545Z,2026-07-30T09:28:45.545Z
DIGITAL_ARREST_0022,Karnataka Police: Your Aadhaar used to open fake companies. Digital arrest under Companies Act. Video call now.,karnataka police: your aadhaar used to open fake companies. digital arrest under companies act. video call now.,en,DIGITAL_ARREST,True,CRITICAL,scam,synthetic,2.0.0-beta,"{""urls"": [], ""phones"": [], ""upi_ids"": [], ""banks"": [], ""emails"": [], ""aadhaar"": [], ""pan"": []}",Synthetic sample for DIGITAL_ARREST expansion. Generated via pattern-based synthesis.,2026-07-30T09:28:45.545Z,2026-07-30T09:28:45.545Z
DIGITAL_ARREST_0023,CISF: Your baggage at airport contained prohibited items. Digital detention order. Connect for verification.,cisf: your baggage at airport contained prohibited items. digital detention order. connect for verification.,en,DIGITAL_ARREST,True,CRITICAL,scam,synthetic,2.0.0-beta,"{""urls"": [], ""phones"": [], ""upi_ids"": [], ""banks"": [], ""emails"": [], ""aadhaar"": [], ""pan"": []}",Synthetic sample for DIGITAL_ARREST expansion. Generated via pattern-based synthesis.,2026-07-30T09:28:45.545Z,2026-07-30T09:28:45.545Z
DIGITAL_ARREST_0024,Narcotics Bureau: Parcel from Myanmar in your name seized. Digital arrest. Immediate video interrogation.,narcotics bureau: parcel from myanmar in your name seized. digital arrest. immediate video interrogation.,en,DIGITAL_ARREST,True,CRITICAL,scam,synthetic,2.0.0-beta,"{""urls"": [], ""phones"": [], ""upi_ids"": [], ""banks"": [], ""emails"": [], ""aadhaar"": [], ""pan"": []}",Synthetic sample for DIGITAL_ARREST expansion. Generated via pattern-based synthesis.,2026-07-30T09:28:45.545Z,2026-07-30T09:28:45.545Z
DIGITAL_ARREST_0025,Bank fraud cell: Your employee used your account for fund diversion. Digital arrest. Company MD wants video meeting.,bank fraud cell: your employee used your account for fund diversion. digital arrest. company md wants video meeting.,en,DIGITAL_ARREST,True,CRITICAL,scam,synthetic,2.0.0-beta,"{""urls"": [], ""phones"": [], ""upi_ids"": [], ""banks"": [], ""emails"": [], ""aadhaar"": [], ""pan"": []}",Synthetic sample for DIGITAL_ARREST expansion. Generated via pattern-based synthesis.,2026-07-30T09:28:45.545Z,2026-07-30T09:28:45.545Z
DIGITAL_ARREST_0026,Telecom Regulatory: Your number used for phishing calls to UK numbers. Digital arrest under IT Act Section 66.,telecom regulatory: your number used for phishing calls to uk numbers. digital arrest under it act section 66.,en,DIGITAL_ARREST,True,CRITICAL,scam,synthetic,2.0.0-beta,"{""urls"": [], ""phones"": [], ""upi_ids"": [], ""banks"": [], ""emails"": [], ""aadhaar"": [], ""pan"": []}",Synthetic sample for DIGITAL_ARREST expansion. Generated via pattern-based synthesis.,2026-07-30T09:28:45.546Z,2026-07-30T09:28:45.546Z
DIGITAL_ARREST_0027,Serious Fraud Investigation Office: Your company involved in Rs 200 Cr scam. Digital arrest. Submit all records.,serious fraud investigation office: your company involved in rs 200 cr scam. digital arrest. submit all records.,en,DIGITAL_ARREST,True,CRITICAL,scam,synthetic,2.0.0-beta,"{""urls"": [], ""phones"": [], ""upi_ids"": [], ""banks"": [], ""emails"": [], ""aadhaar"": [], ""pan"": []}",Synthetic sample for DIGITAL_ARREST expansion. Generated via pattern-based synthesis.,2026-07-30T09:28:45.546Z,2026-07-30T09:28:45.546Z
DIGITAL_ARREST_0028,RAW: Your emails intercepted with anti-national content. Digital arrest. Join secure video line immediately.,raw: your emails intercepted with anti-national content. digital arrest. join secure video line immediately.,en,DIGITAL_ARREST,True,CRITICAL,scam,synthetic,2.0.0-beta,"{""urls"": [], ""phones"": [], ""upi_ids"": [], ""banks"": [], ""emails"": [], ""aadhaar"": [], ""pan"": []}",Synthetic sample for DIGITAL_ARREST expansion. Generated via pattern-based synthesis.,2026-07-30T09:28:45.546Z,2026-07-30T09:28:45.546Z
DIGITAL_ARREST_0029,Police Comissionerate: 3 FIRs registered against your Aadhaar. Digital arrest. Report online for document verification.,police comissionerate: 3 firs registered against your aadhaar. digital arrest. report online for document verification.,en,DIGITAL_ARREST,True,CRITICAL,scam,synthetic,2.0.0-beta,"{""urls"": [], ""phones"": [], ""upi_ids"": [], ""banks"": [], ""emails"": [], ""aadhaar"": [], ""pan"": []}",Synthetic sample for DIGITAL_ARREST expansion. Generated via pattern-based synthesis.,2026-07-30T09:28:45.546Z,2026-07-30T09:28:45.546Z
DIGITAL_ARREST_0030,Court summon: Your presence required in digital court for money laundering case. Failure = non-bailable warrant.,court summon: your presence required in digital court for money laundering case. failure = non-bailable warrant.,en,DIGITAL_ARREST,True,CRITICAL,scam,synthetic,2.0.0-beta,"{""urls"": [], ""phones"": [], ""upi_ids"": [], ""banks"": [], ""emails"": [], ""aadhaar"": [], ""pan"": []}",Synthetic sample for DIGITAL_ARREST expansion. Generated via pattern-based synthesis.,2026-07-30T09:28:45.546Z,2026-07-30T09:28:45.546Z
FAKE_CUSTOMER_CARE_0019,PhonePe support: Your fraud complaint received. Install AnyDesk for remote verification.,phonepe support: your fraud complaint received. install anydesk for remote verification.,en,FAKE_CUSTOMER_CARE,True,MEDIUM,scam,synthetic,2.0.0-beta,"{""urls"": [], ""phones"": [], ""upi_ids"": [], ""banks"": [], ""emails"": [], ""aadhaar"": [], ""pan"": []}",Synthetic sample for FAKE_CUSTOMER_CARE expansion. Generated via pattern-based synthesis.,2026-07-30T09:28:45.548Z,2026-07-30T09:28:45.548Z
FAKE_CUSTOMER_CARE_0020,SBI helpline: Unauthorized transaction detected. Share your debit card number and CVV to block.,sbi helpline: unauthorized transaction detected. share your debit card number and cvv to block.,en,FAKE_CUSTOMER_CARE,True,MEDIUM,scam,synthetic,2.0.0-beta,"{""urls"": [], ""phones"": [], ""upi_ids"": [], ""banks"": [""SBI""], ""emails"": [], ""aadhaar"": [], ""pan"": []}",Synthetic sample for FAKE_CUSTOMER_CARE expansion. Generated via pattern-based synthesis.,2026-07-30T09:28:45.548Z,2026-07-30T09:28:45.548Z
FAKE_CUSTOMER_CARE_0021,Amazon customer service: Your account has been compromised. Verify identity with OTP: 829173.,amazon customer service: your account has been compromised. verify identity with otp: 829173.,en,FAKE_CUSTOMER_CARE,True,MEDIUM,scam,synthetic,2.0.0-beta,"{""urls"": [], ""phones"": [], ""upi_ids"": [], ""banks"": [], ""emails"": [], ""aadhaar"": [], ""pan"": []}",Synthetic sample for FAKE_CUSTOMER_CARE expansion. Generated via pattern-based synthesis.,2026-07-30T09:28:45.548Z,2026-07-30T09:28:45.548Z
FAKE_CUSTOMER_CARE_0022,GPay support: Your KYC is incomplete. Click this link to complete: https://gpay-kyc.tk,gpay support: your kyc is incomplete. click this link to complete: https://gpay-kyc.tk,en,FAKE_CUSTOMER_CARE,True,MEDIUM,scam,synthetic,2.0.0-beta,"{""urls"": [""https://gpay-kyc.tk""], ""phones"": [], ""upi_ids"": [], ""banks"": [], ""emails"": [], ""aadhaar"": [], ""pan"": []}",Synthetic sample for FAKE_CUSTOMER_CARE expansion. Generated via pattern-based synthesis.,2026-07-30T09:28:45.548Z,2026-07-30T09:28:45.548Z
FAKE_CUSTOMER_CARE_0023,IRCTC helpdesk: Your booking failed. Refund requires bank verification. Call 1900-123-4567.,irctc helpdesk: your booking failed. refund requires bank verification. call 1900-123-4567.,en,FAKE_CUSTOMER_CARE,True,MEDIUM,scam,synthetic,2.0.0-beta,"{""urls"": [], ""phones"": [""1900-123-4567""], ""upi_ids"": [], ""banks"": [], ""emails"": [], ""aadhaar"": [], ""pan"": []}",Synthetic sample for FAKE_CUSTOMER_CARE expansion. Generated via pattern-based synthesis.,2026-07-30T09:28:45.548Z,2026-07-30T09:28:45.548Z
FAKE_CUSTOMER_CARE_0024,Paytm customer care: Your wallet is locked. Share UPI PIN to unlock immediately.,paytm customer care: your wallet is locked. share upi pin to unlock immediately.,en,FAKE_CUSTOMER_CARE,True,MEDIUM,scam,synthetic,2.0.0-beta,"{""urls"": [], ""phones"": [], ""upi_ids"": [], ""banks"": [], ""emails"": [], ""aadhaar"": [], ""pan"": []}",Synthetic sample for FAKE_CUSTOMER_CARE expansion. Generated via pattern-based synthesis.,2026-07-30T09:28:45.549Z,2026-07-30T09:28:45.549Z
FAKE_CUSTOMER_CARE_0025,HDFC Bank support: Your debit card blocked due to suspicious usage. Share OTP to issue new card.,hdfc bank support: your debit card blocked due to suspicious usage. share otp to issue new card.,en,FAKE_CUSTOMER_CARE,True,MEDIUM,scam,synthetic,2.0.0-beta,"{""urls"": [], ""phones"": [], ""upi_ids"": [], ""banks"": [""HDFC""], ""emails"": [], ""aadhaar"": [], ""pan"": []}",Synthetic sample for FAKE_CUSTOMER_CARE expansion. Generated via pattern-based synthesis.,2026-07-30T09:28:45.549Z,2026-07-30T09:28:45.549Z
INCOME_TAX_SCAM_0005,"Income Tax refund of Rs 37,500 is pending on your A/C. Click to verify bank details: https://itr-refund.tk","income tax refund of rs 37,500 is pending on your a/c. click to verify bank details: https://itr-refund.tk",en,INCOME_TAX_SCAM,True,CRITICAL,scam,synthetic,2.0.0-beta,"{""urls"": [""https://itr-refund.tk""], ""phones"": [], ""upi_ids"": [], ""banks"": [], ""emails"": [], ""aadhaar"": [], ""pan"": []}",Synthetic sample for INCOME_TAX_SCAM expansion. Generated via pattern-based synthesis.,2026-07-30T09:28:45.549Z,2026-07-30T09:28:45.549Z
INCOME_TAX_SCAM_0006,ITR filing issue: Your return for AY 2026-27 has discrepancies. Call 1800-258-3690 to resolve immediately.,itr filing issue: your return for ay 2026-27 has discrepancies. call 1800-258-3690 to resolve immediately.,en,INCOME_TAX_SCAM,True,CRITICAL,scam,synthetic,2.0.0-beta,"{""urls"": [], ""phones"": [""1800-258-3690""], ""upi_ids"": [], ""banks"": [], ""emails"": [], ""aadhaar"": [], ""pan"": []}",Synthetic sample for INCOME_TAX_SCAM expansion. Generated via pattern-based synthesis.,2026-07-30T09:28:45.550Z,2026-07-30T09:28:45.550Z
INCOME_TAX_SCAM_0007,Income Tax Dept: Tax evasion notice issued against you. Contact us within 7 days to avoid attachment of assets.,income tax dept: tax evasion notice issued against you. contact us within 7 days to avoid attachment of assets.,en,INCOME_TAX_SCAM,True,CRITICAL,scam,synthetic,2.0.0-beta,"{""urls"": [], ""phones"": [], ""upi_ids"": [], ""banks"": [], ""emails"": [], ""aadhaar"": [], ""pan"": []}",Synthetic sample for INCOME_TAX_SCAM expansion. Generated via pattern-based synthesis.,2026-07-30T09:28:45.550Z,2026-07-30T09:28:45.550Z
INCOME_TAX_SCAM_0008,"Your ITR has been processed and Rs 22,800 refund is ready. Enter bank details at https://refund-itr.com","your itr has been processed and rs 22,800 refund is ready. enter bank details at https://refund-itr.com",en,INCOME_TAX_SCAM,True,CRITICAL,scam,synthetic,2.0.0-beta,"{""urls"": [""https://refund-itr.com""], ""phones"": [], ""upi_ids"": [], ""banks"": [], ""emails"": [], ""aadhaar"": [], ""pan"": []}",Synthetic sample for INCOME_TAX_SCAM expansion. Generated via pattern-based synthesis.,2026-07-30T09:28:45.550Z,2026-07-30T09:28:45.550Z
INCOME_TAX_SCAM_0009,Tax notice under Section 148: Income escaping assessment. Your previous returns under scrutiny. Respond now.,tax notice under section 148: income escaping assessment. your previous returns under scrutiny. respond now.,en,INCOME_TAX_SCAM,True,CRITICAL,scam,synthetic,2.0.0-beta,"{""urls"": [], ""phones"": [], ""upi_ids"": [], ""banks"": [], ""emails"": [], ""aadhaar"": [], ""pan"": []}",Synthetic sample for INCOME_TAX_SCAM expansion. Generated via pattern-based synthesis.,2026-07-30T09:28:45.550Z,2026-07-30T09:28:45.550Z
INCOME_TAX_SCAM_0010,"CBDT: Your tax refund of Rs 1,25,000 is stopped due to Aadhaar-PAN mismatch. Update immediately.","cbdt: your tax refund of rs 1,25,000 is stopped due to aadhaar-pan mismatch. update immediately.",en,INCOME_TAX_SCAM,True,CRITICAL,scam,synthetic,2.0.0-beta,"{""urls"": [], ""phones"": [], ""upi_ids"": [], ""banks"": [], ""emails"": [], ""aadhaar"": [], ""pan"": []}",Synthetic sample for INCOME_TAX_SCAM expansion. Generated via pattern-based synthesis.,2026-07-30T09:28:45.550Z,2026-07-30T09:28:45.550Z
INCOME_TAX_SCAM_0011,"Income Tax refund of Rs 42,500 is waiting for you. Complete verification: http://itr-refund-verify.xyz","income tax refund of rs 42,500 is waiting for you. complete verification: http://itr-refund-verify.xyz",en,INCOME_TAX_SCAM,True,HIGH,scam,synthetic,2.0.0-beta,"{""urls"": [""http://itr-refund-verify.xyz""], ""phones"": [], ""upi_ids"": [], ""banks"": [], ""emails"": [], ""aadhaar"": [], ""pan"": []}",Synthetic sample for INCOME_TAX_SCAM expansion. Generated via pattern-based synthesis.,2026-07-30T09:28:45.550Z,2026-07-30T09:28:45.550Z
INCOME_TAX_SCAM_0012,Your salary TDS has been mismatched with Form 26AS. Rectify at https://incometax.gov.in/rectify within 15 days.,your salary tds has been mismatched with form 26as. rectify at https://incometax.gov.in/rectify within 15 days.,en,INCOME_TAX_SCAM,True,HIGH,scam,synthetic,2.0.0-beta,"{""urls"": [""https://incometax.gov.in/rectify""], ""phones"": [], ""upi_ids"": [], ""banks"": [], ""emails"": [], ""aadhaar"": [], ""pan"": []}",Synthetic sample for INCOME_TAX_SCAM expansion. Generated via pattern-based synthesis.,2026-07-30T09:28:45.550Z,2026-07-30T09:28:45.550Z
INCOME_TAX_SCAM_0013,IT Department: Your PAN has been used for tax evasion. Settlement opportunity: pay 50% penalty now.,it department: your pan has been used for tax evasion. settlement opportunity: pay 50% penalty now.,en,INCOME_TAX_SCAM,True,CRITICAL,scam,synthetic,2.0.0-beta,"{""urls"": [], ""phones"": [], ""upi_ids"": [], ""banks"": [], ""emails"": [], ""aadhaar"": [], ""pan"": []}",Synthetic sample for INCOME_TAX_SCAM expansion. Generated via pattern-based synthesis.,2026-07-30T09:28:45.550Z,2026-07-30T09:28:45.550Z
INCOME_TAX_SCAM_0014,"Rs 15,000 refund credited to wrong account due to incorrect IFSC. Update bank details to reverse.","rs 15,000 refund credited to wrong account due to incorrect ifsc. update bank details to reverse.",en,INCOME_TAX_SCAM,True,HIGH,scam,synthetic,2.0.0-beta,"{""urls"": [], ""phones"": [], ""upi_ids"": [], ""banks"": [], ""emails"": [], ""aadhaar"": [], ""pan"": []}",Synthetic sample for INCOME_TAX_SCAM expansion. Generated via pattern-based synthesis.,2026-07-30T09:28:45.550Z,2026-07-30T09:28:45.550Z
INCOME_TAX_SCAM_0015,Income Tax: Your case selected for special audit under Section 44AB. Submit documents by 15th.,income tax: your case selected for special audit under section 44ab. submit documents by 15th.,en,INCOME_TAX_SCAM,True,HIGH,scam,synthetic,2.0.0-beta,"{""urls"": [], ""phones"": [], ""upi_ids"": [], ""banks"": [], ""emails"": [], ""aadhaar"": [], ""pan"": []}",Synthetic sample for INCOME_TAX_SCAM expansion. Generated via pattern-based synthesis.,2026-07-30T09:28:45.550Z,2026-07-30T09:28:45.550Z
INCOME_TAX_SCAM_0016,"Taxpayer alert: Refund of Rs 63,420 is pending. Click http://refund-claim.tk to process within 24 hours.","taxpayer alert: refund of rs 63,420 is pending. click http://refund-claim.tk to process within 24 hours.",en,INCOME_TAX_SCAM,True,HIGH,scam,synthetic,2.0.0-beta,"{""urls"": [""http://refund-claim.tk""], ""phones"": [], ""upi_ids"": [], ""banks"": [], ""emails"": [], ""aadhaar"": [], ""pan"": []}",Synthetic sample for INCOME_TAX_SCAM expansion. Generated via pattern-based synthesis.,2026-07-30T09:28:45.550Z,2026-07-30T09:28:45.550Z
INCOME_TAX_SCAM_0017,Your ITR has been selected for random verification. Upload documents at https://itr-verify.xyz,your itr has been selected for random verification. upload documents at https://itr-verify.xyz,en,INCOME_TAX_SCAM,True,HIGH,scam,synthetic,2.0.0-beta,"{""urls"": [""https://itr-verify.xyz""], ""phones"": [], ""upi_ids"": [], ""banks"": [], ""emails"": [], ""aadhaar"": [], ""pan"": []}",Synthetic sample for INCOME_TAX_SCAM expansion. Generated via pattern-based synthesis.,2026-07-30T09:28:45.550Z,2026-07-30T09:28:45.550Z
INCOME_TAX_SCAM_0018,Income Tax notice: Discrepancy in capital gains reporting. File revised return to avoid penalty.,income tax notice: discrepancy in capital gains reporting. file revised return to avoid penalty.,en,INCOME_TAX_SCAM,True,CRITICAL,scam,synthetic,2.0.0-beta,"{""urls"": [], ""phones"": [], ""upi_ids"": [], ""banks"": [], ""emails"": [], ""aadhaar"": [], ""pan"": []}",Synthetic sample for INCOME_TAX_SCAM expansion. Generated via pattern-based synthesis.,2026-07-30T09:28:45.551Z,2026-07-30T09:28:45.551Z
INCOME_TAX_SCAM_0019,"Income Tax refund processing fee Rs 2,500 required to release your Rs 55,000 refund.","income tax refund processing fee rs 2,500 required to release your rs 55,000 refund.",en,INCOME_TAX_SCAM,True,HIGH,scam,synthetic,2.0.0-beta,"{""urls"": [], ""phones"": [], ""upi_ids"": [], ""banks"": [], ""emails"": [], ""aadhaar"": [], ""pan"": []}",Synthetic sample for INCOME_TAX_SCAM expansion. Generated via pattern-based synthesis.,2026-07-30T09:28:45.551Z,2026-07-30T09:28:45.551Z
INCOME_TAX_SCAM_0020,Your TDS refund is held due to bank verification failure. Click link to verify: https://tds-refund.in,your tds refund is held due to bank verification failure. click link to verify: https://tds-refund.in,en,INCOME_TAX_SCAM,True,HIGH,scam,synthetic,2.0.0-beta,"{""urls"": [""https://tds-refund.in""], ""phones"": [], ""upi_ids"": [], ""banks"": [], ""emails"": [], ""aadhaar"": [], ""pan"": []}",Synthetic sample for INCOME_TAX_SCAM expansion. Generated via pattern-based synthesis.,2026-07-30T09:28:45.551Z,2026-07-30T09:28:45.551Z
INCOME_TAX_SCAM_0021,"IT dept: Your tax liability assessment shows Rs 85,000 due. Pay immediately to avoid interest under Section 234B.","it dept: your tax liability assessment shows rs 85,000 due. pay immediately to avoid interest under section 234b.",en,INCOME_TAX_SCAM,True,CRITICAL,scam,synthetic,2.0.0-beta,"{""urls"": [], ""phones"": [], ""upi_ids"": [], ""banks"": [], ""emails"": [], ""aadhaar"": [], ""pan"": []}",Synthetic sample for INCOME_TAX_SCAM expansion. Generated via pattern-based synthesis.,2026-07-30T09:28:45.551Z,2026-07-30T09:28:45.551Z
INCOME_TAX_SCAM_0022,Form 16 mismatch detected. Your employer has not deposited TDS correctly. Contact us for resolution.,form 16 mismatch detected. your employer has not deposited tds correctly. contact us for resolution.,en,INCOME_TAX_SCAM,True,HIGH,scam,synthetic,2.0.0-beta,"{""urls"": [], ""phones"": [], ""upi_ids"": [], ""banks"": [], ""emails"": [], ""aadhaar"": [], ""pan"": []}",Synthetic sample for INCOME_TAX_SCAM expansion. Generated via pattern-based synthesis.,2026-07-30T09:28:45.551Z,2026-07-30T09:28:45.551Z
INCOME_TAX_SCAM_0023,"Income Tax refund: Congratulations! You are eligible for Rs 28,750 refund. Process at http://tax-refund.tk","income tax refund: congratulations! you are eligible for rs 28,750 refund. process at http://tax-refund.tk",en,INCOME_TAX_SCAM,True,HIGH,scam,synthetic,2.0.0-beta,"{""urls"": [""http://tax-refund.tk""], ""phones"": [], ""upi_ids"": [], ""banks"": [], ""emails"": [], ""aadhaar"": [], ""pan"": []}",Synthetic sample for INCOME_TAX_SCAM expansion. Generated via pattern-based synthesis.,2026-07-30T09:28:45.551Z,2026-07-30T09:28:45.551Z
INCOME_TAX_SCAM_0024,Scrutiny notice under Section 143(3): Your ITR has been selected for detailed examination.,scrutiny notice under section 143(3): your itr has been selected for detailed examination.,en,INCOME_TAX_SCAM,True,CRITICAL,scam,synthetic,2.0.0-beta,"{""urls"": [], ""phones"": [], ""upi_ids"": [], ""banks"": [], ""emails"": [], ""aadhaar"": [], ""pan"": []}",Synthetic sample for INCOME_TAX_SCAM expansion. Generated via pattern-based synthesis.,2026-07-30T09:28:45.551Z,2026-07-30T09:28:45.551Z
INCOME_TAX_SCAM_0025,"Rs 9,850 income tax refund is pending due to incorrect bank account. Update now.","rs 9,850 income tax refund is pending due to incorrect bank account. update now.",en,INCOME_TAX_SCAM,True,HIGH,scam,synthetic,2.0.0-beta,"{""urls"": [], ""phones"": [], ""upi_ids"": [], ""banks"": [], ""emails"": [], ""aadhaar"": [], ""pan"": []}",Synthetic sample for INCOME_TAX_SCAM expansion. Generated via pattern-based synthesis.,2026-07-30T09:28:45.551Z,2026-07-30T09:28:45.551Z
INVESTMENT_SCAM_0019,"IPO allotment guaranteed! We have SEBI insider connections. Minimum investment Rs 50,000. 200% returns.","ipo allotment guaranteed! we have sebi insider connections. minimum investment rs 50,000. 200% returns.",en,INVESTMENT_SCAM,True,HIGH,scam,synthetic,2.0.0-beta,"{""urls"": [], ""phones"": [], ""upi_ids"": [], ""banks"": [], ""emails"": [], ""aadhaar"": [], ""pan"": []}",Synthetic sample for INVESTMENT_SCAM expansion. Generated via pattern-based synthesis.,2026-07-30T09:28:45.552Z,2026-07-30T09:28:45.552Z
INVESTMENT_SCAM_0022,Tea garden investment! Own 1 acre of Assam tea estate. Rs 2 lakh only. 20% annual returns.,tea garden investment! own 1 acre of assam tea estate. rs 2 lakh only. 20% annual returns.,en,INVESTMENT_SCAM,True,MEDIUM,scam,synthetic,2.0.0-beta,"{""urls"": [], ""phones"": [], ""upi_ids"": [], ""banks"": [], ""emails"": [], ""aadhaar"": [], ""pan"": []}",Synthetic sample for INVESTMENT_SCAM expansion. Generated via pattern-based synthesis.,2026-07-30T09:28:45.552Z,2026-07-30T09:28:45.552Z
INVESTMENT_SCAM_0023,"Gold savings plan! Pay Rs 5,000/month for 12 months. Get 24 gram gold coin free at maturity.","gold savings plan! pay rs 5,000/month for 12 months. get 24 gram gold coin free at maturity.",en,INVESTMENT_SCAM,True,MEDIUM,scam,synthetic,2.0.0-beta,"{""urls"": [], ""phones"": [], ""upi_ids"": [], ""banks"": [], ""emails"": [], ""aadhaar"": [], ""pan"": []}",Synthetic sample for INVESTMENT_SCAM expansion. Generated via pattern-based synthesis.,2026-07-30T09:28:45.552Z,2026-07-30T09:28:45.552Z
INVESTMENT_SCAM_0024,Private equity fund! Early stage startup investments. Min Rs 1 lakh. Potential 50x returns.,private equity fund! early stage startup investments. min rs 1 lakh. potential 50x returns.,en,INVESTMENT_SCAM,True,HIGH,scam,synthetic,2.0.0-beta,"{""urls"": [], ""phones"": [], ""upi_ids"": [], ""banks"": [], ""emails"": [], ""aadhaar"": [], ""pan"": []}",Synthetic sample for INVESTMENT_SCAM expansion. Generated via pattern-based synthesis.,2026-07-30T09:28:45.552Z,2026-07-30T09:28:45.552Z
INVESTMENT_SCAM_0025,Warehouse receipt financing! 18% guaranteed returns. Backed by physical commodities. Safe investment.,warehouse receipt financing! 18% guaranteed returns. backed by physical commodities. safe investment.,en,INVESTMENT_SCAM,True,HIGH,scam,synthetic,2.0.0-beta,"{""urls"": [], ""phones"": [], ""upi_ids"": [], ""banks"": [], ""emails"": [], ""aadhaar"": [], ""pan"": []}",Synthetic sample for INVESTMENT_SCAM expansion. Generated via pattern-based synthesis.,2026-07-30T09:28:45.552Z,2026-07-30T09:28:45.552Z
INVESTMENT_SCAM_0026,Film production fund! Invest in upcoming Bollywood movie. 300% profit sharing. Limited slots.,film production fund! invest in upcoming bollywood movie. 300% profit sharing. limited slots.,en,INVESTMENT_SCAM,True,HIGH,scam,synthetic,2.0.0-beta,"{""urls"": [], ""phones"": [], ""upi_ids"": [], ""banks"": [], ""emails"": [], ""aadhaar"": [], ""pan"": []}",Synthetic sample for INVESTMENT_SCAM expansion. Generated via pattern-based synthesis.,2026-07-30T09:28:45.552Z,2026-07-30T09:28:45.552Z
INVESTMENT_SCAM_0027,Sovereign gold bond alternative! Our digital gold gives 15% bonus on every purchase.,sovereign gold bond alternative! our digital gold gives 15% bonus on every purchase.,en,INVESTMENT_SCAM,True,MEDIUM,scam,synthetic,2.0.0-beta,"{""urls"": [], ""phones"": [], ""upi_ids"": [], ""banks"": [], ""emails"": [], ""aadhaar"": [], ""pan"": []}",Synthetic sample for INVESTMENT_SCAM expansion. Generated via pattern-based synthesis.,2026-07-30T09:28:45.552Z,2026-07-30T09:28:45.552Z
LEGITIMATE_BANKING_0010,"HDFC Bank: Your FD of Rs 2,00,000 renewed for 1 year at 7.5% p.a. Maturity amount Rs 2,15,000.","hdfc bank: your fd of rs 2,00,000 renewed for 1 year at 7.5% p.a. maturity amount rs 2,15,000.",en,LEGITIMATE_BANKING,False,NONE,legitimate,synthetic,2.0.0-beta,"{""urls"": [], ""phones"": [], ""upi_ids"": [], ""banks"": [""HDFC""], ""emails"": [], ""aadhaar"": [], ""pan"": []}",Synthetic sample for LEGITIMATE_BANKING expansion. Generated via pattern-based synthesis.,2026-07-30T09:28:45.553Z,2026-07-30T09:28:45.553Z
LEGITIMATE_BANKING_0011,"SBI: Cheque No 123456 of Rs 5,000 presented for clearing. Avl Bal Rs 45,000.","sbi: cheque no 123456 of rs 5,000 presented for clearing. avl bal rs 45,000.",en,LEGITIMATE_BANKING,False,NONE,legitimate,synthetic,2.0.0-beta,"{""urls"": [], ""phones"": [], ""upi_ids"": [], ""banks"": [""SBI""], ""emails"": [], ""aadhaar"": [], ""pan"": []}",Synthetic sample for LEGITIMATE_BANKING expansion. Generated via pattern-based synthesis.,2026-07-30T09:28:45.553Z,2026-07-30T09:28:45.553Z
LEGITIMATE_BANKING_0012,"ICICI Bank: Credit card statement for July generated. Total due Rs 18,500. Min due Rs 2,500.","icici bank: credit card statement for july generated. total due rs 18,500. min due rs 2,500.",en,LEGITIMATE_BANKING,False,NONE,legitimate,synthetic,2.0.0-beta,"{""urls"": [], ""phones"": [], ""upi_ids"": [], ""banks"": [""ICICI""], ""emails"": [], ""aadhaar"": [], ""pan"": []}",Synthetic sample for LEGITIMATE_BANKING expansion. Generated via pattern-based synthesis.,2026-07-30T09:28:45.554Z,2026-07-30T09:28:45.554Z
LEGITIMATE_BANKING_0013,"Axis Bank: Your home loan EMI of Rs 32,450 debited on 25/07/26. Loan A/C HL123456789.","axis bank: your home loan emi of rs 32,450 debited on 25/07/26. loan a/c hl123456789.",en,LEGITIMATE_BANKING,False,NONE,legitimate,synthetic,2.0.0-beta,"{""urls"": [], ""phones"": [], ""upi_ids"": [], ""banks"": [""AXIS""], ""emails"": [], ""aadhaar"": [], ""pan"": []}",Synthetic sample for LEGITIMATE_BANKING expansion. Generated via pattern-based synthesis.,2026-07-30T09:28:45.554Z,2026-07-30T09:28:45.554Z
LEGITIMATE_BANKING_0014,"PNB: Rs 50,000 transferred via NEFT from your A/C XX7890 to beneficiary A/C YY1234. Ref NEFT89012345.","pnb: rs 50,000 transferred via neft from your a/c xx7890 to beneficiary a/c yy1234. ref neft89012345.",en,LEGITIMATE_BANKING,False,NONE,legitimate,synthetic,2.0.0-beta,"{""urls"": [], ""phones"": [], ""upi_ids"": [], ""banks"": [""PNB""], ""emails"": [], ""aadhaar"": [], ""pan"": []}",Synthetic sample for LEGITIMATE_BANKING expansion. Generated via pattern-based synthesis.,2026-07-30T09:28:45.554Z,2026-07-30T09:28:45.554Z
LEGITIMATE_BANKING_0015,"Kotak Mahindra: Your salary of Rs 75,000 credited. Avl Bal Rs 82,500. Thank you employer.","kotak mahindra: your salary of rs 75,000 credited. avl bal rs 82,500. thank you employer.",en,LEGITIMATE_BANKING,False,NONE,legitimate,synthetic,2.0.0-beta,"{""urls"": [], ""phones"": [], ""upi_ids"": [], ""banks"": [""KOTAK""], ""emails"": [], ""aadhaar"": [], ""pan"": []}",Synthetic sample for LEGITIMATE_BANKING expansion. Generated via pattern-based synthesis.,2026-07-30T09:28:45.554Z,2026-07-30T09:28:45.554Z
LEGITIMATE_BANKING_0016,"Yes Bank: Fixed deposit prematurely closed. Rs 1,05,000 credited to savings A/C XX4567.","yes bank: fixed deposit prematurely closed. rs 1,05,000 credited to savings a/c xx4567.",en,LEGITIMATE_BANKING,False,NONE,legitimate,synthetic,2.0.0-beta,"{""urls"": [], ""phones"": [], ""upi_ids"": [], ""banks"": [""YES BANK""], ""emails"": [], ""aadhaar"": [], ""pan"": []}",Synthetic sample for LEGITIMATE_BANKING expansion. Generated via pattern-based synthesis.,2026-07-30T09:28:45.554Z,2026-07-30T09:28:45.554Z
LEGITIMATE_BANKING_0017,Canara Bank: Welcome to Canara Bank! Your account 1234567890 is active. Activate net banking.,canara bank: welcome to canara bank! your account 1234567890 is active. activate net banking.,en,LEGITIMATE_BANKING,False,NONE,legitimate,synthetic,2.0.0-beta,"{""urls"": [], ""phones"": [""1234567890""], ""upi_ids"": [], ""banks"": [""CANARA""], ""emails"": [], ""aadhaar"": [], ""pan"": []}",Synthetic sample for LEGITIMATE_BANKING expansion. Generated via pattern-based synthesis.,2026-07-30T09:28:45.554Z,2026-07-30T09:28:45.554Z
LEGITIMATE_BANKING_0018,"SBI: Rs 5,000 auto-debited for SIP - HDFC Midcap Opportunities Fund. Ref: SIP789012345.","sbi: rs 5,000 auto-debited for sip - hdfc midcap opportunities fund. ref: sip789012345.",en,LEGITIMATE_BANKING,False,NONE,legitimate,synthetic,2.0.0-beta,"{""urls"": [], ""phones"": [], ""upi_ids"": [], ""banks"": [""SBI"", ""HDFC""], ""emails"": [], ""aadhaar"": [], ""pan"": []}",Synthetic sample for LEGITIMATE_BANKING expansion. Generated via pattern-based synthesis.,2026-07-30T09:28:45.554Z,2026-07-30T09:28:45.554Z
LEGITIMATE_BANKING_0019,"ICICI Bank: Your recurring deposit RD123456789 matured. Maturity amount Rs 1,50,000 credited.","icici bank: your recurring deposit rd123456789 matured. maturity amount rs 1,50,000 credited.",en,LEGITIMATE_BANKING,False,NONE,legitimate,synthetic,2.0.0-beta,"{""urls"": [], ""phones"": [], ""upi_ids"": [], ""banks"": [""ICICI""], ""emails"": [], ""aadhaar"": [], ""pan"": []}",Synthetic sample for LEGITIMATE_BANKING expansion. Generated via pattern-based synthesis.,2026-07-30T09:28:45.554Z,2026-07-30T09:28:45.554Z
LEGITIMATE_BANKING_0020,"HDFC Bank: International transaction of USD 50 at Starbucks New York approved. Avl Bal Rs 62,000.","hdfc bank: international transaction of usd 50 at starbucks new york approved. avl bal rs 62,000.",en,LEGITIMATE_BANKING,False,NONE,legitimate,synthetic,2.0.0-beta,"{""urls"": [], ""phones"": [], ""upi_ids"": [], ""banks"": [""HDFC""], ""emails"": [], ""aadhaar"": [], ""pan"": []}",Synthetic sample for LEGITIMATE_BANKING expansion. Generated via pattern-based synthesis.,2026-07-30T09:28:45.554Z,2026-07-30T09:28:45.554Z
LEGITIMATE_BANKING_0021,"Axis Bank: Your ATM withdrawal limit increased to Rs 50,000/day. Set at ATM or net banking.","axis bank: your atm withdrawal limit increased to rs 50,000/day. set at atm or net banking.",en,LEGITIMATE_BANKING,False,NONE,legitimate,synthetic,2.0.0-beta,"{""urls"": [], ""phones"": [], ""upi_ids"": [], ""banks"": [""AXIS""], ""emails"": [], ""aadhaar"": [], ""pan"": []}",Synthetic sample for LEGITIMATE_BANKING expansion. Generated via pattern-based synthesis.,2026-07-30T09:28:45.554Z,2026-07-30T09:28:45.554Z
LEGITIMATE_BANKING_0022,"Bank of Baroda: Rs 2,500 cash deposited at BOB Andheri Branch on 24/07/26. Avl Bal Rs 28,000.","bank of baroda: rs 2,500 cash deposited at bob andheri branch on 24/07/26. avl bal rs 28,000.",en,LEGITIMATE_BANKING,False,NONE,legitimate,synthetic,2.0.0-beta,"{""urls"": [], ""phones"": [], ""upi_ids"": [], ""banks"": [""BOB""], ""emails"": [], ""aadhaar"": [], ""pan"": []}",Synthetic sample for LEGITIMATE_BANKING expansion. Generated via pattern-based synthesis.,2026-07-30T09:28:45.554Z,2026-07-30T09:28:45.554Z
LEGITIMATE_BANKING_0023,"IndusInd Bank: Premium credit card LE of Rs 5,00,000 approved. Card dispatched to registered address.","indusind bank: premium credit card le of rs 5,00,000 approved. card dispatched to registered address.",en,LEGITIMATE_BANKING,False,NONE,legitimate,synthetic,2.0.0-beta,"{""urls"": [], ""phones"": [], ""upi_ids"": [], ""banks"": [""INDUSIND""], ""emails"": [], ""aadhaar"": [], ""pan"": []}",Synthetic sample for LEGITIMATE_BANKING expansion. Generated via pattern-based synthesis.,2026-07-30T09:28:45.554Z,2026-07-30T09:28:45.554Z
LEGITIMATE_BANKING_0024,"SBI: Savings account interest of Rs 1,247 credited for Q1 FY 2026-27. Avl Bal Rs 67,000.","sbi: savings account interest of rs 1,247 credited for q1 fy 2026-27. avl bal rs 67,000.",en,LEGITIMATE_BANKING,False,NONE,legitimate,synthetic,2.0.0-beta,"{""urls"": [], ""phones"": [], ""upi_ids"": [], ""banks"": [""SBI""], ""emails"": [], ""aadhaar"": [], ""pan"": []}",Synthetic sample for LEGITIMATE_BANKING expansion. Generated via pattern-based synthesis.,2026-07-30T09:28:45.554Z,2026-07-30T09:28:45.554Z
LEGITIMATE_BANKING_0025,"PNB: Your education loan disbursement of Rs 3,50,000 credited to A/C XX4321. EMI starts from Sep.","pnb: your education loan disbursement of rs 3,50,000 credited to a/c xx4321. emi starts from sep.",en,LEGITIMATE_BANKING,False,NONE,legitimate,synthetic,2.0.0-beta,"{""urls"": [], ""phones"": [], ""upi_ids"": [], ""banks"": [""PNB""], ""emails"": [], ""aadhaar"": [], ""pan"": []}",Synthetic sample for LEGITIMATE_BANKING expansion. Generated via pattern-based synthesis.,2026-07-30T09:28:45.555Z,2026-07-30T09:28:45.555Z
LEGITIMATE_COURIER_0009,Amazon: Package #AMZ654321 delivered to neighbour. Thank you for shopping with Amazon.,amazon: package #amz654321 delivered to neighbour. thank you for shopping with amazon.,en,LEGITIMATE_COURIER,False,NONE,legitimate,synthetic,2.0.0-beta,"{""urls"": [], ""phones"": [], ""upi_ids"": [], ""banks"": [], ""emails"": [], ""aadhaar"": [], ""pan"": []}",Synthetic sample for LEGITIMATE_COURIER expansion. Generated via pattern-based synthesis.,2026-07-30T09:28:45.555Z,2026-07-30T09:28:45.555Z
LEGITIMATE_COURIER_0010,Shiprocket: Order SR4321098765 picked up. Expected delivery in 3-4 business days.,shiprocket: order sr4321098765 picked up. expected delivery in 3-4 business days.,en,LEGITIMATE_COURIER,False,NONE,legitimate,synthetic,2.0.0-beta,"{""urls"": [], ""phones"": [""4321098765""], ""upi_ids"": [], ""banks"": [], ""emails"": [], ""aadhaar"": [], ""pan"": []}",Synthetic sample for LEGITIMATE_COURIER expansion. Generated via pattern-based synthesis.,2026-07-30T09:28:45.556Z,2026-07-30T09:28:45.556Z
LEGITIMATE_COURIER_0011,Ecom Express: Shipment EC9876543210 reached local hub. Will be delivered tomorrow.,ecom express: shipment ec9876543210 reached local hub. will be delivered tomorrow.,en,LEGITIMATE_COURIER,False,NONE,legitimate,synthetic,2.0.0-beta,"{""urls"": [], ""phones"": [""9876543210""], ""upi_ids"": [], ""banks"": [], ""emails"": [], ""aadhaar"": [], ""pan"": []}",Synthetic sample for LEGITIMATE_COURIER expansion. Generated via pattern-based synthesis.,2026-07-30T09:28:45.556Z,2026-07-30T09:28:45.556Z
LEGITIMATE_COURIER_0012,"FedEx: International shipment 1234567890 cleared customs. Duty payable Rs 2,500.","fedex: international shipment 1234567890 cleared customs. duty payable rs 2,500.",en,LEGITIMATE_COURIER,False,NONE,legitimate,synthetic,2.0.0-beta,"{""urls"": [], ""phones"": [""1234567890""], ""upi_ids"": [], ""banks"": [], ""emails"": [], ""aadhaar"": [], ""pan"": []}",Synthetic sample for LEGITIMATE_COURIER expansion. Generated via pattern-based synthesis.,2026-07-30T09:28:45.556Z,2026-07-30T09:28:45.556Z
LEGITIMATE_COURIER_0013,India Post: Speed Post article EM123456789IN booked successfully. Track online.,india post: speed post article em123456789in booked successfully. track online.,en,LEGITIMATE_COURIER,False,NONE,legitimate,synthetic,2.0.0-beta,"{""urls"": [], ""phones"": [], ""upi_ids"": [], ""banks"": [], ""emails"": [], ""aadhaar"": [], ""pan"": []}",Synthetic sample for LEGITIMATE_COURIER expansion. Generated via pattern-based synthesis.,2026-07-30T09:28:45.556Z,2026-07-30T09:28:45.556Z
LEGITIMATE_COURIER_0014,Bluedart: Return shipment RB7654321098 picked up from your address. Refund initiated.,bluedart: return shipment rb7654321098 picked up from your address. refund initiated.,en,LEGITIMATE_COURIER,False,NONE,legitimate,synthetic,2.0.0-beta,"{""urls"": [], ""phones"": [""7654321098""], ""upi_ids"": [], ""banks"": [], ""emails"": [], ""aadhaar"": [], ""pan"": []}",Synthetic sample for LEGITIMATE_COURIER expansion. Generated via pattern-based synthesis.,2026-07-30T09:28:45.556Z,2026-07-30T09:28:45.556Z
LEGITIMATE_COURIER_0015,Delhivery: Your shipment DL3210987654 is delayed by 1 day due to weather. New ETA 28 Jul.,delhivery: your shipment dl3210987654 is delayed by 1 day due to weather. new eta 28 jul.,en,LEGITIMATE_COURIER,False,NONE,legitimate,synthetic,2.0.0-beta,"{""urls"": [], ""phones"": [""3210987654""], ""upi_ids"": [], ""banks"": [], ""emails"": [], ""aadhaar"": [], ""pan"": []}",Synthetic sample for LEGITIMATE_COURIER expansion. Generated via pattern-based synthesis.,2026-07-30T09:28:45.556Z,2026-07-30T09:28:45.556Z
LEGITIMATE_COURIER_0016,Amazon Fresh: Your grocery order delivered at 9:30 AM. 25 items delivered.,amazon fresh: your grocery order delivered at 9:30 am. 25 items delivered.,en,LEGITIMATE_COURIER,False,NONE,legitimate,synthetic,2.0.0-beta,"{""urls"": [], ""phones"": [], ""upi_ids"": [], ""banks"": [], ""emails"": [], ""aadhaar"": [], ""pan"": []}",Synthetic sample for LEGITIMATE_COURIER expansion. Generated via pattern-based synthesis.,2026-07-30T09:28:45.556Z,2026-07-30T09:28:45.556Z
LEGITIMATE_COURIER_0017,XpressBees: Order XB5678901234 is in transit. Expected delivery by 4 PM tomorrow.,xpressbees: order xb5678901234 is in transit. expected delivery by 4 pm tomorrow.,en,LEGITIMATE_COURIER,False,NONE,legitimate,synthetic,2.0.0-beta,"{""urls"": [], ""phones"": [""5678901234""], ""upi_ids"": [], ""banks"": [], ""emails"": [], ""aadhaar"": [], ""pan"": []}",Synthetic sample for LEGITIMATE_COURIER expansion. Generated via pattern-based synthesis.,2026-07-30T09:28:45.556Z,2026-07-30T09:28:45.556Z
LEGITIMATE_COURIER_0018,Swiggy: Your order from Pizza Hut delivered. Enjoy your meal! Rate your delivery experience.,swiggy: your order from pizza hut delivered. enjoy your meal! rate your delivery experience.,en,LEGITIMATE_COURIER,False,NONE,legitimate,synthetic,2.0.0-beta,"{""urls"": [], ""phones"": [], ""upi_ids"": [], ""banks"": [], ""emails"": [], ""aadhaar"": [], ""pan"": []}",Synthetic sample for LEGITIMATE_COURIER expansion. Generated via pattern-based synthesis.,2026-07-30T09:28:45.556Z,2026-07-30T09:28:45.556Z
LEGITIMATE_COURIER_0019,Zomato: Order #ZO4321 delivered at 8:15 PM. Delivery partner: Rajesh. Tip him if you like.,zomato: order #zo4321 delivered at 8:15 pm. delivery partner: rajesh. tip him if you like.,en,LEGITIMATE_COURIER,False,NONE,legitimate,synthetic,2.0.0-beta,"{""urls"": [], ""phones"": [], ""upi_ids"": [], ""banks"": [], ""emails"": [], ""aadhaar"": [], ""pan"": []}",Synthetic sample for LEGITIMATE_COURIER expansion. Generated via pattern-based synthesis.,2026-07-30T09:28:45.556Z,2026-07-30T09:28:45.556Z
LEGITIMATE_COURIER_0020,DHL: Shipment 9876543210 picked up from your location. Tracking activated.,dhl: shipment 9876543210 picked up from your location. tracking activated.,en,LEGITIMATE_COURIER,False,NONE,legitimate,synthetic,2.0.0-beta,"{""urls"": [], ""phones"": [""9876543210""], ""upi_ids"": [], ""banks"": [], ""emails"": [], ""aadhaar"": [], ""pan"": []}",Synthetic sample for LEGITIMATE_COURIER expansion. Generated via pattern-based synthesis.,2026-07-30T09:28:45.556Z,2026-07-30T09:28:45.556Z
LEGITIMATE_COURIER_0021,"Myntra: Your order MY7890123456 returned successfully. Refund of Rs 1,899 initiated.","myntra: your order my7890123456 returned successfully. refund of rs 1,899 initiated.",en,LEGITIMATE_COURIER,False,NONE,legitimate,synthetic,2.0.0-beta,"{""urls"": [], ""phones"": [""7890123456""], ""upi_ids"": [], ""banks"": [], ""emails"": [], ""aadhaar"": [], ""pan"": []}",Synthetic sample for LEGITIMATE_COURIER expansion. Generated via pattern-based synthesis.,2026-07-30T09:28:45.556Z,2026-07-30T09:28:45.556Z
LEGITIMATE_COURIER_0022,Flipkart: Your electronic item FL5432109876 is out for delivery. Installation scheduled.,flipkart: your electronic item fl5432109876 is out for delivery. installation scheduled.,en,LEGITIMATE_COURIER,False,NONE,legitimate,synthetic,2.0.0-beta,"{""urls"": [], ""phones"": [""5432109876""], ""upi_ids"": [], ""banks"": [], ""emails"": [], ""aadhaar"": [], ""pan"": []}",Synthetic sample for LEGITIMATE_COURIER expansion. Generated via pattern-based synthesis.,2026-07-30T09:28:45.556Z,2026-07-30T09:28:45.556Z
LEGITIMATE_COURIER_0023,Blinkit: Your order of 8 items delivered in 10 minutes. Store: Blinkit Andheri West.,blinkit: your order of 8 items delivered in 10 minutes. store: blinkit andheri west.,en,LEGITIMATE_COURIER,False,NONE,legitimate,synthetic,2.0.0-beta,"{""urls"": [], ""phones"": [], ""upi_ids"": [], ""banks"": [], ""emails"": [], ""aadhaar"": [], ""pan"": []}",Synthetic sample for LEGITIMATE_COURIER expansion. Generated via pattern-based synthesis.,2026-07-30T09:28:45.557Z,2026-07-30T09:28:45.557Z
LEGITIMATE_COURIER_0024,Ekart Logistics: Shipment EK6789012345 booked via Flipkart. Pickup scheduled today.,ekart logistics: shipment ek6789012345 booked via flipkart. pickup scheduled today.,en,LEGITIMATE_COURIER,False,NONE,legitimate,synthetic,2.0.0-beta,"{""urls"": [], ""phones"": [""6789012345""], ""upi_ids"": [], ""banks"": [], ""emails"": [], ""aadhaar"": [], ""pan"": []}",Synthetic sample for LEGITIMATE_COURIER expansion. Generated via pattern-based synthesis.,2026-07-30T09:28:45.557Z,2026-07-30T09:28:45.557Z
LEGITIMATE_COURIER_0025,India Post: Register post article RR123456789IN delivered at your address on 25/07/26.,india post: register post article rr123456789in delivered at your address on 25/07/26.,en,LEGITIMATE_COURIER,False,NONE,legitimate,synthetic,2.0.0-beta,"{""urls"": [], ""phones"": [], ""upi_ids"": [], ""banks"": [], ""emails"": [], ""aadhaar"": [], ""pan"": []}",Synthetic sample for LEGITIMATE_COURIER expansion. Generated via pattern-based synthesis.,2026-07-30T09:28:45.557Z,2026-07-30T09:28:45.557Z
LEGITIMATE_GOVERNMENT_0009,"PM Kisan: 12th installment of Rs 2,000 credited to your A/C. Total received Rs 24,000.","pm kisan: 12th installment of rs 2,000 credited to your a/c. total received rs 24,000.",en,LEGITIMATE_GOVERNMENT,False,NONE,legitimate,synthetic,2.0.0-beta,"{""urls"": [], ""phones"": [], ""upi_ids"": [], ""banks"": [], ""emails"": [], ""aadhaar"": [], ""pan"": []}",Synthetic sample for LEGITIMATE_GOVERNMENT expansion. Generated via pattern-based synthesis.,2026-07-30T09:28:45.558Z,2026-07-30T09:28:45.558Z
LEGITIMATE_GOVERNMENT_0010,Ration Card: Your e-KYC for ration card is due. Visit nearest ration shop with Aadhaar.,ration card: your e-kyc for ration card is due. visit nearest ration shop with aadhaar.,en,LEGITIMATE_GOVERNMENT,False,NONE,legitimate,synthetic,2.0.0-beta,"{""urls"": [], ""phones"": [], ""upi_ids"": [], ""banks"": [], ""emails"": [], ""aadhaar"": [], ""pan"": []}",Synthetic sample for LEGITIMATE_GOVERNMENT expansion. Generated via pattern-based synthesis.,2026-07-30T09:28:45.558Z,2026-07-30T09:28:45.558Z
LEGITIMATE_GOVERNMENT_0011,"Income Tax: Your ITR for AY 2026-27 verified successfully. Refund of Rs 8,500 will be credited.","income tax: your itr for ay 2026-27 verified successfully. refund of rs 8,500 will be credited.",en,LEGITIMATE_GOVERNMENT,False,NONE,legitimate,synthetic,2.0.0-beta,"{""urls"": [], ""phones"": [], ""upi_ids"": [], ""banks"": [], ""emails"": [], ""aadhaar"": [], ""pan"": []}",Synthetic sample for LEGITIMATE_GOVERNMENT expansion. Generated via pattern-based synthesis.,2026-07-30T09:28:45.558Z,2026-07-30T09:28:45.558Z
LEGITIMATE_GOVERNMENT_0012,EPFO: Your UAN 123456789012 monthly pension contribution updated for Jun 2026.,epfo: your uan 123456789012 monthly pension contribution updated for jun 2026.,en,LEGITIMATE_GOVERNMENT,False,NONE,legitimate,synthetic,2.0.0-beta,"{""urls"": [], ""phones"": [""123456789012""], ""upi_ids"": [], ""banks"": [], ""emails"": [], ""aadhaar"": [""123456789012""], ""pan"": []}",Synthetic sample for LEGITIMATE_GOVERNMENT expansion. Generated via pattern-based synthesis.,2026-07-30T09:28:45.558Z,2026-07-30T09:28:45.558Z
LEGITIMATE_GOVERNMENT_0013,Voter ID: Your application for voter ID correction E7890123 is approved. Card dispatched.,voter id: your application for voter id correction e7890123 is approved. card dispatched.,en,LEGITIMATE_GOVERNMENT,False,NONE,legitimate,synthetic,2.0.0-beta,"{""urls"": [], ""phones"": [], ""upi_ids"": [], ""banks"": [], ""emails"": [], ""aadhaar"": [], ""pan"": []}",Synthetic sample for LEGITIMATE_GOVERNMENT expansion. Generated via pattern-based synthesis.,2026-07-30T09:28:45.558Z,2026-07-30T09:28:45.558Z
LEGITIMATE_GOVERNMENT_0014,Ayushman Bharat: Your PM-JAY health insurance coverage of Rs 5 lakh is active until 2027.,ayushman bharat: your pm-jay health insurance coverage of rs 5 lakh is active until 2027.,en,LEGITIMATE_GOVERNMENT,False,NONE,legitimate,synthetic,2.0.0-beta,"{""urls"": [], ""phones"": [], ""upi_ids"": [], ""banks"": [], ""emails"": [], ""aadhaar"": [], ""pan"": []}",Synthetic sample for LEGITIMATE_GOVERNMENT expansion. Generated via pattern-based synthesis.,2026-07-30T09:28:45.558Z,2026-07-30T09:28:45.558Z
LEGITIMATE_GOVERNMENT_0015,Passport Seva: Your passport application P123456789 is under police verification. Track at passportindia.gov.in,passport seva: your passport application p123456789 is under police verification. track at passportindia.gov.in,en,LEGITIMATE_GOVERNMENT,False,NONE,legitimate,synthetic,2.0.0-beta,"{""urls"": [], ""phones"": [], ""upi_ids"": [], ""banks"": [], ""emails"": [], ""aadhaar"": [], ""pan"": []}",Synthetic sample for LEGITIMATE_GOVERNMENT expansion. Generated via pattern-based synthesis.,2026-07-30T09:28:45.558Z,2026-07-30T09:28:45.558Z
LEGITIMATE_GOVERNMENT_0016,CSC: Digital Seva portal update. Your CSC ID DES789012 is active. Services available.,csc: digital seva portal update. your csc id des789012 is active. services available.,en,LEGITIMATE_GOVERNMENT,False,NONE,legitimate,synthetic,2.0.0-beta,"{""urls"": [], ""phones"": [], ""upi_ids"": [], ""banks"": [], ""emails"": [], ""aadhaar"": [], ""pan"": []}",Synthetic sample for LEGITIMATE_GOVERNMENT expansion. Generated via pattern-based synthesis.,2026-07-30T09:28:45.558Z,2026-07-30T09:28:45.558Z
LEGITIMATE_GOVERNMENT_0017,Aadhaar: Your Aadhaar details updated successfully. Download updated e-Aadhaar at https://eaadhaar.uidai.gov.in,aadhaar: your aadhaar details updated successfully. download updated e-aadhaar at https://eaadhaar.uidai.gov.in,en,LEGITIMATE_GOVERNMENT,False,NONE,legitimate,synthetic,2.0.0-beta,"{""urls"": [""https://eaadhaar.uidai.gov.in""], ""phones"": [], ""upi_ids"": [], ""banks"": [], ""emails"": [], ""aadhaar"": [], ""pan"": []}",Synthetic sample for LEGITIMATE_GOVERNMENT expansion. Generated via pattern-based synthesis.,2026-07-30T09:28:45.558Z,2026-07-30T09:28:45.558Z
LEGITIMATE_GOVERNMENT_0018,"National Scholarship Portal: Your renewal application NSP2026-7890 approved. Rs 15,000 released.","national scholarship portal: your renewal application nsp2026-7890 approved. rs 15,000 released.",en,LEGITIMATE_GOVERNMENT,False,NONE,legitimate,synthetic,2.0.0-beta,"{""urls"": [], ""phones"": [], ""upi_ids"": [], ""banks"": [], ""emails"": [], ""aadhaar"": [], ""pan"": []}",Synthetic sample for LEGITIMATE_GOVERNMENT expansion. Generated via pattern-based synthesis.,2026-07-30T09:28:45.558Z,2026-07-30T09:28:45.558Z
LEGITIMATE_GOVERNMENT_0019,"Pradhan Mantri Awas Yojana: Second installment of Rs 40,000 released to your linked account.","pradhan mantri awas yojana: second installment of rs 40,000 released to your linked account.",en,LEGITIMATE_GOVERNMENT,False,NONE,legitimate,synthetic,2.0.0-beta,"{""urls"": [], ""phones"": [], ""upi_ids"": [], ""banks"": [], ""emails"": [], ""aadhaar"": [], ""pan"": []}",Synthetic sample for LEGITIMATE_GOVERNMENT expansion. Generated via pattern-based synthesis.,2026-07-30T09:28:45.558Z,2026-07-30T09:28:45.558Z
LEGITIMATE_GOVERNMENT_0020,Skill India: Your training certificate for Digital Marketing course issued. Download from skillindia.gov.in,skill india: your training certificate for digital marketing course issued. download from skillindia.gov.in,en,LEGITIMATE_GOVERNMENT,False,NONE,legitimate,synthetic,2.0.0-beta,"{""urls"": [], ""phones"": [], ""upi_ids"": [], ""banks"": [], ""emails"": [], ""aadhaar"": [], ""pan"": []}",Synthetic sample for LEGITIMATE_GOVERNMENT expansion. Generated via pattern-based synthesis.,2026-07-30T09:28:45.558Z,2026-07-30T09:28:45.558Z
LEGITIMATE_GOVERNMENT_0021,"NSAP: Your pension of Rs 1,000 credited for Jul 2026 under Indira Gandhi National Old Age Pension.","nsap: your pension of rs 1,000 credited for jul 2026 under indira gandhi national old age pension.",en,LEGITIMATE_GOVERNMENT,False,NONE,legitimate,synthetic,2.0.0-beta,"{""urls"": [], ""phones"": [], ""upi_ids"": [], ""banks"": [], ""emails"": [], ""aadhaar"": [], ""pan"": []}",Synthetic sample for LEGITIMATE_GOVERNMENT expansion. Generated via pattern-based synthesis.,2026-07-30T09:28:45.559Z,2026-07-30T09:28:45.559Z
LEGITIMATE_GOVERNMENT_0022,UPI: Government e-RUPI voucher of Rs 500 for free medicines at Jan Aushadhi Kendra sent.,upi: government e-rupi voucher of rs 500 for free medicines at jan aushadhi kendra sent.,en,LEGITIMATE_GOVERNMENT,False,NONE,legitimate,synthetic,2.0.0-beta,"{""urls"": [], ""phones"": [], ""upi_ids"": [], ""banks"": [], ""emails"": [], ""aadhaar"": [], ""pan"": []}",Synthetic sample for LEGITIMATE_GOVERNMENT expansion. Generated via pattern-based synthesis.,2026-07-30T09:28:45.559Z,2026-07-30T09:28:45.559Z
LEGITIMATE_GOVERNMENT_0023,DigiLocker: New document added - Aadhaar Card. 15 documents in your account.,digilocker: new document added - aadhaar card. 15 documents in your account.,en,LEGITIMATE_GOVERNMENT,False,NONE,legitimate,synthetic,2.0.0-beta,"{""urls"": [], ""phones"": [], ""upi_ids"": [], ""banks"": [], ""emails"": [], ""aadhaar"": [], ""pan"": []}",Synthetic sample for LEGITIMATE_GOVERNMENT expansion. Generated via pattern-based synthesis.,2026-07-30T09:28:45.559Z,2026-07-30T09:28:45.559Z
LEGITIMATE_GOVERNMENT_0024,National Health Mission: Your COVID vaccination certificate available on CoWIN portal.,national health mission: your covid vaccination certificate available on cowin portal.,en,LEGITIMATE_GOVERNMENT,False,NONE,legitimate,synthetic,2.0.0-beta,"{""urls"": [], ""phones"": [], ""upi_ids"": [], ""banks"": [], ""emails"": [], ""aadhaar"": [], ""pan"": []}",Synthetic sample for LEGITIMATE_GOVERNMENT expansion. Generated via pattern-based synthesis.,2026-07-30T09:28:45.559Z,2026-07-30T09:28:45.559Z
LEGITIMATE_OTP_0009,PhonePe: Your OTP to add new bank account is 582736. Valid for 5 minutes.,phonepe: your otp to add new bank account is 582736. valid for 5 minutes.,en,LEGITIMATE_OTP,False,NONE,legitimate,synthetic,2.0.0-beta,"{""urls"": [], ""phones"": [], ""upi_ids"": [], ""banks"": [], ""emails"": [], ""aadhaar"": [], ""pan"": []}",Synthetic sample for LEGITIMATE_OTP expansion. Generated via pattern-based synthesis.,2026-07-30T09:28:45.560Z,2026-07-30T09:28:45.560Z
LEGITIMATE_OTP_0010,"GPay: 739201 is your OTP for registering new device. If not you, call 1800-180-1234.","gpay: 739201 is your otp for registering new device. if not you, call 1800-180-1234.",en,LEGITIMATE_OTP,False,NONE,legitimate,synthetic,2.0.0-beta,"{""urls"": [], ""phones"": [""1800-180-1234""], ""upi_ids"": [], ""banks"": [], ""emails"": [], ""aadhaar"": [], ""pan"": []}",Synthetic sample for LEGITIMATE_OTP expansion. Generated via pattern-based synthesis.,2026-07-30T09:28:45.560Z,2026-07-30T09:28:45.560Z
LEGITIMATE_OTP_0011,"SBI Card: OTP 618293 for cardless EMI transaction of Rs 15,000. Valid for 10 mins.","sbi card: otp 618293 for cardless emi transaction of rs 15,000. valid for 10 mins.",en,LEGITIMATE_OTP,False,NONE,legitimate,synthetic,2.0.0-beta,"{""urls"": [], ""phones"": [], ""upi_ids"": [], ""banks"": [""SBI""], ""emails"": [], ""aadhaar"": [], ""pan"": []}",Synthetic sample for LEGITIMATE_OTP expansion. Generated via pattern-based synthesis.,2026-07-30T09:28:45.560Z,2026-07-30T09:28:45.560Z
LEGITIMATE_OTP_0012,Microsoft: Your verification code is 837465. Use this to sign in to your Microsoft account.,microsoft: your verification code is 837465. use this to sign in to your microsoft account.,en,LEGITIMATE_OTP,False,NONE,legitimate,synthetic,2.0.0-beta,"{""urls"": [], ""phones"": [], ""upi_ids"": [], ""banks"": [], ""emails"": [], ""aadhaar"": [], ""pan"": []}",Synthetic sample for LEGITIMATE_OTP expansion. Generated via pattern-based synthesis.,2026-07-30T09:28:45.560Z,2026-07-30T09:28:45.560Z
LEGITIMATE_OTP_0013,Paytm: Login OTP 927364. Do not share with anyone. Valid for 5 minutes.,paytm: login otp 927364. do not share with anyone. valid for 5 minutes.,en,LEGITIMATE_OTP,False,NONE,legitimate,synthetic,2.0.0-beta,"{""urls"": [], ""phones"": [], ""upi_ids"": [], ""banks"": [], ""emails"": [], ""aadhaar"": [], ""pan"": []}",Synthetic sample for LEGITIMATE_OTP expansion. Generated via pattern-based synthesis.,2026-07-30T09:28:45.560Z,2026-07-30T09:28:45.560Z
LEGITIMATE_OTP_0014,IRCTC: OTP 451827 for booking IRCTC train ticket NDLS-BCT. Valid for 5 mins.,irctc: otp 451827 for booking irctc train ticket ndls-bct. valid for 5 mins.,en,LEGITIMATE_OTP,False,NONE,legitimate,synthetic,2.0.0-beta,"{""urls"": [], ""phones"": [], ""upi_ids"": [], ""banks"": [], ""emails"": [], ""aadhaar"": [], ""pan"": []}",Synthetic sample for LEGITIMATE_OTP expansion. Generated via pattern-based synthesis.,2026-07-30T09:28:45.560Z,2026-07-30T09:28:45.560Z
LEGITIMATE_OTP_0015,WhatsApp: Your code is 638-192. Do not share this code with anyone.,whatsapp: your code is 638-192. do not share this code with anyone.,en,LEGITIMATE_OTP,False,NONE,legitimate,synthetic,2.0.0-beta,"{""urls"": [], ""phones"": [], ""upi_ids"": [], ""banks"": [], ""emails"": [], ""aadhaar"": [], ""pan"": []}",Synthetic sample for LEGITIMATE_OTP expansion. Generated via pattern-based synthesis.,2026-07-30T09:28:45.560Z,2026-07-30T09:28:45.560Z
LEGITIMATE_OTP_0016,Amazon: Your OTP for return pickup of order OD1234567890 is 284756.,amazon: your otp for return pickup of order od1234567890 is 284756.,en,LEGITIMATE_OTP,False,NONE,legitimate,synthetic,2.0.0-beta,"{""urls"": [], ""phones"": [""1234567890""], ""upi_ids"": [], ""banks"": [], ""emails"": [], ""aadhaar"": [], ""pan"": []}",Synthetic sample for LEGITIMATE_OTP expansion. Generated via pattern-based synthesis.,2026-07-30T09:28:45.560Z,2026-07-30T09:28:45.560Z
LEGITIMATE_OTP_0017,HDFC Securities: OTP 918273 for demat account login. Valid for 5 minutes.,hdfc securities: otp 918273 for demat account login. valid for 5 minutes.,en,LEGITIMATE_OTP,False,NONE,legitimate,synthetic,2.0.0-beta,"{""urls"": [], ""phones"": [], ""upi_ids"": [], ""banks"": [""HDFC""], ""emails"": [], ""aadhaar"": [], ""pan"": []}",Synthetic sample for LEGITIMATE_OTP expansion. Generated via pattern-based synthesis.,2026-07-30T09:28:45.560Z,2026-07-30T09:28:45.560Z
LEGITIMATE_OTP_0018,Zomato: OTP 746382 for changing delivery address. Valid for 5 mins.,zomato: otp 746382 for changing delivery address. valid for 5 mins.,en,LEGITIMATE_OTP,False,NONE,legitimate,synthetic,2.0.0-beta,"{""urls"": [], ""phones"": [], ""upi_ids"": [], ""banks"": [], ""emails"": [], ""aadhaar"": [], ""pan"": []}",Synthetic sample for LEGITIMATE_OTP expansion. Generated via pattern-based synthesis.,2026-07-30T09:28:45.560Z,2026-07-30T09:28:45.560Z
LEGITIMATE_OTP_0019,EPFO: OTP 563829 for PF claim access. Valid for 10 minutes. -EPFO India,epfo: otp 563829 for pf claim access. valid for 10 minutes. -epfo india,en,LEGITIMATE_OTP,False,NONE,legitimate,synthetic,2.0.0-beta,"{""urls"": [], ""phones"": [], ""upi_ids"": [], ""banks"": [], ""emails"": [], ""aadhaar"": [], ""pan"": []}",Synthetic sample for LEGITIMATE_OTP expansion. Generated via pattern-based synthesis.,2026-07-30T09:28:45.560Z,2026-07-30T09:28:45.560Z
LEGITIMATE_OTP_0020,Digilocker: OTP 182736 for accessing your documents. Valid for 5 mins.,digilocker: otp 182736 for accessing your documents. valid for 5 mins.,en,LEGITIMATE_OTP,False,NONE,legitimate,synthetic,2.0.0-beta,"{""urls"": [], ""phones"": [], ""upi_ids"": [], ""banks"": [], ""emails"": [], ""aadhaar"": [], ""pan"": []}",Synthetic sample for LEGITIMATE_OTP expansion. Generated via pattern-based synthesis.,2026-07-30T09:28:45.560Z,2026-07-30T09:28:45.560Z
LEGITIMATE_OTP_0021,LIC: OTP 837291 for viewing policy details. Valid for 5 minutes.,lic: otp 837291 for viewing policy details. valid for 5 minutes.,en,LEGITIMATE_OTP,False,NONE,legitimate,synthetic,2.0.0-beta,"{""urls"": [], ""phones"": [], ""upi_ids"": [], ""banks"": [], ""emails"": [], ""aadhaar"": [], ""pan"": []}",Synthetic sample for LEGITIMATE_OTP expansion. Generated via pattern-based synthesis.,2026-07-30T09:28:45.560Z,2026-07-30T09:28:45.560Z
LEGITIMATE_OTP_0022,Twitter: Your verification code is 472-918. Use this to log in to your account.,twitter: your verification code is 472-918. use this to log in to your account.,en,LEGITIMATE_OTP,False,NONE,legitimate,synthetic,2.0.0-beta,"{""urls"": [], ""phones"": [], ""upi_ids"": [], ""banks"": [], ""emails"": [], ""aadhaar"": [], ""pan"": []}",Synthetic sample for LEGITIMATE_OTP expansion. Generated via pattern-based synthesis.,2026-07-30T09:28:45.561Z,2026-07-30T09:28:45.561Z
LEGITIMATE_OTP_0023,PhonePe: OTP 981726 to confirm payment of Rs 899 to Netflix. Valid for 5 mins.,phonepe: otp 981726 to confirm payment of rs 899 to netflix. valid for 5 mins.,en,LEGITIMATE_OTP,False,NONE,legitimate,synthetic,2.0.0-beta,"{""urls"": [], ""phones"": [], ""upi_ids"": [], ""banks"": [], ""emails"": [], ""aadhaar"": [], ""pan"": []}",Synthetic sample for LEGITIMATE_OTP expansion. Generated via pattern-based synthesis.,2026-07-30T09:28:45.561Z,2026-07-30T09:28:45.561Z
LEGITIMATE_OTP_0024,ICICI Bank: OTP 627381 for credit card limit enhancement request. Valid for 10 mins.,icici bank: otp 627381 for credit card limit enhancement request. valid for 10 mins.,en,LEGITIMATE_OTP,False,NONE,legitimate,synthetic,2.0.0-beta,"{""urls"": [], ""phones"": [], ""upi_ids"": [], ""banks"": [""ICICI""], ""emails"": [], ""aadhaar"": [], ""pan"": []}",Synthetic sample for LEGITIMATE_OTP expansion. Generated via pattern-based synthesis.,2026-07-30T09:28:45.561Z,2026-07-30T09:28:45.561Z
LEGITIMATE_OTP_0025,Aadhaar: Your OTP for downloading e-Aadhaar is 183945. Valid for 5 minutes.,aadhaar: your otp for downloading e-aadhaar is 183945. valid for 5 minutes.,en,LEGITIMATE_OTP,False,NONE,legitimate,synthetic,2.0.0-beta,"{""urls"": [], ""phones"": [], ""upi_ids"": [], ""banks"": [], ""emails"": [], ""aadhaar"": [], ""pan"": []}",Synthetic sample for LEGITIMATE_OTP expansion. Generated via pattern-based synthesis.,2026-07-30T09:28:45.561Z,2026-07-30T09:28:45.561Z
LEGITIMATE_UPI_0009,"PhonePe: Rs 1,500 transferred to SBI A/C XX5678. UPI Ref: PPRef45678901. Avl Bal Rs 34,200.","phonepe: rs 1,500 transferred to sbi a/c xx5678. upi ref: ppref45678901. avl bal rs 34,200.",en,LEGITIMATE_UPI,False,NONE,legitimate,synthetic,2.0.0-beta,"{""urls"": [], ""phones"": [], ""upi_ids"": [], ""banks"": [""SBI""], ""emails"": [], ""aadhaar"": [], ""pan"": []}",Synthetic sample for LEGITIMATE_UPI expansion. Generated via pattern-based synthesis.,2026-07-30T09:28:45.570Z,2026-07-30T09:28:45.570Z
LEGITIMATE_UPI_0010,Paytm: Rs 99 recharged for Jio prepaid mobile 9876543210. UPI Ref: PTM890123456.,paytm: rs 99 recharged for jio prepaid mobile 9876543210. upi ref: ptm890123456.,en,LEGITIMATE_UPI,False,NONE,legitimate,synthetic,2.0.0-beta,"{""urls"": [], ""phones"": [""9876543210""], ""upi_ids"": [], ""banks"": [], ""emails"": [], ""aadhaar"": [], ""pan"": []}",Synthetic sample for LEGITIMATE_UPI expansion. Generated via pattern-based synthesis.,2026-07-30T09:28:45.570Z,2026-07-30T09:28:45.570Z
LEGITIMATE_UPI_0011,"BHIM: Rs 2,000 received from Father. UPI Ref: BHIM6789012345. Avl Bal Rs 18,500.","bhim: rs 2,000 received from father. upi ref: bhim6789012345. avl bal rs 18,500.",en,LEGITIMATE_UPI,False,NONE,legitimate,synthetic,2.0.0-beta,"{""urls"": [], ""phones"": [""6789012345""], ""upi_ids"": [], ""banks"": [], ""emails"": [], ""aadhaar"": [], ""pan"": []}",Synthetic sample for LEGITIMATE_UPI expansion. Generated via pattern-based synthesis.,2026-07-30T09:28:45.570Z,2026-07-30T09:28:45.570Z
LEGITIMATE_UPI_0012,GPay: Rs 450 paid to Uber India. Trip MUM-PUN. UPI Ref: GPay55667788.,gpay: rs 450 paid to uber india. trip mum-pun. upi ref: gpay55667788.,en,LEGITIMATE_UPI,False,NONE,legitimate,synthetic,2.0.0-beta,"{""urls"": [], ""phones"": [], ""upi_ids"": [], ""banks"": [], ""emails"": [], ""aadhaar"": [], ""pan"": []}",Synthetic sample for LEGITIMATE_UPI expansion. Generated via pattern-based synthesis.,2026-07-30T09:28:45.570Z,2026-07-30T09:28:45.570Z
LEGITIMATE_UPI_0013,"Amazon Pay: Rs 1,299 paid for Flipkart order OD9876543210 via UPI.","amazon pay: rs 1,299 paid for flipkart order od9876543210 via upi.",en,LEGITIMATE_UPI,False,NONE,legitimate,synthetic,2.0.0-beta,"{""urls"": [], ""phones"": [""9876543210""], ""upi_ids"": [], ""banks"": [], ""emails"": [], ""aadhaar"": [], ""pan"": []}",Synthetic sample for LEGITIMATE_UPI expansion. Generated via pattern-based synthesis.,2026-07-30T09:28:45.570Z,2026-07-30T09:28:45.570Z
LEGITIMATE_UPI_0014,"PhonePe: Rs 75 paid to Chai Point. UPI Ref: PPRef1234509876. Avl Bal Rs 7,500.","phonepe: rs 75 paid to chai point. upi ref: ppref1234509876. avl bal rs 7,500.",en,LEGITIMATE_UPI,False,NONE,legitimate,synthetic,2.0.0-beta,"{""urls"": [], ""phones"": [""1234509876""], ""upi_ids"": [], ""banks"": [], ""emails"": [], ""aadhaar"": [], ""pan"": []}",Synthetic sample for LEGITIMATE_UPI expansion. Generated via pattern-based synthesis.,2026-07-30T09:28:45.571Z,2026-07-30T09:28:45.571Z
LEGITIMATE_UPI_0015,"Cred: Rs 5,000 credit card bill paid via UPI. Ref: CRED789012. Thank you for timely payment.","cred: rs 5,000 credit card bill paid via upi. ref: cred789012. thank you for timely payment.",en,LEGITIMATE_UPI,False,NONE,legitimate,synthetic,2.0.0-beta,"{""urls"": [], ""phones"": [], ""upi_ids"": [], ""banks"": [], ""emails"": [], ""aadhaar"": [], ""pan"": []}",Synthetic sample for LEGITIMATE_UPI expansion. Generated via pattern-based synthesis.,2026-07-30T09:28:45.571Z,2026-07-30T09:28:45.571Z
LEGITIMATE_UPI_0016,"GPay: Rs 8,500 received from Client - Invoice INV-2026-0789. UPI Ref: GPay77123456.","gpay: rs 8,500 received from client - invoice inv-2026-0789. upi ref: gpay77123456.",en,LEGITIMATE_UPI,False,NONE,legitimate,synthetic,2.0.0-beta,"{""urls"": [], ""phones"": [], ""upi_ids"": [], ""banks"": [], ""emails"": [], ""aadhaar"": [], ""pan"": []}",Synthetic sample for LEGITIMATE_UPI expansion. Generated via pattern-based synthesis.,2026-07-30T09:28:45.571Z,2026-07-30T09:28:45.571Z
LEGITIMATE_UPI_0017,Paytm: Rs 200 paid to Zomato order #ZOM456789. UPI successful. Ref: PTM678905.,paytm: rs 200 paid to zomato order #zom456789. upi successful. ref: ptm678905.,en,LEGITIMATE_UPI,False,NONE,legitimate,synthetic,2.0.0-beta,"{""urls"": [], ""phones"": [], ""upi_ids"": [], ""banks"": [], ""emails"": [], ""aadhaar"": [], ""pan"": []}",Synthetic sample for LEGITIMATE_UPI expansion. Generated via pattern-based synthesis.,2026-07-30T09:28:45.571Z,2026-07-30T09:28:45.571Z
LEGITIMATE_UPI_0018,"BHIM: Rs 3,200 paid to Tata Power Electricity Bill. UPI Ref: BHIM8901234567. Avl Bal Rs 21,000.","bhim: rs 3,200 paid to tata power electricity bill. upi ref: bhim8901234567. avl bal rs 21,000.",en,LEGITIMATE_UPI,False,NONE,legitimate,synthetic,2.0.0-beta,"{""urls"": [], ""phones"": [""8901234567""], ""upi_ids"": [], ""banks"": [], ""emails"": [], ""aadhaar"": [], ""pan"": []}",Synthetic sample for LEGITIMATE_UPI expansion. Generated via pattern-based synthesis.,2026-07-30T09:28:45.571Z,2026-07-30T09:28:45.571Z
LEGITIMATE_UPI_0019,PhonePe: Rs 600 sent to Myntra for order #MYN432109. UPI Ref: PPRef99887766.,phonepe: rs 600 sent to myntra for order #myn432109. upi ref: ppref99887766.,en,LEGITIMATE_UPI,False,NONE,legitimate,synthetic,2.0.0-beta,"{""urls"": [], ""phones"": [], ""upi_ids"": [], ""banks"": [], ""emails"": [], ""aadhaar"": [], ""pan"": []}",Synthetic sample for LEGITIMATE_UPI expansion. Generated via pattern-based synthesis.,2026-07-30T09:28:45.571Z,2026-07-30T09:28:45.571Z
LEGITIMATE_UPI_0020,"GPay: Rs 15,000 transferred to Fixed Deposit A/C FD12345678. UPI Ref: GPay33445566.","gpay: rs 15,000 transferred to fixed deposit a/c fd12345678. upi ref: gpay33445566.",en,LEGITIMATE_UPI,False,NONE,legitimate,synthetic,2.0.0-beta,"{""urls"": [], ""phones"": [], ""upi_ids"": [], ""banks"": [], ""emails"": [], ""aadhaar"": [], ""pan"": []}",Synthetic sample for LEGITIMATE_UPI expansion. Generated via pattern-based synthesis.,2026-07-30T09:28:45.571Z,2026-07-30T09:28:45.571Z
LEGITIMATE_UPI_0021,Amazon Pay: Rs 450 paid for Amazon Prime renewal. Auto-pay via UPI set up.,amazon pay: rs 450 paid for amazon prime renewal. auto-pay via upi set up.,en,LEGITIMATE_UPI,False,NONE,legitimate,synthetic,2.0.0-beta,"{""urls"": [], ""phones"": [], ""upi_ids"": [], ""banks"": [], ""emails"": [], ""aadhaar"": [], ""pan"": []}",Synthetic sample for LEGITIMATE_UPI expansion. Generated via pattern-based synthesis.,2026-07-30T09:28:45.571Z,2026-07-30T09:28:45.571Z
LEGITIMATE_UPI_0022,Cred: Cashback of Rs 123 credited to your UPI linked account from Cred Rewards.,cred: cashback of rs 123 credited to your upi linked account from cred rewards.,en,LEGITIMATE_UPI,False,NONE,legitimate,synthetic,2.0.0-beta,"{""urls"": [], ""phones"": [], ""upi_ids"": [], ""banks"": [], ""emails"": [], ""aadhaar"": [], ""pan"": []}",Synthetic sample for LEGITIMATE_UPI expansion. Generated via pattern-based synthesis.,2026-07-30T09:28:45.571Z,2026-07-30T09:28:45.571Z
LEGITIMATE_UPI_0023,Paytm: Rs 50 paid to parking fee at Mumbai Airport. UPI Ref: PTM445566.,paytm: rs 50 paid to parking fee at mumbai airport. upi ref: ptm445566.,en,LEGITIMATE_UPI,False,NONE,legitimate,synthetic,2.0.0-beta,"{""urls"": [], ""phones"": [], ""upi_ids"": [], ""banks"": [], ""emails"": [], ""aadhaar"": [], ""pan"": []}",Synthetic sample for LEGITIMATE_UPI expansion. Generated via pattern-based synthesis.,2026-07-30T09:28:45.571Z,2026-07-30T09:28:45.571Z
LEGITIMATE_UPI_0024,"GPay: Rs 2,200 paid to LIC Premium - Policy 123456789. UPI Ref: GPay99887766.","gpay: rs 2,200 paid to lic premium - policy 123456789. upi ref: gpay99887766.",en,LEGITIMATE_UPI,False,NONE,legitimate,synthetic,2.0.0-beta,"{""urls"": [], ""phones"": [], ""upi_ids"": [], ""banks"": [], ""emails"": [], ""aadhaar"": [], ""pan"": []}",Synthetic sample for LEGITIMATE_UPI expansion. Generated via pattern-based synthesis.,2026-07-30T09:28:45.571Z,2026-07-30T09:28:45.571Z
LEGITIMATE_UPI_0025,PhonePe: Rs 180 paid to Swiggy Instamart for grocery delivery. UPI Ref: PPRef11122233.,phonepe: rs 180 paid to swiggy instamart for grocery delivery. upi ref: ppref11122233.,en,LEGITIMATE_UPI,False,NONE,legitimate,synthetic,2.0.0-beta,"{""urls"": [], ""phones"": [], ""upi_ids"": [], ""banks"": [], ""emails"": [], ""aadhaar"": [], ""pan"": []}",Synthetic sample for LEGITIMATE_UPI expansion. Generated via pattern-based synthesis.,2026-07-30T09:28:45.571Z,2026-07-30T09:28:45.571Z
LEGITIMATE_UPI_0026,"BHIM: Rs 750 paid to ISP for broadband bill. UPI Ref: BHIM5544332211. Avl Bal Rs 32,000.","bhim: rs 750 paid to isp for broadband bill. upi ref: bhim5544332211. avl bal rs 32,000.",en,LEGITIMATE_UPI,False,NONE,legitimate,synthetic,2.0.0-beta,"{""urls"": [], ""phones"": [""5544332211""], ""upi_ids"": [], ""banks"": [], ""emails"": [], ""aadhaar"": [], ""pan"": []}",Synthetic sample for LEGITIMATE_UPI expansion. Generated via pattern-based synthesis.,2026-07-30T09:28:45.571Z,2026-07-30T09:28:45.571Z
PAN_SCAM_0003,Your PAN card is being used for tax evasion in Gujarat. Call income tax department immediately to avoid legal notice.,your pan card is being used for tax evasion in gujarat. call income tax department immediately to avoid legal notice.,en,PAN_SCAM,True,HIGH,scam,synthetic,2.0.0-beta,"{""urls"": [], ""phones"": [], ""upi_ids"": [], ""banks"": [], ""emails"": [], ""aadhaar"": [], ""pan"": []}",Synthetic sample for PAN_SCAM expansion. Generated via pattern-based synthesis.,2026-07-30T09:28:45.572Z,2026-07-30T09:28:45.572Z
PAN_SCAM_0004,PAN Aadhaar link pending! Your PAN will be deactivated if not linked within 24 hours. Link now: http://link-pan-aadhaar.xyz,pan aadhaar link pending! your pan will be deactivated if not linked within 24 hours. link now: http://link-pan-aadhaar.xyz,en,PAN_SCAM,True,HIGH,scam,synthetic,2.0.0-beta,"{""urls"": [""http://link-pan-aadhaar.xyz""], ""phones"": [], ""upi_ids"": [], ""banks"": [], ""emails"": [], ""aadhaar"": [], ""pan"": []}",Synthetic sample for PAN_SCAM expansion. Generated via pattern-based synthesis.,2026-07-30T09:28:45.572Z,2026-07-30T09:28:45.572Z
PAN_SCAM_0005,Income Tax Dept: Your PAN card linked to shell companies. File response immediately or face prosecution. Call 1800-123-4567.,income tax dept: your pan card linked to shell companies. file response immediately or face prosecution. call 1800-123-4567.,en,PAN_SCAM,True,CRITICAL,scam,synthetic,2.0.0-beta,"{""urls"": [], ""phones"": [""1800-123-4567""], ""upi_ids"": [], ""banks"": [], ""emails"": [], ""aadhaar"": [], ""pan"": []}",Synthetic sample for PAN_SCAM expansion. Generated via pattern-based synthesis.,2026-07-30T09:28:45.573Z,2026-07-30T09:28:45.573Z
PAN_SCAM_0006,PAN card blocked due to suspicious activity. Update KYC now at https://pan-update.in to unblock.,pan card blocked due to suspicious activity. update kyc now at https://pan-update.in to unblock.,en,PAN_SCAM,True,HIGH,scam,synthetic,2.0.0-beta,"{""urls"": [""https://pan-update.in""], ""phones"": [], ""upi_ids"": [], ""banks"": [], ""emails"": [], ""aadhaar"": [], ""pan"": []}",Synthetic sample for PAN_SCAM expansion. Generated via pattern-based synthesis.,2026-07-30T09:28:45.573Z,2026-07-30T09:28:45.573Z
PAN_SCAM_0007,Your PAN has been used to open 3 bank accounts in Gujarat. Immediate verification required.,your pan has been used to open 3 bank accounts in gujarat. immediate verification required.,en,PAN_SCAM,True,CRITICAL,scam,synthetic,2.0.0-beta,"{""urls"": [], ""phones"": [], ""upi_ids"": [], ""banks"": [], ""emails"": [], ""aadhaar"": [], ""pan"": []}",Synthetic sample for PAN_SCAM expansion. Generated via pattern-based synthesis.,2026-07-30T09:28:45.573Z,2026-07-30T09:28:45.573Z
PAN_SCAM_0008,PAN card services: Your PAN application DIG1234567F requires biometric verification. Visit nearest centre.,pan card services: your pan application dig1234567f requires biometric verification. visit nearest centre.,en,PAN_SCAM,True,MEDIUM,scam,synthetic,2.0.0-beta,"{""urls"": [], ""phones"": [], ""upi_ids"": [], ""banks"": [], ""emails"": [], ""aadhaar"": [], ""pan"": []}",Synthetic sample for PAN_SCAM expansion. Generated via pattern-based synthesis.,2026-07-30T09:28:45.573Z,2026-07-30T09:28:45.573Z
PAN_SCAM_0009,Alert: Multiple IT returns filed using your PAN. Verify at https://income-tax-verify.xyz,alert: multiple it returns filed using your pan. verify at https://income-tax-verify.xyz,en,PAN_SCAM,True,CRITICAL,scam,synthetic,2.0.0-beta,"{""urls"": [""https://income-tax-verify.xyz""], ""phones"": [], ""upi_ids"": [], ""banks"": [], ""emails"": [], ""aadhaar"": [], ""pan"": []}",Synthetic sample for PAN_SCAM expansion. Generated via pattern-based synthesis.,2026-07-30T09:28:45.573Z,2026-07-30T09:28:45.573Z
PAN_SCAM_0010,PAN card fraud detected in Rajasthan. Your PAN has been used for illegal gold purchases. Call now.,pan card fraud detected in rajasthan. your pan has been used for illegal gold purchases. call now.,en,PAN_SCAM,True,CRITICAL,scam,synthetic,2.0.0-beta,"{""urls"": [], ""phones"": [], ""upi_ids"": [], ""banks"": [], ""emails"": [], ""aadhaar"": [], ""pan"": []}",Synthetic sample for PAN_SCAM expansion. Generated via pattern-based synthesis.,2026-07-30T09:28:45.573Z,2026-07-30T09:28:45.573Z
PAN_SCAM_0011,"Your PAN has been selected for income tax refund of Rs 45,000. Click to claim: http://pan-refund.tk","your pan has been selected for income tax refund of rs 45,000. click to claim: http://pan-refund.tk",en,PAN_SCAM,True,HIGH,scam,synthetic,2.0.0-beta,"{""urls"": [""http://pan-refund.tk""], ""phones"": [], ""upi_ids"": [], ""banks"": [], ""emails"": [], ""aadhaar"": [], ""pan"": []}",Synthetic sample for PAN_SCAM expansion. Generated via pattern-based synthesis.,2026-07-30T09:28:45.573Z,2026-07-30T09:28:45.573Z
PAN_SCAM_0012,NSDL: Your PAN application is complete. Download e-PAN at https://nsdlpan.com/download with ref PAN987654.,nsdl: your pan application is complete. download e-pan at https://nsdlpan.com/download with ref pan987654.,en,PAN_SCAM,True,MEDIUM,scam,synthetic,2.0.0-beta,"{""urls"": [""https://nsdlpan.com/download""], ""phones"": [], ""upi_ids"": [], ""banks"": [], ""emails"": [], ""aadhaar"": [], ""pan"": []}",Synthetic sample for PAN_SCAM expansion. Generated via pattern-based synthesis.,2026-07-30T09:28:45.573Z,2026-07-30T09:28:45.573Z
PAN_SCAM_0013,PAN card upgrade to new design mandatory. Pay Rs 950 processing fee to get new card: http://pan-upgrade.xyz,pan card upgrade to new design mandatory. pay rs 950 processing fee to get new card: http://pan-upgrade.xyz,en,PAN_SCAM,True,MEDIUM,scam,synthetic,2.0.0-beta,"{""urls"": [""http://pan-upgrade.xyz""], ""phones"": [], ""upi_ids"": [], ""banks"": [], ""emails"": [], ""aadhaar"": [], ""pan"": []}",Synthetic sample for PAN_SCAM expansion. Generated via pattern-based synthesis.,2026-07-30T09:28:45.573Z,2026-07-30T09:28:45.573Z
PAN_SCAM_0014,Your PAN has been used in hawala transactions worth Rs 2.5 crore. ED has issued summons. Contact legal cell.,your pan has been used in hawala transactions worth rs 2.5 crore. ed has issued summons. contact legal cell.,en,PAN_SCAM,True,CRITICAL,scam,synthetic,2.0.0-beta,"{""urls"": [], ""phones"": [], ""upi_ids"": [], ""banks"": [], ""emails"": [], ""aadhaar"": [], ""pan"": []}",Synthetic sample for PAN_SCAM expansion. Generated via pattern-based synthesis.,2026-07-30T09:28:45.573Z,2026-07-30T09:28:45.573Z
PAN_SCAM_0015,PAN card deactivation warning: Multiple bank accounts linked to your PAN found suspicious. Verify identity.,pan card deactivation warning: multiple bank accounts linked to your pan found suspicious. verify identity.,en,PAN_SCAM,True,CRITICAL,scam,synthetic,2.0.0-beta,"{""urls"": [], ""phones"": [], ""upi_ids"": [], ""banks"": [], ""emails"": [], ""aadhaar"": [], ""pan"": []}",Synthetic sample for PAN_SCAM expansion. Generated via pattern-based synthesis.,2026-07-30T09:28:45.573Z,2026-07-30T09:28:45.573Z
PAN_SCAM_0016,"Income Tax: Rs 25,000 refund against your PAN is pending. Update bank details at https://itr-refund.net","income tax: rs 25,000 refund against your pan is pending. update bank details at https://itr-refund.net",en,PAN_SCAM,True,HIGH,scam,synthetic,2.0.0-beta,"{""urls"": [""https://itr-refund.net""], ""phones"": [], ""upi_ids"": [], ""banks"": [], ""emails"": [], ""aadhaar"": [], ""pan"": []}",Synthetic sample for PAN_SCAM expansion. Generated via pattern-based synthesis.,2026-07-30T09:28:45.573Z,2026-07-30T09:28:45.573Z
PAN_SCAM_0017,Your PAN has been temporarily suspended by IT Department. Click to know reason: http://pan-status.xyz,your pan has been temporarily suspended by it department. click to know reason: http://pan-status.xyz,en,PAN_SCAM,True,HIGH,scam,synthetic,2.0.0-beta,"{""urls"": [""http://pan-status.xyz""], ""phones"": [], ""upi_ids"": [], ""banks"": [], ""emails"": [], ""aadhaar"": [], ""pan"": []}",Synthetic sample for PAN_SCAM expansion. Generated via pattern-based synthesis.,2026-07-30T09:28:45.574Z,2026-07-30T09:28:45.574Z
PAN_SCAM_0018,PAN Aadhaar link is compulsory now. Your PAN will become inoperative after deadline. Link now via OTP.,pan aadhaar link is compulsory now. your pan will become inoperative after deadline. link now via otp.,en,PAN_SCAM,True,HIGH,scam,synthetic,2.0.0-beta,"{""urls"": [], ""phones"": [], ""upi_ids"": [], ""banks"": [], ""emails"": [], ""aadhaar"": [], ""pan"": []}",Synthetic sample for PAN_SCAM expansion. Generated via pattern-based synthesis.,2026-07-30T09:28:45.574Z,2026-07-30T09:28:45.574Z
PAN_SCAM_0019,Suspicious: Your PAN used to open demat account in Mumbai. Not you? Call 1800-425-6789 immediately.,suspicious: your pan used to open demat account in mumbai. not you? call 1800-425-6789 immediately.,en,PAN_SCAM,True,CRITICAL,scam,synthetic,2.0.0-beta,"{""urls"": [], ""phones"": [""1800-425-6789""], ""upi_ids"": [], ""banks"": [], ""emails"": [], ""aadhaar"": [], ""pan"": []}",Synthetic sample for PAN_SCAM expansion. Generated via pattern-based synthesis.,2026-07-30T09:28:45.574Z,2026-07-30T09:28:45.574Z
PAN_SCAM_0020,Tax notice under Section 143(1) issued on your PAN. Respond within 30 days to avoid penalty.,tax notice under section 143(1) issued on your pan. respond within 30 days to avoid penalty.,en,PAN_SCAM,True,HIGH,scam,synthetic,2.0.0-beta,"{""urls"": [], ""phones"": [], ""upi_ids"": [], ""banks"": [], ""emails"": [], ""aadhaar"": [], ""pan"": []}",Synthetic sample for PAN_SCAM expansion. Generated via pattern-based synthesis.,2026-07-30T09:28:45.574Z,2026-07-30T09:28:45.574Z
PAN_SCAM_0021,"Your PAN card is expired! Renew now at https://pan-renewal.in. Late fee Rs 1,000 applicable.","your pan card is expired! renew now at https://pan-renewal.in. late fee rs 1,000 applicable.",en,PAN_SCAM,True,MEDIUM,scam,synthetic,2.0.0-beta,"{""urls"": [""https://pan-renewal.in.""], ""phones"": [], ""upi_ids"": [], ""banks"": [], ""emails"": [], ""aadhaar"": [], ""pan"": []}",Synthetic sample for PAN_SCAM expansion. Generated via pattern-based synthesis.,2026-07-30T09:28:45.574Z,2026-07-30T09:28:45.574Z
PAN_SCAM_0022,PAN card blocked by IT dept due to non-filing of returns. File immediately or face penalty.,pan card blocked by it dept due to non-filing of returns. file immediately or face penalty.,en,PAN_SCAM,True,HIGH,scam,synthetic,2.0.0-beta,"{""urls"": [], ""phones"": [], ""upi_ids"": [], ""banks"": [], ""emails"": [], ""aadhaar"": [], ""pan"": []}",Synthetic sample for PAN_SCAM expansion. Generated via pattern-based synthesis.,2026-07-30T09:28:45.574Z,2026-07-30T09:28:45.574Z
PAN_SCAM_0023,"Rs 12,500 tax refund approved against PAN ABCDE1234F. Claim now: http://refund-itr.xyz","rs 12,500 tax refund approved against pan abcde1234f. claim now: http://refund-itr.xyz",en,PAN_SCAM,True,HIGH,scam,synthetic,2.0.0-beta,"{""urls"": [""http://refund-itr.xyz""], ""phones"": [], ""upi_ids"": [], ""banks"": [], ""emails"": [], ""aadhaar"": [], ""pan"": [""ABCDE1234F""]}",Synthetic sample for PAN_SCAM expansion. Generated via pattern-based synthesis.,2026-07-30T09:28:45.574Z,2026-07-30T09:28:45.574Z
PAN_SCAM_0024,Your PAN has been compromised in data breach. Freeze your PAN immediately at https://pan-freeze.tk,your pan has been compromised in data breach. freeze your pan immediately at https://pan-freeze.tk,en,PAN_SCAM,True,CRITICAL,scam,synthetic,2.0.0-beta,"{""urls"": [""https://pan-freeze.tk""], ""phones"": [], ""upi_ids"": [], ""banks"": [], ""emails"": [], ""aadhaar"": [], ""pan"": []}",Synthetic sample for PAN_SCAM expansion. Generated via pattern-based synthesis.,2026-07-30T09:28:45.574Z,2026-07-30T09:28:45.574Z
PAN_SCAM_0025,PAN card verification failed. Update Aadhaar-linked mobile to continue using PAN for financial transactions.,pan card verification failed. update aadhaar-linked mobile to continue using pan for financial transactions.,en,PAN_SCAM,True,HIGH,scam,synthetic,2.0.0-beta,"{""urls"": [], ""phones"": [], ""upi_ids"": [], ""banks"": [], ""emails"": [], ""aadhaar"": [], ""pan"": []}",Synthetic sample for PAN_SCAM expansion. Generated via pattern-based synthesis.,2026-07-30T09:28:45.574Z,2026-07-30T09:28:45.574Z
QR_SCAM_0012,"Scan QR to receive your Rs 25,000 LIC bonus payment. Code valid for 24 hours only.","scan qr to receive your rs 25,000 lic bonus payment. code valid for 24 hours only.",en,QR_SCAM,True,HIGH,scam,synthetic,2.0.0-beta,"{""urls"": [], ""phones"": [], ""upi_ids"": [], ""banks"": [], ""emails"": [], ""aadhaar"": [], ""pan"": []}",Synthetic sample for QR_SCAM expansion. Generated via pattern-based synthesis.,2026-07-30T09:28:45.575Z,2026-07-30T09:28:45.575Z
QR_SCAM_0013,UPI QR code panni Rs 500 cashback vangikunga! Limited time offer from PhonePe.,upi qr code panni rs 500 cashback vangikunga! limited time offer from phonepe.,HIGH,QR_SCAM,True,ta-en,scam,synthetic,2.0.0-beta,"{""urls"": [], ""phones"": [], ""upi_ids"": [], ""banks"": [], ""emails"": [], ""aadhaar"": [], ""pan"": []}",Synthetic sample for QR_SCAM expansion. Generated via pattern-based synthesis.,2026-07-30T09:28:45.575Z,2026-07-30T09:28:45.575Z
QR_SCAM_0014,Scan the QR below to complete KYC and avoid account freeze. Do it now.,scan the qr below to complete kyc and avoid account freeze. do it now.,en,QR_SCAM,True,HIGH,scam,synthetic,2.0.0-beta,"{""urls"": [], ""phones"": [], ""upi_ids"": [], ""banks"": [], ""emails"": [], ""aadhaar"": [], ""pan"": []}",Synthetic sample for QR_SCAM expansion. Generated via pattern-based synthesis.,2026-07-30T09:28:45.575Z,2026-07-30T09:28:45.575Z
QR_SCAM_0015,"Flipkart Rs 10,000 gift card! Scan QR code to claim. https://qr-gift.xyz","flipkart rs 10,000 gift card! scan qr code to claim. https://qr-gift.xyz",en,QR_SCAM,True,HIGH,scam,synthetic,2.0.0-beta,"{""urls"": [""https://qr-gift.xyz""], ""phones"": [], ""upi_ids"": [], ""banks"": [], ""emails"": [], ""aadhaar"": [], ""pan"": []}",Synthetic sample for QR_SCAM expansion. Generated via pattern-based synthesis.,2026-07-30T09:28:45.575Z,2026-07-30T09:28:45.575Z
QR_SCAM_0016,QR code scan panni your parcel tracking update pannunga. https://track-qr.tk,qr code scan panni your parcel tracking update pannunga. https://track-qr.tk,MEDIUM,QR_SCAM,True,ta-en,scam,synthetic,2.0.0-beta,"{""urls"": [""https://track-qr.tk""], ""phones"": [], ""upi_ids"": [], ""banks"": [], ""emails"": [], ""aadhaar"": [], ""pan"": []}",Synthetic sample for QR_SCAM expansion. Generated via pattern-based synthesis.,2026-07-30T09:28:45.575Z,2026-07-30T09:28:45.575Z
QR_SCAM_0017,"Scan QR to pay customs duty of Rs 2,500 for your international parcel release.","scan qr to pay customs duty of rs 2,500 for your international parcel release.",en,QR_SCAM,True,HIGH,scam,synthetic,2.0.0-beta,"{""urls"": [], ""phones"": [], ""upi_ids"": [], ""banks"": [], ""emails"": [], ""aadhaar"": [], ""pan"": []}",Synthetic sample for QR_SCAM expansion. Generated via pattern-based synthesis.,2026-07-30T09:28:45.575Z,2026-07-30T09:28:45.575Z
QR_SCAM_0018,GPay cashback offer: Scan any QR and get Rs 250 guaranteed. Limited period.,gpay cashback offer: scan any qr and get rs 250 guaranteed. limited period.,en,QR_SCAM,True,MEDIUM,scam,synthetic,2.0.0-beta,"{""urls"": [], ""phones"": [], ""upi_ids"": [], ""banks"": [], ""emails"": [], ""aadhaar"": [], ""pan"": []}",Synthetic sample for QR_SCAM expansion. Generated via pattern-based synthesis.,2026-07-30T09:28:45.575Z,2026-07-30T09:28:45.575Z
QR_SCAM_0019,QR code scan karke apna insurance claim status check karein: http://qr-insurance.xyz,qr code scan karke apna insurance claim status check karein: http://qr-insurance.xyz,MEDIUM,QR_SCAM,True,hi-en,scam,synthetic,2.0.0-beta,"{""urls"": [""http://qr-insurance.xyz""], ""phones"": [], ""upi_ids"": [], ""banks"": [], ""emails"": [], ""aadhaar"": [], ""pan"": []}",Synthetic sample for QR_SCAM expansion. Generated via pattern-based synthesis.,2026-07-30T09:28:45.576Z,2026-07-30T09:28:45.576Z
QR_SCAM_0020,"Your refund of Rs 3,200 is ready. Scan QR code to receive amount in your bank.","your refund of rs 3,200 is ready. scan qr code to receive amount in your bank.",en,QR_SCAM,True,HIGH,scam,synthetic,2.0.0-beta,"{""urls"": [], ""phones"": [], ""upi_ids"": [], ""banks"": [], ""emails"": [], ""aadhaar"": [], ""pan"": []}",Synthetic sample for QR_SCAM expansion. Generated via pattern-based synthesis.,2026-07-30T09:28:45.576Z,2026-07-30T09:28:45.576Z
QR_SCAM_0021,QR code scan panni room booking confirm pannunga. OYO partner offer.,qr code scan panni room booking confirm pannunga. oyo partner offer.,MEDIUM,QR_SCAM,True,ta-en,scam,synthetic,2.0.0-beta,"{""urls"": [], ""phones"": [], ""upi_ids"": [], ""banks"": [], ""emails"": [], ""aadhaar"": [], ""pan"": []}",Synthetic sample for QR_SCAM expansion. Generated via pattern-based synthesis.,2026-07-30T09:28:45.576Z,2026-07-30T09:28:45.576Z
QR_SCAM_0022,Scan to pay your credit card bill and get 5% cashback up to Rs 750.,scan to pay your credit card bill and get 5% cashback up to rs 750.,en,QR_SCAM,True,HIGH,scam,synthetic,2.0.0-beta,"{""urls"": [], ""phones"": [], ""upi_ids"": [], ""banks"": [], ""emails"": [], ""aadhaar"": [], ""pan"": []}",Synthetic sample for QR_SCAM expansion. Generated via pattern-based synthesis.,2026-07-30T09:28:45.576Z,2026-07-30T09:28:45.576Z
QR_SCAM_0023,QR code scan karke apna SIM card reactivate karein. Last chance!,qr code scan karke apna sim card reactivate karein. last chance!,HIGH,QR_SCAM,True,hi-en,scam,synthetic,2.0.0-beta,"{""urls"": [], ""phones"": [], ""upi_ids"": [], ""banks"": [], ""emails"": [], ""aadhaar"": [], ""pan"": []}",Synthetic sample for QR_SCAM expansion. Generated via pattern-based synthesis.,2026-07-30T09:28:45.576Z,2026-07-30T09:28:45.576Z
QR_SCAM_0024,Free Netflix for 1 year! Scan QR code and register. Limited 1000 claims.,free netflix for 1 year! scan qr code and register. limited 1000 claims.,en,QR_SCAM,True,HIGH,scam,synthetic,2.0.0-beta,"{""urls"": [], ""phones"": [], ""upi_ids"": [], ""banks"": [], ""emails"": [], ""aadhaar"": [], ""pan"": []}",Synthetic sample for QR_SCAM expansion. Generated via pattern-based synthesis.,2026-07-30T09:28:45.576Z,2026-07-30T09:28:45.576Z
QR_SCAM_0025,QR code: Scan to complete your Aadhaar update. Government mandated.,qr code: scan to complete your aadhaar update. government mandated.,en,QR_SCAM,True,HIGH,scam,synthetic,2.0.0-beta,"{""urls"": [], ""phones"": [], ""upi_ids"": [], ""banks"": [], ""emails"": [], ""aadhaar"": [], ""pan"": []}",Synthetic sample for QR_SCAM expansion. Generated via pattern-based synthesis.,2026-07-30T09:28:45.576Z,2026-07-30T09:28:45.576Z
ROMANCE_SCAM_0008,"Hi honey, I am Dr Sarah from UK working with WHO in Yemen. I need $500 for emergency evacuation. Please help.","hi honey, i am dr sarah from uk working with who in yemen. i need $500 for emergency evacuation. please help.",en,ROMANCE_SCAM,True,HIGH,scam,synthetic,2.0.0-beta,"{""urls"": [], ""phones"": [], ""upi_ids"": [], ""banks"": [], ""emails"": [], ""aadhaar"": [], ""pan"": []}",Synthetic sample for ROMANCE_SCAM expansion. Generated via pattern-based synthesis.,2026-07-30T09:28:45.577Z,2026-07-30T09:28:45.577Z
ROMANCE_SCAM_0009,"I am Jennifer, a US model. I want to visit you in India but my agency demands Rs 75,000 release fee.","i am jennifer, a us model. i want to visit you in india but my agency demands rs 75,000 release fee.",en,ROMANCE_SCAM,True,HIGH,scam,synthetic,2.0.0-beta,"{""urls"": [], ""phones"": [], ""upi_ids"": [], ""banks"": [], ""emails"": [], ""aadhaar"": [], ""pan"": []}",Synthetic sample for ROMANCE_SCAM expansion. Generated via pattern-based synthesis.,2026-07-30T09:28:45.577Z,2026-07-30T09:28:45.577Z
ROMANCE_SCAM_0010,"Hello my love. I am oil rig worker from Canada. My ship is stuck in piracy zone. Send $2,000 for rescue fee.","hello my love. i am oil rig worker from canada. my ship is stuck in piracy zone. send $2,000 for rescue fee.",en,ROMANCE_SCAM,True,HIGH,scam,synthetic,2.0.0-beta,"{""urls"": [], ""phones"": [], ""upi_ids"": [], ""banks"": [], ""emails"": [], ""aadhaar"": [], ""pan"": []}",Synthetic sample for ROMANCE_SCAM expansion. Generated via pattern-based synthesis.,2026-07-30T09:28:45.577Z,2026-07-30T09:28:45.577Z
ROMANCE_SCAM_0011,"I am Priya, single mother in UK. I inherited 2 million pounds but need Rs 50,000 for inheritance tax clearance.","i am priya, single mother in uk. i inherited 2 million pounds but need rs 50,000 for inheritance tax clearance.",en,ROMANCE_SCAM,True,HIGH,scam,synthetic,2.0.0-beta,"{""urls"": [], ""phones"": [], ""upi_ids"": [], ""banks"": [], ""emails"": [], ""aadhaar"": [], ""pan"": []}",Synthetic sample for ROMANCE_SCAM expansion. Generated via pattern-based synthesis.,2026-07-30T09:28:45.577Z,2026-07-30T09:28:45.577Z
ROMANCE_SCAM_0012,"Sweetheart, I am US engineer in Afghanistan. My contract ended. Need $800 for flight to meet you in India.","sweetheart, i am us engineer in afghanistan. my contract ended. need $800 for flight to meet you in india.",en,ROMANCE_SCAM,True,HIGH,scam,synthetic,2.0.0-beta,"{""urls"": [], ""phones"": [], ""upi_ids"": [], ""banks"": [], ""emails"": [], ""aadhaar"": [], ""pan"": []}",Synthetic sample for ROMANCE_SCAM expansion. Generated via pattern-based synthesis.,2026-07-30T09:28:45.577Z,2026-07-30T09:28:45.577Z
ROMANCE_SCAM_0013,"Hi darling, I am Japanese businesswoman. My father left me gold bars worth $5 million. Help me transfer.","hi darling, i am japanese businesswoman. my father left me gold bars worth $5 million. help me transfer.",en,ROMANCE_SCAM,True,HIGH,scam,synthetic,2.0.0-beta,"{""urls"": [], ""phones"": [], ""upi_ids"": [], ""banks"": [], ""emails"": [], ""aadhaar"": [], ""pan"": []}",Synthetic sample for ROMANCE_SCAM expansion. Generated via pattern-based synthesis.,2026-07-30T09:28:45.577Z,2026-07-30T09:28:45.577Z
ROMANCE_SCAM_0014,"My dear, I am NGO worker in Syria. UN released funds but I need Rs 35,000 for bank clearance fees.","my dear, i am ngo worker in syria. un released funds but i need rs 35,000 for bank clearance fees.",en,ROMANCE_SCAM,True,HIGH,scam,synthetic,2.0.0-beta,"{""urls"": [], ""phones"": [], ""upi_ids"": [], ""banks"": [], ""emails"": [], ""aadhaar"": [], ""pan"": []}",Synthetic sample for ROMANCE_SCAM expansion. Generated via pattern-based synthesis.,2026-07-30T09:28:45.577Z,2026-07-30T09:28:45.577Z
ROMANCE_SCAM_0015,"Hi jaan, I am Dubai princess. I ran away from home. Please send Rs 25,000 for my passport and ticket.","hi jaan, i am dubai princess. i ran away from home. please send rs 25,000 for my passport and ticket.",en,ROMANCE_SCAM,True,HIGH,scam,synthetic,2.0.0-beta,"{""urls"": [], ""phones"": [], ""upi_ids"": [], ""banks"": [], ""emails"": [], ""aadhaar"": [], ""pan"": []}",Synthetic sample for ROMANCE_SCAM expansion. Generated via pattern-based synthesis.,2026-07-30T09:28:45.577Z,2026-07-30T09:28:45.577Z
ROMANCE_SCAM_0016,"My love, I am Australian pilot. I have gold biscuits seized at customs. Pay Rs 45,000 to release them.","my love, i am australian pilot. i have gold biscuits seized at customs. pay rs 45,000 to release them.",en,ROMANCE_SCAM,True,HIGH,scam,synthetic,2.0.0-beta,"{""urls"": [], ""phones"": [], ""upi_ids"": [], ""banks"": [], ""emails"": [], ""aadhaar"": [], ""pan"": []}",Synthetic sample for ROMANCE_SCAM expansion. Generated via pattern-based synthesis.,2026-07-30T09:28:45.577Z,2026-07-30T09:28:45.577Z
ROMANCE_SCAM_0017,"I am Russian model who loves you. My visa to India costs Rs 40,000. Please send money I will marry you.","i am russian model who loves you. my visa to india costs rs 40,000. please send money i will marry you.",en,ROMANCE_SCAM,True,HIGH,scam,synthetic,2.0.0-beta,"{""urls"": [], ""phones"": [], ""upi_ids"": [], ""banks"": [], ""emails"": [], ""aadhaar"": [], ""pan"": []}",Synthetic sample for ROMANCE_SCAM expansion. Generated via pattern-based synthesis.,2026-07-30T09:28:45.578Z,2026-07-30T09:28:45.578Z
ROMANCE_SCAM_0018,"Hello darling, I am US army nurse in Iraq. My leave approved but need $1,200 for ticket to meet you.","hello darling, i am us army nurse in iraq. my leave approved but need $1,200 for ticket to meet you.",en,ROMANCE_SCAM,True,HIGH,scam,synthetic,2.0.0-beta,"{""urls"": [], ""phones"": [], ""upi_ids"": [], ""banks"": [], ""emails"": [], ""aadhaar"": [], ""pan"": []}",Synthetic sample for ROMANCE_SCAM expansion. Generated via pattern-based synthesis.,2026-07-30T09:28:45.578Z,2026-07-30T09:28:45.578Z
ROMANCE_SCAM_0019,"Hi sweetie, I am Nigerian prince's daughter. I need your help to transfer $10 million out of Africa.","hi sweetie, i am nigerian prince's daughter. i need your help to transfer $10 million out of africa.",en,ROMANCE_SCAM,True,HIGH,scam,synthetic,2.0.0-beta,"{""urls"": [], ""phones"": [], ""upi_ids"": [], ""banks"": [], ""emails"": [], ""aadhaar"": [], ""pan"": []}",Synthetic sample for ROMANCE_SCAM expansion. Generated via pattern-based synthesis.,2026-07-30T09:28:45.578Z,2026-07-30T09:28:45.578Z
ROMANCE_SCAM_0020,"I am Korean pop singer coming to India for concert. My manager demands Rs 60,000 for registration fee.","i am korean pop singer coming to india for concert. my manager demands rs 60,000 for registration fee.",en,ROMANCE_SCAM,True,HIGH,scam,synthetic,2.0.0-beta,"{""urls"": [], ""phones"": [], ""upi_ids"": [], ""banks"": [], ""emails"": [], ""aadhaar"": [], ""pan"": []}",Synthetic sample for ROMANCE_SCAM expansion. Generated via pattern-based synthesis.,2026-07-30T09:28:45.578Z,2026-07-30T09:28:45.578Z
ROMANCE_SCAM_0021,"My heart, I am French fashion designer. My inheritance of 1 million euros is stuck. Help me with Rs 55,000 tax.","my heart, i am french fashion designer. my inheritance of 1 million euros is stuck. help me with rs 55,000 tax.",en,ROMANCE_SCAM,True,HIGH,scam,synthetic,2.0.0-beta,"{""urls"": [], ""phones"": [], ""upi_ids"": [], ""banks"": [], ""emails"": [], ""aadhaar"": [], ""pan"": []}",Synthetic sample for ROMANCE_SCAM expansion. Generated via pattern-based synthesis.,2026-07-30T09:28:45.578Z,2026-07-30T09:28:45.578Z
ROMANCE_SCAM_0022,"Dear, I am UN peacekeeper in Congo. My mission is over. Need $1,500 for early retirement clearance.","dear, i am un peacekeeper in congo. my mission is over. need $1,500 for early retirement clearance.",en,ROMANCE_SCAM,True,HIGH,scam,synthetic,2.0.0-beta,"{""urls"": [], ""phones"": [], ""upi_ids"": [], ""banks"": [], ""emails"": [], ""aadhaar"": [], ""pan"": []}",Synthetic sample for ROMANCE_SCAM expansion. Generated via pattern-based synthesis.,2026-07-30T09:28:45.578Z,2026-07-30T09:28:45.578Z
ROMANCE_SCAM_0023,"Hello my life, I am Brazilian model. I want to settle in India. My agency fee is Rs 30,000 for release.","hello my life, i am brazilian model. i want to settle in india. my agency fee is rs 30,000 for release.",en,ROMANCE_SCAM,True,HIGH,scam,synthetic,2.0.0-beta,"{""urls"": [], ""phones"": [], ""upi_ids"": [], ""banks"": [], ""emails"": [], ""aadhaar"": [], ""pan"": []}",Synthetic sample for ROMANCE_SCAM expansion. Generated via pattern-based synthesis.,2026-07-30T09:28:45.578Z,2026-07-30T09:28:45.578Z
ROMANCE_SCAM_0024,"I am Italian chef in Dubai. I won lottery of $2 million. Need Rs 20,000 to claim my prize. Let's share.","i am italian chef in dubai. i won lottery of $2 million. need rs 20,000 to claim my prize. let's share.",en,ROMANCE_SCAM,True,HIGH,scam,synthetic,2.0.0-beta,"{""urls"": [], ""phones"": [], ""upi_ids"": [], ""banks"": [], ""emails"": [], ""aadhaar"": [], ""pan"": []}",Synthetic sample for ROMANCE_SCAM expansion. Generated via pattern-based synthesis.,2026-07-30T09:28:45.578Z,2026-07-30T09:28:45.578Z
ROMANCE_SCAM_0025,"Hi babu, I am Sri Lankan Tamil girl. I love you. Help me with Rs 15,000 for visa to come to Chennai.","hi babu, i am sri lankan tamil girl. i love you. help me with rs 15,000 for visa to come to chennai.",MEDIUM,ROMANCE_SCAM,True,ta-en,scam,synthetic,2.0.0-beta,"{""urls"": [], ""phones"": [], ""upi_ids"": [], ""banks"": [], ""emails"": [], ""aadhaar"": [], ""pan"": []}",Synthetic sample for ROMANCE_SCAM expansion. Generated via pattern-based synthesis.,2026-07-30T09:28:45.578Z,2026-07-30T09:28:45.578Z
TELECOM_SCAM_0016,Dear Jio user: Your SIM will be blocked within 12 hours due to KYC not updated. Update now: http://jio-kyc.in,dear jio user: your sim will be blocked within 12 hours due to kyc not updated. update now: http://jio-kyc.in,en,TELECOM_SCAM,True,HIGH,scam,synthetic,2.0.0-beta,"{""urls"": [""http://jio-kyc.in""], ""phones"": [], ""upi_ids"": [], ""banks"": [], ""emails"": [], ""aadhaar"": [], ""pan"": []}",Synthetic sample for TELECOM_SCAM expansion. Generated via pattern-based synthesis.,2026-07-30T09:28:45.579Z,2026-07-30T09:28:45.579Z
TELECOM_SCAM_0017,Airtel: Your number will be disconnected. Call customer care immediately to avoid deactivation.,airtel: your number will be disconnected. call customer care immediately to avoid deactivation.,en,TELECOM_SCAM,True,HIGH,scam,synthetic,2.0.0-beta,"{""urls"": [], ""phones"": [], ""upi_ids"": [], ""banks"": [], ""emails"": [], ""aadhaar"": [], ""pan"": []}",Synthetic sample for TELECOM_SCAM expansion. Generated via pattern-based synthesis.,2026-07-30T09:28:45.579Z,2026-07-30T09:28:45.579Z
TELECOM_SCAM_0018,VI: Your SIM has been used for illegal activities. Call 1800-123-456 immediately to explain.,vi: your sim has been used for illegal activities. call 1800-123-456 immediately to explain.,en,TELECOM_SCAM,True,CRITICAL,scam,synthetic,2.0.0-beta,"{""urls"": [], ""phones"": [], ""upi_ids"": [], ""banks"": [], ""emails"": [], ""aadhaar"": [], ""pan"": []}",Synthetic sample for TELECOM_SCAM expansion. Generated via pattern-based synthesis.,2026-07-30T09:28:45.579Z,2026-07-30T09:28:45.579Z
TELECOM_SCAM_0019,BSNL: Your mobile number has been cloned. Immediate action required to block duplicate SIM.,bsnl: your mobile number has been cloned. immediate action required to block duplicate sim.,en,TELECOM_SCAM,True,CRITICAL,scam,synthetic,2.0.0-beta,"{""urls"": [], ""phones"": [], ""upi_ids"": [], ""banks"": [], ""emails"": [], ""aadhaar"": [], ""pan"": []}",Synthetic sample for TELECOM_SCAM expansion. Generated via pattern-based synthesis.,2026-07-30T09:28:45.579Z,2026-07-30T09:28:45.579Z
TELECOM_SCAM_0020,TRAI: Your mobile number is involved in spam calls. Your number will be disconnected permanently.,trai: your mobile number is involved in spam calls. your number will be disconnected permanently.,en,TELECOM_SCAM,True,HIGH,scam,synthetic,2.0.0-beta,"{""urls"": [], ""phones"": [], ""upi_ids"": [], ""banks"": [], ""emails"": [], ""aadhaar"": [], ""pan"": []}",Synthetic sample for TELECOM_SCAM expansion. Generated via pattern-based synthesis.,2026-07-30T09:28:45.579Z,2026-07-30T09:28:45.579Z
TELECOM_SCAM_0021,Jio: Special offer! Upgrade to 5G free for 1 year. Click https://jio-5g-offer.xyz to activate.,jio: special offer! upgrade to 5g free for 1 year. click https://jio-5g-offer.xyz to activate.,en,TELECOM_SCAM,True,MEDIUM,scam,synthetic,2.0.0-beta,"{""urls"": [""https://jio-5g-offer.xyz""], ""phones"": [], ""upi_ids"": [], ""banks"": [], ""emails"": [], ""aadhaar"": [], ""pan"": []}",Synthetic sample for TELECOM_SCAM expansion. Generated via pattern-based synthesis.,2026-07-30T09:28:45.580Z,2026-07-30T09:28:45.580Z
TELECOM_SCAM_0022,Airtel: Rs 99 unlimited data pack for 28 days. Claim now before offer expires: http://airtel-offer.tk,airtel: rs 99 unlimited data pack for 28 days. claim now before offer expires: http://airtel-offer.tk,en,TELECOM_SCAM,True,MEDIUM,scam,synthetic,2.0.0-beta,"{""urls"": [""http://airtel-offer.tk""], ""phones"": [], ""upi_ids"": [], ""banks"": [], ""emails"": [], ""aadhaar"": [], ""pan"": []}",Synthetic sample for TELECOM_SCAM expansion. Generated via pattern-based synthesis.,2026-07-30T09:28:45.580Z,2026-07-30T09:28:45.580Z
TELECOM_SCAM_0023,VI: Your SIM card has been deactivated due to Aadhaar biometric mismatch. Re-verify at https://vi-verify.xyz,vi: your sim card has been deactivated due to aadhaar biometric mismatch. re-verify at https://vi-verify.xyz,en,TELECOM_SCAM,True,HIGH,scam,synthetic,2.0.0-beta,"{""urls"": [""https://vi-verify.xyz""], ""phones"": [], ""upi_ids"": [], ""banks"": [], ""emails"": [], ""aadhaar"": [], ""pan"": []}",Synthetic sample for TELECOM_SCAM expansion. Generated via pattern-based synthesis.,2026-07-30T09:28:45.580Z,2026-07-30T09:28:45.580Z
TELECOM_SCAM_0024,"BSNL: Your FTTH broadband will be disconnected for non-payment. Pay Rs 1,200 immediately.","bsnl: your ftth broadband will be disconnected for non-payment. pay rs 1,200 immediately.",en,TELECOM_SCAM,True,HIGH,scam,synthetic,2.0.0-beta,"{""urls"": [], ""phones"": [], ""upi_ids"": [], ""banks"": [], ""emails"": [], ""aadhaar"": [], ""pan"": []}",Synthetic sample for TELECOM_SCAM expansion. Generated via pattern-based synthesis.,2026-07-30T09:28:45.580Z,2026-07-30T09:28:45.580Z
TELECOM_SCAM_0025,TRAI warning: Your mobile number flagged for telemarketing. Submit undertaking to avoid blacklisting.,trai warning: your mobile number flagged for telemarketing. submit undertaking to avoid blacklisting.,en,TELECOM_SCAM,True,HIGH,scam,synthetic,2.0.0-beta,"{""urls"": [], ""phones"": [], ""upi_ids"": [], ""banks"": [], ""emails"": [], ""aadhaar"": [], ""pan"": []}",Synthetic sample for TELECOM_SCAM expansion. Generated via pattern-based synthesis.,2026-07-30T09:28:45.580Z,2026-07-30T09:28:45.580Z
LEGITIMATE_OTHER_0051,Your Flipkart order GR9876543210 has been delivered. Rate your purchase and win coupons!,your flipkart order gr9876543210 has been delivered. rate your purchase and win coupons!,en,LEGITIMATE_OTHER,False,NONE,legitimate,synthetic,2.0.0-beta,"{""urls"": [], ""phones"": [""9876543210""], ""upi_ids"": [], ""banks"": [], ""emails"": [], ""aadhaar"": [], ""pan"": []}",Synthetic sample for LEGITIMATE_OTHER expansion. Generated via pattern-based synthesis.,2026-07-30T09:28:45.580Z,2026-07-30T09:28:45.580Z
LEGITIMATE_OTHER_0052,Netflix: Your monthly subscription of Rs 199 renewed successfully. Watch unlimited movies.,netflix: your monthly subscription of rs 199 renewed successfully. watch unlimited movies.,en,LEGITIMATE_OTHER,False,NONE,legitimate,synthetic,2.0.0-beta,"{""urls"": [], ""phones"": [], ""upi_ids"": [], ""banks"": [], ""emails"": [], ""aadhaar"": [], ""pan"": []}",Synthetic sample for LEGITIMATE_OTHER expansion. Generated via pattern-based synthesis.,2026-07-30T09:28:45.580Z,2026-07-30T09:28:45.580Z
LEGITIMATE_OTHER_0053,Google: Your storage is almost full. Free up space by deleting old files at drive.google.com,google: your storage is almost full. free up space by deleting old files at drive.google.com,en,LEGITIMATE_OTHER,False,NONE,legitimate,synthetic,2.0.0-beta,"{""urls"": [], ""phones"": [], ""upi_ids"": [], ""banks"": [], ""emails"": [], ""aadhaar"": [], ""pan"": []}",Synthetic sample for LEGITIMATE_OTHER expansion. Generated via pattern-based synthesis.,2026-07-30T09:28:45.581Z,2026-07-30T09:28:45.581Z
LEGITIMATE_OTHER_0054,LinkedIn Premium: Your 1-month free trial will end in 3 days. Cancel anytime.,linkedin premium: your 1-month free trial will end in 3 days. cancel anytime.,en,LEGITIMATE_OTHER,False,NONE,legitimate,synthetic,2.0.0-beta,"{""urls"": [], ""phones"": [], ""upi_ids"": [], ""banks"": [], ""emails"": [], ""aadhaar"": [], ""pan"": []}",Synthetic sample for LEGITIMATE_OTHER expansion. Generated via pattern-based synthesis.,2026-07-30T09:28:45.581Z,2026-07-30T09:28:45.581Z
LEGITIMATE_OTHER_0055,Spotify: Your playlist 'Top Hits 2026' updated with new songs. Listen now.,spotify: your playlist 'top hits 2026' updated with new songs. listen now.,en,LEGITIMATE_OTHER,False,NONE,legitimate,synthetic,2.0.0-beta,"{""urls"": [], ""phones"": [], ""upi_ids"": [], ""banks"": [], ""emails"": [], ""aadhaar"": [], ""pan"": []}",Synthetic sample for LEGITIMATE_OTHER expansion. Generated via pattern-based synthesis.,2026-07-30T09:28:45.581Z,2026-07-30T09:28:45.581Z
