id,text,text_clean,language,category,is_scam,risk_level,ground_truth_label,source,version,extracted_entities,annotation_notes,created_at,updated_at
AADHAAR_SCAM_0001,Your Aadhaar card will be deactivated. Update your Aadhaar now at https://uidai-update.xyz or face legal consequences.,your aadhaar card will be deactivated. update your aadhaar now at https://uidai-update.xyz or face legal consequences.,en,AADHAAR_SCAM,True,HIGH,scam,cert_in,2.0.0-alpha,,,,
AADHAAR_SCAM_0002,Your Aadhaar number has been used to open bank accounts in Dubai. Call immediately to avoid arrest.,your aadhaar number has been used to open bank accounts in dubai. call immediately to avoid arrest.,en,AADHAAR_SCAM,True,HIGH,scam,cert_in,2.0.0-alpha,,,,
AADHAAR_SCAM_0003,Aadhaar OTP: 374829. Call us immediately with this OTP to update your mobile number in Aadhaar.,aadhaar otp: 374829. call us immediately with this otp to update your mobile number in aadhaar.,en,AADHAAR_SCAM,True,HIGH,scam,ncpc,2.0.0-alpha,,,,
AADHAAR_SCAM_0004,Your Amazon account has been hacked! Your order of iPhone 15 is being placed. OTP: 542389. Share to cancel.,your amazon account has been hacked! your order of iphone 15 is being placed. otp: 542389. share to cancel.,en,AADHAAR_SCAM,True,HIGH,scam,manual,2.0.0-alpha,,,,
AADHAAR_SCAM_0005,Google verification: Your account will be deleted. OTP 984312. Forward to 9988776655 to keep active.,google verification: your account will be deleted. otp 984312. forward to 9988776655 to keep active.,en,AADHAAR_SCAM,True,HIGH,scam,manual,2.0.0-alpha,,,,
AADHAAR_SCAM_0006,Your Apple ID has been locked. Verify here: https://apple-verify.tk,your apple id has been locked. verify here: https://apple-verify.tk,en,AADHAAR_SCAM,True,HIGH,scam,manual,2.0.0-alpha,,,,
AADHAAR_SCAM_0007,Facebook: Someone tried to login from Kolkata. Secure your account: http://fb-secure.tk,facebook: someone tried to login from kolkata. secure your account: http://fb-secure.tk,en,AADHAAR_SCAM,True,HIGH,scam,manual,2.0.0-alpha,,,,
AADHAAR_SCAM_0008,Your email account password expired. Update now: https://email-update.ml,your email account password expired. update now: https://email-update.ml,en,AADHAAR_SCAM,True,HIGH,scam,manual,2.0.0-alpha,,,,
AADHAAR_SCAM_0009,Your vehicle insurance expires in 7 days. Renew now to avoid penalty. https://renew-insure.tk,your vehicle insurance expires in 7 days. renew now to avoid penalty. https://renew-insure.tk,en,AADHAAR_SCAM,True,HIGH,scam,manual,2.0.0-alpha,,,,
AADHAAR_SCAM_0010,Your email account password will expire today. Keep same password: https://email-verify-now.xyz,your email account password will expire today. keep same password: https://email-verify-now.xyz,en,AADHAAR_SCAM,True,HIGH,scam,manual,2.0.0-alpha,,,,
AADHAAR_SCAM_0011,Instagram: Your account has been hacked. Recover now: https://instagram-recovery.xyz/login,instagram: your account has been hacked. recover now: https://instagram-recovery.xyz/login,en,AADHAAR_SCAM,True,HIGH,scam,manual,2.0.0-alpha,,,,
AADHAAR_SCAM_0012,LinkedIn: Someone tried to access your account from Russia. Secure here: http://bit.ly/linkedin-secure,linkedin: someone tried to access your account from russia. secure here: http://bit.ly/linkedin-secure,en,AADHAAR_SCAM,True,HIGH,scam,manual,2.0.0-alpha,,,,
AADHAAR_SCAM_0013,Twitter: Your account has been restricted. Appeal at https://twitter-appeal.tk to restore your account.,twitter: your account has been restricted. appeal at https://twitter-appeal.tk to restore your account.,en,AADHAAR_SCAM,True,HIGH,scam,manual,2.0.0-alpha,,,,
AADHAAR_SCAM_0014,Microsoft: Unusual sign-in detected. Verify your identity at https://microsoft-account-verify.com,microsoft: unusual sign-in detected. verify your identity at https://microsoft-account-verify.com,en,AADHAAR_SCAM,True,HIGH,scam,manual,2.0.0-alpha,,,,
AADHAAR_SCAM_0015,Your Apple ID has been locked for security reasons. Unlock here: https://apple-id-unlock.xyz,your apple id has been locked for security reasons. unlock here: https://apple-id-unlock.xyz,en,AADHAAR_SCAM,True,HIGH,scam,manual,2.0.0-alpha,,,,
BANKING_FRAUD_0001,ALERT: Your SBI Account has been temporarily locked due to suspicious activity. Click here immediately to verify: sbi-secure-verify.com/update OR call 9876543210. Failure to verify within 2 hours will result in permanent account closure.,alert: your sbi account has been temporarily locked due to suspicious activity. click here immediately to verify: sbi-secure-verify.com/update or call 9876543210. failure to verify within 2 hours will result in permanent account closure.,en,BANKING_FRAUD,True,CRITICAL,scam,rbi,2.0.0-alpha,,,,
BANKING_FRAUD_0002,RBI NOTICE: Your bank account has suspicious activity. Failure to verify today may lead to legal action and account freeze.,rbi notice: your bank account has suspicious activity. failure to verify today may lead to legal action and account freeze.,en,BANKING_FRAUD,True,CRITICAL,scam,rbi,2.0.0-alpha,,,,
BANKING_FRAUD_0003,"Dear user, your account will be suspended. OTP 782345 required for verification. Reply with OTP.","dear user, your account will be suspended. otp 782345 required for verification. reply with otp.",en,BANKING_FRAUD,True,CRITICAL,scam,manual,2.0.0-alpha,,,,
BANKING_FRAUD_0004,Your HDFC account has been blocked due to suspicious activity. Call 1800-XXX-XXXX immediately to reactivate.,your hdfc account has been blocked due to suspicious activity. call 1800-xxx-xxxx immediately to reactivate.,en,BANKING_FRAUD,True,CRITICAL,scam,manual,2.0.0-alpha,,,,
BANKING_FRAUD_0005,SBI Alert: Your debit card has been deactivated. Update KYC at https://sbi-kyc-update.xyz or your account will be frozen.,sbi alert: your debit card has been deactivated. update kyc at https://sbi-kyc-update.xyz or your account will be frozen.,en,BANKING_FRAUD,True,CRITICAL,scam,manual,2.0.0-alpha,,,,
BANKING_FRAUD_0006,ICICI Bank: Your account is temporarily suspended. Click here to restore access: http://bit.ly/icici-restore,icici bank: your account is temporarily suspended. click here to restore access: http://bit.ly/icici-restore,en,BANKING_FRAUD,True,CRITICAL,scam,manual,2.0.0-alpha,,,,
BANKING_FRAUD_0007,Axis Bank Warning: Unauthorized login detected from New Delhi. Confirm your identity or your account will be blocked permanently.,axis bank warning: unauthorized login detected from new delhi. confirm your identity or your account will be blocked permanently.,en,BANKING_FRAUD,True,CRITICAL,scam,manual,2.0.0-alpha,,,,
BANKING_FRAUD_0008,Your Kotak Mahindra net banking has been locked. Call our helpdesk on 022-XXXX-XXXX to unlock within 24 hours.,your kotak mahindra net banking has been locked. call our helpdesk on 022-xxxx-xxxx to unlock within 24 hours.,en,BANKING_FRAUD,True,CRITICAL,scam,manual,2.0.0-alpha,,,,
BANKING_FRAUD_0009,"PNB Alert: Rs 49,500 debited from your account. Not you? Call 1800-XXX-XXX immediately to reverse. OTP: 491823","pnb alert: rs 49,500 debited from your account. not you? call 1800-xxx-xxx immediately to reverse. otp: 491823",en,BANKING_FRAUD,True,CRITICAL,scam,manual,2.0.0-alpha,,,,
BANKING_FRAUD_0010,Canara Bank: Your account KYC is expired. Update now or account will be suspended. https://canara-kyc.com/update,canara bank: your account kyc is expired. update now or account will be suspended. https://canara-kyc.com/update,en,BANKING_FRAUD,True,CRITICAL,scam,manual,2.0.0-alpha,,,,
BANKING_FRAUD_0011,RBI Warning: Your bank account linked to illegal transactions. Call 011-XXXX-XXXX immediately to avoid legal action.,rbi warning: your bank account linked to illegal transactions. call 011-xxxx-xxxx immediately to avoid legal action.,en,BANKING_FRAUD,True,CRITICAL,scam,manual,2.0.0-alpha,,,,
BANKING_FRAUD_0012,HDFC Bank: Your credit card application has been approved. Pay Rs 999 processing fee to receive your card.,hdfc bank: your credit card application has been approved. pay rs 999 processing fee to receive your card.,en,BANKING_FRAUD,True,CRITICAL,scam,manual,2.0.0-alpha,,,,
BANKING_FRAUD_0013,YES BANK: Fraud detected on your account. Share your account details to secure your funds. Send details to fraud@yesbank-verify.com,yes bank: fraud detected on your account. share your account details to secure your funds. send details to fraud@yesbank-verify.com,en,BANKING_FRAUD,True,CRITICAL,scam,manual,2.0.0-alpha,,,,
BANKING_FRAUD_0014,State Bank of India: Your account will be deactivated. Click https://sbi-secure-login.xyz to verify your credentials now.,state bank of india: your account will be deactivated. click https://sbi-secure-login.xyz to verify your credentials now.,en,BANKING_FRAUD,True,CRITICAL,scam,manual,2.0.0-alpha,,,,
BANKING_FRAUD_0015,"Bank of Baroda: Your savings account has been credited with INR 50,000. Pay Rs 2500 processing fee to claim this amount.","bank of baroda: your savings account has been credited with inr 50,000. pay rs 2500 processing fee to claim this amount.",en,BANKING_FRAUD,True,CRITICAL,scam,manual,2.0.0-alpha,,,,
BANKING_FRAUD_0016,IDBI Bank: 2-factor authentication expired. Update immediately at https://idbi-update.tk or service will be disconnected.,idbi bank: 2-factor authentication expired. update immediately at https://idbi-update.tk or service will be disconnected.,en,BANKING_FRAUD,True,CRITICAL,scam,manual,2.0.0-alpha,,,,
BANKING_FRAUD_0017,Union Bank Alert: Your ATM card has been blocked. Call 1800-XXX-XXXX to reactivate. Do not ignore this message.,union bank alert: your atm card has been blocked. call 1800-xxx-xxxx to reactivate. do not ignore this message.,en,BANKING_FRAUD,True,CRITICAL,scam,manual,2.0.0-alpha,,,,
BANKING_FRAUD_0018,"IndusInd Bank: New device login detected from Mumbai. If not you, secure your account now: http://bit.ly/indus-secure","indusind bank: new device login detected from mumbai. if not you, secure your account now: http://bit.ly/indus-secure",en,BANKING_FRAUD,True,CRITICAL,scam,manual,2.0.0-alpha,,,,
BANKING_FRAUD_0019,"SEBI Alert: Your trading account has been used for unauthorized trades. Pay Rs 10,000 penalty to avoid suspension of demat account.","sebi alert: your trading account has been used for unauthorized trades. pay rs 10,000 penalty to avoid suspension of demat account.",en,BANKING_FRAUD,True,CRITICAL,scam,manual,2.0.0-alpha,,,,
BANKING_FRAUD_0020,"SBI Alert: Your debit card transaction of ₹45,999 at Shoppers Stop. If not you, block: http://sbi-block.in","sbi alert: your debit card transaction of ₹45,999 at shoppers stop. if not you, block: http://sbi-block.in",en,BANKING_FRAUD,True,CRITICAL,scam,known_corpus,2.0.0-alpha,,,,
BANKING_FRAUD_0021,"HDFC Bank: Your account credited ₹1,00,000. Verify OTP 784321 to reverse if incorrect.","hdfc bank: your account credited ₹1,00,000. verify otp 784321 to reverse if incorrect.",en,BANKING_FRAUD,True,CRITICAL,scam,known_corpus,2.0.0-alpha,,,,
BANKING_FRAUD_0022,ICICI: Your net banking password will expire. Click to renew: http://icici-renew.in,icici: your net banking password will expire. click to renew: http://icici-renew.in,en,BANKING_FRAUD,True,CRITICAL,scam,known_corpus,2.0.0-alpha,,,,
BANKING_FRAUD_0023,"Axis Bank Alert: ₹28,500 withdrawn from ATM. Dispute: http://axis-dispute.com","axis bank alert: ₹28,500 withdrawn from atm. dispute: http://axis-dispute.com",en,BANKING_FRAUD,True,CRITICAL,scam,known_corpus,2.0.0-alpha,,,,
BANKING_FRAUD_0024,Your SBI ATM card has been blocked. Unblock: http://sbi-unblock.in,your sbi atm card has been blocked. unblock: http://sbi-unblock.in,en,BANKING_FRAUD,True,CRITICAL,scam,known_corpus,2.0.0-alpha,,,,
BANKING_FRAUD_0025,Kotak Mahindra: New device login detected. Click to verify: http://kotak-verify.in,kotak mahindra: new device login detected. click to verify: http://kotak-verify.in,en,BANKING_FRAUD,True,CRITICAL,scam,known_corpus,2.0.0-alpha,,,,
BANKING_FRAUD_0026,"PNB: Your account has been credited with ₹12,000 government subsidy.","pnb: your account has been credited with ₹12,000 government subsidy.",en,BANKING_FRAUD,True,CRITICAL,scam,known_corpus,2.0.0-alpha,,,,
BANKING_FRAUD_0027,"Yes Bank: Your reward points worth ₹5,000 are expiring. Redeem: http://yes-rewards.in","yes bank: your reward points worth ₹5,000 are expiring. redeem: http://yes-rewards.in",en,BANKING_FRAUD,True,CRITICAL,scam,known_corpus,2.0.0-alpha,,,,
BANKING_FRAUD_0028,"Bank of India: Your loan of ₹5,00,000 pre-approved. Accept offer: http://boi-loan.in","bank of india: your loan of ₹5,00,000 pre-approved. accept offer: http://boi-loan.in",en,BANKING_FRAUD,True,CRITICAL,scam,known_corpus,2.0.0-alpha,,,,
BANKING_FRAUD_0029,SBI Life: Your insurance premium payment failed. Re-pay: http://sbilife-pay.in,sbi life: your insurance premium payment failed. re-pay: http://sbilife-pay.in,en,BANKING_FRAUD,True,CRITICAL,scam,known_corpus,2.0.0-alpha,,,,
BANKING_FRAUD_0030,RBI: Your bank account has been compromised. Freeze now by sharing OTP.,rbi: your bank account has been compromised. freeze now by sharing otp.,en,BANKING_FRAUD,True,CRITICAL,scam,known_corpus,2.0.0-alpha,,,,
BANKING_FRAUD_0031,"IndusInd: Your credit card limit increased to ₹5,00,000. Activate: http://indusind-cc.in","indusind: your credit card limit increased to ₹5,00,000. activate: http://indusind-cc.in",en,BANKING_FRAUD,True,CRITICAL,scam,known_corpus,2.0.0-alpha,,,,
BANKING_FRAUD_0032,"Your SBI savings account no. ****1234 is debited ₹32,000. Not you? Call 1800-123-4567.","your sbi savings account no. ****1234 is debited ₹32,000. not you? call 1800-123-4567.",en,BANKING_FRAUD,True,CRITICAL,scam,known_corpus,2.0.0-alpha,,,,
BANKING_FRAUD_0033,HDFC: Reward points cashout link: http://hdfc-rewards.in. Expires soon.,hdfc: reward points cashout link: http://hdfc-rewards.in. expires soon.,en,BANKING_FRAUD,True,CRITICAL,scam,known_corpus,2.0.0-alpha,,,,
BANKING_FRAUD_0034,"Unga UPI transaction ₹12,599 ku approval kudunga. Link: http://bit.ly/upi-tn","unga upi transaction ₹12,599 ku approval kudunga. link: http://bit.ly/upi-tn",en,BANKING_FRAUD,True,CRITICAL,scam,known_corpus,2.0.0-alpha,,,,
BANKING_FRAUD_0035,SBI la unga account block aagum. KYC update pannungga: http://sbi-kyc-tamil.in,sbi la unga account block aagum. kyc update pannungga: http://sbi-kyc-tamil.in,ta-en,BANKING_FRAUD,True,CRITICAL,scam,known_corpus,2.0.0-alpha,,,,
BANKING_FRAUD_0036,"TNEB la bill ₹2,890 outstanding. Power cut aagum. Ippave pay pannunga.","tneb la bill ₹2,890 outstanding. power cut aagum. ippave pay pannunga.",ta-en,BANKING_FRAUD,True,CRITICAL,scam,known_corpus,2.0.0-alpha,,,,
BANKING_FRAUD_0037,Unga Aadhaar card suspend aagum. Update pannunga: http://aadhaar-update-tn.in,unga aadhaar card suspend aagum. update pannunga: http://aadhaar-update-tn.in,ta-en,BANKING_FRAUD,True,CRITICAL,scam,known_corpus,2.0.0-alpha,,,,
BANKING_FRAUD_0038,Part time job venuma? Daily ₹2000 varai. WhatsApp pannunga 9876543210,part time job venuma? daily ₹2000 varai. whatsapp pannunga 9876543210,ta-en,BANKING_FRAUD,True,CRITICAL,scam,known_corpus,2.0.0-alpha,,,,
BANKING_FRAUD_0039,"Courier delivery unga address ku vanjudhu. Customs clearance fee ₹3,500 kattanum.","courier delivery unga address ku vanjudhu. customs clearance fee ₹3,500 kattanum.",en,BANKING_FRAUD,True,CRITICAL,scam,known_corpus,2.0.0-alpha,,,,
BANKING_FRAUD_0040,"PM Kisan scheme la ₹2,000 eligible aagirukku. Click pannunga: http://pmkisan-tn.in","pm kisan scheme la ₹2,000 eligible aagirukku. click pannunga: http://pmkisan-tn.in",ta-en,BANKING_FRAUD,True,CRITICAL,scam,known_corpus,2.0.0-alpha,,,,
BANKING_FRAUD_0041,"Google Pay la ₹25,000 lottery prize. Claim: http://gpay-tamil.in","google pay la ₹25,000 lottery prize. claim: http://gpay-tamil.in",en,BANKING_FRAUD,True,CRITICAL,scam,known_corpus,2.0.0-alpha,,,,
BANKING_FRAUD_0042,"Amazon job work from home. Monthly ₹45,000 salary. Registration fee ₹999.","amazon job work from home. monthly ₹45,000 salary. registration fee ₹999.",en,BANKING_FRAUD,True,CRITICAL,scam,known_corpus,2.0.0-alpha,,,,
BANKING_FRAUD_0043,Unga phone number ku OTP vanthirukku. OTP: 784321. Yarum share pannathinga.,unga phone number ku otp vanthirukku. otp: 784321. yarum share pannathinga.,ta-en,BANKING_FRAUD,True,CRITICAL,scam,known_corpus,2.0.0-alpha,,,,
BANKING_FRAUD_0044,"Electricity bill overpayment refund ₹1,200. Claim: http://tneb-refund-tn.in","electricity bill overpayment refund ₹1,200. claim: http://tneb-refund-tn.in",en,BANKING_FRAUD,True,CRITICAL,scam,known_corpus,2.0.0-alpha,,,,
BANKING_FRAUD_0045,Flipkart order deliver aagala. Click: http://flipkart-tn.in address confirm pannunga.,flipkart order deliver aagala. click: http://flipkart-tn.in address confirm pannunga.,ta-en,BANKING_FRAUD,True,CRITICAL,scam,known_corpus,2.0.0-alpha,,,,
BANKING_FRAUD_0046,RBI la unga account ku security issue. Ippave verify pannunga: http://rbi-tn.in,rbi la unga account ku security issue. ippave verify pannunga: http://rbi-tn.in,ta-en,BANKING_FRAUD,True,CRITICAL,scam,known_corpus,2.0.0-alpha,,,,
BANKING_FRAUD_0047,Modi ji govt scheme: free smartphone. Register pannikonga: http://freesmartphone.in,modi ji govt scheme: free smartphone. register pannikonga: http://freesmartphone.in,en,BANKING_FRAUD,True,CRITICAL,scam,known_corpus,2.0.0-alpha,,,,
BANKING_FRAUD_0048,"Unga bank loan pre-approved ₹3,00,000. Low interest. Accept: http://loan-tn.in","unga bank loan pre-approved ₹3,00,000. low interest. accept: http://loan-tn.in",en,BANKING_FRAUD,True,CRITICAL,scam,known_corpus,2.0.0-alpha,,,,
BANKING_FRAUD_0049,YouTube video rating job. Daily income ₹500-1000. Join free: http://yt-job-tn.in,youtube video rating job. daily income ₹500-1000. join free: http://yt-job-tn.in,en,BANKING_FRAUD,True,CRITICAL,scam,known_corpus,2.0.0-alpha,,,,
BANKING_FRAUD_0050,"SBI credit card outstanding ₹45,000. Late fee avoid panna pay now.","sbi credit card outstanding ₹45,000. late fee avoid panna pay now.",en,BANKING_FRAUD,True,CRITICAL,scam,known_corpus,2.0.0-alpha,,,,
BANKING_FRAUD_0051,Swiggy food review ku ₹300 per review. Interested ah? WhatsApp.,swiggy food review ku ₹300 per review. interested ah? whatsapp.,en,BANKING_FRAUD,True,CRITICAL,scam,known_corpus,2.0.0-alpha,,,,
BANKING_FRAUD_0052,Aadhaar-PAN link panna time short. Link: http://aadhaar-pan-tn.in,aadhaar-pan link panna time short. link: http://aadhaar-pan-tn.in,en,BANKING_FRAUD,True,CRITICAL,scam,known_corpus,2.0.0-alpha,,,,
BANKING_FRAUD_0053,"e-Shram card registration. Free ₹2,000 incentive. Click: http://eshram-tn.in","e-shram card registration. free ₹2,000 incentive. click: http://eshram-tn.in",en,BANKING_FRAUD,True,CRITICAL,scam,known_corpus,2.0.0-alpha,,,,
BANKING_FRAUD_0054,Courier tracking: unga parcel Dubai la irundhu customs clearance pending.,courier tracking: unga parcel dubai la irundhu customs clearance pending.,en,BANKING_FRAUD,True,CRITICAL,scam,known_corpus,2.0.0-alpha,,,,
BANKING_FRAUD_0055,Netflix subscription ₹499 automatic renew. Cancel: http://netflix-cancel-tn.in,netflix subscription ₹499 automatic renew. cancel: http://netflix-cancel-tn.in,en,BANKING_FRAUD,True,CRITICAL,scam,known_corpus,2.0.0-alpha,,,,
BANKING_FRAUD_0056,"Paytm cashback ₹5,000 unga account ku credit aagirukku. Claim pannunga.","paytm cashback ₹5,000 unga account ku credit aagirukku. claim pannunga.",ta-en,BANKING_FRAUD,True,CRITICAL,scam,known_corpus,2.0.0-alpha,,,,
BANKING_FRAUD_0057,PhonePe unga document verify panna request. Link: http://phonepay-verify-tn.in,phonepe unga document verify panna request. link: http://phonepay-verify-tn.in,en,BANKING_FRAUD,True,CRITICAL,scam,known_corpus,2.0.0-alpha,,,,
BANKING_FRAUD_0058,IRCTC ticket booking pending. Complete karo: http://irctc-tn.in,irctc ticket booking pending. complete karo: http://irctc-tn.in,en,BANKING_FRAUD,True,CRITICAL,scam,known_corpus,2.0.0-alpha,,,,
BANKING_FRAUD_0059,Chennai la unga house property tax pending. Pay online: http://chennai-tax.in,chennai la unga house property tax pending. pay online: http://chennai-tax.in,ta-en,BANKING_FRAUD,True,CRITICAL,scam,known_corpus,2.0.0-alpha,,,,
BANKING_FRAUD_0060,BSNL: unga number deactivate aagum. Re-verify: http://bsnl-recharge.in,bsnl: unga number deactivate aagum. re-verify: http://bsnl-recharge.in,en,BANKING_FRAUD,True,CRITICAL,scam,known_corpus,2.0.0-alpha,,,,
BANKING_FRAUD_0061,Airtel: unlimited 5G data offer. Claim: http://airtel-offer-tn.in,airtel: unlimited 5g data offer. claim: http://airtel-offer-tn.in,en,BANKING_FRAUD,True,CRITICAL,scam,known_corpus,2.0.0-alpha,,,,
BANKING_FRAUD_0062,Jio: unga plan renew pannunga otherwise number block. Link: http://jio-recharge-tn.in,jio: unga plan renew pannunga otherwise number block. link: http://jio-recharge-tn.in,ta-en,BANKING_FRAUD,True,CRITICAL,scam,known_corpus,2.0.0-alpha,,,,
BANKING_FRAUD_0063,Vodafone Idea: unga SIM inactive aagum. Re-verify KYC: http://vi-kyc.in,vodafone idea: unga sim inactive aagum. re-verify kyc: http://vi-kyc.in,en,BANKING_FRAUD,True,CRITICAL,scam,known_corpus,2.0.0-alpha,,,,
BANKING_FRAUD_0064,"SBI loan offer: ₹10,00,000 pre-approved. Processing fee ₹2,500 matum.","sbi loan offer: ₹10,00,000 pre-approved. processing fee ₹2,500 matum.",en,BANKING_FRAUD,True,CRITICAL,scam,known_corpus,2.0.0-alpha,,,,
BANKING_FRAUD_0065,Unga ATM card block aagirukku. Unblock: http://atm-unblock-tn.in,unga atm card block aagirukku. unblock: http://atm-unblock-tn.in,ta-en,BANKING_FRAUD,True,CRITICAL,scam,known_corpus,2.0.0-alpha,,,,
BANKING_FRAUD_0066,"Insurance policy maturity amount ₹75,000. Claim: http://insurance-tn.in","insurance policy maturity amount ₹75,000. claim: http://insurance-tn.in",en,BANKING_FRAUD,True,CRITICAL,scam,known_corpus,2.0.0-alpha,,,,
BANKING_FRAUD_0067,LIC policy lapsed. Premium pay pannunga: http://lic-pay-tn.in,lic policy lapsed. premium pay pannunga: http://lic-pay-tn.in,ta-en,BANKING_FRAUD,True,CRITICAL,scam,known_corpus,2.0.0-alpha,,,,
BANKING_FRAUD_0068,"PF account settlement ₹45,000 pending. Link: http://epfo-tn.in","pf account settlement ₹45,000 pending. link: http://epfo-tn.in",en,BANKING_FRAUD,True,CRITICAL,scam,known_corpus,2.0.0-alpha,,,,
BANKING_FRAUD_0069,"Aapke SBI account mein ₹50,000 credit hua hai. Check karein: http://sbi-offer.in","aapke sbi account mein ₹50,000 credit hua hai. check karein: http://sbi-offer.in",hi-en,BANKING_FRAUD,True,CRITICAL,scam,known_corpus,2.0.0-alpha,,,,
BANKING_FRAUD_0070,Aapka Aadhaar card block hone wala hai. Update karein: http://aadhaar-update.in,aapka aadhaar card block hone wala hai. update karein: http://aadhaar-update.in,hi-en,BANKING_FRAUD,True,CRITICAL,scam,known_corpus,2.0.0-alpha,,,,
BANKING_FRAUD_0071,"Flipkart se ₹25,000 ka lottery aapko mila hai. Claim karein.","flipkart se ₹25,000 ka lottery aapko mila hai. claim karein.",hi-en,BANKING_FRAUD,True,CRITICAL,scam,known_corpus,2.0.0-alpha,,,,
BANKING_FRAUD_0072,"PM Modi ji ki taraf se ₹5,000 aapke bank account mein bheje gaye.","pm modi ji ki taraf se ₹5,000 aapke bank account mein bheje gaye.",en,BANKING_FRAUD,True,CRITICAL,scam,known_corpus,2.0.0-alpha,,,,
BANKING_FRAUD_0073,"Courier mein aapka parcel pakda gaya. Customs fee ₹2,500 bharein.","courier mein aapka parcel pakda gaya. customs fee ₹2,500 bharein.",en,BANKING_FRAUD,True,CRITICAL,scam,known_corpus,2.0.0-alpha,,,,
BANKING_FRAUD_0074,KYC update nahi kiya toh account freeze ho jayega. Click: http://kyc-update.in,kyc update nahi kiya toh account freeze ho jayega. click: http://kyc-update.in,en,BANKING_FRAUD,True,CRITICAL,scam,known_corpus,2.0.0-alpha,,,,
BANKING_FRAUD_0075,"Aapki Google Pay par ₹10,000 ki lottery lagi hai. Claim karein.","aapki google pay par ₹10,000 ki lottery lagi hai. claim karein.",hi-en,BANKING_FRAUD,True,CRITICAL,scam,known_corpus,2.0.0-alpha,,,,
BANKING_FRAUD_0076,"Job karni hai ghar baithe? ₹50,000 salary. Registration fee ₹1,000.","job karni hai ghar baithe? ₹50,000 salary. registration fee ₹1,000.",hi-en,BANKING_FRAUD,True,CRITICAL,scam,known_corpus,2.0.0-alpha,,,,
BANKING_FRAUD_0077,RBI ka important notice: Aapka account suspend hone wala hai.,rbi ka important notice: aapka account suspend hone wala hai.,hi-en,BANKING_FRAUD,True,CRITICAL,scam,known_corpus,2.0.0-alpha,,,,
BANKING_FRAUD_0078,Bill payment failed. Aapki bijli kal se cut hogi. Pay karein: http://bill-pay.in,bill payment failed. aapki bijli kal se cut hogi. pay karein: http://bill-pay.in,en,BANKING_FRAUD,True,CRITICAL,scam,known_corpus,2.0.0-alpha,,,,
COURIER_SCAM_0001,"Your package has arrived at the warehouse and we attempted delivery twice but were unable to due to incomplete address information. Please update your address within 48 hours, otherwise the package will be returned. In order to update the address click on the link indisposegvs.top/IN","your package has arrived at the warehouse and we attempted delivery twice but were unable to due to incomplete address information. please update your address within 48 hours, otherwise the package will be returned. in order to update the address click on the link indisposegvs.top/in",en,COURIER_SCAM,True,HIGH,scam,pib,2.0.0-alpha,,,,
COURIER_SCAM_0002,Your parcel delivery has been attempted for the 2nd time please confirm your details or your item will be returned: https://indiapots.com/in,your parcel delivery has been attempted for the 2nd time please confirm your details or your item will be returned: https://indiapots.com/in,en,COURIER_SCAM,True,HIGH,scam,pib,2.0.0-alpha,,,,
COURIER_SCAM_0003,Your parcel could not be delivered. Update your address now at http://bit.ly/delivery-fix to avoid return.,your parcel could not be delivered. update your address now at http://bit.ly/delivery-fix to avoid return.,en,COURIER_SCAM,True,HIGH,scam,ncpc,2.0.0-alpha,,,,
COURIER_SCAM_0004,Your parcel is on hold due to incomplete address,your parcel is on hold due to incomplete address,en,COURIER_SCAM,True,HIGH,scam,ncpc,2.0.0-alpha,,,,
COURIER_SCAM_0005,Delivery failed. Pay Rs 5 redelivery fee,delivery failed. pay rs 5 redelivery fee,en,COURIER_SCAM,True,HIGH,scam,ncpc,2.0.0-alpha,,,,
COURIER_SCAM_0006,KYC required before shipment release,kyc required before shipment release,en,COURIER_SCAM,True,HIGH,scam,ncpc,2.0.0-alpha,,,,
COURIER_SCAM_0007,Customs clearance pending. Pay now,customs clearance pending. pay now,en,COURIER_SCAM,True,HIGH,scam,ncpc,2.0.0-alpha,,,,
COURIER_SCAM_0008,Your parcel is waiting for address confirmation. Click here to reschedule delivery,your parcel is waiting for address confirmation. click here to reschedule delivery,en,COURIER_SCAM,True,HIGH,scam,ncpc,2.0.0-alpha,,,,
COURIER_SCAM_0009,Your parcel from Dubai customs has been held. Release fee Rs 15000 required. http://dhl-customs.tk,your parcel from dubai customs has been held. release fee rs 15000 required. http://dhl-customs.tk,en,COURIER_SCAM,True,HIGH,scam,manual,2.0.0-alpha,,,,
COURIER_SCAM_0010,FedEx: Your package contains illegal items! Pay fine Rs 25000 to avoid legal action. http://fedex-alert.xyz,fedex: your package contains illegal items! pay fine rs 25000 to avoid legal action. http://fedex-alert.xyz,en,COURIER_SCAM,True,HIGH,scam,manual,2.0.0-alpha,,,,
COURIER_SCAM_0011,Blue Dart: Your international shipment is stuck at customs. Clearance fee Rs 8000. Pay now: http://dart-customs.ml,blue dart: your international shipment is stuck at customs. clearance fee rs 8000. pay now: http://dart-customs.ml,en,COURIER_SCAM,True,HIGH,scam,manual,2.0.0-alpha,,,,
COURIER_SCAM_0012,Amazon international parcel stopped at Mumbai customs. Pay Rs 12000 release fee: https://amazon-customs.tk,amazon international parcel stopped at mumbai customs. pay rs 12000 release fee: https://amazon-customs.tk,en,COURIER_SCAM,True,HIGH,scam,manual,2.0.0-alpha,,,,
COURIER_SCAM_0013,Urgent: Your shipment tracking ID: SH2024IN9065 requires customs clearance. http://track-customs.top,urgent: your shipment tracking id: sh2024in9065 requires customs clearance. http://track-customs.top,en,COURIER_SCAM,True,HIGH,scam,manual,2.0.0-alpha,,,,
COURIER_SCAM_0014,Your parcel contains undeclared goods. Customs department has seized it. Pay penalty: http://customs-india.tk,your parcel contains undeclared goods. customs department has seized it. pay penalty: http://customs-india.tk,en,COURIER_SCAM,True,HIGH,scam,manual,2.0.0-alpha,,,,
COURIER_SCAM_0015,DTDC: Your package weight mismatch detected. Additional shipping fee Rs 3500. http://dtdc-billing.xyz,dtdc: your package weight mismatch detected. additional shipping fee rs 3500. http://dtdc-billing.xyz,en,COURIER_SCAM,True,HIGH,scam,manual,2.0.0-alpha,,,,
COURIER_SCAM_0016,Speed Post: Your parcel contains gold jewelry worth Rs 5 lakhs. Customs verification needed. http://speedpost-in.ml,speed post: your parcel contains gold jewelry worth rs 5 lakhs. customs verification needed. http://speedpost-in.ml,en,COURIER_SCAM,True,HIGH,scam,manual,2.0.0-alpha,,,,
COURIER_SCAM_0017,Your Amazon order RB7845NH has been stopped by customs. Pay import fee Rs 9000. http://tiny.cc/amazon-customs,your amazon order rb7845nh has been stopped by customs. pay import fee rs 9000. http://tiny.cc/amazon-customs,en,COURIER_SCAM,True,HIGH,scam,manual,2.0.0-alpha,,,,
COURIER_SCAM_0018,Courier company: Unga parcel la illegal items irukku! Fine pay pannanum. http://customs-alert.ga,courier company: unga parcel la illegal items irukku! fine pay pannanum. http://customs-alert.ga,ta-en,COURIER_SCAM,True,HIGH,scam,manual,2.0.0-alpha,,,,
COURIER_SCAM_0019,DHL tracking: Package held at Chennai customs. Release fee Rs 12000 required. Track: https://dhl-india.top,dhl tracking: package held at chennai customs. release fee rs 12000 required. track: https://dhl-india.top,en,COURIER_SCAM,True,HIGH,scam,manual,2.0.0-alpha,,,,
COURIER_SCAM_0020,Your international courier requires insurance payment of Rs 5000. Pay here: http://courier-insure.tk,your international courier requires insurance payment of rs 5000. pay here: http://courier-insure.tk,en,COURIER_SCAM,True,HIGH,scam,manual,2.0.0-alpha,,,,
COURIER_SCAM_0021,Your FedEx package #FDX2891 is held at customs. Pay Rs 2500 clearance fee to release.,your fedex package #fdx2891 is held at customs. pay rs 2500 clearance fee to release.,en,COURIER_SCAM,True,HIGH,scam,manual,2.0.0-alpha,,,,
COURIER_SCAM_0022,"DHL: Your international shipment is stuck at Mumbai customs. Pay Rs 3,200 for customs clearance. http://bit.ly/dhl-clear","dhl: your international shipment is stuck at mumbai customs. pay rs 3,200 for customs clearance. http://bit.ly/dhl-clear",en,COURIER_SCAM,True,HIGH,scam,manual,2.0.0-alpha,,,,
COURIER_SCAM_0023,"Blue Dart: Package delivery failed. Your parcel contains undeclared items. Pay Rs 5,000 penalty to avoid legal action.","blue dart: package delivery failed. your parcel contains undeclared items. pay rs 5,000 penalty to avoid legal action.",en,COURIER_SCAM,True,HIGH,scam,manual,2.0.0-alpha,,,,
COURIER_SCAM_0024,"Amazon Logistics: Your order #AMZ99887 is held. Customs duties of Rs 1,800 pending. Pay at https://amazon-customs.xyz","amazon logistics: your order #amz99887 is held. customs duties of rs 1,800 pending. pay at https://amazon-customs.xyz",en,COURIER_SCAM,True,HIGH,scam,manual,2.0.0-alpha,,,,
COURIER_SCAM_0025,"UPS: Your package from USA requires insurance clearance. Pay Rs 4,500 insurance fee for delivery.","ups: your package from usa requires insurance clearance. pay rs 4,500 insurance fee for delivery.",en,COURIER_SCAM,True,HIGH,scam,manual,2.0.0-alpha,,,,
COURIER_SCAM_0026,"India Post: Your international parcel is detained. Customs clearance fee Rs 2,000 required. Contact immediately.","india post: your international parcel is detained. customs clearance fee rs 2,000 required. contact immediately.",en,COURIER_SCAM,True,HIGH,scam,manual,2.0.0-alpha,,,,
COURIER_SCAM_0027,"FedEx Alert: Your shipment contains restricted items. Pay Rs 7,500 fine to avoid investigation by customs authorities.","fedex alert: your shipment contains restricted items. pay rs 7,500 fine to avoid investigation by customs authorities.",en,COURIER_SCAM,True,HIGH,scam,manual,2.0.0-alpha,,,,
COURIER_SCAM_0028,Your SpeedPost package requires additional postage of Rs 890. Pay online: https://indiapost-payment.com,your speedpost package requires additional postage of rs 890. pay online: https://indiapost-payment.com,en,COURIER_SCAM,True,HIGH,scam,manual,2.0.0-alpha,,,,
COURIER_SCAM_0029,"FedEx: Your package from Dubai held at customs. Pay ₹4,500 to release: http://fedex-release.in","fedex: your package from dubai held at customs. pay ₹4,500 to release: http://fedex-release.in",en,COURIER_SCAM,True,HIGH,scam,known_corpus,2.0.0-alpha,,,,
COURIER_SCAM_0030,DHL: Your parcel contains illegal items. Contact customs immediately: 9876543210,dhl: your parcel contains illegal items. contact customs immediately: 9876543210,en,COURIER_SCAM,True,HIGH,scam,known_corpus,2.0.0-alpha,,,,
COURIER_SCAM_0031,Blue Dart: Your delivery address incomplete. Update: http://bluedart-update.com,blue dart: your delivery address incomplete. update: http://bluedart-update.com,en,COURIER_SCAM,True,HIGH,scam,known_corpus,2.0.0-alpha,,,,
COURIER_SCAM_0032,India Post: Your package is stuck at Mumbai sorting center. Clear customs: http://indiapodt-clear.in,india post: your package is stuck at mumbai sorting center. clear customs: http://indiapodt-clear.in,en,COURIER_SCAM,True,HIGH,scam,known_corpus,2.0.0-alpha,,,,
COURIER_SCAM_0033,Amazon: Your return pickup failed. Reschedule: http://amzn-return.in,amazon: your return pickup failed. reschedule: http://amzn-return.in,en,COURIER_SCAM,True,HIGH,scam,known_corpus,2.0.0-alpha,,,,
COURIER_SCAM_0034,Flipkart: Your order #12345 is undelivered. Confirm delivery slot: http://bit.ly/fk-delivery,flipkart: your order #12345 is undelivered. confirm delivery slot: http://bit.ly/fk-delivery,en,COURIER_SCAM,True,HIGH,scam,known_corpus,2.0.0-alpha,,,,
COURIER_SCAM_0035,"DTDC: Your parcel contains undeclared goods. Penalty ₹8,000 payable.","dtdc: your parcel contains undeclared goods. penalty ₹8,000 payable.",en,COURIER_SCAM,True,HIGH,scam,known_corpus,2.0.0-alpha,,,,
COURIER_SCAM_0036,"USPS: International shipment held at Indian customs. Pay release fee ₹3,200.","usps: international shipment held at indian customs. pay release fee ₹3,200.",en,COURIER_SCAM,True,HIGH,scam,known_corpus,2.0.0-alpha,,,,
COURIER_SCAM_0037,Your courier from USA is held due to incorrect address. Update at: http://track-courier.co.in,your courier from usa is held due to incorrect address. update at: http://track-courier.co.in,en,COURIER_SCAM,True,HIGH,scam,known_corpus,2.0.0-alpha,,,,
COURIER_SCAM_0038,Porter: Your delivery partner could not locate address. Share OTP: http://bit.ly/porter-otp,porter: your delivery partner could not locate address. share otp: http://bit.ly/porter-otp,en,COURIER_SCAM,True,HIGH,scam,known_corpus,2.0.0-alpha,,,,
COURIER_SCAM_0039,Ecom Express: Your shipment lost in transit. Claim insurance: http://ecom-claim.in,ecom express: your shipment lost in transit. claim insurance: http://ecom-claim.in,en,COURIER_SCAM,True,HIGH,scam,known_corpus,2.0.0-alpha,,,,
COURIER_SCAM_0040,"Delhivery: Cash on delivery order ₹9,999. Pay now to avoid return.","delhivery: cash on delivery order ₹9,999. pay now to avoid return.",en,COURIER_SCAM,True,HIGH,scam,known_corpus,2.0.0-alpha,,,,
CRYPTO_SCAM_0001,Cryptocurrency investment opportunity! Get guaranteed 10x returns in 30 days. Invest in Bitcoin now. Limited seats available.,cryptocurrency investment opportunity! get guaranteed 10x returns in 30 days. invest in bitcoin now. limited seats available.,en,CRYPTO_SCAM,True,HIGH,scam,ncpc,2.0.0-alpha,,,,
CRYPTO_SCAM_0002,"Bitcoin trading signal group. We have insider information. Minimum investment Rs 10,000. Daily 5% returns guaranteed.","bitcoin trading signal group. we have insider information. minimum investment rs 10,000. daily 5% returns guaranteed.",en,CRYPTO_SCAM,True,HIGH,scam,ncpc,2.0.0-alpha,,,,
CRYPTO_SCAM_0003,NFT investment opportunity. Rare digital art collection. 1000x potential returns. Buy now at discounted price.,nft investment opportunity. rare digital art collection. 1000x potential returns. buy now at discounted price.,en,CRYPTO_SCAM,True,HIGH,scam,ncpc,2.0.0-alpha,,,,
CRYPTO_SCAM_0004,Cryptocurrency investment! Get 10x returns. Bitcoin ethereum trading. WhatsApp group: https://t.me/crypto-invest,cryptocurrency investment! get 10x returns. bitcoin ethereum trading. whatsapp group: https://t.me/crypto-invest,en,CRYPTO_SCAM,True,HIGH,scam,manual,2.0.0-alpha,,,,
CRYPTO_SCAM_0005,NFT investment! Limited edition digital art. 1000x returns. Mint now: http://nft-drop.tk,nft investment! limited edition digital art. 1000x returns. mint now: http://nft-drop.tk,en,CRYPTO_SCAM,True,HIGH,scam,manual,2.0.0-alpha,,,,
CRYPTO_SCAM_0006,"Passive income: Earn Rs 50,000 monthly from crypto trading bot. Fully automated. https://trading-bot.xyz","passive income: earn rs 50,000 monthly from crypto trading bot. fully automated. https://trading-bot.xyz",en,CRYPTO_SCAM,True,HIGH,scam,manual,2.0.0-alpha,,,,
CRYPTO_SCAM_0007,Crypto mining cloud service! Earn 0.05 BTC weekly. Start with Rs 2000 only. http://crypto-mine.ga,crypto mining cloud service! earn 0.05 btc weekly. start with rs 2000 only. http://crypto-mine.ga,en,CRYPTO_SCAM,True,HIGH,scam,manual,2.0.0-alpha,,,,
DIGITAL_ARREST_0001,Mumbai Police FIR No. 0078/2026 Money Laundering case linked to your Aadhaar. Immediate action required. Call us to avoid arrest.,mumbai police fir no. 0078/2026 money laundering case linked to your aadhaar. immediate action required. call us to avoid arrest.,en,DIGITAL_ARREST,True,CRITICAL,scam,cert_in,2.0.0-alpha,,,,
DIGITAL_ARREST_0002,Your Aadhaar has been linked to a money laundering case. An arrest warrant has been issued. You must appear on video call immediately.,your aadhaar has been linked to a money laundering case. an arrest warrant has been issued. you must appear on video call immediately.,en,DIGITAL_ARREST,True,CRITICAL,scam,cert_in,2.0.0-alpha,,,,
DIGITAL_ARREST_0003,NCB has intercepted a parcel in your name containing illegal items. Your PAN card has been misused. Contact immediately to avoid legal action.,ncb has intercepted a parcel in your name containing illegal items. your pan card has been misused. contact immediately to avoid legal action.,en,DIGITAL_ARREST,True,CRITICAL,scam,cert_in,2.0.0-alpha,,,,
DIGITAL_ARREST_0004,Your Aadhaar and PAN have been used in criminal activities. CBI has issued a non-bailable warrant. Call us immediately to resolve.,your aadhaar and pan have been used in criminal activities. cbi has issued a non-bailable warrant. call us immediately to resolve.,en,DIGITAL_ARREST,True,CRITICAL,scam,cert_in,2.0.0-alpha,,,,
DIGITAL_ARREST_0005,Cyber crime department: Your mobile number has been used in online fraud. Your bank accounts will be frozen. Contact us immediately.,cyber crime department: your mobile number has been used in online fraud. your bank accounts will be frozen. contact us immediately.,en,DIGITAL_ARREST,True,CRITICAL,scam,cert_in,2.0.0-alpha,,,,
ELECTRICITY_BILL_SCAM_0001,"Dear CUSTOMER, your electricity power will be disconnected tonight at 9.30 pm from electricity office because your previous month bill was not updated. Please immediately contact with our electricity officer 9693325442 Thank you.","dear customer, your electricity power will be disconnected tonight at 9.30 pm from electricity office because your previous month bill was not updated. please immediately contact with our electricity officer 9693325442 thank you.",en,ELECTRICITY_BILL_SCAM,True,HIGH,scam,cert_in,2.0.0-alpha,,,,
ELECTRICITY_BILL_SCAM_0002,Your Electricity Power will disconnect at 9:30 pm as your last month bill was not updated Call us,your electricity power will disconnect at 9:30 pm as your last month bill was not updated call us,en,ELECTRICITY_BILL_SCAM,True,HIGH,scam,cert_in,2.0.0-alpha,,,,
ELECTRICITY_BILL_SCAM_0003,Please Update Your Bill. Dear Consumer Your Electricity Power will be disconnected. Tonight at 8.30 PM from electricity office. Because your previous month bill was not updated please immediately contact with our electricity officer. Thank you.,please update your bill. dear consumer your electricity power will be disconnected. tonight at 8.30 pm from electricity office. because your previous month bill was not updated please immediately contact with our electricity officer. thank you.,en,ELECTRICITY_BILL_SCAM,True,HIGH,scam,cert_in,2.0.0-alpha,,,,
ELECTRICITY_BILL_SCAM_0004,"Dear customer, your electricity will be disconnected tonight due to pending bill. Contact support immediately.","dear customer, your electricity will be disconnected tonight due to pending bill. contact support immediately.",en,ELECTRICITY_BILL_SCAM,True,HIGH,scam,ncpc,2.0.0-alpha,,,,
ELECTRICITY_BILL_SCAM_0005,"Dear Customer Your Electricity power will be disconnected Tonight at 8.30 pm from electricity office. Because your previous month bill was not update, please immediately contact with our electricity officer 8240471159 Thank you.","dear customer your electricity power will be disconnected tonight at 8.30 pm from electricity office. because your previous month bill was not update, please immediately contact with our electricity officer 8240471159 thank you.",en,ELECTRICITY_BILL_SCAM,True,HIGH,scam,cert_in,2.0.0-alpha,,,,
ELECTRICITY_BILL_SCAM_0006,"Dear customer, your electricity supply will be disconnected tonight because you have not updated your previous bill.","dear customer, your electricity supply will be disconnected tonight because you have not updated your previous bill.",en,ELECTRICITY_BILL_SCAM,True,HIGH,scam,ncpc,2.0.0-alpha,,,,
ELECTRICITY_BILL_SCAM_0007,Your electricity will be disconnected today at 9:30 PM as your previous month bill is not updated. Please immediately contact our electricity officer.,your electricity will be disconnected today at 9:30 pm as your previous month bill is not updated. please immediately contact our electricity officer.,en,ELECTRICITY_BILL_SCAM,True,HIGH,scam,ncpc,2.0.0-alpha,,,,
ELECTRICITY_BILL_SCAM_0008,Your electricity bill payment failed! Immediate disconnection warning. Pay now: http://tneb-bill.tk,your electricity bill payment failed! immediate disconnection warning. pay now: http://tneb-bill.tk,en,ELECTRICITY_BILL_SCAM,True,HIGH,scam,manual,2.0.0-alpha,,,,
ELECTRICITY_BILL_SCAM_0009,TNEB: Your electricity connection will be disconnected tonight! Pay pending bill Rs 4500: http://tneb-bill.tk,tneb: your electricity connection will be disconnected tonight! pay pending bill rs 4500: http://tneb-bill.tk,en,ELECTRICITY_BILL_SCAM,True,HIGH,scam,manual,2.0.0-alpha,,,,
ELECTRICITY_BILL_SCAM_0010,Electricity board: Your meter has been tampered. Pay penalty Rs 25000 to avoid FIR. http://elect-penalty.xyz,electricity board: your meter has been tampered. pay penalty rs 25000 to avoid fir. http://elect-penalty.xyz,en,ELECTRICITY_BILL_SCAM,True,HIGH,scam,manual,2.0.0-alpha,,,,
ELECTRICITY_BILL_SCAM_0011,BSES: Your electricity bill payment failed. Immediate disconnection. Pay now: http://bses-pay.top,bses: your electricity bill payment failed. immediate disconnection. pay now: http://bses-pay.top,en,ELECTRICITY_BILL_SCAM,True,HIGH,scam,manual,2.0.0-alpha,,,,
ELECTRICITY_BILL_SCAM_0012,Current bill pay pannathinga! Disconnect panniduvinga. Link: http://tneb-alert.ga,current bill pay pannathinga! disconnect panniduvinga. link: http://tneb-alert.ga,en,ELECTRICITY_BILL_SCAM,True,HIGH,scam,manual,2.0.0-alpha,,,,
ELECTRICITY_BILL_SCAM_0013,TNEB: Your electricity connection will be disconnected today. Pay immediately: http://tneb-pay.in,tneb: your electricity connection will be disconnected today. pay immediately: http://tneb-pay.in,en,ELECTRICITY_BILL_SCAM,True,HIGH,scam,known_corpus,2.0.0-alpha,,,,
ELECTRICITY_BILL_SCAM_0014,TANGEDCO: Final notice! Power cut in 2 hrs if unpaid. Pay: http://tangedco-bill.com,tangedco: final notice! power cut in 2 hrs if unpaid. pay: http://tangedco-bill.com,en,ELECTRICITY_BILL_SCAM,True,HIGH,scam,known_corpus,2.0.0-alpha,,,,
ELECTRICITY_BILL_SCAM_0015,"TNEB Bill ₹2,450 overdue. Disconnection scheduled. Click to pay: http://bit.ly/tnebbill","tneb bill ₹2,450 overdue. disconnection scheduled. click to pay: http://bit.ly/tnebbill",en,ELECTRICITY_BILL_SCAM,True,HIGH,scam,known_corpus,2.0.0-alpha,,,,
ELECTRICITY_BILL_SCAM_0016,Your EB bill payment failed. Re-attempt: http://tneb-reconnect.in,your eb bill payment failed. re-attempt: http://tneb-reconnect.in,en,ELECTRICITY_BILL_SCAM,True,HIGH,scam,known_corpus,2.0.0-alpha,,,,
ELECTRICITY_BILL_SCAM_0017,"Electricity Board: Meter tampering detected. Fine of ₹5,000 imposed. Pay within 24 hrs.","electricity board: meter tampering detected. fine of ₹5,000 imposed. pay within 24 hrs.",en,ELECTRICITY_BILL_SCAM,True,HIGH,scam,known_corpus,2.0.0-alpha,,,,
ELECTRICITY_BILL_SCAM_0018,TNEB: Your new smart meter requires activation. Click: http://tneb-smartmeter.in,tneb: your new smart meter requires activation. click: http://tneb-smartmeter.in,en,ELECTRICITY_BILL_SCAM,True,HIGH,scam,known_corpus,2.0.0-alpha,,,,
ELECTRICITY_BILL_SCAM_0019,BESCOM: Final warning! Power disconnection in 12 hours. Pay bill now.,bescom: final warning! power disconnection in 12 hours. pay bill now.,en,ELECTRICITY_BILL_SCAM,True,HIGH,scam,known_corpus,2.0.0-alpha,,,,
ELECTRICITY_BILL_SCAM_0020,MSEDCL: Your electricity bill payment link: http://mahadiscom-bill.in,msedcl: your electricity bill payment link: http://mahadiscom-bill.in,en,ELECTRICITY_BILL_SCAM,True,HIGH,scam,known_corpus,2.0.0-alpha,,,,
ELECTRICITY_BILL_SCAM_0021,"UPPCL: Bill amount ₹3,200 overdue. Pay or face legal action. Link: http://uppcl-bill.com","uppcl: bill amount ₹3,200 overdue. pay or face legal action. link: http://uppcl-bill.com",en,ELECTRICITY_BILL_SCAM,True,HIGH,scam,known_corpus,2.0.0-alpha,,,,
ELECTRICITY_BILL_SCAM_0022,"Electricity department: Your connection has been used for illegal mining. Pay penalty ₹15,000.","electricity department: your connection has been used for illegal mining. pay penalty ₹15,000.",en,ELECTRICITY_BILL_SCAM,True,HIGH,scam,known_corpus,2.0.0-alpha,,,,
ELECTRICITY_BILL_SCAM_0023,"TNEB: Congratulations, you saved ₹500 on this bill! Claim refund: http://tneb-refund.in","tneb: congratulations, you saved ₹500 on this bill! claim refund: http://tneb-refund.in",en,ELECTRICITY_BILL_SCAM,True,HIGH,scam,known_corpus,2.0.0-alpha,,,,
ELECTRICITY_BILL_SCAM_0024,"PSPCL: Your electricity bill has been revised to ₹6,740. Pay now to avoid penalty.","pspcl: your electricity bill has been revised to ₹6,740. pay now to avoid penalty.",en,ELECTRICITY_BILL_SCAM,True,HIGH,scam,known_corpus,2.0.0-alpha,,,,
FAKE_CUSTOMER_CARE_0001,"Dear user, your UPI refund is pending. Contact customer care now on 9876543210 to receive your money today.","dear user, your upi refund is pending. contact customer care now on 9876543210 to receive your money today.",en,FAKE_CUSTOMER_CARE,True,MEDIUM,scam,ncpc,2.0.0-alpha,,,,
FAKE_CUSTOMER_CARE_0002,"UPI Support: Your transaction failed. To fix issue instantly, approve support request and verify your UPI PIN now.","upi support: your transaction failed. to fix issue instantly, approve support request and verify your upi pin now.",en,FAKE_CUSTOMER_CARE,True,MEDIUM,scam,npci,2.0.0-alpha,,,,
FAKE_CUSTOMER_CARE_0003,"For quick support, install AnyDesk and connect with UPI customer care to resolve payment issue safely.","for quick support, install anydesk and connect with upi customer care to resolve payment issue safely.",en,FAKE_CUSTOMER_CARE,True,MEDIUM,scam,ncpc,2.0.0-alpha,,,,
FAKE_CUSTOMER_CARE_0004,SBI customer care: Your complaint has been registered. Call 1800-123-4567 for immediate resolution.,sbi customer care: your complaint has been registered. call 1800-123-4567 for immediate resolution.,en,FAKE_CUSTOMER_CARE,True,MEDIUM,scam,manual,2.0.0-alpha,,,,
FAKE_CUSTOMER_CARE_0005,Amazon helpdesk: Your order has been cancelled. Refund available. Call 1900-123-456 to process.,amazon helpdesk: your order has been cancelled. refund available. call 1900-123-456 to process.,en,FAKE_CUSTOMER_CARE,True,MEDIUM,scam,manual,2.0.0-alpha,,,,
FAKE_CUSTOMER_CARE_0006,Paytm customer service: Your wallet transaction failed. Call our toll-free 1800-999-8888 for refund.,paytm customer service: your wallet transaction failed. call our toll-free 1800-999-8888 for refund.,en,FAKE_CUSTOMER_CARE,True,MEDIUM,scam,manual,2.0.0-alpha,,,,
FAKE_CUSTOMER_CARE_0007,Your credit card has been charged Rs 50000 for Amazon purchase. Dispute: Call 1800-111-2222,your credit card has been charged rs 50000 for amazon purchase. dispute: call 1800-111-2222,en,FAKE_CUSTOMER_CARE,True,MEDIUM,scam,manual,2.0.0-alpha,,,,
FAKE_CUSTOMER_CARE_0008,IRCTC helpdesk: Your train ticket is cancelled. Refund processing. Call 1800-111-3333,irctc helpdesk: your train ticket is cancelled. refund processing. call 1800-111-3333,en,FAKE_CUSTOMER_CARE,True,MEDIUM,scam,manual,2.0.0-alpha,,,,
FAKE_CUSTOMER_CARE_0009,Google Pay support: Unusual activity on your account. Call 1800-123-9999 immediately to secure.,google pay support: unusual activity on your account. call 1800-123-9999 immediately to secure.,en,FAKE_CUSTOMER_CARE,True,MEDIUM,scam,manual,2.0.0-alpha,,,,
FAKE_CUSTOMER_CARE_0010,PhonePe customer care: Your Rs 25000 payment is stuck. Call 1800-222-4444 to resolve.,phonepe customer care: your rs 25000 payment is stuck. call 1800-222-4444 to resolve.,en,FAKE_CUSTOMER_CARE,True,MEDIUM,scam,manual,2.0.0-alpha,,,,
FAKE_CUSTOMER_CARE_0011,Swift customer support: Your parcel is held at customs. Call 1800-333-5555 for clearance.,swift customer support: your parcel is held at customs. call 1800-333-5555 for clearance.,en,FAKE_CUSTOMER_CARE,True,MEDIUM,scam,manual,2.0.0-alpha,,,,
FAKE_CUSTOMER_CARE_0012,Microsoft support: Your PC has a virus! Call 1800-444-6666 immediately for free support.,microsoft support: your pc has a virus! call 1800-444-6666 immediately for free support.,en,FAKE_CUSTOMER_CARE,True,MEDIUM,scam,manual,2.0.0-alpha,,,,
FAKE_CUSTOMER_CARE_0013,Your card has been blocked due to suspicious transactions. Call SBI support 1800-555-7777 to unblock.,your card has been blocked due to suspicious transactions. call sbi support 1800-555-7777 to unblock.,en,FAKE_CUSTOMER_CARE,True,MEDIUM,scam,manual,2.0.0-alpha,,,,
FAKE_CUSTOMER_CARE_0014,Windows Alert: Your computer has been infected with 5 viruses! Call Microsoft Certified Technician immediately: 1800-XXX-XXXX.,windows alert: your computer has been infected with 5 viruses! call microsoft certified technician immediately: 1800-xxx-xxxx.,en,FAKE_CUSTOMER_CARE,True,MEDIUM,scam,manual,2.0.0-alpha,,,,
FAKE_CUSTOMER_CARE_0015,Your Netflix account has been suspended due to billing issues. Update payment: https://netflix-billing-update.xyz,your netflix account has been suspended due to billing issues. update payment: https://netflix-billing-update.xyz,en,FAKE_CUSTOMER_CARE,True,MEDIUM,scam,manual,2.0.0-alpha,,,,
FAKE_CUSTOMER_CARE_0016,Facebook: Your account was reported for violation. Verify now at https://facebook-verification.tk or be permanently banned.,facebook: your account was reported for violation. verify now at https://facebook-verification.tk or be permanently banned.,en,FAKE_CUSTOMER_CARE,True,MEDIUM,scam,manual,2.0.0-alpha,,,,
FAKE_CUSTOMER_CARE_0017,Your Amazon Prime membership will expire today. Renew at discounted rate Rs 999. Click: https://amazon-prime-renew.xyz,your amazon prime membership will expire today. renew at discounted rate rs 999. click: https://amazon-prime-renew.xyz,en,FAKE_CUSTOMER_CARE,True,MEDIUM,scam,manual,2.0.0-alpha,,,,
FAKE_CUSTOMER_CARE_0018,Google: Your business listing has been suspended. Re-verify at https://google-business-verify.com to restore visibility.,google: your business listing has been suspended. re-verify at https://google-business-verify.com to restore visibility.,en,FAKE_CUSTOMER_CARE,True,MEDIUM,scam,manual,2.0.0-alpha,,,,
GOVERNMENT_IMPERSONATION_0001,"Government of India Digital India Scheme: Your Aadhaar number WON Rs 5,00,000 in our national prize draw. Pay Rs 999 GST fee to receive your prize in 24 hours.","government of india digital india scheme: your aadhaar number won rs 5,00,000 in our national prize draw. pay rs 999 gst fee to receive your prize in 24 hours.",en,GOVERNMENT_IMPERSONATION,True,HIGH,scam,ncpc,2.0.0-alpha,,,,
GOVERNMENT_IMPERSONATION_0002,"PM Kisan Yojana: You are eligible for Rs 6,000 installment. Click to claim: https://pmkisan-gov.xyz/claim","pm kisan yojana: you are eligible for rs 6,000 installment. click to claim: https://pmkisan-gov.xyz/claim",en,GOVERNMENT_IMPERSONATION,True,HIGH,scam,pib,2.0.0-alpha,,,,
GOVERNMENT_IMPERSONATION_0003,"Central Government: Rs 1,50,000 subsidy approved for your bank account. Pay Rs 2,500 processing fee to release funds.","central government: rs 1,50,000 subsidy approved for your bank account. pay rs 2,500 processing fee to release funds.",en,GOVERNMENT_IMPERSONATION,True,HIGH,scam,pib,2.0.0-alpha,,,,
GOVERNMENT_IMPERSONATION_0004,"Ayushman Bharat: Your health insurance is expiring. Renew now with Rs 1,200 premium or lose coverage permanently.","ayushman bharat: your health insurance is expiring. renew now with rs 1,200 premium or lose coverage permanently.",en,GOVERNMENT_IMPERSONATION,True,HIGH,scam,pib,2.0.0-alpha,,,,
GOVERNMENT_IMPERSONATION_0005,"NREGA: You have pending wages of Rs 12,000. Update your bank details at https://nrega-wages.xyz to receive payment.","nrega: you have pending wages of rs 12,000. update your bank details at https://nrega-wages.xyz to receive payment.",en,GOVERNMENT_IMPERSONATION,True,HIGH,scam,pib,2.0.0-alpha,,,,
GOVERNMENT_IMPERSONATION_0006,PM Modi: Rs 5000 monthly pension scheme. Register now: https://pm-scheme.tk,pm modi: rs 5000 monthly pension scheme. register now: https://pm-scheme.tk,en,GOVERNMENT_IMPERSONATION,True,HIGH,scam,manual,2.0.0-alpha,,,,
GOVERNMENT_IMPERSONATION_0007,Central Government: Rs 15000 subsidy for all citizens. Apply: http://govt-subsidy.xyz,central government: rs 15000 subsidy for all citizens. apply: http://govt-subsidy.xyz,en,GOVERNMENT_IMPERSONATION,True,HIGH,scam,manual,2.0.0-alpha,,,,
GOVERNMENT_IMPERSONATION_0008,Aadhaar linking mandatory! Your PAN-Aadhaar not linked. Link now: http://aadhaar-link.ml,aadhaar linking mandatory! your pan-aadhaar not linked. link now: http://aadhaar-link.ml,en,GOVERNMENT_IMPERSONATION,True,HIGH,scam,manual,2.0.0-alpha,,,,
GOVERNMENT_IMPERSONATION_0009,PM Awas Yojana: You have been selected for housing subsidy. Pay processing fee Rs 5000: http://pmay-scheme.top,pm awas yojana: you have been selected for housing subsidy. pay processing fee rs 5000: http://pmay-scheme.top,en,GOVERNMENT_IMPERSONATION,True,HIGH,scam,manual,2.0.0-alpha,,,,
GOVERNMENT_IMPERSONATION_0010,Ayushman Bharat: Health insurance of Rs 5 lakhs approved. Registration fee Rs 999: http://ayushman.ga,ayushman bharat: health insurance of rs 5 lakhs approved. registration fee rs 999: http://ayushman.ga,en,GOVERNMENT_IMPERSONATION,True,HIGH,scam,manual,2.0.0-alpha,,,,
GOVERNMENT_IMPERSONATION_0011,NREGA job card: 100 days work guaranteed. Apply with Rs 250 processing: http://nrega-register.tk,nrega job card: 100 days work guaranteed. apply with rs 250 processing: http://nrega-register.tk,en,GOVERNMENT_IMPERSONATION,True,HIGH,scam,manual,2.0.0-alpha,,,,
GOVERNMENT_IMPERSONATION_0012,Mahatma Gandhi National Pension: You are eligible for Rs 2000 monthly pension. Register: https://pension-scheme.ml,mahatma gandhi national pension: you are eligible for rs 2000 monthly pension. register: https://pension-scheme.ml,en,GOVERNMENT_IMPERSONATION,True,HIGH,scam,manual,2.0.0-alpha,,,,
GOVERNMENT_IMPERSONATION_0013,Income Tax refund of Rs 8500 is pending. Update your bank details: http://itr-refund.tk,income tax refund of rs 8500 is pending. update your bank details: http://itr-refund.tk,en,GOVERNMENT_IMPERSONATION,True,HIGH,scam,manual,2.0.0-alpha,,,,
GOVERNMENT_IMPERSONATION_0014,Sarkari yojna: Rs 5000 har mahine! Apply karein: http://sarkari-scheme.xyz,sarkari yojna: rs 5000 har mahine! apply karein: http://sarkari-scheme.xyz,en,GOVERNMENT_IMPERSONATION,True,HIGH,scam,manual,2.0.0-alpha,,,,
GOVERNMENT_IMPERSONATION_0015,CSC centre: Digital India scheme! Laptop free me paaye. Registration Rs 999. http://csc-scheme.tk,csc centre: digital india scheme! laptop free me paaye. registration rs 999. http://csc-scheme.tk,en,GOVERNMENT_IMPERSONATION,True,HIGH,scam,manual,2.0.0-alpha,,,,
GOVERNMENT_IMPERSONATION_0016,Aadhaar card update pannikunga! Payment Rs 500. http://aadhaar-update.ml,aadhaar card update pannikunga! payment rs 500. http://aadhaar-update.ml,en,GOVERNMENT_IMPERSONATION,True,HIGH,scam,manual,2.0.0-alpha,,,,
GOVERNMENT_IMPERSONATION_0017,LPG subsidy of Rs 1800 is pending in your name. Update bank details: http://lpg-subsidy.tk,lpg subsidy of rs 1800 is pending in your name. update bank details: http://lpg-subsidy.tk,en,GOVERNMENT_IMPERSONATION,True,HIGH,scam,manual,2.0.0-alpha,,,,
GOVERNMENT_IMPERSONATION_0018,Gas connection: Unga subsidy amount Rs 2000 credit aagirukku. Bank details update pannunga: http://gas-subsidy.ml,gas connection: unga subsidy amount rs 2000 credit aagirukku. bank details update pannunga: http://gas-subsidy.ml,ta-en,GOVERNMENT_IMPERSONATION,True,HIGH,scam,manual,2.0.0-alpha,,,,
GOVERNMENT_IMPERSONATION_0019,Free laptop! Government scheme for students. Register with Rs 200 registration fee: http://student-scheme.tk,free laptop! government scheme for students. register with rs 200 registration fee: http://student-scheme.tk,en,GOVERNMENT_IMPERSONATION,True,HIGH,scam,manual,2.0.0-alpha,,,,
GOVERNMENT_IMPERSONATION_0021,"Income Tax Department: Tax evasion case registered against you. Pay Rs 50,000 penalty immediately to avoid arrest warrant.","income tax department: tax evasion case registered against you. pay rs 50,000 penalty immediately to avoid arrest warrant.",en,GOVERNMENT_IMPERSONATION,True,HIGH,scam,manual,2.0.0-alpha,,,,
GOVERNMENT_IMPERSONATION_0023,"Electricity board: Your connection will be disconnected for non-payment. Pay Rs 4,200 immediately via this link: https://bill-pay.tk","electricity board: your connection will be disconnected for non-payment. pay rs 4,200 immediately via this link: https://bill-pay.tk",en,GOVERNMENT_IMPERSONATION,True,HIGH,scam,manual,2.0.0-alpha,,,,
GOVERNMENT_IMPERSONATION_0025,"Water department: Your water connection will be cut. Pay outstanding bill of Rs 3,800 at https://water-bill-pay.com","water department: your water connection will be cut. pay outstanding bill of rs 3,800 at https://water-bill-pay.com",en,GOVERNMENT_IMPERSONATION,True,HIGH,scam,manual,2.0.0-alpha,,,,
GOVERNMENT_IMPERSONATION_0027,"GST department: Your GST return has discrepancies. Pay Rs 15,000 penalty or your business registration will be cancelled.","gst department: your gst return has discrepancies. pay rs 15,000 penalty or your business registration will be cancelled.",en,GOVERNMENT_IMPERSONATION,True,HIGH,scam,manual,2.0.0-alpha,,,,
GOVERNMENT_IMPERSONATION_0030,"PM Kisan: You are eligible for ₹6,000 installment. Click: http://pmkisan-gov.in","pm kisan: you are eligible for ₹6,000 installment. click: http://pmkisan-gov.in",en,GOVERNMENT_IMPERSONATION,True,HIGH,scam,known_corpus,2.0.0-alpha,,,,
GOVERNMENT_IMPERSONATION_0031,PM Awas Yojana: Your application approved. Get subsidy: http://pmay-subsidy.com,pm awas yojana: your application approved. get subsidy: http://pmay-subsidy.com,en,GOVERNMENT_IMPERSONATION,True,HIGH,scam,known_corpus,2.0.0-alpha,,,,
GOVERNMENT_IMPERSONATION_0032,Ayushman Bharat: Your health insurance card is ready. Download: http://ayushman-card.in,ayushman bharat: your health insurance card is ready. download: http://ayushman-card.in,en,GOVERNMENT_IMPERSONATION,True,HIGH,scam,known_corpus,2.0.0-alpha,,,,
GOVERNMENT_IMPERSONATION_0033,"SBI: ₹2,000 COVID relief credited. Claim via: http://sbi-relief.in","sbi: ₹2,000 covid relief credited. claim via: http://sbi-relief.in",en,GOVERNMENT_IMPERSONATION,True,HIGH,scam,known_corpus,2.0.0-alpha,,,,
GOVERNMENT_IMPERSONATION_0034,"Govt of India: You have ₹1,50,000 pending subsidy. Release now: http://govt-subsidy.in","govt of india: you have ₹1,50,000 pending subsidy. release now: http://govt-subsidy.in",en,GOVERNMENT_IMPERSONATION,True,HIGH,scam,known_corpus,2.0.0-alpha,,,,
GOVERNMENT_IMPERSONATION_0035,"DBT: Your direct benefit transfer of ₹5,000 is pending. Link Aadhaar now.","dbt: your direct benefit transfer of ₹5,000 is pending. link aadhaar now.",en,GOVERNMENT_IMPERSONATION,True,HIGH,scam,known_corpus,2.0.0-alpha,,,,
GOVERNMENT_IMPERSONATION_0036,"NREGA: Your job card payment of ₹4,200 is due. Verify: http://nrega-verify.in","nrega: your job card payment of ₹4,200 is due. verify: http://nrega-verify.in",en,GOVERNMENT_IMPERSONATION,True,HIGH,scam,known_corpus,2.0.0-alpha,,,,
GOVERNMENT_IMPERSONATION_0037,"PM SVANidhi: Loan of ₹10,000 sanctioned. Disburse now: http://bit.ly/pm-svanidhi","pm svanidhi: loan of ₹10,000 sanctioned. disburse now: http://bit.ly/pm-svanidhi",en,GOVERNMENT_IMPERSONATION,True,HIGH,scam,known_corpus,2.0.0-alpha,,,,
GOVERNMENT_IMPERSONATION_0038,Skill India: Your training certificate with stipend ready. Claim: http://skill-india.in,skill india: your training certificate with stipend ready. claim: http://skill-india.in,en,GOVERNMENT_IMPERSONATION,True,HIGH,scam,known_corpus,2.0.0-alpha,,,,
GOVERNMENT_IMPERSONATION_0039,Modi govt scheme: Free laptop for students. Register: http://freeshiksha.in,modi govt scheme: free laptop for students. register: http://freeshiksha.in,en,GOVERNMENT_IMPERSONATION,True,HIGH,scam,known_corpus,2.0.0-alpha,,,,
GOVERNMENT_IMPERSONATION_0040,"Mahatma Gandhi: ₹50,000 financial assistance approved. Contact: 9876543210","mahatma gandhi: ₹50,000 financial assistance approved. contact: 9876543210",en,GOVERNMENT_IMPERSONATION,True,HIGH,scam,known_corpus,2.0.0-alpha,,,,
GOVERNMENT_IMPERSONATION_0041,Central govt: Your LPG subsidy for 12 cylinders is pending. Link bank account.,central govt: your lpg subsidy for 12 cylinders is pending. link bank account.,en,GOVERNMENT_IMPERSONATION,True,HIGH,scam,known_corpus,2.0.0-alpha,,,,
GOVERNMENT_IMPERSONATION_0042,Food department: Your ration card is deactivated. Update now: http://food-gov.in,food department: your ration card is deactivated. update now: http://food-gov.in,en,GOVERNMENT_IMPERSONATION,True,HIGH,scam,known_corpus,2.0.0-alpha,,,,
GOVERNMENT_IMPERSONATION_0043,"Sarkari yojana: You have been selected for ₹25,000 monthly pension. Register here.","sarkari yojana: you have been selected for ₹25,000 monthly pension. register here.",en,GOVERNMENT_IMPERSONATION,True,HIGH,scam,known_corpus,2.0.0-alpha,,,,
INCOME_TAX_SCAM_0001,"Your income tax refund will be credited to your bank account number XXXXX. If the account number mentioned is incorrect, please visit the link to update your bank account details","your income tax refund will be credited to your bank account number xxxxx. if the account number mentioned is incorrect, please visit the link to update your bank account details",en,INCOME_TAX_SCAM,True,CRITICAL,scam,cert_in,2.0.0-alpha,,,,
INCOME_TAX_SCAM_0002,"INCOME TAX REFUND: Rs 18,490 approved. Enter your bank details at incometax-refund.net to receive funds.","income tax refund: rs 18,490 approved. enter your bank details at incometax-refund.net to receive funds.",en,INCOME_TAX_SCAM,True,CRITICAL,scam,cert_in,2.0.0-alpha,,,,
INCOME_TAX_SCAM_0003,"Dear taxpayer, your refund is pending. Click now to avoid penalty http://incometax-refund-claim.xyz","dear taxpayer, your refund is pending. click now to avoid penalty http://incometax-refund-claim.xyz",en,INCOME_TAX_SCAM,True,CRITICAL,scam,cert_in,2.0.0-alpha,,,,
INCOME_TAX_SCAM_0004,"You have been approved an Income Tax Refund of Rs 15000, the amount will be credited to your account shortly. Please verify your account number 5XXXXX6777. If this is not correct, please update your bank account information by visiting the link below. https://bit.ly/20wpUUX","you have been approved an income tax refund of rs 15000, the amount will be credited to your account shortly. please verify your account number 5xxxxx6777. if this is not correct, please update your bank account information by visiting the link below. https://bit.ly/20wpuux",en,INCOME_TAX_SCAM,True,CRITICAL,scam,cert_in,2.0.0-alpha,,,,
INVESTMENT_SCAM_0001,Get 500% returns in 3 days! Stock market tips from experts. 100% guaranteed profit. Earn Rs 1 lakh in one week.,get 500% returns in 3 days! stock market tips from experts. 100% guaranteed profit. earn rs 1 lakh in one week.,en,INVESTMENT_SCAM,True,HIGH,scam,ncpc,2.0.0-alpha,,,,
INVESTMENT_SCAM_0002,"SEBI registered investment advisor. Get 10x returns in 30 days. Join our elite group. Fee Rs 15,000.","sebi registered investment advisor. get 10x returns in 30 days. join our elite group. fee rs 15,000.",en,INVESTMENT_SCAM,True,HIGH,scam,ncpc,2.0.0-alpha,,,,
INVESTMENT_SCAM_0003,"Mutual fund bonus scheme. Government approved. Invest Rs 25,000 get Rs 1,00,000 after 1 year. Limited period.","mutual fund bonus scheme. government approved. invest rs 25,000 get rs 1,00,000 after 1 year. limited period.",en,INVESTMENT_SCAM,True,HIGH,scam,ncpc,2.0.0-alpha,,,,
INVESTMENT_SCAM_0004,"Forex trading made easy. Earn $500 daily. Automated trading bot. One-time setup fee Rs 8,500.","forex trading made easy. earn $500 daily. automated trading bot. one-time setup fee rs 8,500.",en,INVESTMENT_SCAM,True,HIGH,scam,ncpc,2.0.0-alpha,,,,
INVESTMENT_SCAM_0005,"Real estate fractional ownership. Invest Rs 1,00,000 get 30% returns annually. Guaranteed buyback after 3 years.","real estate fractional ownership. invest rs 1,00,000 get 30% returns annually. guaranteed buyback after 3 years.",en,INVESTMENT_SCAM,True,HIGH,scam,ncpc,2.0.0-alpha,,,,
INVESTMENT_SCAM_0006,Double your money in 7 days! Guaranteed 200% returns. Invest now: http://quick-profit.ml,double your money in 7 days! guaranteed 200% returns. invest now: http://quick-profit.ml,en,INVESTMENT_SCAM,True,HIGH,scam,manual,2.0.0-alpha,,,,
INVESTMENT_SCAM_0007,"Bitcoin trading: Earn Rs 25,000 daily. Minimum investment Rs 1000. Join: https://crypto-profit.xyz","bitcoin trading: earn rs 25,000 daily. minimum investment rs 1000. join: https://crypto-profit.xyz",en,INVESTMENT_SCAM,True,HIGH,scam,manual,2.0.0-alpha,,,,
INVESTMENT_SCAM_0008,SEBI approved investment scheme! 35% monthly returns. Limited seats. Call 1800-123-4567,sebi approved investment scheme! 35% monthly returns. limited seats. call 1800-123-4567,en,INVESTMENT_SCAM,True,HIGH,scam,manual,2.0.0-alpha,,,,
INVESTMENT_SCAM_0009,Mutual fund guaranteed returns! 50% profit in 3 months. Start with Rs 5000. http://mutual-fund.top,mutual fund guaranteed returns! 50% profit in 3 months. start with rs 5000. http://mutual-fund.top,en,INVESTMENT_SCAM,True,HIGH,scam,manual,2.0.0-alpha,,,,
INVESTMENT_SCAM_0010,Work from home data entry. Earn Rs 500-2000 daily. No investment required. Contact: job@home-work.tk,work from home data entry. earn rs 500-2000 daily. no investment required. contact: job@home-work.tk,en,INVESTMENT_SCAM,True,HIGH,scam,manual,2.0.0-alpha,,,,
INVESTMENT_SCAM_0011,Stock market tips! 100% accuracy. 7 day free trial. SMS JOIN to 56789,stock market tips! 100% accuracy. 7 day free trial. sms join to 56789,en,INVESTMENT_SCAM,True,HIGH,scam,manual,2.0.0-alpha,,,,
INVESTMENT_SCAM_0012,RBI bond scheme! 40% interest. Government approved. http://rbi-scheme.ml,rbi bond scheme! 40% interest. government approved. http://rbi-scheme.ml,en,INVESTMENT_SCAM,True,HIGH,scam,manual,2.0.0-alpha,,,,
INVESTMENT_SCAM_0013,Share market la nalla profit! Weekly 20% guaranteed. Join our Telegram: t.me/share_tips,share market la nalla profit! weekly 20% guaranteed. join our telegram: t.me/share_tips,en,INVESTMENT_SCAM,True,HIGH,scam,manual,2.0.0-alpha,,,,
INVESTMENT_SCAM_0014,Get 500% returns in 3 days! Bitcoin trading signal group. Limited seats. Join now!,get 500% returns in 3 days! bitcoin trading signal group. limited seats. join now!,en,INVESTMENT_SCAM,True,HIGH,scam,manual,2.0.0-alpha,,,,
INVESTMENT_SCAM_0015,"Stock market tips from experts. 100% guaranteed profit. Earn Rs 1 lakh in one week. Investment Rs 5,000 only.","stock market tips from experts. 100% guaranteed profit. earn rs 1 lakh in one week. investment rs 5,000 only.",en,INVESTMENT_SCAM,True,HIGH,scam,manual,2.0.0-alpha,,,,
INVESTMENT_SCAM_0016,"Cryptocurrency investment opportunity. Minimum investment Rs 10,000. Daily returns of 10% for lifetime.","cryptocurrency investment opportunity. minimum investment rs 10,000. daily returns of 10% for lifetime.",en,INVESTMENT_SCAM,True,HIGH,scam,manual,2.0.0-alpha,,,,
INVESTMENT_SCAM_0020,"NFT investment opportunity. Rare digital art collection. 1000x potential returns. Buy now at discounted price Rs 50,000.","nft investment opportunity. rare digital art collection. 1000x potential returns. buy now at discounted price rs 50,000.",en,INVESTMENT_SCAM,True,HIGH,scam,manual,2.0.0-alpha,,,,
INVESTMENT_SCAM_0021,"IPO guaranteed allotment. We have insider connections. Pay Rs 3,000 registration to get IPO shares at listing price.","ipo guaranteed allotment. we have insider connections. pay rs 3,000 registration to get ipo shares at listing price.",en,INVESTMENT_SCAM,True,HIGH,scam,manual,2.0.0-alpha,,,,
JOB_SCAM_0001,Your CV has been selected for a job. Accept this job and earn daily salary.,your cv has been selected for a job. accept this job and earn daily salary.,en,JOB_SCAM,True,MEDIUM,scam,ncpc,2.0.0-alpha,,,,
JOB_SCAM_0002,"Hi, this is HR Priya from XYZ digital marketing, daily payout up to Rs 3,000.","hi, this is hr priya from xyz digital marketing, daily payout up to rs 3,000.",en,JOB_SCAM,True,MEDIUM,scam,ncpc,2.0.0-alpha,,,,
JOB_SCAM_0003,"We are hiring part-time workers. You only need to rate hotels and restaurants. Daily income Rs 2,000 to Rs 5,000. First task is free.","we are hiring part-time workers. you only need to rate hotels and restaurants. daily income rs 2,000 to rs 5,000. first task is free.",en,JOB_SCAM,True,MEDIUM,scam,ncpc,2.0.0-alpha,,,,
JOB_SCAM_0004,"Your salary of Rs 18,400 is approved. Pay Rs 2,750 GST to release it.","your salary of rs 18,400 is approved. pay rs 2,750 gst to release it.",en,JOB_SCAM,True,MEDIUM,scam,ncpc,2.0.0-alpha,,,,
JOB_SCAM_0005,"Hi, I am Priya from Amazon HR. We are hiring part-time reviewers. Earn Rs 3,000 to Rs 50,000 daily.","hi, i am priya from amazon hr. we are hiring part-time reviewers. earn rs 3,000 to rs 50,000 daily.",en,JOB_SCAM,True,MEDIUM,scam,ncpc,2.0.0-alpha,,,,
JOB_SCAM_0006,"Congratulations! Your profile has been selected for a part-time work-from-home opportunity with a salary of Rs 30,000 per month.","congratulations! your profile has been selected for a part-time work-from-home opportunity with a salary of rs 30,000 per month.",en,JOB_SCAM,True,MEDIUM,scam,ncpc,2.0.0-alpha,,,,
JOB_SCAM_0007,"Hello, I am from HR. We found your profile. Are you interested in part-time work from home?","hello, i am from hr. we found your profile. are you interested in part-time work from home?",en,JOB_SCAM,True,MEDIUM,scam,ncpc,2.0.0-alpha,,,,
JOB_SCAM_0008,Congrats! You are shortlisted for a part-time job. Accept the Rs 10 UPI request to activate your profile.,congrats! you are shortlisted for a part-time job. accept the rs 10 upi request to activate your profile.,en,JOB_SCAM,True,MEDIUM,scam,ncpc,2.0.0-alpha,,,,
JOB_SCAM_0009,Urgent hiring! Work from home data entry. Salary Rs 25000/month. Registration fee Rs 999. http://job-hiring.tk,urgent hiring! work from home data entry. salary rs 25000/month. registration fee rs 999. http://job-hiring.tk,en,JOB_SCAM,True,MEDIUM,scam,manual,2.0.0-alpha,,,,
JOB_SCAM_0010,Amazon work from home job! Earn Rs 50000 monthly. No experience needed. Apply: https://amazon-jobs.xyz,amazon work from home job! earn rs 50000 monthly. no experience needed. apply: https://amazon-jobs.xyz,en,JOB_SCAM,True,MEDIUM,scam,manual,2.0.0-alpha,,,,
JOB_SCAM_0011,Part-time job: Rs 2000 per day. Simple online work. Register with Rs 499 refundable deposit. http://part-time.top,part-time job: rs 2000 per day. simple online work. register with rs 499 refundable deposit. http://part-time.top,en,JOB_SCAM,True,MEDIUM,scam,manual,2.0.0-alpha,,,,
JOB_SCAM_0012,Data entry operators required. Daily payment Rs 1500. Processing fee Rs 599. http://dataentry.ml,data entry operators required. daily payment rs 1500. processing fee rs 599. http://dataentry.ml,en,JOB_SCAM,True,MEDIUM,scam,manual,2.0.0-alpha,,,,
JOB_SCAM_0013,Flipkart product review job! Earn Rs 100 per review. Free registration: https://flipkart-review.ga,flipkart product review job! earn rs 100 per review. free registration: https://flipkart-review.ga,en,JOB_SCAM,True,MEDIUM,scam,manual,2.0.0-alpha,,,,
JOB_SCAM_0014,YouTube video editing job! Rs 30000 per month. Training provided. Fee Rs 2000. http://youtube-jobs.top,youtube video editing job! rs 30000 per month. training provided. fee rs 2000. http://youtube-jobs.top,en,JOB_SCAM,True,MEDIUM,scam,manual,2.0.0-alpha,,,,
JOB_SCAM_0015,Overseas job in Dubai! Salary 1.5 lakhs. Visa processing fee Rs 15000. Contact: hr@dubai-jobs.tk,overseas job in dubai! salary 1.5 lakhs. visa processing fee rs 15000. contact: hr@dubai-jobs.tk,en,JOB_SCAM,True,MEDIUM,scam,manual,2.0.0-alpha,,,,
JOB_SCAM_0016,Call center job! Work from home. Good salary. Exam fee Rs 299. http://callcenter-hire.tk,call center job! work from home. good salary. exam fee rs 299. http://callcenter-hire.tk,en,JOB_SCAM,True,MEDIUM,scam,manual,2.0.0-alpha,,,,
JOB_SCAM_0017,"Vela venuma? Data entry, part time. Monthly Rs 30,000. Registration fee Rs 999. http://tamil-jobs.tk","vela venuma? data entry, part time. monthly rs 30,000. registration fee rs 999. http://tamil-jobs.tk",en,JOB_SCAM,True,MEDIUM,scam,manual,2.0.0-alpha,,,,
JOB_SCAM_0018,Excellent opportunity! MNC company hiring. Work from home or office. Registration Rs 1499. http://mnc-hire.xyz,excellent opportunity! mnc company hiring. work from home or office. registration rs 1499. http://mnc-hire.xyz,en,JOB_SCAM,True,MEDIUM,scam,manual,2.0.0-alpha,,,,
JOB_SCAM_0019,Simple copy paste job! Rs 2000 per day. No investment. Register free: http://copy-work.ml,simple copy paste job! rs 2000 per day. no investment. register free: http://copy-work.ml,en,JOB_SCAM,True,MEDIUM,scam,manual,2.0.0-alpha,,,,
JOB_SCAM_0020,Telegram part-time job! Add group members and earn Rs 5000 daily. Join: https://t.me/earn_online,telegram part-time job! add group members and earn rs 5000 daily. join: https://t.me/earn_online,en,JOB_SCAM,True,MEDIUM,scam,manual,2.0.0-alpha,,,,
JOB_SCAM_0021,"Congratulations! You have been selected for Work From Home job. Earn Rs 50,000/month. Pay Rs 999 registration fee.","congratulations! you have been selected for work from home job. earn rs 50,000/month. pay rs 999 registration fee.",en,JOB_SCAM,True,MEDIUM,scam,manual,2.0.0-alpha,,,,
JOB_SCAM_0022,"Urgent hiring for Amazon data entry. Salary Rs 35,000-60,000. No experience needed. Register: https://amazon-jobs.xyz","urgent hiring for amazon data entry. salary rs 35,000-60,000. no experience needed. register: https://amazon-jobs.xyz",en,JOB_SCAM,True,MEDIUM,scam,manual,2.0.0-alpha,,,,
JOB_SCAM_0023,Flipkart is hiring part-time workers. Earn Rs 500-2000 per day. Join today: Pay Rs 499 for registration kit.,flipkart is hiring part-time workers. earn rs 500-2000 per day. join today: pay rs 499 for registration kit.,en,JOB_SCAM,True,MEDIUM,scam,manual,2.0.0-alpha,,,,
JOB_SCAM_0024,"Google is offering Work From Home jobs. Type names and earn Rs 40,000/month. Processing fee Rs 1,500 required.","google is offering work from home jobs. type names and earn rs 40,000/month. processing fee rs 1,500 required.",en,JOB_SCAM,True,MEDIUM,scam,manual,2.0.0-alpha,,,,
JOB_SCAM_0025,"We liked your profile. Get international placement in Canada. Visa processing fee Rs 25,000. Limited seats!","we liked your profile. get international placement in canada. visa processing fee rs 25,000. limited seats!",en,JOB_SCAM,True,MEDIUM,scam,manual,2.0.0-alpha,,,,
JOB_SCAM_0026,YouTube video rating job. Earn Rs 200 per video. Weekly payout. Registration Rs 750. Contact now!,youtube video rating job. earn rs 200 per video. weekly payout. registration rs 750. contact now!,en,JOB_SCAM,True,MEDIUM,scam,manual,2.0.0-alpha,,,,
JOB_SCAM_0027,"Microsoft home-based job. Data entry operator needed. Salary Rs 45,000/month. Security deposit Rs 2,000 refundable.","microsoft home-based job. data entry operator needed. salary rs 45,000/month. security deposit rs 2,000 refundable.",en,JOB_SCAM,True,MEDIUM,scam,manual,2.0.0-alpha,,,,
JOB_SCAM_0028,"Swiggy delivery partner registration. Earn Rs 30,000 monthly. Complete your profile: registration fee Rs 499.","swiggy delivery partner registration. earn rs 30,000 monthly. complete your profile: registration fee rs 499.",en,JOB_SCAM,True,MEDIUM,scam,manual,2.0.0-alpha,,,,
JOB_SCAM_0029,"Railway recruitment 2026. 50,000 vacancies. Apply now with registration fee Rs 1,200. Guaranteed job placement.","railway recruitment 2026. 50,000 vacancies. apply now with registration fee rs 1,200. guaranteed job placement.",en,JOB_SCAM,True,MEDIUM,scam,manual,2.0.0-alpha,,,,
JOB_SCAM_0030,"Zomato customer support jobs from home. Salary Rs 25,000 plus incentives. Pay Rs 999 for training materials.","zomato customer support jobs from home. salary rs 25,000 plus incentives. pay rs 999 for training materials.",en,JOB_SCAM,True,MEDIUM,scam,manual,2.0.0-alpha,,,,
JOB_SCAM_0031,"Work from home: Earn ₹50,000/month part time. No experience needed. Contact: jobs@fakemail.com","work from home: earn ₹50,000/month part time. no experience needed. contact: jobs@fakemail.com",en,JOB_SCAM,True,MEDIUM,scam,known_corpus,2.0.0-alpha,,,,
JOB_SCAM_0032,Flipkart data entry: Earn ₹500 per task. Register: http://flipkart-jobs.in,flipkart data entry: earn ₹500 per task. register: http://flipkart-jobs.in,en,JOB_SCAM,True,MEDIUM,scam,known_corpus,2.0.0-alpha,,,,
JOB_SCAM_0033,"Amazon work from home: ₹45,000 salary. WhatsApp: 9876543210","amazon work from home: ₹45,000 salary. whatsapp: 9876543210",en,JOB_SCAM,True,MEDIUM,scam,known_corpus,2.0.0-alpha,,,,
JOB_SCAM_0034,"Urgent hiring! Google India paying ₹60,000 for online data entry. Apply: http://google-jobs.in","urgent hiring! google india paying ₹60,000 for online data entry. apply: http://google-jobs.in",en,JOB_SCAM,True,MEDIUM,scam,known_corpus,2.0.0-alpha,,,,
JOB_SCAM_0035,YouTube video rating job. Earn ₹200 per video. Daily payout. Join now.,youtube video rating job. earn ₹200 per video. daily payout. join now.,en,JOB_SCAM,True,MEDIUM,scam,known_corpus,2.0.0-alpha,,,,
JOB_SCAM_0036,Part-time job: Like YouTube videos and earn ₹100-500 daily. No investment.,part-time job: like youtube videos and earn ₹100-500 daily. no investment.,en,JOB_SCAM,True,MEDIUM,scam,known_corpus,2.0.0-alpha,,,,
JOB_SCAM_0037,"Zomato delivery partner: Earn ₹80,000/month. Registration fee ₹499 required.","zomato delivery partner: earn ₹80,000/month. registration fee ₹499 required.",en,JOB_SCAM,True,MEDIUM,scam,known_corpus,2.0.0-alpha,,,,
JOB_SCAM_0038,Swiggy: Food review and earn. ₹300 per review. Sign up: http://swiggy-review.in,swiggy: food review and earn. ₹300 per review. sign up: http://swiggy-review.in,en,JOB_SCAM,True,MEDIUM,scam,known_corpus,2.0.0-alpha,,,,
JOB_SCAM_0039,"Airport job for 12th pass: ₹75,000 salary. Call 9876543210 for interview.","airport job for 12th pass: ₹75,000 salary. call 9876543210 for interview.",en,JOB_SCAM,True,MEDIUM,scam,known_corpus,2.0.0-alpha,,,,
JOB_SCAM_0040,"International call center: Voice process, ₹50,000 + incentives. Registration fee ₹2,000.","international call center: voice process, ₹50,000 + incentives. registration fee ₹2,000.",en,JOB_SCAM,True,MEDIUM,scam,known_corpus,2.0.0-alpha,,,,
JOB_SCAM_0041,"Reliance Jio: Home-based job, ₹35,000/month. Processing fee ₹999. Apply now.","reliance jio: home-based job, ₹35,000/month. processing fee ₹999. apply now.",en,JOB_SCAM,True,MEDIUM,scam,known_corpus,2.0.0-alpha,,,,
JOB_SCAM_0042,"MakeMyTrip: Travel package promoters needed. Earn ₹10,000 per week. No experience.","makemytrip: travel package promoters needed. earn ₹10,000 per week. no experience.",en,JOB_SCAM,True,MEDIUM,scam,known_corpus,2.0.0-alpha,,,,
JOB_SCAM_0043,"Offshore data entry from home. Earn $15/hour. Register with ₹1,500 registration fee.","offshore data entry from home. earn $15/hour. register with ₹1,500 registration fee.",en,JOB_SCAM,True,MEDIUM,scam,known_corpus,2.0.0-alpha,,,,
JOB_SCAM_0044,"Microsoft work from home India. Salary ₹80,000/month. Exam fee ₹2,500.","microsoft work from home india. salary ₹80,000/month. exam fee ₹2,500.",en,JOB_SCAM,True,MEDIUM,scam,known_corpus,2.0.0-alpha,,,,
KYC_SCAM_0001,"Dear SBI user, your a/c XXXX8821 will be suspended. Update KYC immediately: bit.ly/sbi-kyc-verify","dear sbi user, your a/c xxxx8821 will be suspended. update kyc immediately: bit.ly/sbi-kyc-verify",en,KYC_SCAM,True,HIGH,scam,cert_in,2.0.0-alpha,,,,
KYC_SCAM_0002,URGENT: Your KYC is incomplete. Your account will be blocked in 24 hours. Update now.,urgent: your kyc is incomplete. your account will be blocked in 24 hours. update now.,en,KYC_SCAM,True,HIGH,scam,cert_in,2.0.0-alpha,,,,
KYC_SCAM_0003,"Dear Customer, Your SBI YONO account will be deactivated today due to KYC expiry. Update KYC now to continue services: http://sbi-yono-kyc.online/update","dear customer, your sbi yono account will be deactivated today due to kyc expiry. update kyc now to continue services: http://sbi-yono-kyc.online/update",en,KYC_SCAM,True,HIGH,scam,cert_in,2.0.0-alpha,,,,
KYC_SCAM_0004,HDFC Bank: Your bank account will be blocked on today date due to incomplete KYC. Re-verify within 24 hrs: http://hdfc-kyc.in-online.xyz,hdfc bank: your bank account will be blocked on today date due to incomplete kyc. re-verify within 24 hrs: http://hdfc-kyc.in-online.xyz,en,KYC_SCAM,True,HIGH,scam,cert_in,2.0.0-alpha,,,,
KYC_SCAM_0005,ICICI: PAN-Aadhaar link mandatory. Account suspension begins tomorrow. Click here: bit.ly/icici-pan-link,icici: pan-aadhaar link mandatory. account suspension begins tomorrow. click here: bit.ly/icici-pan-link,en,KYC_SCAM,True,HIGH,scam,cert_in,2.0.0-alpha,,,,
KYC_SCAM_0006,"Dear SBI Customer, Your KYC verification has expired. Your account will be BLOCKED in 24 hours. Update immediately: bit.ly/sbi-kyc-updt","dear sbi customer, your kyc verification has expired. your account will be blocked in 24 hours. update immediately: bit.ly/sbi-kyc-updt",en,KYC_SCAM,True,HIGH,scam,cert_in,2.0.0-alpha,,,,
KYC_SCAM_0007,Your HDFC Bank net banking access will be disabled due to pending KYC. Complete verification: hdfckyc-update.com/login,your hdfc bank net banking access will be disabled due to pending kyc. complete verification: hdfckyc-update.com/login,en,KYC_SCAM,True,HIGH,scam,cert_in,2.0.0-alpha,,,,
KYC_SCAM_0008,Your bank account will be blocked if KYC is not updated today. Click the link below.,your bank account will be blocked if kyc is not updated today. click the link below.,en,KYC_SCAM,True,HIGH,scam,ncpc,2.0.0-alpha,,,,
KYC_SCAM_0009,Your account will be blocked today. Complete KYC immediately.,your account will be blocked today. complete kyc immediately.,en,KYC_SCAM,True,HIGH,scam,ncpc,2.0.0-alpha,,,,
KYC_SCAM_0010,"Dear Customer, your KYC is expired. Your account will be blocked within 24 hours. Click here to update now: bit.ly/kycupdate","dear customer, your kyc is expired. your account will be blocked within 24 hours. click here to update now: bit.ly/kycupdate",en,KYC_SCAM,True,HIGH,scam,cert_in,2.0.0-alpha,,,,
KYC_SCAM_0011,India Post Payment Bank KYC Login Dear user your India post payment bank account has been blocked today please updated your PAN Card immediately click here the link- http://surl.li/iccpf,india post payment bank kyc login dear user your india post payment bank account has been blocked today please updated your pan card immediately click here the link- http://surl.li/iccpf,en,KYC_SCAM,True,HIGH,scam,pib,2.0.0-alpha,,,,
KYC_SCAM_0012,"Dear user, your bank account will be blocked today. Update KYC immediately.","dear user, your bank account will be blocked today. update kyc immediately.",en,KYC_SCAM,True,HIGH,scam,ncpc,2.0.0-alpha,,,,
KYC_SCAM_0013,Your KYC is incomplete. Your account will be frozen within 24 hours.,your kyc is incomplete. your account will be frozen within 24 hours.,en,KYC_SCAM,True,HIGH,scam,cert_in,2.0.0-alpha,,,,
KYC_SCAM_0014,"Dear customer, your KYC has expired. Update now to avoid account suspension: link","dear customer, your kyc has expired. update now to avoid account suspension: link",en,KYC_SCAM,True,HIGH,scam,rbi,2.0.0-alpha,,,,
KYC_SCAM_0015,"Dear Customer, your SBI account will be BLOCKED today due to incomplete KYC. Update immediately at http://sbi-kyc-verify.xyz or your account is suspended.","dear customer, your sbi account will be blocked today due to incomplete kyc. update immediately at http://sbi-kyc-verify.xyz or your account is suspended.",en,KYC_SCAM,True,HIGH,scam,cert_in,2.0.0-alpha,,,,
KYC_SCAM_0016,Your SBI account will be blocked today. Update KYC immediately: http://bit.ly/kyc-update,your sbi account will be blocked today. update kyc immediately: http://bit.ly/kyc-update,en,KYC_SCAM,True,HIGH,scam,manual,2.0.0-alpha,,,,
KYC_SCAM_0017,HDFC Bank: Your account has been deactivated due to incomplete KYC. Click https://hdfc-verify.tk to reactivate,hdfc bank: your account has been deactivated due to incomplete kyc. click https://hdfc-verify.tk to reactivate,en,KYC_SCAM,True,HIGH,scam,manual,2.0.0-alpha,,,,
KYC_SCAM_0018,"Dear Customer, your ICICI bank a/c will be suspended. Update your Aadhaar KYC now. https://icici-update.xyz","dear customer, your icici bank a/c will be suspended. update your aadhaar kyc now. https://icici-update.xyz",en,KYC_SCAM,True,HIGH,scam,manual,2.0.0-alpha,,,,
KYC_SCAM_0019,SBI Alert: Your account is blocked due to KYC not updated. Click: http://sbi-kyc.ml to update now,sbi alert: your account is blocked due to kyc not updated. click: http://sbi-kyc.ml to update now,en,KYC_SCAM,True,HIGH,scam,manual,2.0.0-alpha,,,,
KYC_SCAM_0020,Your Axis Bank ATM card will be deactivated. Update KYC: https://axisverify.tk,your axis bank atm card will be deactivated. update kyc: https://axisverify.tk,en,KYC_SCAM,True,HIGH,scam,manual,2.0.0-alpha,,,,
KYC_SCAM_0021,KYC update mandatory for your account. Failing to update will result in permanent block. https://sbi-kyc.gq,kyc update mandatory for your account. failing to update will result in permanent block. https://sbi-kyc.gq,en,KYC_SCAM,True,HIGH,scam,manual,2.0.0-alpha,,,,
KYC_SCAM_0022,Alert: Your Kotak Mahindra account needs KYC renewal. Click: http://tiny.cc/kyc-kotak,alert: your kotak mahindra account needs kyc renewal. click: http://tiny.cc/kyc-kotak,en,KYC_SCAM,True,HIGH,scam,manual,2.0.0-alpha,,,,
KYC_SCAM_0023,PNB: Your account is temporarily suspended. Complete KYC to restore. http://pnb-update.tk,pnb: your account is temporarily suspended. complete kyc to restore. http://pnb-update.tk,en,KYC_SCAM,True,HIGH,scam,manual,2.0.0-alpha,,,,
KYC_SCAM_0024,Canara Bank: Your aadhaar seeding incomplete. Update now or account will freeze. https://canara-kyc.ga,canara bank: your aadhaar seeding incomplete. update now or account will freeze. https://canara-kyc.ga,en,KYC_SCAM,True,HIGH,scam,manual,2.0.0-alpha,,,,
KYC_SCAM_0025,We have detected unusual activity. Your BOB account needs verification. http://bob-verify.tk,we have detected unusual activity. your bob account needs verification. http://bob-verify.tk,en,KYC_SCAM,True,HIGH,scam,manual,2.0.0-alpha,,,,
KYC_SCAM_0026,"Dear IndusInd customer, your account will be disabled in 24hrs. Update KYC: https://indusind-alert.top","dear indusind customer, your account will be disabled in 24hrs. update kyc: https://indusind-alert.top",en,KYC_SCAM,True,HIGH,scam,manual,2.0.0-alpha,,,,
KYC_SCAM_0027,Your SBI YONO access has been restricted. Please update your KYC profile. http://secure-sbi.xyz,your sbi yono access has been restricted. please update your kyc profile. http://secure-sbi.xyz,en,KYC_SCAM,True,HIGH,scam,manual,2.0.0-alpha,,,,
KYC_SCAM_0028,RBI Mandatory: All bank accounts require KYC update by tomorrow. http://rbi-kyc.ml,rbi mandatory: all bank accounts require kyc update by tomorrow. http://rbi-kyc.ml,en,KYC_SCAM,True,HIGH,scam,manual,2.0.0-alpha,,,,
KYC_SCAM_0029,Ungal SBI account KYC update pannitt illaina block aagum. https://sbi-update.tk,ungal sbi account kyc update pannitt illaina block aagum. https://sbi-update.tk,en,KYC_SCAM,True,HIGH,scam,manual,2.0.0-alpha,,,,
KYC_SCAM_0030,Your HDFC account ku KYC mandatory. Click the link and update. http://tinyurl.com/hdfc-update,your hdfc account ku kyc mandatory. click the link and update. http://tinyurl.com/hdfc-update,en,KYC_SCAM,True,HIGH,scam,manual,2.0.0-alpha,,,,
KYC_SCAM_0031,Your SBI account has been compromised. Share OTP 784512 to secure your account immediately!,your sbi account has been compromised. share otp 784512 to secure your account immediately!,en,KYC_SCAM,True,HIGH,scam,manual,2.0.0-alpha,,,,
KYC_SCAM_0032,Your SBI account will be blocked. Update KYC: http://sbi-kyc.co.in,your sbi account will be blocked. update kyc: http://sbi-kyc.co.in,en,KYC_SCAM,True,HIGH,scam,known_corpus,2.0.0-alpha,,,,
KYC_SCAM_0033,HDFC Bank: Your KYC documents expired. Update within 24 hrs: http://hdfc-kyc-update.com,hdfc bank: your kyc documents expired. update within 24 hrs: http://hdfc-kyc-update.com,en,KYC_SCAM,True,HIGH,scam,known_corpus,2.0.0-alpha,,,,
KYC_SCAM_0034,ICICI Bank: Aadhaar link pending. Complete KYC: http://icici-verify.in,icici bank: aadhaar link pending. complete kyc: http://icici-verify.in,en,KYC_SCAM,True,HIGH,scam,known_corpus,2.0.0-alpha,,,,
KYC_SCAM_0035,Axis Bank: Your account is temporarily suspended. Complete e-KYC: http://axisbank-kyc.com,axis bank: your account is temporarily suspended. complete e-kyc: http://axisbank-kyc.com,en,KYC_SCAM,True,HIGH,scam,known_corpus,2.0.0-alpha,,,,
KYC_SCAM_0036,Yes Bank: KYC not updated. Account will be frozen. Update here: http://yeskyc.com,yes bank: kyc not updated. account will be frozen. update here: http://yeskyc.com,en,KYC_SCAM,True,HIGH,scam,known_corpus,2.0.0-alpha,,,,
KYC_SCAM_0037,Kotak Mahindra: Your debit card will be blocked. Update KYC now: http://kotak-kyc.in,kotak mahindra: your debit card will be blocked. update kyc now: http://kotak-kyc.in,en,KYC_SCAM,True,HIGH,scam,known_corpus,2.0.0-alpha,,,,
KYC_SCAM_0038,PNB: Your account is flagged for suspicious activity. Verify KYC immediately.,pnb: your account is flagged for suspicious activity. verify kyc immediately.,en,KYC_SCAM,True,HIGH,scam,known_corpus,2.0.0-alpha,,,,
KYC_SCAM_0039,Canara Bank: Aadhaar seeding pending. Click to complete: http://canara-kyc.in,canara bank: aadhaar seeding pending. click to complete: http://canara-kyc.in,en,KYC_SCAM,True,HIGH,scam,known_corpus,2.0.0-alpha,,,,
KYC_SCAM_0040,Bank of Baroda: Your account requires document re-verification. Link: http://bob-kyc.com,bank of baroda: your account requires document re-verification. link: http://bob-kyc.com,en,KYC_SCAM,True,HIGH,scam,known_corpus,2.0.0-alpha,,,,
KYC_SCAM_0041,Union Bank: KYC compliance missing. Account will be debited ₹500 monthly. Update now.,union bank: kyc compliance missing. account will be debited ₹500 monthly. update now.,en,KYC_SCAM,True,HIGH,scam,known_corpus,2.0.0-alpha,,,,
KYC_SCAM_0042,RBI: Your bank account KYC is incomplete. Submit documents at http://rbi-kyc.co.in,rbi: your bank account kyc is incomplete. submit documents at http://rbi-kyc.co.in,en,KYC_SCAM,True,HIGH,scam,known_corpus,2.0.0-alpha,,,,
KYC_SCAM_0043,SEBI: Your trading account needs KYC update. Link: http://sebi-kyc.in,sebi: your trading account needs kyc update. link: http://sebi-kyc.in,en,KYC_SCAM,True,HIGH,scam,known_corpus,2.0.0-alpha,,,,
KYC_SCAM_0044,IRCTC: Your account KYC is pending. Update to continue booking tickets.,irctc: your account kyc is pending. update to continue booking tickets.,en,KYC_SCAM,True,HIGH,scam,known_corpus,2.0.0-alpha,,,,
KYC_SCAM_0045,Aadhaar KYC: Your Aadhaar is about to be deactivated. Update now: http://aadhaar-kyc.in,aadhaar kyc: your aadhaar is about to be deactivated. update now: http://aadhaar-kyc.in,en,KYC_SCAM,True,HIGH,scam,known_corpus,2.0.0-alpha,,,,
KYC_SCAM_0046,NSDL: PAN-Aadhaar link pending. Complete immediately: http://nsdl-link.in,nsdl: pan-aadhaar link pending. complete immediately: http://nsdl-link.in,en,KYC_SCAM,True,HIGH,scam,known_corpus,2.0.0-alpha,,,,
LEGITIMATE_BANKING_0001,"HDFC Bank: Rs 5,000 credited to your account from NEFT. Ref: NEFT123456789. Avl Bal Rs 45,200.","hdfc bank: rs 5,000 credited to your account from neft. ref: neft123456789. avl bal rs 45,200.",en,LEGITIMATE_BANKING,False,NONE,legitimate,manual,2.0.0-alpha,,,,
LEGITIMATE_BANKING_0002,"SBI: Rs 2,500 debited from A/C XX1234 on 15/07/26 via UPI. Avl Bal Rs 12,340.","sbi: rs 2,500 debited from a/c xx1234 on 15/07/26 via upi. avl bal rs 12,340.",en,LEGITIMATE_BANKING,False,NONE,legitimate,manual,2.0.0-alpha,,,,
LEGITIMATE_BANKING_0003,"ICICI Bank: Your credit card bill of Rs 12,500 is due on 05-Aug-2026. Auto-debit will be processed.","icici bank: your credit card bill of rs 12,500 is due on 05-aug-2026. auto-debit will be processed.",en,LEGITIMATE_BANKING,False,NONE,legitimate,manual,2.0.0-alpha,,,,
LEGITIMATE_BANKING_0004,"Axis Bank: FD of Rs 1,00,000 has matured. Maturity amount Rs 1,23,456 credited to savings account.","axis bank: fd of rs 1,00,000 has matured. maturity amount rs 1,23,456 credited to savings account.",en,LEGITIMATE_BANKING,False,NONE,legitimate,manual,2.0.0-alpha,,,,
LEGITIMATE_BANKING_0005,"PNB Alert: Rs 8,000 withdrawn from ATM on 20/07/26 at Malad West Branch. Avl Bal Rs 32,100.","pnb alert: rs 8,000 withdrawn from atm on 20/07/26 at malad west branch. avl bal rs 32,100.",en,LEGITIMATE_BANKING,False,NONE,legitimate,manual,2.0.0-alpha,,,,
LEGITIMATE_BANKING_0006,"Kotak Mahindra: Your account XX6789 has been credited with Rs 15,000 via IMPS. Ref: IMPS1234567890.","kotak mahindra: your account xx6789 has been credited with rs 15,000 via imps. ref: imps1234567890.",en,LEGITIMATE_BANKING,False,NONE,legitimate,manual,2.0.0-alpha,,,,
LEGITIMATE_BANKING_0007,Canara Bank: Your monthly statement for Jul 2026 is available. Download from canarabank.com,canara bank: your monthly statement for jul 2026 is available. download from canarabank.com,en,LEGITIMATE_BANKING,False,NONE,legitimate,manual,2.0.0-alpha,,,,
LEGITIMATE_BANKING_0008,"Yes Bank: Your cheque no. 456789 of Rs 25,000 has been cleared. Avl Bal Rs 67,890.","yes bank: your cheque no. 456789 of rs 25,000 has been cleared. avl bal rs 67,890.",en,LEGITIMATE_BANKING,False,NONE,legitimate,manual,2.0.0-alpha,,,,
LEGITIMATE_BANKING_0009,"Bank of Baroda: Your home loan EMI of Rs 18,234 has been debited on 10/07/26.","bank of baroda: your home loan emi of rs 18,234 has been debited on 10/07/26.",en,LEGITIMATE_BANKING,False,NONE,legitimate,manual,2.0.0-alpha,,,,
LEGITIMATE_COURIER_0002,Amazon: Your order #AMZ876543 is out for delivery. Expected by 8 PM. Track at https://amazon.in/track,amazon: your order #amz876543 is out for delivery. expected by 8 pm. track at https://amazon.in/track,en,LEGITIMATE_COURIER,False,NONE,legitimate,manual,2.0.0-alpha,,,,
LEGITIMATE_COURIER_0003,Delhivery: Your shipment DL7845123456 is out for delivery today. Track: delhivery.com/track,delhivery: your shipment dl7845123456 is out for delivery today. track: delhivery.com/track,en,LEGITIMATE_COURIER,False,NONE,legitimate,manual,2.0.0-alpha,,,,
LEGITIMATE_COURIER_0004,Blue Dart: Your shipment BD9876543210 has been delivered. Thank you for choosing Blue Dart.,blue dart: your shipment bd9876543210 has been delivered. thank you for choosing blue dart.,en,LEGITIMATE_COURIER,False,NONE,legitimate,manual,2.0.0-alpha,,,,
LEGITIMATE_COURIER_0005,India Post: Your article EL123456789IN has reached Mumbai Sorting Centre. Track at indiapost.gov.in,india post: your article el123456789in has reached mumbai sorting centre. track at indiapost.gov.in,en,LEGITIMATE_COURIER,False,NONE,legitimate,manual,2.0.0-alpha,,,,
LEGITIMATE_COURIER_0006,Zomato: Your order from Saravana Bhavan is out for delivery. ETA 10 mins. Track live.,zomato: your order from saravana bhavan is out for delivery. eta 10 mins. track live.,en,LEGITIMATE_COURIER,False,NONE,legitimate,manual,2.0.0-alpha,,,,
LEGITIMATE_COURIER_0007,Swiggy: Your order from Dominos has been delivered. Enjoy your meal! Rate your experience.,swiggy: your order from dominos has been delivered. enjoy your meal! rate your experience.,en,LEGITIMATE_COURIER,False,NONE,legitimate,manual,2.0.0-alpha,,,,
LEGITIMATE_COURIER_0008,Myntra: Your order MY784512 has been shipped via Delhivery. Track: bit.ly/myntra-track,myntra: your order my784512 has been shipped via delhivery. track: bit.ly/myntra-track,en,LEGITIMATE_COURIER,False,NONE,legitimate,manual,2.0.0-alpha,,,,
LEGITIMATE_GOVERNMENT_0001,"PM Kisan: Your installment of Rs 2,000 has been credited to your A/C XX4567. -PM Kisan Yojana","pm kisan: your installment of rs 2,000 has been credited to your a/c xx4567. -pm kisan yojana",en,LEGITIMATE_GOVERNMENT,False,NONE,legitimate,manual,2.0.0-alpha,,,,
LEGITIMATE_GOVERNMENT_0002,Ayushman Bharat: Your health insurance card is ready for pickup at nearest CSC center.,ayushman bharat: your health insurance card is ready for pickup at nearest csc center.,en,LEGITIMATE_GOVERNMENT,False,NONE,legitimate,manual,2.0.0-alpha,,,,
LEGITIMATE_GOVERNMENT_0003,Income Tax Dept: Your ITR for AY 2026-27 has been processed successfully. Ref: ITR123456789.,income tax dept: your itr for ay 2026-27 has been processed successfully. ref: itr123456789.,en,LEGITIMATE_GOVERNMENT,False,NONE,legitimate,manual,2.0.0-alpha,,,,
LEGITIMATE_GOVERNMENT_0004,"EPFO: Your PF claim of Rs 1,25,000 has been approved and will be credited within 3 working days.","epfo: your pf claim of rs 1,25,000 has been approved and will be credited within 3 working days.",en,LEGITIMATE_GOVERNMENT,False,NONE,legitimate,manual,2.0.0-alpha,,,,
LEGITIMATE_GOVERNMENT_0005,Voter Helpline: Your voter ID application E1234567 has been approved. Card will be delivered shortly.,voter helpline: your voter id application e1234567 has been approved. card will be delivered shortly.,en,LEGITIMATE_GOVERNMENT,False,NONE,legitimate,manual,2.0.0-alpha,,,,
LEGITIMATE_GOVERNMENT_0006,Passport Seva: Your passport application PA1234567890 has been processed. Track at passportindia.gov.in,passport seva: your passport application pa1234567890 has been processed. track at passportindia.gov.in,en,LEGITIMATE_GOVERNMENT,False,NONE,legitimate,manual,2.0.0-alpha,,,,
LEGITIMATE_GOVERNMENT_0007,"NREGA: Wage payment of Rs 8,400 for July 2026 has been credited to your account. -NREGA","nrega: wage payment of rs 8,400 for july 2026 has been credited to your account. -nrega",en,LEGITIMATE_GOVERNMENT,False,NONE,legitimate,manual,2.0.0-alpha,,,,
LEGITIMATE_GOVERNMENT_0008,UIDAI: Your Aadhaar update request AR1234567890 has been processed. Check status at uidai.gov.in,uidai: your aadhaar update request ar1234567890 has been processed. check status at uidai.gov.in,en,LEGITIMATE_GOVERNMENT,False,NONE,legitimate,manual,2.0.0-alpha,,,,
LEGITIMATE_OTHER_0001,Your OTP for SBI transaction is 456782. Do not share this with anyone.,your otp for sbi transaction is 456782. do not share this with anyone.,en,LEGITIMATE_OTHER,False,NONE,legitimate,manual,2.0.0-alpha,,,,
LEGITIMATE_OTHER_0002,Your Aadhaar OTP 783421 is valid for UIDAI authentication. Valid for 10 minutes.,your aadhaar otp 783421 is valid for uidai authentication. valid for 10 minutes.,en,LEGITIMATE_OTHER,False,NONE,legitimate,manual,2.0.0-alpha,,,,
LEGITIMATE_OTHER_0003,HDFC Bank: Rs 15000 credited to account 4567 from NEFT transfer. Available balance: Rs 45200.,hdfc bank: rs 15000 credited to account 4567 from neft transfer. available balance: rs 45200.,en,LEGITIMATE_OTHER,False,NONE,legitimate,manual,2.0.0-alpha,,,,
LEGITIMATE_OTHER_0004,Your Flipkart order OD784512345 has been shipped. Track: https://flipkart.com/track,your flipkart order od784512345 has been shipped. track: https://flipkart.com/track,en,LEGITIMATE_OTHER,False,NONE,legitimate,manual,2.0.0-alpha,,,,
LEGITIMATE_OTHER_0005,Amazon: Your package will be delivered tomorrow between 10AM-2PM. Track here: https://amazon.in/track,amazon: your package will be delivered tomorrow between 10am-2pm. track here: https://amazon.in/track,en,LEGITIMATE_OTHER,False,NONE,legitimate,manual,2.0.0-alpha,,,,
LEGITIMATE_OTHER_0006,Swiggy: Your order from Saravana Bhavan has been confirmed. ETA 30 mins.,swiggy: your order from saravana bhavan has been confirmed. eta 30 mins.,en,LEGITIMATE_OTHER,False,NONE,legitimate,manual,2.0.0-alpha,,,,
LEGITIMATE_OTHER_0007,IRCTC: Your train ticket 2456789 for Chennai Express on 15th March is confirmed. PNR: 4785213698,irctc: your train ticket 2456789 for chennai express on 15th march is confirmed. pnr: 4785213698,en,LEGITIMATE_OTHER,False,NONE,legitimate,manual,2.0.0-alpha,,,,
LEGITIMATE_OTHER_0008,Your monthly mobile bill of Rs 499 has been paid via auto-debit. Receipt: 7845129630,your monthly mobile bill of rs 499 has been paid via auto-debit. receipt: 7845129630,en,LEGITIMATE_OTHER,False,NONE,legitimate,manual,2.0.0-alpha,,,,
LEGITIMATE_OTHER_0009,Income Tax: Your ITR for FY 2024-25 has been successfully filed. Acknowledgement: 478596321478,income tax: your itr for fy 2024-25 has been successfully filed. acknowledgement: 478596321478,en,LEGITIMATE_OTHER,False,NONE,legitimate,manual,2.0.0-alpha,,,,
LEGITIMATE_OTHER_0010,Meeting reminder: Project review tomorrow at 10AM in conference room 3. Please bring status reports.,meeting reminder: project review tomorrow at 10am in conference room 3. please bring status reports.,en,LEGITIMATE_OTHER,False,NONE,legitimate,manual,2.0.0-alpha,,,,
LEGITIMATE_OTHER_0011,"Your appointment with Dr. Patel on 20th March at 11:30 AM is confirmed. Apollo Clinic, T Nagar.","your appointment with dr. patel on 20th march at 11:30 am is confirmed. apollo clinic, t nagar.",en,LEGITIMATE_OTHER,False,NONE,legitimate,manual,2.0.0-alpha,,,,
LEGITIMATE_OTHER_0012,Zomato: Your order #7845 has been delivered! Rate your delivery experience. Have a great day!,zomato: your order #7845 has been delivered! rate your delivery experience. have a great day!,en,LEGITIMATE_OTHER,False,NONE,legitimate,manual,2.0.0-alpha,,,,
LEGITIMATE_OTHER_0013,"Your password was changed successfully. If this was not you, contact support immediately.","your password was changed successfully. if this was not you, contact support immediately.",en,LEGITIMATE_OTHER,False,NONE,legitimate,manual,2.0.0-alpha,,,,
LEGITIMATE_OTHER_0014,Library reminder: The book 'Wings of Fire' is due for return by 25th March. Late fee applies after that.,library reminder: the book 'wings of fire' is due for return by 25th march. late fee applies after that.,en,LEGITIMATE_OTHER,False,NONE,legitimate,manual,2.0.0-alpha,,,,
LEGITIMATE_OTHER_0015,Your Netflix subscription of Rs 649 has been renewed. Valid until 15th April 2025.,your netflix subscription of rs 649 has been renewed. valid until 15th april 2025.,en,LEGITIMATE_OTHER,False,NONE,legitimate,manual,2.0.0-alpha,,,,
LEGITIMATE_OTHER_0016,Unlimited 5G data plan activated! Rs 299 for 28 days. Valid on your Airtel number.,unlimited 5g data plan activated! rs 299 for 28 days. valid on your airtel number.,en,LEGITIMATE_OTHER,False,NONE,legitimate,manual,2.0.0-alpha,,,,
LEGITIMATE_OTHER_0017,Your Uber ride to Chennai Airport is confirmed. Driver Rajesh will arrive in 5 mins. Plate: TN07AB1234.,your uber ride to chennai airport is confirmed. driver rajesh will arrive in 5 mins. plate: tn07ab1234.,en,LEGITIMATE_OTHER,False,NONE,legitimate,manual,2.0.0-alpha,,,,
LEGITIMATE_OTHER_0018,Weekly grocery delivery from BigBasket will arrive tomorrow 7-9AM. Order BB784512.,weekly grocery delivery from bigbasket will arrive tomorrow 7-9am. order bb784512.,en,LEGITIMATE_OTHER,False,NONE,legitimate,manual,2.0.0-alpha,,,,
LEGITIMATE_OTHER_0019,Your EPFO passbook has been updated. View your PF balance on the UMANG app or EPFO portal.,your epfo passbook has been updated. view your pf balance on the umang app or epfo portal.,en,LEGITIMATE_OTHER,False,NONE,legitimate,manual,2.0.0-alpha,,,,
LEGITIMATE_OTHER_0020,Your credit card bill of Rs 12500 is due on 5th April. Auto-pay is enabled. Sufficient balance confirmed.,your credit card bill of rs 12500 is due on 5th april. auto-pay is enabled. sufficient balance confirmed.,en,LEGITIMATE_OTHER,False,NONE,legitimate,manual,2.0.0-alpha,,,,
LEGITIMATE_OTHER_0021,Your account has been credited with Rs 1000. Thank you for being a valued customer.,your account has been credited with rs 1000. thank you for being a valued customer.,en,LEGITIMATE_OTHER,False,NONE,legitimate,manual,2.0.0-alpha,,,,
LEGITIMATE_OTHER_0022,Free consultation! Our financial advisor will call you. Reply YES for callback.,free consultation! our financial advisor will call you. reply yes for callback.,en,LEGITIMATE_OTHER,False,NONE,legitimate,manual,2.0.0-alpha,,,,
LEGITIMATE_OTHER_0023,"Hi, remember me? I got your number from Suresh. Need to discuss something urgent. Please call back.","hi, remember me? i got your number from suresh. need to discuss something urgent. please call back.",en,LEGITIMATE_OTHER,False,NONE,legitimate,manual,2.0.0-alpha,,,,
LEGITIMATE_OTHER_0024,Thank you for your recent purchase. Your feedback matters. Complete survey and get 10% off next order.,thank you for your recent purchase. your feedback matters. complete survey and get 10% off next order.,en,LEGITIMATE_OTHER,False,NONE,legitimate,manual,2.0.0-alpha,,,,
LEGITIMATE_OTHER_0025,Congratulations! You have been pre-selected for our credit card with Rs 5 lakh limit. Terms apply.,congratulations! you have been pre-selected for our credit card with rs 5 lakh limit. terms apply.,en,LEGITIMATE_OTHER,False,NONE,legitimate,manual,2.0.0-alpha,,,,
LEGITIMATE_OTHER_0026,Your Flipkart order #OD12345678 has been shipped. Track here: https://flipkart.com/track,your flipkart order #od12345678 has been shipped. track here: https://flipkart.com/track,en,LEGITIMATE_OTHER,False,NONE,legitimate,manual,2.0.0-alpha,,,,
LEGITIMATE_OTHER_0027,Your monthly Netflix subscription of Rs 199 will be charged on 15th. Manage your account settings.,your monthly netflix subscription of rs 199 will be charged on 15th. manage your account settings.,en,LEGITIMATE_OTHER,False,NONE,legitimate,manual,2.0.0-alpha,,,,
LEGITIMATE_OTHER_0028,Your Amazon order #AMZ876543 is out for delivery. Expected by 8 PM. Track at https://amazon.in/track,your amazon order #amz876543 is out for delivery. expected by 8 pm. track at https://amazon.in/track,en,LEGITIMATE_OTHER,False,NONE,legitimate,manual,2.0.0-alpha,,,,
LEGITIMATE_OTHER_0029,"ICICI Bank: Your credit card bill of Rs 12,500 is due on 05-Apr-2026. Auto-debit will be processed.","icici bank: your credit card bill of rs 12,500 is due on 05-apr-2026. auto-debit will be processed.",en,LEGITIMATE_OTHER,False,NONE,legitimate,manual,2.0.0-alpha,,,,
LEGITIMATE_OTHER_0030,Swiggy: Your order from Dominos is being prepared. Estimated delivery by 7:30 PM. Track live on the app.,swiggy: your order from dominos is being prepared. estimated delivery by 7:30 pm. track live on the app.,en,LEGITIMATE_OTHER,False,NONE,legitimate,manual,2.0.0-alpha,,,,
LEGITIMATE_OTHER_0031,Zomato: Table for 2 at Pizza Express confirmed for 28 Mar 8 PM. Order #ZB89765.,zomato: table for 2 at pizza express confirmed for 28 mar 8 pm. order #zb89765.,en,LEGITIMATE_OTHER,False,NONE,legitimate,manual,2.0.0-alpha,,,,
LEGITIMATE_OTHER_0032,"HDFC Bank: Rs 5,000 credited to your account from NEFT. Ref: NEFT123456789.","hdfc bank: rs 5,000 credited to your account from neft. ref: neft123456789.",en,LEGITIMATE_OTHER,False,NONE,legitimate,manual,2.0.0-alpha,,,,
LEGITIMATE_OTHER_0033,"Your Uber ride is arriving. Driver: Rajesh, Car: MH12AB1234 White Swift. ETA 3 mins.","your uber ride is arriving. driver: rajesh, car: mh12ab1234 white swift. eta 3 mins.",en,LEGITIMATE_OTHER,False,NONE,legitimate,manual,2.0.0-alpha,,,,
LEGITIMATE_OTHER_0034,Airtel: Your monthly plan of Rs 499 will expire on 31 Mar. Recharge now to continue uninterrupted service.,airtel: your monthly plan of rs 499 will expire on 31 mar. recharge now to continue uninterrupted service.,en,LEGITIMATE_OTHER,False,NONE,legitimate,manual,2.0.0-alpha,,,,
LEGITIMATE_OTHER_0035,IRCTC: Your train ticket for 12951 Mumbai-Delhi on 15 Apr is confirmed. PNR: 4123567890.,irctc: your train ticket for 12951 mumbai-delhi on 15 apr is confirmed. pnr: 4123567890.,en,LEGITIMATE_OTHER,False,NONE,legitimate,manual,2.0.0-alpha,,,,
LEGITIMATE_OTHER_0036,Google: Your account verification code is 839201. This code expires in 10 minutes.,google: your account verification code is 839201. this code expires in 10 minutes.,en,LEGITIMATE_OTHER,False,NONE,legitimate,manual,2.0.0-alpha,,,,
LEGITIMATE_OTHER_0037,LinkedIn: John Doe sent you a connection request. View profile: https://linkedin.com/in/johndoe,linkedin: john doe sent you a connection request. view profile: https://linkedin.com/in/johndoe,en,LEGITIMATE_OTHER,False,NONE,legitimate,manual,2.0.0-alpha,,,,
LEGITIMATE_OTHER_0038,WhatsApp: Your verification code is 482-931. Do not share this code with anyone.,whatsapp: your verification code is 482-931. do not share this code with anyone.,en,LEGITIMATE_OTHER,False,NONE,legitimate,manual,2.0.0-alpha,,,,
LEGITIMATE_OTHER_0039,"Paytm: Rs 250 received from Ravi Kumar. UPI Ref: 987654321098. Wallet balance: Rs 1,250.","paytm: rs 250 received from ravi kumar. upi ref: 987654321098. wallet balance: rs 1,250.",en,LEGITIMATE_OTHER,False,NONE,legitimate,manual,2.0.0-alpha,,,,
LEGITIMATE_OTHER_0040,Your appointment with Dr Sharma at Apollo Hospital is confirmed for 10:30 AM on 20 Mar.,your appointment with dr sharma at apollo hospital is confirmed for 10:30 am on 20 mar.,en,LEGITIMATE_OTHER,False,NONE,legitimate,manual,2.0.0-alpha,,,,
LEGITIMATE_OTHER_0041,"SBI: Your FD of Rs 2,00,000 has matured. Maturity amount Rs 2,45,678 credited to savings account.","sbi: your fd of rs 2,00,000 has matured. maturity amount rs 2,45,678 credited to savings account.",en,LEGITIMATE_OTHER,False,NONE,legitimate,manual,2.0.0-alpha,,,,
LEGITIMATE_OTHER_0042,Myntra: 50% off on your favorite brands! Use code MYNTRA50. Shop now: https://myntra.com/sale,myntra: 50% off on your favorite brands! use code myntra50. shop now: https://myntra.com/sale,en,LEGITIMATE_OTHER,False,NONE,legitimate,manual,2.0.0-alpha,,,,
LEGITIMATE_OTHER_0043,Vistara: Check-in for flight UK915 DEL-BOM on 22 Mar is now open. Web check-in: https://vistara.com/webcheckin,vistara: check-in for flight uk915 del-bom on 22 mar is now open. web check-in: https://vistara.com/webcheckin,en,LEGITIMATE_OTHER,False,NONE,legitimate,manual,2.0.0-alpha,,,,
LEGITIMATE_OTHER_0044,"PhonePe: Rs 1,200 bill paid for electricity. Receipt: PP-RCPT-928374. Auto-pay scheduled for next month.","phonepe: rs 1,200 bill paid for electricity. receipt: pp-rcpt-928374. auto-pay scheduled for next month.",en,LEGITIMATE_OTHER,False,NONE,legitimate,manual,2.0.0-alpha,,,,
LEGITIMATE_OTHER_0045,"Zerodha: Your trade of 100 shares of TCS at Rs 3,450 executed successfully. Ledger updated.","zerodha: your trade of 100 shares of tcs at rs 3,450 executed successfully. ledger updated.",en,LEGITIMATE_OTHER,False,NONE,legitimate,manual,2.0.0-alpha,,,,
LEGITIMATE_OTHER_0047,Airtel: Your monthly plan of Rs 499 will expire on 31 Jul. Recharge now to continue uninterrupted service.,airtel: your monthly plan of rs 499 will expire on 31 jul. recharge now to continue uninterrupted service.,en,LEGITIMATE_OTHER,False,NONE,legitimate,manual,2.0.0-alpha,,,,
LEGITIMATE_OTHER_0049,Vistara: Check-in for flight UK915 DEL-BOM on 22 Sep is now open. Web check-in: vistara.com,vistara: check-in for flight uk915 del-bom on 22 sep is now open. web check-in: vistara.com,en,LEGITIMATE_OTHER,False,NONE,legitimate,manual,2.0.0-alpha,,,,
LEGITIMATE_OTHER_0050,Netflix: Your subscription of Rs 199 will be charged on 20th. Update payment method in settings.,netflix: your subscription of rs 199 will be charged on 20th. update payment method in settings.,en,LEGITIMATE_OTHER,False,NONE,legitimate,manual,2.0.0-alpha,,,,
LEGITIMATE_OTHER_0052,IRCTC: Your train ticket for 12951 Mumbai-Delhi on 15 Aug is confirmed. PNR: 4123567890.,irctc: your train ticket for 12951 mumbai-delhi on 15 aug is confirmed. pnr: 4123567890.,en,LEGITIMATE_OTHER,False,NONE,legitimate,manual,2.0.0-alpha,,,,
LEGITIMATE_OTHER_0053,"LIC: Your premium payment of Rs 12,500 for policy 123456789 is due on 15-Aug-2026.","lic: your premium payment of rs 12,500 for policy 123456789 is due on 15-aug-2026.",en,LEGITIMATE_OTHER,False,NONE,legitimate,manual,2.0.0-alpha,,,,
LEGITIMATE_OTP_0001,"Your SBI OTP for transaction of Rs 5,000 is 784512. Do not share this OTP with anyone. Valid for 10 mins.","your sbi otp for transaction of rs 5,000 is 784512. do not share this otp with anyone. valid for 10 mins.",en,LEGITIMATE_OTP,False,NONE,legitimate,manual,2.0.0-alpha,,,,
LEGITIMATE_OTP_0002,"HDFC Bank: OTP 382917 for online transaction of Rs 12,500. Valid for 10 minutes. Do not share.","hdfc bank: otp 382917 for online transaction of rs 12,500. valid for 10 minutes. do not share.",en,LEGITIMATE_OTP,False,NONE,legitimate,manual,2.0.0-alpha,,,,
LEGITIMATE_OTP_0003,"ICICI Bank: Your OTP for credit card payment of Rs 8,999 is 516273. Valid for 10 mins.","icici bank: your otp for credit card payment of rs 8,999 is 516273. valid for 10 mins.",en,LEGITIMATE_OTP,False,NONE,legitimate,manual,2.0.0-alpha,,,,
LEGITIMATE_OTP_0004,Google: Your verification code is 839201. This code expires in 10 minutes.,google: your verification code is 839201. this code expires in 10 minutes.,en,LEGITIMATE_OTP,False,NONE,legitimate,manual,2.0.0-alpha,,,,
LEGITIMATE_OTP_0006,Aadhaar: Your OTP for authentication is 728491. Valid for 10 minutes. -UIDAI,aadhaar: your otp for authentication is 728491. valid for 10 minutes. -uidai,en,LEGITIMATE_OTP,False,NONE,legitimate,manual,2.0.0-alpha,,,,
LEGITIMATE_OTP_0007,IRCTC: Your OTP for booking IR1234567890 is 637182. Valid for 5 mins.,irctc: your otp for booking ir1234567890 is 637182. valid for 5 mins.,en,LEGITIMATE_OTP,False,NONE,legitimate,manual,2.0.0-alpha,,,,
LEGITIMATE_OTP_0008,Amazon: Your OTP for login is 918273. Do not share. Valid for 5 minutes.,amazon: your otp for login is 918273. do not share. valid for 5 minutes.,en,LEGITIMATE_OTP,False,NONE,legitimate,manual,2.0.0-alpha,,,,
LEGITIMATE_UPI_0002,"GPay: Rs 1,200 paid to Electricity Board. UPI Ref: GPay123456789. 20 Jul 2026.","gpay: rs 1,200 paid to electricity board. upi ref: gpay123456789. 20 jul 2026.",en,LEGITIMATE_UPI,False,NONE,legitimate,manual,2.0.0-alpha,,,,
LEGITIMATE_UPI_0003,"PhonePe: Rs 350 sent to Swiggy India. UPI Ref: PPRef98765432. Avl Bal Rs 5,000.","phonepe: rs 350 sent to swiggy india. upi ref: ppref98765432. avl bal rs 5,000.",en,LEGITIMATE_UPI,False,NONE,legitimate,manual,2.0.0-alpha,,,,
LEGITIMATE_UPI_0004,Amazon Pay: Rs 899 paid for order OD7845123456 via UPI. Thank you for shopping.,amazon pay: rs 899 paid for order od7845123456 via upi. thank you for shopping.,en,LEGITIMATE_UPI,False,NONE,legitimate,manual,2.0.0-alpha,,,,
LEGITIMATE_UPI_0005,"BHIM: Rs 500 received from Priya Sharma. UPI Ref: BHIM4567890123. Avl Bal Rs 8,500.","bhim: rs 500 received from priya sharma. upi ref: bhim4567890123. avl bal rs 8,500.",en,LEGITIMATE_UPI,False,NONE,legitimate,manual,2.0.0-alpha,,,,
LEGITIMATE_UPI_0006,Google Pay: Rs 75 paid to Chaiwala India. UPI transaction successful. Ref: GPay7654321.,google pay: rs 75 paid to chaiwala india. upi transaction successful. ref: gpay7654321.,en,LEGITIMATE_UPI,False,NONE,legitimate,manual,2.0.0-alpha,,,,
LEGITIMATE_UPI_0007,"PhonePe: Rs 15,000 transferred to HDFC Bank XX5678. UPI Ref: PPRef09876543.","phonepe: rs 15,000 transferred to hdfc bank xx5678. upi ref: ppref09876543.",en,LEGITIMATE_UPI,False,NONE,legitimate,manual,2.0.0-alpha,,,,
LEGITIMATE_UPI_0008,Paytm: Rs 499 recharged for Airtel mobile 9876543210. Ref: PAYTM12345678.,paytm: rs 499 recharged for airtel mobile 9876543210. ref: paytm12345678.,en,LEGITIMATE_UPI,False,NONE,legitimate,manual,2.0.0-alpha,,,,
LOAN_SCAM_0001,"Get instant loan approval in 5 minutes. No documents needed. Click now to download app and receive Rs 50,000 today: http://bit.ly/loan-app-fast","get instant loan approval in 5 minutes. no documents needed. click now to download app and receive rs 50,000 today: http://bit.ly/loan-app-fast",en,LOAN_SCAM,True,MEDIUM,scam,ncpc,2.0.0-alpha,,,,
LOAN_SCAM_0002,Final warning: Your loan repayment is overdue. Pay today or legal action will begin and your contacts will be informed immediately.,final warning: your loan repayment is overdue. pay today or legal action will begin and your contacts will be informed immediately.,en,LOAN_SCAM,True,MEDIUM,scam,ncpc,2.0.0-alpha,,,,
LOAN_SCAM_0003,Complete loan verification now. Install the secure loan app APK from this link to release your approved amount today.,complete loan verification now. install the secure loan app apk from this link to release your approved amount today.,en,LOAN_SCAM,True,MEDIUM,scam,ncpc,2.0.0-alpha,,,,
LOAN_SCAM_0004,"Your personal loan is approved. Verify Aadhaar, PAN, bank details, and OTP now to release funds instantly.","your personal loan is approved. verify aadhaar, pan, bank details, and otp now to release funds instantly.",en,LOAN_SCAM,True,MEDIUM,scam,ncpc,2.0.0-alpha,,,,
LOAN_SCAM_0005,"Pradhan Mantri Yojana Aadhar Card Loan 2% interest, 50% waiver. Call 8595311955","pradhan mantri yojana aadhar card loan 2% interest, 50% waiver. call 8595311955",en,LOAN_SCAM,True,MEDIUM,scam,pib,2.0.0-alpha,,,,
LOAN_SCAM_0006,"Your loan of Rs 2,00,000 is on track. KYC processing is happening now.","your loan of rs 2,00,000 is on track. kyc processing is happening now.",en,LOAN_SCAM,True,MEDIUM,scam,ncpc,2.0.0-alpha,,,,
LOAN_SCAM_0007,"Urgent loan? Get Rs 10,000 in just 5 minutes! No CIBIL check! Just click here!","urgent loan? get rs 10,000 in just 5 minutes! no cibil check! just click here!",en,LOAN_SCAM,True,MEDIUM,scam,ncpc,2.0.0-alpha,,,,
LOAN_SCAM_0008,Congratulations! Your Rs 5 lakh loan is approved. Instant Loan No CIBIL No Income Proof Required,congratulations! your rs 5 lakh loan is approved. instant loan no cibil no income proof required,en,LOAN_SCAM,True,MEDIUM,scam,ncpc,2.0.0-alpha,,,,
LOAN_SCAM_0009,Netflix: Your subscription is suspended! Update payment: http://netflix-renew.tk,netflix: your subscription is suspended! update payment: http://netflix-renew.tk,en,LOAN_SCAM,True,MEDIUM,scam,manual,2.0.0-alpha,,,,
LOAN_SCAM_0010,Personal loan approved! Rs 5 lakhs at 2% interest. Processing fee Rs 2500. Call 1800-123-4567,personal loan approved! rs 5 lakhs at 2% interest. processing fee rs 2500. call 1800-123-4567,en,LOAN_SCAM,True,MEDIUM,scam,manual,2.0.0-alpha,,,,
LOAN_SCAM_0011,Instant loan up to Rs 10 lakhs! No paperwork. Low EMI. Processing fee Rs 999. http://loan-offer.tk,instant loan up to rs 10 lakhs! no paperwork. low emi. processing fee rs 999. http://loan-offer.tk,en,LOAN_SCAM,True,MEDIUM,scam,manual,2.0.0-alpha,,,,
LOAN_SCAM_0012,Bajaj Finserv: Your pre-approved loan of Rs 3 lakhs is ready. Processing fee Rs 1499. http://bajaj-loan.xyz,bajaj finserv: your pre-approved loan of rs 3 lakhs is ready. processing fee rs 1499. http://bajaj-loan.xyz,en,LOAN_SCAM,True,MEDIUM,scam,manual,2.0.0-alpha,,,,
LOAN_SCAM_0013,Loan 1 minute me! Aadhaar card se. Rs 50000 instantly. Fee Rs 499. http://instant-loan.ml,loan 1 minute me! aadhaar card se. rs 50000 instantly. fee rs 499. http://instant-loan.ml,en,LOAN_SCAM,True,MEDIUM,scam,manual,2.0.0-alpha,,,,
LOAN_SCAM_0014,Business loan up to Rs 50 lakhs! Low interest 5%. Processing fee 1%. Contact: loan@easy-finance.tk,business loan up to rs 50 lakhs! low interest 5%. processing fee 1%. contact: loan@easy-finance.tk,en,LOAN_SCAM,True,MEDIUM,scam,manual,2.0.0-alpha,,,,
LOAN_SCAM_0015,"Loan app: Quick approval, minimal documents. EMI starts after 90 days. Download: http://loan-app.tk","loan app: quick approval, minimal documents. emi starts after 90 days. download: http://loan-app.tk",en,LOAN_SCAM,True,MEDIUM,scam,manual,2.0.0-alpha,,,,
LOAN_SCAM_0016,Gold loan: No income proof needed. Rs 2 lakhs loan. Processing fee Rs 1999. Call 1800-777-8888,gold loan: no income proof needed. rs 2 lakhs loan. processing fee rs 1999. call 1800-777-8888,en,LOAN_SCAM,True,MEDIUM,scam,manual,2.0.0-alpha,,,,
LOAN_SCAM_0017,Home loan sanction pannirukkom! Rs 20 lakhs. Processing fee Rs 5000 maatrum. http://home-loan.top,home loan sanction pannirukkom! rs 20 lakhs. processing fee rs 5000 maatrum. http://home-loan.top,en,LOAN_SCAM,True,MEDIUM,scam,manual,2.0.0-alpha,,,,
LOAN_SCAM_0018,"Dear customer, your policy premium is due. Pay Rs 5000 to avoid lapse. http://insurance-pay.tk","dear customer, your policy premium is due. pay rs 5000 to avoid lapse. http://insurance-pay.tk",en,LOAN_SCAM,True,MEDIUM,scam,manual,2.0.0-alpha,,,,
LOAN_SCAM_0019,"Instant personal loan up to Rs 25 lakhs. No paperwork. 0% interest for 6 months. Processing fee Rs 2,500.","instant personal loan up to rs 25 lakhs. no paperwork. 0% interest for 6 months. processing fee rs 2,500.",en,LOAN_SCAM,True,MEDIUM,scam,manual,2.0.0-alpha,,,,
LOAN_SCAM_0020,"Bajaj Finserv: Your pre-approved loan of Rs 5,00,000 is ready. Pay Rs 3,000 documentation fee to disburse.","bajaj finserv: your pre-approved loan of rs 5,00,000 is ready. pay rs 3,000 documentation fee to disburse.",en,LOAN_SCAM,True,MEDIUM,scam,manual,2.0.0-alpha,,,,
LOAN_SCAM_0021,"Home loan at 2% interest rate! Government subsidy available. Register with Rs 5,000 processing fee. Limited offer.","home loan at 2% interest rate! government subsidy available. register with rs 5,000 processing fee. limited offer.",en,LOAN_SCAM,True,MEDIUM,scam,manual,2.0.0-alpha,,,,
LOAN_SCAM_0022,"Student loan for abroad studies. 100% approval. No collateral. Pay Rs 2,000 application fee to proceed.","student loan for abroad studies. 100% approval. no collateral. pay rs 2,000 application fee to proceed.",en,LOAN_SCAM,True,MEDIUM,scam,manual,2.0.0-alpha,,,,
LOAN_SCAM_0023,Business loan Rs 50 lakhs in 24 hours. CIBIL not required. Processing fee 1% of loan amount. Contact now.,business loan rs 50 lakhs in 24 hours. cibil not required. processing fee 1% of loan amount. contact now.,en,LOAN_SCAM,True,MEDIUM,scam,manual,2.0.0-alpha,,,,
LOTTERY_SCAM_0001,"Congratulations! Your mobile number has won Rs 35,00,000 in KBC Season 15 Lucky Draw. To claim your prize, contact our KBC manager: +91-9876543210 (WhatsApp only)","congratulations! your mobile number has won rs 35,00,000 in kbc season 15 lucky draw. to claim your prize, contact our kbc manager: +91-9876543210 (whatsapp only)",en,LOTTERY_SCAM,True,MEDIUM,scam,ncpc,2.0.0-alpha,,,,
LOTTERY_SCAM_0002,"DEAR WINNER: Your number has been selected in WhatsApp 15th Anniversary Lottery. Prize: Rs 40 Lakh. Pay Rs 1,850 processing fee to release your winnings.","dear winner: your number has been selected in whatsapp 15th anniversary lottery. prize: rs 40 lakh. pay rs 1,850 processing fee to release your winnings.",en,LOTTERY_SCAM,True,MEDIUM,scam,ncpc,2.0.0-alpha,,,,
LOTTERY_SCAM_0003,"Congratulation Dear Customer You Have Win The Prize 25,00,000 By KBC Department Please Collect Your Prize Urgently By Follow The Company Rules and Regulations.","congratulation dear customer you have win the prize 25,00,000 by kbc department please collect your prize urgently by follow the company rules and regulations.",en,LOTTERY_SCAM,True,MEDIUM,scam,pib,2.0.0-alpha,,,,
LOTTERY_SCAM_0004,"You have won Rs 25,000 in the BSNL lucky draw. Claim before midnight.","you have won rs 25,000 in the bsnl lucky draw. claim before midnight.",en,LOTTERY_SCAM,True,MEDIUM,scam,ncpc,2.0.0-alpha,,,,
LOTTERY_SCAM_0005,Congratulations! You have won Rs 10 lakh in our lucky draw.,congratulations! you have won rs 10 lakh in our lucky draw.,en,LOTTERY_SCAM,True,MEDIUM,scam,ncpc,2.0.0-alpha,,,,
LOTTERY_SCAM_0006,"CONGRATULATIONS! You won Rs 25,00,000 in KBC Lucky Draw. Call 1800-123-4567 to claim.","congratulations! you won rs 25,00,000 in kbc lucky draw. call 1800-123-4567 to claim.",en,LOTTERY_SCAM,True,MEDIUM,scam,manual,2.0.0-alpha,,,,
LOTTERY_SCAM_0007,Amazon Mega Draw! You won a brand new iPhone 15. Contact: claim@amazon-promo.tk,amazon mega draw! you won a brand new iphone 15. contact: claim@amazon-promo.tk,en,LOTTERY_SCAM,True,MEDIUM,scam,manual,2.0.0-alpha,,,,
LOTTERY_SCAM_0008,"KBC winner 2025! Your cheque of Rs 15,00,000 is ready. Processing fee Rs 2500 required. Call now!","kbc winner 2025! your cheque of rs 15,00,000 is ready. processing fee rs 2500 required. call now!",en,LOTTERY_SCAM,True,MEDIUM,scam,manual,2.0.0-alpha,,,,
LOTTERY_SCAM_0009,"Flipkart Big Billion Draw! You won Rs 50,000. Pay processing fee Rs 199 to claim: http://flipkart-winner.xyz","flipkart big billion draw! you won rs 50,000. pay processing fee rs 199 to claim: http://flipkart-winner.xyz",en,LOTTERY_SCAM,True,MEDIUM,scam,manual,2.0.0-alpha,,,,
LOTTERY_SCAM_0010,You have been selected for Rs 1 crore lottery by reliance. Call 1900-123-456 to claim immediately!,you have been selected for rs 1 crore lottery by reliance. call 1900-123-456 to claim immediately!,en,LOTTERY_SCAM,True,MEDIUM,scam,manual,2.0.0-alpha,,,,
LOTTERY_SCAM_0011,Congratulations! Nikeil message la neenga lottery winner aaga irukinga! Rs 10 lakhs claim panniko!,congratulations! nikeil message la neenga lottery winner aaga irukinga! rs 10 lakhs claim panniko!,en,LOTTERY_SCAM,True,MEDIUM,scam,manual,2.0.0-alpha,,,,
LOTTERY_SCAM_0012,"HDFC Bank: Your transaction won a lucky draw of Rs 50,000! Contact http://hdfc-draw.tk","hdfc bank: your transaction won a lucky draw of rs 50,000! contact http://hdfc-draw.tk",en,LOTTERY_SCAM,True,MEDIUM,scam,manual,2.0.0-alpha,,,,
LOTTERY_SCAM_0013,"Your phone number won a lottery of Rs 75,000. This is an international lottery. Claim: http://uk-lottery.ml","your phone number won a lottery of rs 75,000. this is an international lottery. claim: http://uk-lottery.ml",en,LOTTERY_SCAM,True,MEDIUM,scam,manual,2.0.0-alpha,,,,
LOTTERY_SCAM_0014,Tata Group: You won Rs 5 lakhs in our customer appreciation draw. Contact tata-promo@outlook.com,tata group: you won rs 5 lakhs in our customer appreciation draw. contact tata-promo@outlook.com,en,LOTTERY_SCAM,True,MEDIUM,scam,manual,2.0.0-alpha,,,,
LOTTERY_SCAM_0015,"Prize money Rs 10,00,000 unclaimed! Last day today. Call 090-1234-5678 immediately!","prize money rs 10,00,000 unclaimed! last day today. call 090-1234-5678 immediately!",en,LOTTERY_SCAM,True,MEDIUM,scam,manual,2.0.0-alpha,,,,
LOTTERY_SCAM_0016,"Big Bazaar Lucky Draw! Neenga winner! Rs 25,000 gift voucher. http://bigbazaar-offer.ga","big bazaar lucky draw! neenga winner! rs 25,000 gift voucher. http://bigbazaar-offer.ga",en,LOTTERY_SCAM,True,MEDIUM,scam,manual,2.0.0-alpha,,,,
LOTTERY_SCAM_0017,"Congratulations! Your email has won a cash prize of £500,000 from UK National Lottery. Contact our agent.","congratulations! your email has won a cash prize of £500,000 from uk national lottery. contact our agent.",en,LOTTERY_SCAM,True,MEDIUM,scam,manual,2.0.0-alpha,,,,
LOTTERY_SCAM_0018,Win a free iPhone! Click the link and participate. http://survey-free.tk,win a free iphone! click the link and participate. http://survey-free.tk,en,LOTTERY_SCAM,True,MEDIUM,scam,manual,2.0.0-alpha,,,,
LOTTERY_SCAM_0019,Neraya lucky draw! Unga phone number winner aagirukku! Rs 5000 cash prize. Call pannunga now!,neraya lucky draw! unga phone number winner aagirukku! rs 5000 cash prize. call pannunga now!,ta-en,LOTTERY_SCAM,True,MEDIUM,scam,manual,2.0.0-alpha,,,,
LOTTERY_SCAM_0020,"Congratulations! You won Rs 25,00,000 in KBC Lottery. Claim your prize by paying Rs 5,000 processing fee.","congratulations! you won rs 25,00,000 in kbc lottery. claim your prize by paying rs 5,000 processing fee.",en,LOTTERY_SCAM,True,MEDIUM,scam,manual,2.0.0-alpha,,,,
LOTTERY_SCAM_0021,You won an iPhone 16 Pro! Claim your prize at https://apple-lucky-winner.xyz. Pay Rs 999 for shipping.,you won an iphone 16 pro! claim your prize at https://apple-lucky-winner.xyz. pay rs 999 for shipping.,en,LOTTERY_SCAM,True,MEDIUM,scam,manual,2.0.0-alpha,,,,
LOTTERY_SCAM_0022,"Google Lucky Draw: You won Rs 15,00,000. Contact Mr Sharma at 9876543210 with registration fee Rs 8,000.","google lucky draw: you won rs 15,00,000. contact mr sharma at 9876543210 with registration fee rs 8,000.",en,LOTTERY_SCAM,True,MEDIUM,scam,manual,2.0.0-alpha,,,,
LOTTERY_SCAM_0023,"Amazon Great Indian Sale winner! You won Rs 5,00,000 shopping voucher. Tax processing fee Rs 3,500 required.","amazon great indian sale winner! you won rs 5,00,000 shopping voucher. tax processing fee rs 3,500 required.",en,LOTTERY_SCAM,True,MEDIUM,scam,manual,2.0.0-alpha,,,,
LOTTERY_SCAM_0024,Reliance Jio: You won free recharge for lifetime. Pay Rs 499 registration fee to activate the offer.,reliance jio: you won free recharge for lifetime. pay rs 499 registration fee to activate the offer.,en,LOTTERY_SCAM,True,MEDIUM,scam,manual,2.0.0-alpha,,,,
LOTTERY_SCAM_0025,"Air India: You won 2 free international tickets worth Rs 2,00,000. Processing fee Rs 4,900. Limited period offer.","air india: you won 2 free international tickets worth rs 2,00,000. processing fee rs 4,900. limited period offer.",en,LOTTERY_SCAM,True,MEDIUM,scam,manual,2.0.0-alpha,,,,
LOTTERY_SCAM_0026,"Tata Motors customer reward: You won a brand new Nexon! Contact us with registration fee of Rs 12,000.","tata motors customer reward: you won a brand new nexon! contact us with registration fee of rs 12,000.",en,LOTTERY_SCAM,True,MEDIUM,scam,manual,2.0.0-alpha,,,,
LOTTERY_SCAM_0027,"Parker Pen lucky draw: You won Rs 50,00,000. Deposit Rs 10,000 as processing fee to release your winnings.","parker pen lucky draw: you won rs 50,00,000. deposit rs 10,000 as processing fee to release your winnings.",en,LOTTERY_SCAM,True,MEDIUM,scam,manual,2.0.0-alpha,,,,
PAN_SCAM_0001,Your PAN card has been used in illegal transactions. Call Income Tax Dept immediately or face arrest.,your pan card has been used in illegal transactions. call income tax dept immediately or face arrest.,en,PAN_SCAM,True,HIGH,scam,cert_in,2.0.0-alpha,,,,
PAN_SCAM_0002,Your PAN card will be deactivated due to non-linking with Aadhaar. Click here to link now: http://pan-aadhaar-link.xyz,your pan card will be deactivated due to non-linking with aadhaar. click here to link now: http://pan-aadhaar-link.xyz,en,PAN_SCAM,True,HIGH,scam,cert_in,2.0.0-alpha,,,,
QR_SCAM_0001,Scan this QR code to receive your refund payment. Amount will be credited immediately.,scan this qr code to receive your refund payment. amount will be credited immediately.,en,QR_SCAM,True,HIGH,scam,npci,2.0.0-alpha,,,,
QR_SCAM_0002,Scan QR code below to pay and claim your prize money. Limited time offer.,scan qr code below to pay and claim your prize money. limited time offer.,en,QR_SCAM,True,HIGH,scam,ncpc,2.0.0-alpha,,,,
QR_SCAM_0003,Customer care QR code payment. Scan to pay the processing fee and unlock your account.,customer care qr code payment. scan to pay the processing fee and unlock your account.,en,QR_SCAM,True,HIGH,scam,ncpc,2.0.0-alpha,,,,
QR_SCAM_0004,Scan this QR code to claim your Rs 5000 Paytm cashback! http://paytm-qr.tk,scan this qr code to claim your rs 5000 paytm cashback! http://paytm-qr.tk,en,QR_SCAM,True,HIGH,scam,manual,2.0.0-alpha,,,,
QR_SCAM_0005,"QR code scan panni Rs 10,000 gift voucher vangikunga! http://gift-qr.xyz","qr code scan panni rs 10,000 gift voucher vangikunga! http://gift-qr.xyz",en,QR_SCAM,True,HIGH,scam,manual,2.0.0-alpha,,,,
QR_SCAM_0006,Electricity bill pay panna QR code scan pannunga. 50% discount! http://bill-qr.top,electricity bill pay panna qr code scan pannunga. 50% discount! http://bill-qr.top,ta-en,QR_SCAM,True,HIGH,scam,manual,2.0.0-alpha,,,,
QR_SCAM_0007,Free recharging! Scan QR and get Rs 200 free mobile recharge. Limited offer: http://free-recharge.tk,free recharging! scan qr and get rs 200 free mobile recharge. limited offer: http://free-recharge.tk,en,QR_SCAM,True,HIGH,scam,manual,2.0.0-alpha,,,,
QR_SCAM_0008,Google Pay QR code scanner! Scan any QR and earn rewards. Download: http://gpay-qr.ml,google pay qr code scanner! scan any qr and earn rewards. download: http://gpay-qr.ml,en,QR_SCAM,True,HIGH,scam,manual,2.0.0-alpha,,,,
QR_SCAM_0009,Your parcel delivery needs QR payment of Rs 500 for customs. Scan: http://delivery-qr.tk,your parcel delivery needs qr payment of rs 500 for customs. scan: http://delivery-qr.tk,en,QR_SCAM,True,HIGH,scam,manual,2.0.0-alpha,,,,
QR_SCAM_0010,QR code scanner app download panni 2000rs daily earn pannunga! http://earn-qr.tk,qr code scanner app download panni 2000rs daily earn pannunga! http://earn-qr.tk,ta-en,QR_SCAM,True,HIGH,scam,manual,2.0.0-alpha,,,,
QR_SCAM_0011,Zomato: Scan this QR code for 80% discount on your next order! https://zomato-offer.ga,zomato: scan this qr code for 80% discount on your next order! https://zomato-offer.ga,en,QR_SCAM,True,HIGH,scam,manual,2.0.0-alpha,,,,
ROMANCE_SCAM_0001,"Hi beautiful, I am US Army captain in Syria. I need your help to transfer $2 million. Please help me with visa fee.","hi beautiful, i am us army captain in syria. i need your help to transfer $2 million. please help me with visa fee.",en,ROMANCE_SCAM,True,HIGH,scam,ncpc,2.0.0-alpha,,,,
ROMANCE_SCAM_0002,I am a British oil engineer on offshore rig. I have fallen in love with you. Send me money for my visa to meet you.,i am a british oil engineer on offshore rig. i have fallen in love with you. send me money for my visa to meet you.,en,ROMANCE_SCAM,True,HIGH,scam,ncpc,2.0.0-alpha,,,,
ROMANCE_SCAM_0003,"Hello dear. I am Maria from Russia. I want to marry you. Please send Rs 50,000 for my flight ticket to India.","hello dear. i am maria from russia. i want to marry you. please send rs 50,000 for my flight ticket to india.",en,ROMANCE_SCAM,True,HIGH,scam,ncpc,2.0.0-alpha,,,,
ROMANCE_SCAM_0004,I am a UN doctor working in Congo. I received a gold shipment worth $5 million. Help me transfer it for 30% share.,i am a un doctor working in congo. i received a gold shipment worth $5 million. help me transfer it for 30% share.,en,ROMANCE_SCAM,True,HIGH,scam,ncpc,2.0.0-alpha,,,,
ROMANCE_SCAM_0005,"Sweetheart, I am a US soldier in Afghanistan. My leave has been denied. Pay $2,500 for my emergency leave approval.","sweetheart, i am a us soldier in afghanistan. my leave has been denied. pay $2,500 for my emergency leave approval.",en,ROMANCE_SCAM,True,HIGH,scam,ncpc,2.0.0-alpha,,,,
ROMANCE_SCAM_0006,I am a wealthy widow from UK. I need a trustworthy person to inherit my $10 million fortune. Share your bank details.,i am a wealthy widow from uk. i need a trustworthy person to inherit my $10 million fortune. share your bank details.,en,ROMANCE_SCAM,True,HIGH,scam,ncpc,2.0.0-alpha,,,,
ROMANCE_SCAM_0007,"Hi beautiful, I am US Army captain in Syria. I need your help to transfer $2 million.","hi beautiful, i am us army captain in syria. i need your help to transfer $2 million.",en,ROMANCE_SCAM,True,HIGH,scam,manual,2.0.0-alpha,,,,
TELECOM_SCAM_0001,"Dear Customer, Your SIM KYC has been suspended by Telecom Regulatory Authority of India. Your SIM card will be blocked within 24 hours. Call Immediately.","dear customer, your sim kyc has been suspended by telecom regulatory authority of india. your sim card will be blocked within 24 hours. call immediately.",en,TELECOM_SCAM,True,HIGH,scam,cert_in,2.0.0-alpha,,,,
TELECOM_SCAM_0002,Your number will be disconnected today!,your number will be disconnected today!,en,TELECOM_SCAM,True,HIGH,scam,cert_in,2.0.0-alpha,,,,
TELECOM_SCAM_0003,"Dear customer, your Aadhaar-linked mobile number has been deactivated.","dear customer, your aadhaar-linked mobile number has been deactivated.",en,TELECOM_SCAM,True,HIGH,scam,cert_in,2.0.0-alpha,,,,
TELECOM_SCAM_0004,Suspicious login detected. Verify now or your UPI will be blocked.,suspicious login detected. verify now or your upi will be blocked.,en,TELECOM_SCAM,True,HIGH,scam,ncpc,2.0.0-alpha,,,,
TELECOM_SCAM_0005,Alert: 15000 withdrawn from your account. OTP 321654 required to reverse transaction.,alert: 15000 withdrawn from your account. otp 321654 required to reverse transaction.,en,TELECOM_SCAM,True,HIGH,scam,manual,2.0.0-alpha,,,,
TELECOM_SCAM_0006,Your social media account reported for fraud. OTP: 673421. Send to 9988776655 to verify identity.,your social media account reported for fraud. otp: 673421. send to 9988776655 to verify identity.,en,TELECOM_SCAM,True,HIGH,scam,manual,2.0.0-alpha,,,,
TELECOM_SCAM_0007,Your Aadhaar OTP is 284761. Do NOT share this OTP with anyone. KYC update required.,your aadhaar otp is 284761. do not share this otp with anyone. kyc update required.,en,TELECOM_SCAM,True,HIGH,scam,manual,2.0.0-alpha,,,,
TELECOM_SCAM_0008,SBI: Your OTP for transaction is 729384. Forward this OTP to 9222222222 for verification.,sbi: your otp for transaction is 729384. forward this otp to 9222222222 for verification.,en,TELECOM_SCAM,True,HIGH,scam,manual,2.0.0-alpha,,,,
TELECOM_SCAM_0009,Aadhaar OTP: 516273. Share this OTP with our executive to complete KYC or your Aadhaar will be deactivated.,aadhaar otp: 516273. share this otp with our executive to complete kyc or your aadhaar will be deactivated.,en,TELECOM_SCAM,True,HIGH,scam,manual,2.0.0-alpha,,,,
TELECOM_SCAM_0010,Your Google verification code is 382917. Do not share. But forward to your friend for referral bonus.,your google verification code is 382917. do not share. but forward to your friend for referral bonus.,en,TELECOM_SCAM,True,HIGH,scam,manual,2.0.0-alpha,,,,
TELECOM_SCAM_0011,OTP for PAN-Aadhaar linking is 462819. Send this OTP to 1800-XXX-XXXX immediately for link completion.,otp for pan-aadhaar linking is 462819. send this otp to 1800-xxx-xxxx immediately for link completion.,en,TELECOM_SCAM,True,HIGH,scam,manual,2.0.0-alpha,,,,
TELECOM_SCAM_0012,IRCTC: Your booking OTP is 719283. WhatsApp this OTP to 9876543210 for ticket confirmation.,irctc: your booking otp is 719283. whatsapp this otp to 9876543210 for ticket confirmation.,en,TELECOM_SCAM,True,HIGH,scam,manual,2.0.0-alpha,,,,
TELECOM_SCAM_0013,Netflix: Your OTP is 638192. Share with our support agent for account recovery. Do not ignore.,netflix: your otp is 638192. share with our support agent for account recovery. do not ignore.,en,TELECOM_SCAM,True,HIGH,scam,manual,2.0.0-alpha,,,,
TELECOM_SCAM_0014,Facebook: Your login code is 482716. Forward this code to our verification bot on WhatsApp.,facebook: your login code is 482716. forward this code to our verification bot on whatsapp.,en,TELECOM_SCAM,True,HIGH,scam,manual,2.0.0-alpha,,,,
TELECOM_SCAM_0015,Your one-time password for Paytm wallet is 927364. Never share with anyone except our customer support.,your one-time password for paytm wallet is 927364. never share with anyone except our customer support.,en,TELECOM_SCAM,True,HIGH,scam,manual,2.0.0-alpha,,,,
UPI_FRAUD_0001,URGENT: Your UPI ID linked to Aadhaar has been suspended. Click to re-verify now or your account access will be revoked permanently: upi-kyc-verify.in/update,urgent: your upi id linked to aadhaar has been suspended. click to re-verify now or your account access will be revoked permanently: upi-kyc-verify.in/update,en,UPI_FRAUD,True,CRITICAL,scam,cert_in,2.0.0-alpha,,,,
UPI_FRAUD_0002,"Congratulations! You have won Rs 4,999 cashback. Click now to claim reward and complete UPI verification.","congratulations! you have won rs 4,999 cashback. click now to claim reward and complete upi verification.",en,UPI_FRAUD,True,CRITICAL,scam,npci,2.0.0-alpha,,,,
UPI_FRAUD_0003,"Refund pending. To receive your refund, approve the collect request sent to your UPI app immediately.","refund pending. to receive your refund, approve the collect request sent to your upi app immediately.",en,UPI_FRAUD,True,CRITICAL,scam,npci,2.0.0-alpha,,,,
UPI_FRAUD_0004,NPCI Support: Your UPI service will be suspended today. Verify your details now to avoid deactivation.,npci support: your upi service will be suspended today. verify your details now to avoid deactivation.,en,UPI_FRAUD,True,CRITICAL,scam,npci,2.0.0-alpha,,,,
UPI_FRAUD_0005,Customer care has sent a request to complete your refund. Please accept the collect request to receive money.,customer care has sent a request to complete your refund. please accept the collect request to receive money.,en,UPI_FRAUD,True,CRITICAL,scam,npci,2.0.0-alpha,,,,
UPI_FRAUD_0006,Your UPI account KYC is pending. Complete verification now or your account will be blocked within 24 hours.,your upi account kyc is pending. complete verification now or your account will be blocked within 24 hours.,en,UPI_FRAUD,True,CRITICAL,scam,npci,2.0.0-alpha,,,,
UPI_FRAUD_0007,"Hi! I accidentally sent Rs 5,000 to your number via UPI. Please accept the request I just sent, I need the refund urgently","hi! i accidentally sent rs 5,000 to your number via upi. please accept the request i just sent, i need the refund urgently",en,UPI_FRAUD,True,CRITICAL,scam,npci,2.0.0-alpha,,,,
UPI_FRAUD_0008,Your refund of Rs 799 is about to expire! Accept the UPI request within 1 minute!,your refund of rs 799 is about to expire! accept the upi request within 1 minute!,en,UPI_FRAUD,True,CRITICAL,scam,npci,2.0.0-alpha,,,,
UPI_FRAUD_0009,"You have won a cashback of Rs 1,000! Accept to claim.","you have won a cashback of rs 1,000! accept to claim.",en,UPI_FRAUD,True,CRITICAL,scam,npci,2.0.0-alpha,,,,
UPI_FRAUD_0010,Your GPay account has been credited Rs 4500. Claim now: http://gpay-cashback.tk,your gpay account has been credited rs 4500. claim now: http://gpay-cashback.tk,en,UPI_FRAUD,True,CRITICAL,scam,manual,2.0.0-alpha,,,,
UPI_FRAUD_0011,PhonePe: You won Rs 10000 cashback! Click to redeem: https://phonepe-winner.top,phonepe: you won rs 10000 cashback! click to redeem: https://phonepe-winner.top,en,UPI_FRAUD,True,CRITICAL,scam,manual,2.0.0-alpha,,,,
UPI_FRAUD_0012,Your Paytm wallet has been blocked. Update KYC: https://paytm-verify.xyz,your paytm wallet has been blocked. update kyc: https://paytm-verify.xyz,en,UPI_FRAUD,True,CRITICAL,scam,manual,2.0.0-alpha,,,,
UPI_FRAUD_0013,Neraya cashback! Rs 5000 credit pannirukkom. Claim panniko: http://tiny.cc/cashback,neraya cashback! rs 5000 credit pannirukkom. claim panniko: http://tiny.cc/cashback,en,UPI_FRAUD,True,CRITICAL,scam,manual,2.0.0-alpha,,,,
UPI_FRAUD_0014,UPI reference number UTR32984739. Payment of Rs 7200 received. Check now: http://payment-confirm.ml,upi reference number utr32984739. payment of rs 7200 received. check now: http://payment-confirm.ml,en,UPI_FRAUD,True,CRITICAL,scam,manual,2.0.0-alpha,,,,
UPI_FRAUD_0015,Your BHIM UPI pin is expiring. Update now: https://bhim-upi.tk,your bhim upi pin is expiring. update now: https://bhim-upi.tk,en,UPI_FRAUD,True,CRITICAL,scam,manual,2.0.0-alpha,,,,
UPI_FRAUD_0016,Google Pay: Unusual login detected from Pune. Secure your account: http://gpay-secure.xyz,google pay: unusual login detected from pune. secure your account: http://gpay-secure.xyz,en,UPI_FRAUD,True,CRITICAL,scam,manual,2.0.0-alpha,,,,
UPI_FRAUD_0017,PhonePe transaction failed! Refund available. Process: http://refund-phonepe.tk,phonepe transaction failed! refund available. process: http://refund-phonepe.tk,en,UPI_FRAUD,True,CRITICAL,scam,manual,2.0.0-alpha,,,,
UPI_FRAUD_0018,Your UPI account has been credited Rs 9999. Click to check balance: https://reward-claim.ga,your upi account has been credited rs 9999. click to check balance: https://reward-claim.ga,en,UPI_FRAUD,True,CRITICAL,scam,manual,2.0.0-alpha,,,,
UPI_FRAUD_0019,Paytm cashback offer! Rs 2500 unclaimed. http://paytm-offer.top,paytm cashback offer! rs 2500 unclaimed. http://paytm-offer.top,en,UPI_FRAUD,True,CRITICAL,scam,manual,2.0.0-alpha,,,,
UPI_FRAUD_0020,Amazon Pay: You have been selected for Rs 5000 gift card. Claim: https://amazon-gift.tk,amazon pay: you have been selected for rs 5000 gift card. claim: https://amazon-gift.tk,en,UPI_FRAUD,True,CRITICAL,scam,manual,2.0.0-alpha,,,,
UPI_FRAUD_0021,GPay la Rs 8000 credit aagirukku. Ippa linka click panni claim pannungo: https://gpay-cash.tk,gpay la rs 8000 credit aagirukku. ippa linka click panni claim pannungo: https://gpay-cash.tk,ta-en,UPI_FRAUD,True,CRITICAL,scam,manual,2.0.0-alpha,,,,
UPI_FRAUD_0022,PhonePe account upgrade pannikunga. Unlimited cashback offer! http://phonepe-upgrade.top,phonepe account upgrade pannikunga. unlimited cashback offer! http://phonepe-upgrade.top,en,UPI_FRAUD,True,CRITICAL,scam,manual,2.0.0-alpha,,,,
UPI_FRAUD_0023,Alert: Rs 15000 withdrawn from your Paytm wallet. Dispute: http://paytm-dispute.tk,alert: rs 15000 withdrawn from your paytm wallet. dispute: http://paytm-dispute.tk,en,UPI_FRAUD,True,CRITICAL,scam,manual,2.0.0-alpha,,,,
UPI_FRAUD_0024,Your Google Pay daily limit has been increased to Rs 50000. Verify: https://gpay-limit.tk,your google pay daily limit has been increased to rs 50000. verify: https://gpay-limit.tk,en,UPI_FRAUD,True,CRITICAL,scam,manual,2.0.0-alpha,,,,
UPI_FRAUD_0025,Your UPI PIN has been reset. Click here to set new PIN: http://bit.ly/fake-upi,your upi pin has been reset. click here to set new pin: http://bit.ly/fake-upi,en,UPI_FRAUD,True,CRITICAL,scam,manual,2.0.0-alpha,,,,
UPI_FRAUD_0026,GPay: Your UPI ID has been compromised. Verify immediately: https://gpay-verify.xyz,gpay: your upi id has been compromised. verify immediately: https://gpay-verify.xyz,en,UPI_FRAUD,True,CRITICAL,scam,manual,2.0.0-alpha,,,,
UPI_FRAUD_0027,"PhonePe: Rs 12,500 sent to Ramesh Kumar. UPI ref UPIRef1234. Not you? Block here: http://bit.ly/phonepe-block","phonepe: rs 12,500 sent to ramesh kumar. upi ref upiref1234. not you? block here: http://bit.ly/phonepe-block",en,UPI_FRAUD,True,CRITICAL,scam,manual,2.0.0-alpha,,,,
UPI_FRAUD_0028,Paytm UPI: Your account is limited. Complete KYC to restore unlimited payments. https://paytm-kyc.tk,paytm upi: your account is limited. complete kyc to restore unlimited payments. https://paytm-kyc.tk,en,UPI_FRAUD,True,CRITICAL,scam,manual,2.0.0-alpha,,,,
UPI_FRAUD_0029,"BHIM UPI: You received Rs 2,000. Claim by entering your UPI PIN at https://bhim-reward.com/claim","bhim upi: you received rs 2,000. claim by entering your upi pin at https://bhim-reward.com/claim",en,UPI_FRAUD,True,CRITICAL,scam,manual,2.0.0-alpha,,,,
UPI_FRAUD_0030,"Google Pay: Your UPI collect request of Rs 8,500 is pending. Approve now or your account will be debited automatically.","google pay: your upi collect request of rs 8,500 is pending. approve now or your account will be debited automatically.",en,UPI_FRAUD,True,CRITICAL,scam,manual,2.0.0-alpha,,,,
UPI_FRAUD_0031,"Amazon Pay UPI: Congratulations! You won Rs 10,000 cashback. Claim at https://amazon-pay-reward.xyz","amazon pay upi: congratulations! you won rs 10,000 cashback. claim at https://amazon-pay-reward.xyz",en,UPI_FRAUD,True,CRITICAL,scam,manual,2.0.0-alpha,,,,
UPI_FRAUD_0032,"UPI Alert: Your UPI linked mobile number is being changed. If not you, stop here: http://bit.ly/upi-stop","upi alert: your upi linked mobile number is being changed. if not you, stop here: http://bit.ly/upi-stop",en,UPI_FRAUD,True,CRITICAL,scam,manual,2.0.0-alpha,,,,
UPI_FRAUD_0033,"Your UPI transaction of Rs 22,500 failed. Refund available. Click: https://refund-upi.com/process","your upi transaction of rs 22,500 failed. refund available. click: https://refund-upi.com/process",en,UPI_FRAUD,True,CRITICAL,scam,manual,2.0.0-alpha,,,,
UPI_FRAUD_0034,PhonePe: Your daily limit has been increased. Activate new limit by sharing OTP 728491 with our executive.,phonepe: your daily limit has been increased. activate new limit by sharing otp 728491 with our executive.,en,UPI_FRAUD,True,CRITICAL,scam,manual,2.0.0-alpha,,,,
UPI_FRAUD_0035,"Your UPI transaction of ₹15,999 to Flipkart is pending. Click here to complete: http://bit.ly/xyz","your upi transaction of ₹15,999 to flipkart is pending. click here to complete: http://bit.ly/xyz",en,UPI_FRAUD,True,CRITICAL,scam,known_corpus,2.0.0-alpha,,,,
UPI_FRAUD_0036,Your Google Pay balance is expiring! Update KYC now: http://tinyurl.com/fakegpay,your google pay balance is expiring! update kyc now: http://tinyurl.com/fakegpay,en,UPI_FRAUD,True,CRITICAL,scam,known_corpus,2.0.0-alpha,,,,
UPI_FRAUD_0037,UPI PIN expired. Reset immediately to avoid account block: http://bit.ly/fakeupi,upi pin expired. reset immediately to avoid account block: http://bit.ly/fakeupi,en,UPI_FRAUD,True,CRITICAL,scam,known_corpus,2.0.0-alpha,,,,
UPI_FRAUD_0038,"Dear Customer, your PhonePe account has been limited. Verify now: http://phonepay-kyc.in","dear customer, your phonepe account has been limited. verify now: http://phonepay-kyc.in",en,UPI_FRAUD,True,CRITICAL,scam,known_corpus,2.0.0-alpha,,,,
UPI_FRAUD_0039,BHIM UPI: Your account will be deactivated. Update Aadhaar: http://bhim-update.in,bhim upi: your account will be deactivated. update aadhaar: http://bhim-update.in,en,UPI_FRAUD,True,CRITICAL,scam,known_corpus,2.0.0-alpha,,,,
UPI_FRAUD_0040,"₹49,500 credited by mistake. Return via UPI: 9876543210@paytm. Don't share with bank.","₹49,500 credited by mistake. return via upi: 9876543210@paytm. don't share with bank.",en,UPI_FRAUD,True,CRITICAL,scam,known_corpus,2.0.0-alpha,,,,
UPI_FRAUD_0041,"Your Amazon UPI payment of ₹34,999 failed. Retry: http://amzn-upi-pay.in","your amazon upi payment of ₹34,999 failed. retry: http://amzn-upi-pay.in",en,UPI_FRAUD,True,CRITICAL,scam,known_corpus,2.0.0-alpha,,,,
UPI_FRAUD_0042,"Paytm UPI: You won ₹10,000 cashback! Claim: http://paytm-winner.in","paytm upi: you won ₹10,000 cashback! claim: http://paytm-winner.in",en,UPI_FRAUD,True,CRITICAL,scam,known_corpus,2.0.0-alpha,,,,
UPI_FRAUD_0043,Google Pay: Your QR code scanner has a security issue. Update now: http://gpay-secure.in,google pay: your qr code scanner has a security issue. update now: http://gpay-secure.in,en,UPI_FRAUD,True,CRITICAL,scam,known_corpus,2.0.0-alpha,,,,
UPI_FRAUD_0044,SBI UPI: Daily limit exceeded. Click to increase limit: http://sbi-upi-limit.com,sbi upi: daily limit exceeded. click to increase limit: http://sbi-upi-limit.com,en,UPI_FRAUD,True,CRITICAL,scam,known_corpus,2.0.0-alpha,,,,
UPI_FRAUD_0045,UPI reference number TXN2026123456789 failed. Re-initiate: http://bit.ly/3xyz,upi reference number txn2026123456789 failed. re-initiate: http://bit.ly/3xyz,en,UPI_FRAUD,True,CRITICAL,scam,known_corpus,2.0.0-alpha,,,,
UPI_FRAUD_0046,"Your UPI transaction of ₹8,500 is on hold. Call 1800-123-4567 immediately.","your upi transaction of ₹8,500 is on hold. call 1800-123-4567 immediately.",en,UPI_FRAUD,True,CRITICAL,scam,known_corpus,2.0.0-alpha,,,,
UPI_FRAUD_0047,PhonePe: Your account is used for suspicious activity. Freeze now: http://bit.ly/freeze,phonepe: your account is used for suspicious activity. freeze now: http://bit.ly/freeze,en,UPI_FRAUD,True,CRITICAL,scam,known_corpus,2.0.0-alpha,,,,
UPI_FRAUD_0048,Paytm Payments Bank: Update your UPI PIN to continue using services.,paytm payments bank: update your upi pin to continue using services.,en,UPI_FRAUD,True,CRITICAL,scam,known_corpus,2.0.0-alpha,,,,
UPI_FRAUD_0049,"Dear user, your UPI linked mobile number is going to be changed. If not you, block: http://bit.ly/blockupi","dear user, your upi linked mobile number is going to be changed. if not you, block: http://bit.ly/blockupi",en,UPI_FRAUD,True,CRITICAL,scam,known_corpus,2.0.0-alpha,,,,
AADHAAR_SCAM_0016,Your Aadhaar number has been found in dark web. Freeze your Aadhaar at https://uidai-freeze.tk,your aadhaar number has been found in dark web. freeze your aadhaar at https://uidai-freeze.tk,en,AADHAAR_SCAM,True,HIGH,scam,synthetic,2.0.0-beta,"{""urls"": [""https://uidai-freeze.tk""], ""phones"": [], ""upi_ids"": [], ""banks"": [], ""emails"": [], ""aadhaar"": [], ""pan"": []}",Synthetic sample for AADHAAR_SCAM expansion. Generated via pattern-based synthesis.,2026-07-30T09:28:45.540Z,2026-07-30T09:28:45.540Z
AADHAAR_SCAM_0017,Aadhaar update: Your biometrics expired. Re-submit at nearest centre or click https://uidai-update.in,aadhaar update: your biometrics expired. re-submit at nearest centre or click https://uidai-update.in,en,AADHAAR_SCAM,True,HIGH,scam,synthetic,2.0.0-beta,"{""urls"": [""https://uidai-update.in""], ""phones"": [], ""upi_ids"": [], ""banks"": [], ""emails"": [], ""aadhaar"": [], ""pan"": []}",Synthetic sample for AADHAAR_SCAM expansion. Generated via pattern-based synthesis.,2026-07-30T09:28:45.540Z,2026-07-30T09:28:45.540Z
AADHAAR_SCAM_0018,Your Aadhaar has been used to obtain 2 passport copies. Not you? File complaint immediately.,your aadhaar has been used to obtain 2 passport copies. not you? file complaint immediately.,en,AADHAAR_SCAM,True,CRITICAL,scam,synthetic,2.0.0-beta,"{""urls"": [], ""phones"": [], ""upi_ids"": [], ""banks"": [], ""emails"": [], ""aadhaar"": [], ""pan"": []}",Synthetic sample for AADHAAR_SCAM expansion. Generated via pattern-based synthesis.,2026-07-30T09:28:45.540Z,2026-07-30T09:28:45.540Z
AADHAAR_SCAM_0019,UIDAI: Your Aadhaar number appears in fraud database. Immediate verification required. Call 1800-300-1234.,uidai: your aadhaar number appears in fraud database. immediate verification required. call 1800-300-1234.,en,AADHAAR_SCAM,True,CRITICAL,scam,synthetic,2.0.0-beta,"{""urls"": [], ""phones"": [""1800-300-1234""], ""upi_ids"": [], ""banks"": [], ""emails"": [], ""aadhaar"": [], ""pan"": []}",Synthetic sample for AADHAAR_SCAM expansion. Generated via pattern-based synthesis.,2026-07-30T09:28:45.540Z,2026-07-30T09:28:45.540Z
AADHAAR_SCAM_0020,"Aadhaar OTP: 891234 for mobile number change request. If not you, call 1947 immediately.","aadhaar otp: 891234 for mobile number change request. if not you, call 1947 immediately.",en,AADHAAR_SCAM,True,HIGH,scam,synthetic,2.0.0-beta,"{""urls"": [], ""phones"": [], ""upi_ids"": [], ""banks"": [], ""emails"": [], ""aadhaar"": [], ""pan"": []}",Synthetic sample for AADHAAR_SCAM expansion. Generated via pattern-based synthesis.,2026-07-30T09:28:45.540Z,2026-07-30T09:28:45.540Z
AADHAAR_SCAM_0021,Your Aadhaar is being used for fake voter ID registration in Gujarat. Report immediately.,your aadhaar is being used for fake voter id registration in gujarat. report immediately.,en,AADHAAR_SCAM,True,CRITICAL,scam,synthetic,2.0.0-beta,"{""urls"": [], ""phones"": [], ""upi_ids"": [], ""banks"": [], ""emails"": [], ""aadhaar"": [], ""pan"": []}",Synthetic sample for AADHAAR_SCAM expansion. Generated via pattern-based synthesis.,2026-07-30T09:28:45.540Z,2026-07-30T09:28:45.540Z
AADHAAR_SCAM_0022,Aadhaar seeding with bank failed. Your account may be frozen. Re-link Aadhaar at https://bank-aadhaar-link.xyz,aadhaar seeding with bank failed. your account may be frozen. re-link aadhaar at https://bank-aadhaar-link.xyz,en,AADHAAR_SCAM,True,HIGH,scam,synthetic,2.0.0-beta,"{""urls"": [""https://bank-aadhaar-link.xyz""], ""phones"": [], ""upi_ids"": [], ""banks"": [], ""emails"": [], ""aadhaar"": [], ""pan"": []}",Synthetic sample for AADHAAR_SCAM expansion. Generated via pattern-based synthesis.,2026-07-30T09:28:45.541Z,2026-07-30T09:28:45.541Z
AADHAAR_SCAM_0023,Your Aadhaar details incomplete. Upload documents at https://uidai-docs.xyz within 7 days.,your aadhaar details incomplete. upload documents at https://uidai-docs.xyz within 7 days.,en,AADHAAR_SCAM,True,HIGH,scam,synthetic,2.0.0-beta,"{""urls"": [""https://uidai-docs.xyz""], ""phones"": [], ""upi_ids"": [], ""banks"": [], ""emails"": [], ""aadhaar"": [], ""pan"": []}",Synthetic sample for AADHAAR_SCAM expansion. Generated via pattern-based synthesis.,2026-07-30T09:28:45.541Z,2026-07-30T09:28:45.541Z
AADHAAR_SCAM_0024,Aadhaar-based OTP: 637829 for SIM replacement request. Share if you requested. Ignore if not.,aadhaar-based otp: 637829 for sim replacement request. share if you requested. ignore if not.,en,AADHAAR_SCAM,True,MEDIUM,scam,synthetic,2.0.0-beta,"{""urls"": [], ""phones"": [], ""upi_ids"": [], ""banks"": [], ""emails"": [], ""aadhaar"": [], ""pan"": []}",Synthetic sample for AADHAAR_SCAM expansion. Generated via pattern-based synthesis.,2026-07-30T09:28:45.541Z,2026-07-30T09:28:45.541Z
AADHAAR_SCAM_0025,UIDAI: Your Aadhaar PVC card is ready for dispatch. Pay Rs 50 shipping at https://uidai-pvc.xyz,uidai: your aadhaar pvc card is ready for dispatch. pay rs 50 shipping at https://uidai-pvc.xyz,en,AADHAAR_SCAM,True,MEDIUM,scam,synthetic,2.0.0-beta,"{""urls"": [""https://uidai-pvc.xyz""], ""phones"": [], ""upi_ids"": [], ""banks"": [], ""emails"": [], ""aadhaar"": [], ""pan"": []}",Synthetic sample for AADHAAR_SCAM expansion. Generated via pattern-based synthesis.,2026-07-30T09:28:45.541Z,2026-07-30T09:28:45.541Z
CRYPTO_SCAM_0008,New crypto token launching! 1000x guaranteed returns. Presale price Rs 1 per token. Invest now: https://cryptomoon.tk,new crypto token launching! 1000x guaranteed returns. presale price rs 1 per token. invest now: https://cryptomoon.tk,en,CRYPTO_SCAM,True,HIGH,scam,synthetic,2.0.0-beta,"{""urls"": [""https://cryptomoon.tk""], ""phones"": [], ""upi_ids"": [], ""banks"": [], ""emails"": [], ""aadhaar"": [], ""pan"": []}",Synthetic sample for CRYPTO_SCAM expansion. Generated via pattern-based synthesis.,2026-07-30T09:28:45.542Z,2026-07-30T09:28:45.542Z
CRYPTO_SCAM_0009,Ethereum 2.0 staking pool! Get 25% APY. Minimum stake 0.5 ETH. Join our whitelist: https://eth-staking.xyz,ethereum 2.0 staking pool! get 25% apy. minimum stake 0.5 eth. join our whitelist: https://eth-staking.xyz,en,CRYPTO_SCAM,True,HIGH,scam,synthetic,2.0.0-beta,"{""urls"": [""https://eth-staking.xyz""], ""phones"": [], ""upi_ids"": [], ""banks"": [], ""emails"": [], ""aadhaar"": [], ""pan"": []}",Synthetic sample for CRYPTO_SCAM expansion. Generated via pattern-based synthesis.,2026-07-30T09:28:45.542Z,2026-07-30T09:28:45.542Z
CRYPTO_SCAM_0010,"Bitcoin arbitrage bot! Earn 3% daily profit. Fully automated. Setup fee Rs 5,000 only. WhatsApp group link in bio.","bitcoin arbitrage bot! earn 3% daily profit. fully automated. setup fee rs 5,000 only. whatsapp group link in bio.",en,CRYPTO_SCAM,True,HIGH,scam,synthetic,2.0.0-beta,"{""urls"": [], ""phones"": [], ""upi_ids"": [], ""banks"": [], ""emails"": [], ""aadhaar"": [], ""pan"": []}",Synthetic sample for CRYPTO_SCAM expansion. Generated via pattern-based synthesis.,2026-07-30T09:28:45.542Z,2026-07-30T09:28:45.542Z
CRYPTO_SCAM_0011,Meme coin presale! Shiba Inu rival launching tomorrow. 10000x potential. Buy now at discount.,meme coin presale! shiba inu rival launching tomorrow. 10000x potential. buy now at discount.,en,CRYPTO_SCAM,True,HIGH,scam,synthetic,2.0.0-beta,"{""urls"": [], ""phones"": [], ""upi_ids"": [], ""banks"": [], ""emails"": [], ""aadhaar"": [], ""pan"": []}",Synthetic sample for CRYPTO_SCAM expansion. Generated via pattern-based synthesis.,2026-07-30T09:28:45.542Z,2026-07-30T09:28:45.542Z
CRYPTO_SCAM_0012,"Crypto mining cloud contract! Mine Bitcoin with us. 2 TH/s for Rs 15,000. Daily payouts guaranteed.","crypto mining cloud contract! mine bitcoin with us. 2 th/s for rs 15,000. daily payouts guaranteed.",en,CRYPTO_SCAM,True,HIGH,scam,synthetic,2.0.0-beta,"{""urls"": [], ""phones"": [], ""upi_ids"": [], ""banks"": [], ""emails"": [], ""aadhaar"": [], ""pan"": []}",Synthetic sample for CRYPTO_SCAM expansion. Generated via pattern-based synthesis.,2026-07-30T09:28:45.542Z,2026-07-30T09:28:45.542Z
CRYPTO_SCAM_0013,DeFi yield farming! 500% APR on USDT deposits. Smart contract audited. Invest now: http://defi-farm.tk,defi yield farming! 500% apr on usdt deposits. smart contract audited. invest now: http://defi-farm.tk,en,CRYPTO_SCAM,True,HIGH,scam,synthetic,2.0.0-beta,"{""urls"": [""http://defi-farm.tk""], ""phones"": [], ""upi_ids"": [], ""banks"": [], ""emails"": [], ""aadhaar"": [], ""pan"": []}",Synthetic sample for CRYPTO_SCAM expansion. Generated via pattern-based synthesis.,2026-07-30T09:28:45.542Z,2026-07-30T09:28:45.542Z
CRYPTO_SCAM_0014,NFT minting event! Exclusive Indian artist collection. Floor price 0.1 ETH. Mint at https://nft-india.xyz,nft minting event! exclusive indian artist collection. floor price 0.1 eth. mint at https://nft-india.xyz,en,CRYPTO_SCAM,True,MEDIUM,scam,synthetic,2.0.0-beta,"{""urls"": [""https://nft-india.xyz""], ""phones"": [], ""upi_ids"": [], ""banks"": [], ""emails"": [], ""aadhaar"": [], ""pan"": []}",Synthetic sample for CRYPTO_SCAM expansion. Generated via pattern-based synthesis.,2026-07-30T09:28:45.542Z,2026-07-30T09:28:45.542Z
CRYPTO_SCAM_0015,"Crypto signal group! 92% win rate. 7-day free trial then Rs 2,999/month. Guaranteed profits.","crypto signal group! 92% win rate. 7-day free trial then rs 2,999/month. guaranteed profits.",en,CRYPTO_SCAM,True,HIGH,scam,synthetic,2.0.0-beta,"{""urls"": [], ""phones"": [], ""upi_ids"": [], ""banks"": [], ""emails"": [], ""aadhaar"": [], ""pan"": []}",Synthetic sample for CRYPTO_SCAM expansion. Generated via pattern-based synthesis.,2026-07-30T09:28:45.542Z,2026-07-30T09:28:45.542Z
CRYPTO_SCAM_0016,Bitcoin loan! Get instant loan against your BTC at 2% interest. No KYC. https://cryptoloan.in,bitcoin loan! get instant loan against your btc at 2% interest. no kyc. https://cryptoloan.in,en,CRYPTO_SCAM,True,MEDIUM,scam,synthetic,2.0.0-beta,"{""urls"": [""https://cryptoloan.in""], ""phones"": [], ""upi_ids"": [], ""banks"": [], ""emails"": [], ""aadhaar"": [], ""pan"": []}",Synthetic sample for CRYPTO_SCAM expansion. Generated via pattern-based synthesis.,2026-07-30T09:28:45.542Z,2026-07-30T09:28:45.542Z
CRYPTO_SCAM_0017,Web3 gaming token presale! Play-to-earn game launching. Buy tokens now at 50% discount.,web3 gaming token presale! play-to-earn game launching. buy tokens now at 50% discount.,en,CRYPTO_SCAM,True,HIGH,scam,synthetic,2.0.0-beta,"{""urls"": [], ""phones"": [], ""upi_ids"": [], ""banks"": [], ""emails"": [], ""aadhaar"": [], ""pan"": []}",Synthetic sample for CRYPTO_SCAM expansion. Generated via pattern-based synthesis.,2026-07-30T09:28:45.542Z,2026-07-30T09:28:45.542Z
CRYPTO_SCAM_0018,"Crypto airdrop! Free tokens worth Rs 25,000 for early adopters. Connect wallet: http://airdrop-claim.xyz","crypto airdrop! free tokens worth rs 25,000 for early adopters. connect wallet: http://airdrop-claim.xyz",en,CRYPTO_SCAM,True,HIGH,scam,synthetic,2.0.0-beta,"{""urls"": [""http://airdrop-claim.xyz""], ""phones"": [], ""upi_ids"": [], ""banks"": [], ""emails"": [], ""aadhaar"": [], ""pan"": []}",Synthetic sample for CRYPTO_SCAM expansion. Generated via pattern-based synthesis.,2026-07-30T09:28:45.543Z,2026-07-30T09:28:45.543Z
CRYPTO_SCAM_0019,Solana memecoin launch! Get in early before exchange listing. Price expected to 100x in 30 days.,solana memecoin launch! get in early before exchange listing. price expected to 100x in 30 days.,en,CRYPTO_SCAM,True,HIGH,scam,synthetic,2.0.0-beta,"{""urls"": [], ""phones"": [], ""upi_ids"": [], ""banks"": [], ""emails"": [], ""aadhaar"": [], ""pan"": []}",Synthetic sample for CRYPTO_SCAM expansion. Generated via pattern-based synthesis.,2026-07-30T09:28:45.543Z,2026-07-30T09:28:45.543Z
CRYPTO_SCAM_0020,"Crypto trading course! Learn from experts. Earn Rs 1 lakh per month. Course fee Rs 9,999. Limited seats.","crypto trading course! learn from experts. earn rs 1 lakh per month. course fee rs 9,999. limited seats.",en,CRYPTO_SCAM,True,MEDIUM,scam,synthetic,2.0.0-beta,"{""urls"": [], ""phones"": [], ""upi_ids"": [], ""banks"": [], ""emails"": [], ""aadhaar"": [], ""pan"": []}",Synthetic sample for CRYPTO_SCAM expansion. Generated via pattern-based synthesis.,2026-07-30T09:28:45.543Z,2026-07-30T09:28:45.543Z
CRYPTO_SCAM_0021,Bitcoin recovery service! We recover lost BTC from hacked wallets. 30% success fee. DM now.,bitcoin recovery service! we recover lost btc from hacked wallets. 30% success fee. dm now.,en,CRYPTO_SCAM,True,MEDIUM,scam,synthetic,2.0.0-beta,"{""urls"": [], ""phones"": [], ""upi_ids"": [], ""banks"": [], ""emails"": [], ""aadhaar"": [], ""pan"": []}",Synthetic sample for CRYPTO_SCAM expansion. Generated via pattern-based synthesis.,2026-07-30T09:28:45.543Z,2026-07-30T09:28:45.543Z
CRYPTO_SCAM_0022,"Crypto index fund! Diversified portfolio of top 20 coins. Minimum investment Rs 10,000. 3x leverage available.","crypto index fund! diversified portfolio of top 20 coins. minimum investment rs 10,000. 3x leverage available.",en,CRYPTO_SCAM,True,HIGH,scam,synthetic,2.0.0-beta,"{""urls"": [], ""phones"": [], ""upi_ids"": [], ""banks"": [], ""emails"": [], ""aadhaar"": [], ""pan"": []}",Synthetic sample for CRYPTO_SCAM expansion. Generated via pattern-based synthesis.,2026-07-30T09:28:45.543Z,2026-07-30T09:28:45.543Z
CRYPTO_SCAM_0023,AI crypto trading bot! Machine learning algorithm. 90% accuracy. Download at https://ai-crypto-bot.tk,ai crypto trading bot! machine learning algorithm. 90% accuracy. download at https://ai-crypto-bot.tk,en,CRYPTO_SCAM,True,HIGH,scam,synthetic,2.0.0-beta,"{""urls"": [""https://ai-crypto-bot.tk""], ""phones"": [], ""upi_ids"": [], ""banks"": [], ""emails"": [], ""aadhaar"": [], ""pan"": []}",Synthetic sample for CRYPTO_SCAM expansion. Generated via pattern-based synthesis.,2026-07-30T09:28:45.543Z,2026-07-30T09:28:45.543Z
CRYPTO_SCAM_0024,P2P crypto exchange platform! Zero fees for first 1000 users. Register at https://peer-crypto.xyz,p2p crypto exchange platform! zero fees for first 1000 users. register at https://peer-crypto.xyz,en,CRYPTO_SCAM,True,MEDIUM,scam,synthetic,2.0.0-beta,"{""urls"": [""https://peer-crypto.xyz""], ""phones"": [], ""upi_ids"": [], ""banks"": [], ""emails"": [], ""aadhaar"": [], ""pan"": []}",Synthetic sample for CRYPTO_SCAM expansion. Generated via pattern-based synthesis.,2026-07-30T09:28:45.543Z,2026-07-30T09:28:45.543Z
CRYPTO_SCAM_0025,"Crypto debit card! Spend Bitcoin anywhere. No KYC, instant activation. Get card at https://cryptocard.in","crypto debit card! spend bitcoin anywhere. no kyc, instant activation. get card at https://cryptocard.in",en,CRYPTO_SCAM,True,MEDIUM,scam,synthetic,2.0.0-beta,"{""urls"": [""https://cryptocard.in""], ""phones"": [], ""upi_ids"": [], ""banks"": [], ""emails"": [], ""aadhaar"": [], ""pan"": []}",Synthetic sample for CRYPTO_SCAM expansion. Generated via pattern-based synthesis.,2026-07-30T09:28:45.543Z,2026-07-30T09:28:45.543Z
DIGITAL_ARREST_0006,CBI has issued a lookout notice against you. Your Aadhaar used in child trafficking case. Report via video call immediately.,cbi has issued a lookout notice against you. your aadhaar used in child trafficking case. report via video call immediately.,en,DIGITAL_ARREST,True,CRITICAL,scam,synthetic,2.0.0-beta,"{""urls"": [], ""phones"": [], ""upi_ids"": [], ""banks"": [], ""emails"": [], ""aadhaar"": [], ""pan"": []}",Synthetic sample for DIGITAL_ARREST expansion. Generated via pattern-based synthesis.,2026-07-30T09:28:45.544Z,2026-07-30T09:28:45.544Z
DIGITAL_ARREST_0007,Delhi Police Cyber Cell: Your Aadhaar linked to international drug trafficking. Digital arrest warrant issued. Connect now.,delhi police cyber cell: your aadhaar linked to international drug trafficking. digital arrest warrant issued. connect now.,en,DIGITAL_ARREST,True,CRITICAL,scam,synthetic,2.0.0-beta,"{""urls"": [], ""phones"": [], ""upi_ids"": [], ""banks"": [], ""emails"": [], ""aadhaar"": [], ""pan"": []}",Synthetic sample for DIGITAL_ARREST expansion. Generated via pattern-based synthesis.,2026-07-30T09:28:45.544Z,2026-07-30T09:28:45.544Z
DIGITAL_ARREST_0008,Enforcement Directorate: FEMA violation of Rs 3.2 crore detected under your PAN. Digital custody ordered. Video call mandatory.,enforcement directorate: fema violation of rs 3.2 crore detected under your pan. digital custody ordered. video call mandatory.,en,DIGITAL_ARREST,True,CRITICAL,scam,synthetic,2.0.0-beta,"{""urls"": [], ""phones"": [], ""upi_ids"": [], ""banks"": [], ""emails"": [], ""aadhaar"": [], ""pan"": []}",Synthetic sample for DIGITAL_ARREST expansion. Generated via pattern-based synthesis.,2026-07-30T09:28:45.544Z,2026-07-30T09:28:45.544Z
DIGITAL_ARREST_0009,RBI Cyber Fraud Division: Your account used to launder money. Stay on video call until verification complete. Do not disconnect.,rbi cyber fraud division: your account used to launder money. stay on video call until verification complete. do not disconnect.,en,DIGITAL_ARREST,True,CRITICAL,scam,synthetic,2.0.0-beta,"{""urls"": [], ""phones"": [], ""upi_ids"": [], ""banks"": [], ""emails"": [], ""aadhaar"": [], ""pan"": []}",Synthetic sample for DIGITAL_ARREST expansion. Generated via pattern-based synthesis.,2026-07-30T09:28:45.544Z,2026-07-30T09:28:45.544Z
DIGITAL_ARREST_0010,Supreme Court notice: Your name in Panama Papers probe. Digital house arrest ordered. Connect with investigating officer.,supreme court notice: your name in panama papers probe. digital house arrest ordered. connect with investigating officer.,en,DIGITAL_ARREST,True,CRITICAL,scam,synthetic,2.0.0-beta,"{""urls"": [], ""phones"": [], ""upi_ids"": [], ""banks"": [], ""emails"": [], ""aadhaar"": [], ""pan"": []}",Synthetic sample for DIGITAL_ARREST expansion. Generated via pattern-based synthesis.,2026-07-30T09:28:45.544Z,2026-07-30T09:28:45.544Z
DIGITAL_ARREST_0011,Mumbai Crime Branch: Your SIM used in kidnapping ransom call. Report immediately via video conference for narco analysis.,mumbai crime branch: your sim used in kidnapping ransom call. report immediately via video conference for narco analysis.,en,DIGITAL_ARREST,True,CRITICAL,scam,synthetic,2.0.0-beta,"{""urls"": [], ""phones"": [], ""upi_ids"": [], ""banks"": [], ""emails"": [], ""aadhaar"": [], ""pan"": []}",Synthetic sample for DIGITAL_ARREST expansion. Generated via pattern-based synthesis.,2026-07-30T09:28:45.544Z,2026-07-30T09:28:45.544Z
DIGITAL_ARREST_0012,NIA: Your Aadhaar number found at terrorist hideout. Digital arrest until proven innocent. Stay online for interrogation.,nia: your aadhaar number found at terrorist hideout. digital arrest until proven innocent. stay online for interrogation.,en,DIGITAL_ARREST,True,CRITICAL,scam,synthetic,2.0.0-beta,"{""urls"": [], ""phones"": [], ""upi_ids"": [], ""banks"": [], ""emails"": [], ""aadhaar"": [], ""pan"": []}",Synthetic sample for DIGITAL_ARREST expansion. Generated via pattern-based synthesis.,2026-07-30T09:28:45.544Z,2026-07-30T09:28:45.544Z
DIGITAL_ARREST_0013,Income Tax Department: Rs 5 crore undisclosed income linked to your PAN. Digital attachment of assets initiated.,income tax department: rs 5 crore undisclosed income linked to your pan. digital attachment of assets initiated.,en,DIGITAL_ARREST,True,CRITICAL,scam,synthetic,2.0.0-beta,"{""urls"": [], ""phones"": [], ""upi_ids"": [], ""banks"": [], ""emails"": [], ""aadhaar"": [], ""pan"": []}",Synthetic sample for DIGITAL_ARREST expansion. Generated via pattern-based synthesis.,2026-07-30T09:28:45.545Z,2026-07-30T09:28:45.545Z
DIGITAL_ARREST_0014,CBI Cyber Crime: Your IP address used for hacking bank servers. Digital arrest warrant executed. Do not leave home.,cbi cyber crime: your ip address used for hacking bank servers. digital arrest warrant executed. do not leave home.,en,DIGITAL_ARREST,True,CRITICAL,scam,synthetic,2.0.0-beta,"{""urls"": [], ""phones"": [], ""upi_ids"": [], ""banks"": [], ""emails"": [], ""aadhaar"": [], ""pan"": []}",Synthetic sample for DIGITAL_ARREST expansion. Generated via pattern-based synthesis.,2026-07-30T09:28:45.545Z,2026-07-30T09:28:45.545Z
DIGITAL_ARREST_0015,ED: Your bank locker found with unaccounted cash. Digital arrest under PMLA. Video conference with magistrate ordered.,ed: your bank locker found with unaccounted cash. digital arrest under pmla. video conference with magistrate ordered.,en,DIGITAL_ARREST,True,CRITICAL,scam,synthetic,2.0.0-beta,"{""urls"": [], ""phones"": [], ""upi_ids"": [], ""banks"": [], ""emails"": [], ""aadhaar"": [], ""pan"": []}",Synthetic sample for DIGITAL_ARREST expansion. Generated via pattern-based synthesis.,2026-07-30T09:28:45.545Z,2026-07-30T09:28:45.545Z
DIGITAL_ARREST_0016,Interpol notice: Your passport linked to international fraud syndicate. Digital detention ordered by court.,interpol notice: your passport linked to international fraud syndicate. digital detention ordered by court.,en,DIGITAL_ARREST,True,CRITICAL,scam,synthetic,2.0.0-beta,"{""urls"": [], ""phones"": [], ""upi_ids"": [], ""banks"": [], ""emails"": [], ""aadhaar"": [], ""pan"": []}",Synthetic sample for DIGITAL_ARREST expansion. Generated via pattern-based synthesis.,2026-07-30T09:28:45.545Z,2026-07-30T09:28:45.545Z
DIGITAL_ARREST_0017,RBI: 57 transactions from your account flagged under FEMA. Digital arrest until full financial disclosure.,rbi: 57 transactions from your account flagged under fema. digital arrest until full financial disclosure.,en,DIGITAL_ARREST,True,CRITICAL,scam,synthetic,2.0.0-beta,"{""urls"": [], ""phones"": [], ""upi_ids"": [], ""banks"": [], ""emails"": [], ""aadhaar"": [], ""pan"": []}",Synthetic sample for DIGITAL_ARREST expansion. Generated via pattern-based synthesis.,2026-07-30T09:28:45.545Z,2026-07-30T09:28:45.545Z
DIGITAL_ARREST_0018,Cyberabad Police: Your mobile number used in Rs 15 crore online fraud. Digital arrest. Report immediately.,cyberabad police: your mobile number used in rs 15 crore online fraud. digital arrest. report immediately.,en,DIGITAL_ARREST,True,CRITICAL,scam,synthetic,2.0.0-beta,"{""urls"": [], ""phones"": [], ""upi_ids"": [], ""banks"": [], ""emails"": [], ""aadhaar"": [], ""pan"": []}",Synthetic sample for DIGITAL_ARREST expansion. Generated via pattern-based synthesis.,2026-07-30T09:28:45.545Z,2026-07-30T09:28:45.545Z
DIGITAL_ARREST_0019,NCB: Courier containing 2 kg drugs booked in your name. Non-bailable warrant issued. Video arrest in progress.,ncb: courier containing 2 kg drugs booked in your name. non-bailable warrant issued. video arrest in progress.,en,DIGITAL_ARREST,True,CRITICAL,scam,synthetic,2.0.0-beta,"{""urls"": [], ""phones"": [], ""upi_ids"": [], ""banks"": [], ""emails"": [], ""aadhaar"": [], ""pan"": []}",Synthetic sample for DIGITAL_ARREST expansion. Generated via pattern-based synthesis.,2026-07-30T09:28:45.545Z,2026-07-30T09:28:45.545Z
DIGITAL_ARREST_0020,DRI: Customs evasion of Rs 85 lakh linked to your imported goods. Digital seizure warrant executed.,dri: customs evasion of rs 85 lakh linked to your imported goods. digital seizure warrant executed.,en,DIGITAL_ARREST,True,CRITICAL,scam,synthetic,2.0.0-beta,"{""urls"": [], ""phones"": [], ""upi_ids"": [], ""banks"": [], ""emails"": [], ""aadhaar"": [], ""pan"": []}",Synthetic sample for DIGITAL_ARREST expansion. Generated via pattern-based synthesis.,2026-07-30T09:28:45.545Z,2026-07-30T09:28:45.545Z
DIGITAL_ARREST_0021,SEBI: Insider trading case registered against you. Digital arrest for market manipulation investigation.,sebi: insider trading case registered against you. digital arrest for market manipulation investigation.,en,DIGITAL_ARREST,True,CRITICAL,scam,synthetic,2.0.0-beta,"{""urls"": [], ""phones"": [], ""upi_ids"": [], ""banks"": [], ""emails"": [], ""aadhaar"": [], ""pan"": []}",Synthetic sample for DIGITAL_ARREST expansion. Generated via pattern-based synthesis.,2026-07-30T09:28:45.545Z,2026-07-30T09:28:45.545Z
DIGITAL_ARREST_0022,Karnataka Police: Your Aadhaar used to open fake companies. Digital arrest under Companies Act. Video call now.,karnataka police: your aadhaar used to open fake companies. digital arrest under companies act. video call now.,en,DIGITAL_ARREST,True,CRITICAL,scam,synthetic,2.0.0-beta,"{""urls"": [], ""phones"": [], ""upi_ids"": [], ""banks"": [], ""emails"": [], ""aadhaar"": [], ""pan"": []}",Synthetic sample for DIGITAL_ARREST expansion. Generated via pattern-based synthesis.,2026-07-30T09:28:45.545Z,2026-07-30T09:28:45.545Z
DIGITAL_ARREST_0023,CISF: Your baggage at airport contained prohibited items. Digital detention order. Connect for verification.,cisf: your baggage at airport contained prohibited items. digital detention order. connect for verification.,en,DIGITAL_ARREST,True,CRITICAL,scam,synthetic,2.0.0-beta,"{""urls"": [], ""phones"": [], ""upi_ids"": [], ""banks"": [], ""emails"": [], ""aadhaar"": [], ""pan"": []}",Synthetic sample for DIGITAL_ARREST expansion. Generated via pattern-based synthesis.,2026-07-30T09:28:45.545Z,2026-07-30T09:28:45.545Z
DIGITAL_ARREST_0024,Narcotics Bureau: Parcel from Myanmar in your name seized. Digital arrest. Immediate video interrogation.,narcotics bureau: parcel from myanmar in your name seized. digital arrest. immediate video interrogation.,en,DIGITAL_ARREST,True,CRITICAL,scam,synthetic,2.0.0-beta,"{""urls"": [], ""phones"": [], ""upi_ids"": [], ""banks"": [], ""emails"": [], ""aadhaar"": [], ""pan"": []}",Synthetic sample for DIGITAL_ARREST expansion. Generated via pattern-based synthesis.,2026-07-30T09:28:45.545Z,2026-07-30T09:28:45.545Z
DIGITAL_ARREST_0025,Bank fraud cell: Your employee used your account for fund diversion. Digital arrest. Company MD wants video meeting.,bank fraud cell: your employee used your account for fund diversion. digital arrest. company md wants video meeting.,en,DIGITAL_ARREST,True,CRITICAL,scam,synthetic,2.0.0-beta,"{""urls"": [], ""phones"": [], ""upi_ids"": [], ""banks"": [], ""emails"": [], ""aadhaar"": [], ""pan"": []}",Synthetic sample for DIGITAL_ARREST expansion. Generated via pattern-based synthesis.,2026-07-30T09:28:45.545Z,2026-07-30T09:28:45.545Z
DIGITAL_ARREST_0026,Telecom Regulatory: Your number used for phishing calls to UK numbers. Digital arrest under IT Act Section 66.,telecom regulatory: your number used for phishing calls to uk numbers. digital arrest under it act section 66.,en,DIGITAL_ARREST,True,CRITICAL,scam,synthetic,2.0.0-beta,"{""urls"": [], ""phones"": [], ""upi_ids"": [], ""banks"": [], ""emails"": [], ""aadhaar"": [], ""pan"": []}",Synthetic sample for DIGITAL_ARREST expansion. Generated via pattern-based synthesis.,2026-07-30T09:28:45.546Z,2026-07-30T09:28:45.546Z
DIGITAL_ARREST_0027,Serious Fraud Investigation Office: Your company involved in Rs 200 Cr scam. Digital arrest. Submit all records.,serious fraud investigation office: your company involved in rs 200 cr scam. digital arrest. submit all records.,en,DIGITAL_ARREST,True,CRITICAL,scam,synthetic,2.0.0-beta,"{""urls"": [], ""phones"": [], ""upi_ids"": [], ""banks"": [], ""emails"": [], ""aadhaar"": [], ""pan"": []}",Synthetic sample for DIGITAL_ARREST expansion. Generated via pattern-based synthesis.,2026-07-30T09:28:45.546Z,2026-07-30T09:28:45.546Z
DIGITAL_ARREST_0028,RAW: Your emails intercepted with anti-national content. Digital arrest. Join secure video line immediately.,raw: your emails intercepted with anti-national content. digital arrest. join secure video line immediately.,en,DIGITAL_ARREST,True,CRITICAL,scam,synthetic,2.0.0-beta,"{""urls"": [], ""phones"": [], ""upi_ids"": [], ""banks"": [], ""emails"": [], ""aadhaar"": [], ""pan"": []}",Synthetic sample for DIGITAL_ARREST expansion. Generated via pattern-based synthesis.,2026-07-30T09:28:45.546Z,2026-07-30T09:28:45.546Z
DIGITAL_ARREST_0029,Police Comissionerate: 3 FIRs registered against your Aadhaar. Digital arrest. Report online for document verification.,police comissionerate: 3 firs registered against your aadhaar. digital arrest. report online for document verification.,en,DIGITAL_ARREST,True,CRITICAL,scam,synthetic,2.0.0-beta,"{""urls"": [], ""phones"": [], ""upi_ids"": [], ""banks"": [], ""emails"": [], ""aadhaar"": [], ""pan"": []}",Synthetic sample for DIGITAL_ARREST expansion. Generated via pattern-based synthesis.,2026-07-30T09:28:45.546Z,2026-07-30T09:28:45.546Z
DIGITAL_ARREST_0030,Court summon: Your presence required in digital court for money laundering case. Failure = non-bailable warrant.,court summon: your presence required in digital court for money laundering case. failure = non-bailable warrant.,en,DIGITAL_ARREST,True,CRITICAL,scam,synthetic,2.0.0-beta,"{""urls"": [], ""phones"": [], ""upi_ids"": [], ""banks"": [], ""emails"": [], ""aadhaar"": [], ""pan"": []}",Synthetic sample for DIGITAL_ARREST expansion. Generated via pattern-based synthesis.,2026-07-30T09:28:45.546Z,2026-07-30T09:28:45.546Z
FAKE_CUSTOMER_CARE_0019,PhonePe support: Your fraud complaint received. Install AnyDesk for remote verification.,phonepe support: your fraud complaint received. install anydesk for remote verification.,en,FAKE_CUSTOMER_CARE,True,MEDIUM,scam,synthetic,2.0.0-beta,"{""urls"": [], ""phones"": [], ""upi_ids"": [], ""banks"": [], ""emails"": [], ""aadhaar"": [], ""pan"": []}",Synthetic sample for FAKE_CUSTOMER_CARE expansion. Generated via pattern-based synthesis.,2026-07-30T09:28:45.548Z,2026-07-30T09:28:45.548Z
FAKE_CUSTOMER_CARE_0020,SBI helpline: Unauthorized transaction detected. Share your debit card number and CVV to block.,sbi helpline: unauthorized transaction detected. share your debit card number and cvv to block.,en,FAKE_CUSTOMER_CARE,True,MEDIUM,scam,synthetic,2.0.0-beta,"{""urls"": [], ""phones"": [], ""upi_ids"": [], ""banks"": [""SBI""], ""emails"": [], ""aadhaar"": [], ""pan"": []}",Synthetic sample for FAKE_CUSTOMER_CARE expansion. Generated via pattern-based synthesis.,2026-07-30T09:28:45.548Z,2026-07-30T09:28:45.548Z
FAKE_CUSTOMER_CARE_0021,Amazon customer service: Your account has been compromised. Verify identity with OTP: 829173.,amazon customer service: your account has been compromised. verify identity with otp: 829173.,en,FAKE_CUSTOMER_CARE,True,MEDIUM,scam,synthetic,2.0.0-beta,"{""urls"": [], ""phones"": [], ""upi_ids"": [], ""banks"": [], ""emails"": [], ""aadhaar"": [], ""pan"": []}",Synthetic sample for FAKE_CUSTOMER_CARE expansion. Generated via pattern-based synthesis.,2026-07-30T09:28:45.548Z,2026-07-30T09:28:45.548Z
FAKE_CUSTOMER_CARE_0022,GPay support: Your KYC is incomplete. Click this link to complete: https://gpay-kyc.tk,gpay support: your kyc is incomplete. click this link to complete: https://gpay-kyc.tk,en,FAKE_CUSTOMER_CARE,True,MEDIUM,scam,synthetic,2.0.0-beta,"{""urls"": [""https://gpay-kyc.tk""], ""phones"": [], ""upi_ids"": [], ""banks"": [], ""emails"": [], ""aadhaar"": [], ""pan"": []}",Synthetic sample for FAKE_CUSTOMER_CARE expansion. Generated via pattern-based synthesis.,2026-07-30T09:28:45.548Z,2026-07-30T09:28:45.548Z
FAKE_CUSTOMER_CARE_0023,IRCTC helpdesk: Your booking failed. Refund requires bank verification. Call 1900-123-4567.,irctc helpdesk: your booking failed. refund requires bank verification. call 1900-123-4567.,en,FAKE_CUSTOMER_CARE,True,MEDIUM,scam,synthetic,2.0.0-beta,"{""urls"": [], ""phones"": [""1900-123-4567""], ""upi_ids"": [], ""banks"": [], ""emails"": [], ""aadhaar"": [], ""pan"": []}",Synthetic sample for FAKE_CUSTOMER_CARE expansion. Generated via pattern-based synthesis.,2026-07-30T09:28:45.548Z,2026-07-30T09:28:45.548Z
FAKE_CUSTOMER_CARE_0024,Paytm customer care: Your wallet is locked. Share UPI PIN to unlock immediately.,paytm customer care: your wallet is locked. share upi pin to unlock immediately.,en,FAKE_CUSTOMER_CARE,True,MEDIUM,scam,synthetic,2.0.0-beta,"{""urls"": [], ""phones"": [], ""upi_ids"": [], ""banks"": [], ""emails"": [], ""aadhaar"": [], ""pan"": []}",Synthetic sample for FAKE_CUSTOMER_CARE expansion. Generated via pattern-based synthesis.,2026-07-30T09:28:45.549Z,2026-07-30T09:28:45.549Z
FAKE_CUSTOMER_CARE_0025,HDFC Bank support: Your debit card blocked due to suspicious usage. Share OTP to issue new card.,hdfc bank support: your debit card blocked due to suspicious usage. share otp to issue new card.,en,FAKE_CUSTOMER_CARE,True,MEDIUM,scam,synthetic,2.0.0-beta,"{""urls"": [], ""phones"": [], ""upi_ids"": [], ""banks"": [""HDFC""], ""emails"": [], ""aadhaar"": [], ""pan"": []}",Synthetic sample for FAKE_CUSTOMER_CARE expansion. Generated via pattern-based synthesis.,2026-07-30T09:28:45.549Z,2026-07-30T09:28:45.549Z
INCOME_TAX_SCAM_0005,"Income Tax refund of Rs 37,500 is pending on your A/C. Click to verify bank details: https://itr-refund.tk","income tax refund of rs 37,500 is pending on your a/c. click to verify bank details: https://itr-refund.tk",en,INCOME_TAX_SCAM,True,CRITICAL,scam,synthetic,2.0.0-beta,"{""urls"": [""https://itr-refund.tk""], ""phones"": [], ""upi_ids"": [], ""banks"": [], ""emails"": [], ""aadhaar"": [], ""pan"": []}",Synthetic sample for INCOME_TAX_SCAM expansion. Generated via pattern-based synthesis.,2026-07-30T09:28:45.549Z,2026-07-30T09:28:45.549Z
INCOME_TAX_SCAM_0006,ITR filing issue: Your return for AY 2026-27 has discrepancies. Call 1800-258-3690 to resolve immediately.,itr filing issue: your return for ay 2026-27 has discrepancies. call 1800-258-3690 to resolve immediately.,en,INCOME_TAX_SCAM,True,CRITICAL,scam,synthetic,2.0.0-beta,"{""urls"": [], ""phones"": [""1800-258-3690""], ""upi_ids"": [], ""banks"": [], ""emails"": [], ""aadhaar"": [], ""pan"": []}",Synthetic sample for INCOME_TAX_SCAM expansion. Generated via pattern-based synthesis.,2026-07-30T09:28:45.550Z,2026-07-30T09:28:45.550Z
INCOME_TAX_SCAM_0007,Income Tax Dept: Tax evasion notice issued against you. Contact us within 7 days to avoid attachment of assets.,income tax dept: tax evasion notice issued against you. contact us within 7 days to avoid attachment of assets.,en,INCOME_TAX_SCAM,True,CRITICAL,scam,synthetic,2.0.0-beta,"{""urls"": [], ""phones"": [], ""upi_ids"": [], ""banks"": [], ""emails"": [], ""aadhaar"": [], ""pan"": []}",Synthetic sample for INCOME_TAX_SCAM expansion. Generated via pattern-based synthesis.,2026-07-30T09:28:45.550Z,2026-07-30T09:28:45.550Z
INCOME_TAX_SCAM_0008,"Your ITR has been processed and Rs 22,800 refund is ready. Enter bank details at https://refund-itr.com","your itr has been processed and rs 22,800 refund is ready. enter bank details at https://refund-itr.com",en,INCOME_TAX_SCAM,True,CRITICAL,scam,synthetic,2.0.0-beta,"{""urls"": [""https://refund-itr.com""], ""phones"": [], ""upi_ids"": [], ""banks"": [], ""emails"": [], ""aadhaar"": [], ""pan"": []}",Synthetic sample for INCOME_TAX_SCAM expansion. Generated via pattern-based synthesis.,2026-07-30T09:28:45.550Z,2026-07-30T09:28:45.550Z
INCOME_TAX_SCAM_0009,Tax notice under Section 148: Income escaping assessment. Your previous returns under scrutiny. Respond now.,tax notice under section 148: income escaping assessment. your previous returns under scrutiny. respond now.,en,INCOME_TAX_SCAM,True,CRITICAL,scam,synthetic,2.0.0-beta,"{""urls"": [], ""phones"": [], ""upi_ids"": [], ""banks"": [], ""emails"": [], ""aadhaar"": [], ""pan"": []}",Synthetic sample for INCOME_TAX_SCAM expansion. Generated via pattern-based synthesis.,2026-07-30T09:28:45.550Z,2026-07-30T09:28:45.550Z
INCOME_TAX_SCAM_0010,"CBDT: Your tax refund of Rs 1,25,000 is stopped due to Aadhaar-PAN mismatch. Update immediately.","cbdt: your tax refund of rs 1,25,000 is stopped due to aadhaar-pan mismatch. update immediately.",en,INCOME_TAX_SCAM,True,CRITICAL,scam,synthetic,2.0.0-beta,"{""urls"": [], ""phones"": [], ""upi_ids"": [], ""banks"": [], ""emails"": [], ""aadhaar"": [], ""pan"": []}",Synthetic sample for INCOME_TAX_SCAM expansion. Generated via pattern-based synthesis.,2026-07-30T09:28:45.550Z,2026-07-30T09:28:45.550Z
INCOME_TAX_SCAM_0011,"Income Tax refund of Rs 42,500 is waiting for you. Complete verification: http://itr-refund-verify.xyz","income tax refund of rs 42,500 is waiting for you. complete verification: http://itr-refund-verify.xyz",en,INCOME_TAX_SCAM,True,HIGH,scam,synthetic,2.0.0-beta,"{""urls"": [""http://itr-refund-verify.xyz""], ""phones"": [], ""upi_ids"": [], ""banks"": [], ""emails"": [], ""aadhaar"": [], ""pan"": []}",Synthetic sample for INCOME_TAX_SCAM expansion. Generated via pattern-based synthesis.,2026-07-30T09:28:45.550Z,2026-07-30T09:28:45.550Z
INCOME_TAX_SCAM_0012,Your salary TDS has been mismatched with Form 26AS. Rectify at https://incometax.gov.in/rectify within 15 days.,your salary tds has been mismatched with form 26as. rectify at https://incometax.gov.in/rectify within 15 days.,en,INCOME_TAX_SCAM,True,HIGH,scam,synthetic,2.0.0-beta,"{""urls"": [""https://incometax.gov.in/rectify""], ""phones"": [], ""upi_ids"": [], ""banks"": [], ""emails"": [], ""aadhaar"": [], ""pan"": []}",Synthetic sample for INCOME_TAX_SCAM expansion. Generated via pattern-based synthesis.,2026-07-30T09:28:45.550Z,2026-07-30T09:28:45.550Z
INCOME_TAX_SCAM_0013,IT Department: Your PAN has been used for tax evasion. Settlement opportunity: pay 50% penalty now.,it department: your pan has been used for tax evasion. settlement opportunity: pay 50% penalty now.,en,INCOME_TAX_SCAM,True,CRITICAL,scam,synthetic,2.0.0-beta,"{""urls"": [], ""phones"": [], ""upi_ids"": [], ""banks"": [], ""emails"": [], ""aadhaar"": [], ""pan"": []}",Synthetic sample for INCOME_TAX_SCAM expansion. Generated via pattern-based synthesis.,2026-07-30T09:28:45.550Z,2026-07-30T09:28:45.550Z
INCOME_TAX_SCAM_0014,"Rs 15,000 refund credited to wrong account due to incorrect IFSC. Update bank details to reverse.","rs 15,000 refund credited to wrong account due to incorrect ifsc. update bank details to reverse.",en,INCOME_TAX_SCAM,True,HIGH,scam,synthetic,2.0.0-beta,"{""urls"": [], ""phones"": [], ""upi_ids"": [], ""banks"": [], ""emails"": [], ""aadhaar"": [], ""pan"": []}",Synthetic sample for INCOME_TAX_SCAM expansion. Generated via pattern-based synthesis.,2026-07-30T09:28:45.550Z,2026-07-30T09:28:45.550Z
INCOME_TAX_SCAM_0015,Income Tax: Your case selected for special audit under Section 44AB. Submit documents by 15th.,income tax: your case selected for special audit under section 44ab. submit documents by 15th.,en,INCOME_TAX_SCAM,True,HIGH,scam,synthetic,2.0.0-beta,"{""urls"": [], ""phones"": [], ""upi_ids"": [], ""banks"": [], ""emails"": [], ""aadhaar"": [], ""pan"": []}",Synthetic sample for INCOME_TAX_SCAM expansion. Generated via pattern-based synthesis.,2026-07-30T09:28:45.550Z,2026-07-30T09:28:45.550Z
INCOME_TAX_SCAM_0016,"Taxpayer alert: Refund of Rs 63,420 is pending. Click http://refund-claim.tk to process within 24 hours.","taxpayer alert: refund of rs 63,420 is pending. click http://refund-claim.tk to process within 24 hours.",en,INCOME_TAX_SCAM,True,HIGH,scam,synthetic,2.0.0-beta,"{""urls"": [""http://refund-claim.tk""], ""phones"": [], ""upi_ids"": [], ""banks"": [], ""emails"": [], ""aadhaar"": [], ""pan"": []}",Synthetic sample for INCOME_TAX_SCAM expansion. Generated via pattern-based synthesis.,2026-07-30T09:28:45.550Z,2026-07-30T09:28:45.550Z
INCOME_TAX_SCAM_0017,Your ITR has been selected for random verification. Upload documents at https://itr-verify.xyz,your itr has been selected for random verification. upload documents at https://itr-verify.xyz,en,INCOME_TAX_SCAM,True,HIGH,scam,synthetic,2.0.0-beta,"{""urls"": [""https://itr-verify.xyz""], ""phones"": [], ""upi_ids"": [], ""banks"": [], ""emails"": [], ""aadhaar"": [], ""pan"": []}",Synthetic sample for INCOME_TAX_SCAM expansion. Generated via pattern-based synthesis.,2026-07-30T09:28:45.550Z,2026-07-30T09:28:45.550Z
INCOME_TAX_SCAM_0018,Income Tax notice: Discrepancy in capital gains reporting. File revised return to avoid penalty.,income tax notice: discrepancy in capital gains reporting. file revised return to avoid penalty.,en,INCOME_TAX_SCAM,True,CRITICAL,scam,synthetic,2.0.0-beta,"{""urls"": [], ""phones"": [], ""upi_ids"": [], ""banks"": [], ""emails"": [], ""aadhaar"": [], ""pan"": []}",Synthetic sample for INCOME_TAX_SCAM expansion. Generated via pattern-based synthesis.,2026-07-30T09:28:45.551Z,2026-07-30T09:28:45.551Z
INCOME_TAX_SCAM_0019,"Income Tax refund processing fee Rs 2,500 required to release your Rs 55,000 refund.","income tax refund processing fee rs 2,500 required to release your rs 55,000 refund.",en,INCOME_TAX_SCAM,True,HIGH,scam,synthetic,2.0.0-beta,"{""urls"": [], ""phones"": [], ""upi_ids"": [], ""banks"": [], ""emails"": [], ""aadhaar"": [], ""pan"": []}",Synthetic sample for INCOME_TAX_SCAM expansion. Generated via pattern-based synthesis.,2026-07-30T09:28:45.551Z,2026-07-30T09:28:45.551Z
INCOME_TAX_SCAM_0020,Your TDS refund is held due to bank verification failure. Click link to verify: https://tds-refund.in,your tds refund is held due to bank verification failure. click link to verify: https://tds-refund.in,en,INCOME_TAX_SCAM,True,HIGH,scam,synthetic,2.0.0-beta,"{""urls"": [""https://tds-refund.in""], ""phones"": [], ""upi_ids"": [], ""banks"": [], ""emails"": [], ""aadhaar"": [], ""pan"": []}",Synthetic sample for INCOME_TAX_SCAM expansion. Generated via pattern-based synthesis.,2026-07-30T09:28:45.551Z,2026-07-30T09:28:45.551Z
INCOME_TAX_SCAM_0021,"IT dept: Your tax liability assessment shows Rs 85,000 due. Pay immediately to avoid interest under Section 234B.","it dept: your tax liability assessment shows rs 85,000 due. pay immediately to avoid interest under section 234b.",en,INCOME_TAX_SCAM,True,CRITICAL,scam,synthetic,2.0.0-beta,"{""urls"": [], ""phones"": [], ""upi_ids"": [], ""banks"": [], ""emails"": [], ""aadhaar"": [], ""pan"": []}",Synthetic sample for INCOME_TAX_SCAM expansion. Generated via pattern-based synthesis.,2026-07-30T09:28:45.551Z,2026-07-30T09:28:45.551Z
INCOME_TAX_SCAM_0022,Form 16 mismatch detected. Your employer has not deposited TDS correctly. Contact us for resolution.,form 16 mismatch detected. your employer has not deposited tds correctly. contact us for resolution.,en,INCOME_TAX_SCAM,True,HIGH,scam,synthetic,2.0.0-beta,"{""urls"": [], ""phones"": [], ""upi_ids"": [], ""banks"": [], ""emails"": [], ""aadhaar"": [], ""pan"": []}",Synthetic sample for INCOME_TAX_SCAM expansion. Generated via pattern-based synthesis.,2026-07-30T09:28:45.551Z,2026-07-30T09:28:45.551Z
INCOME_TAX_SCAM_0023,"Income Tax refund: Congratulations! You are eligible for Rs 28,750 refund. Process at http://tax-refund.tk","income tax refund: congratulations! you are eligible for rs 28,750 refund. process at http://tax-refund.tk",en,INCOME_TAX_SCAM,True,HIGH,scam,synthetic,2.0.0-beta,"{""urls"": [""http://tax-refund.tk""], ""phones"": [], ""upi_ids"": [], ""banks"": [], ""emails"": [], ""aadhaar"": [], ""pan"": []}",Synthetic sample for INCOME_TAX_SCAM expansion. Generated via pattern-based synthesis.,2026-07-30T09:28:45.551Z,2026-07-30T09:28:45.551Z
INCOME_TAX_SCAM_0024,Scrutiny notice under Section 143(3): Your ITR has been selected for detailed examination.,scrutiny notice under section 143(3): your itr has been selected for detailed examination.,en,INCOME_TAX_SCAM,True,CRITICAL,scam,synthetic,2.0.0-beta,"{""urls"": [], ""phones"": [], ""upi_ids"": [], ""banks"": [], ""emails"": [], ""aadhaar"": [], ""pan"": []}",Synthetic sample for INCOME_TAX_SCAM expansion. Generated via pattern-based synthesis.,2026-07-30T09:28:45.551Z,2026-07-30T09:28:45.551Z
INCOME_TAX_SCAM_0025,"Rs 9,850 income tax refund is pending due to incorrect bank account. Update now.","rs 9,850 income tax refund is pending due to incorrect bank account. update now.",en,INCOME_TAX_SCAM,True,HIGH,scam,synthetic,2.0.0-beta,"{""urls"": [], ""phones"": [], ""upi_ids"": [], ""banks"": [], ""emails"": [], ""aadhaar"": [], ""pan"": []}",Synthetic sample for INCOME_TAX_SCAM expansion. Generated via pattern-based synthesis.,2026-07-30T09:28:45.551Z,2026-07-30T09:28:45.551Z
INVESTMENT_SCAM_0019,"IPO allotment guaranteed! We have SEBI insider connections. Minimum investment Rs 50,000. 200% returns.","ipo allotment guaranteed! we have sebi insider connections. minimum investment rs 50,000. 200% returns.",en,INVESTMENT_SCAM,True,HIGH,scam,synthetic,2.0.0-beta,"{""urls"": [], ""phones"": [], ""upi_ids"": [], ""banks"": [], ""emails"": [], ""aadhaar"": [], ""pan"": []}",Synthetic sample for INVESTMENT_SCAM expansion. Generated via pattern-based synthesis.,2026-07-30T09:28:45.552Z,2026-07-30T09:28:45.552Z
INVESTMENT_SCAM_0022,Tea garden investment! Own 1 acre of Assam tea estate. Rs 2 lakh only. 20% annual returns.,tea garden investment! own 1 acre of assam tea estate. rs 2 lakh only. 20% annual returns.,en,INVESTMENT_SCAM,True,MEDIUM,scam,synthetic,2.0.0-beta,"{""urls"": [], ""phones"": [], ""upi_ids"": [], ""banks"": [], ""emails"": [], ""aadhaar"": [], ""pan"": []}",Synthetic sample for INVESTMENT_SCAM expansion. Generated via pattern-based synthesis.,2026-07-30T09:28:45.552Z,2026-07-30T09:28:45.552Z
INVESTMENT_SCAM_0023,"Gold savings plan! Pay Rs 5,000/month for 12 months. Get 24 gram gold coin free at maturity.","gold savings plan! pay rs 5,000/month for 12 months. get 24 gram gold coin free at maturity.",en,INVESTMENT_SCAM,True,MEDIUM,scam,synthetic,2.0.0-beta,"{""urls"": [], ""phones"": [], ""upi_ids"": [], ""banks"": [], ""emails"": [], ""aadhaar"": [], ""pan"": []}",Synthetic sample for INVESTMENT_SCAM expansion. Generated via pattern-based synthesis.,2026-07-30T09:28:45.552Z,2026-07-30T09:28:45.552Z
INVESTMENT_SCAM_0024,Private equity fund! Early stage startup investments. Min Rs 1 lakh. Potential 50x returns.,private equity fund! early stage startup investments. min rs 1 lakh. potential 50x returns.,en,INVESTMENT_SCAM,True,HIGH,scam,synthetic,2.0.0-beta,"{""urls"": [], ""phones"": [], ""upi_ids"": [], ""banks"": [], ""emails"": [], ""aadhaar"": [], ""pan"": []}",Synthetic sample for INVESTMENT_SCAM expansion. Generated via pattern-based synthesis.,2026-07-30T09:28:45.552Z,2026-07-30T09:28:45.552Z
INVESTMENT_SCAM_0025,Warehouse receipt financing! 18% guaranteed returns. Backed by physical commodities. Safe investment.,warehouse receipt financing! 18% guaranteed returns. backed by physical commodities. safe investment.,en,INVESTMENT_SCAM,True,HIGH,scam,synthetic,2.0.0-beta,"{""urls"": [], ""phones"": [], ""upi_ids"": [], ""banks"": [], ""emails"": [], ""aadhaar"": [], ""pan"": []}",Synthetic sample for INVESTMENT_SCAM expansion. Generated via pattern-based synthesis.,2026-07-30T09:28:45.552Z,2026-07-30T09:28:45.552Z
INVESTMENT_SCAM_0026,Film production fund! Invest in upcoming Bollywood movie. 300% profit sharing. Limited slots.,film production fund! invest in upcoming bollywood movie. 300% profit sharing. limited slots.,en,INVESTMENT_SCAM,True,HIGH,scam,synthetic,2.0.0-beta,"{""urls"": [], ""phones"": [], ""upi_ids"": [], ""banks"": [], ""emails"": [], ""aadhaar"": [], ""pan"": []}",Synthetic sample for INVESTMENT_SCAM expansion. Generated via pattern-based synthesis.,2026-07-30T09:28:45.552Z,2026-07-30T09:28:45.552Z
INVESTMENT_SCAM_0027,Sovereign gold bond alternative! Our digital gold gives 15% bonus on every purchase.,sovereign gold bond alternative! our digital gold gives 15% bonus on every purchase.,en,INVESTMENT_SCAM,True,MEDIUM,scam,synthetic,2.0.0-beta,"{""urls"": [], ""phones"": [], ""upi_ids"": [], ""banks"": [], ""emails"": [], ""aadhaar"": [], ""pan"": []}",Synthetic sample for INVESTMENT_SCAM expansion. Generated via pattern-based synthesis.,2026-07-30T09:28:45.552Z,2026-07-30T09:28:45.552Z
LEGITIMATE_BANKING_0010,"HDFC Bank: Your FD of Rs 2,00,000 renewed for 1 year at 7.5% p.a. Maturity amount Rs 2,15,000.","hdfc bank: your fd of rs 2,00,000 renewed for 1 year at 7.5% p.a. maturity amount rs 2,15,000.",en,LEGITIMATE_BANKING,False,NONE,legitimate,synthetic,2.0.0-beta,"{""urls"": [], ""phones"": [], ""upi_ids"": [], ""banks"": [""HDFC""], ""emails"": [], ""aadhaar"": [], ""pan"": []}",Synthetic sample for LEGITIMATE_BANKING expansion. Generated via pattern-based synthesis.,2026-07-30T09:28:45.553Z,2026-07-30T09:28:45.553Z
LEGITIMATE_BANKING_0011,"SBI: Cheque No 123456 of Rs 5,000 presented for clearing. Avl Bal Rs 45,000.","sbi: cheque no 123456 of rs 5,000 presented for clearing. avl bal rs 45,000.",en,LEGITIMATE_BANKING,False,NONE,legitimate,synthetic,2.0.0-beta,"{""urls"": [], ""phones"": [], ""upi_ids"": [], ""banks"": [""SBI""], ""emails"": [], ""aadhaar"": [], ""pan"": []}",Synthetic sample for LEGITIMATE_BANKING expansion. Generated via pattern-based synthesis.,2026-07-30T09:28:45.553Z,2026-07-30T09:28:45.553Z
LEGITIMATE_BANKING_0012,"ICICI Bank: Credit card statement for July generated. Total due Rs 18,500. Min due Rs 2,500.","icici bank: credit card statement for july generated. total due rs 18,500. min due rs 2,500.",en,LEGITIMATE_BANKING,False,NONE,legitimate,synthetic,2.0.0-beta,"{""urls"": [], ""phones"": [], ""upi_ids"": [], ""banks"": [""ICICI""], ""emails"": [], ""aadhaar"": [], ""pan"": []}",Synthetic sample for LEGITIMATE_BANKING expansion. Generated via pattern-based synthesis.,2026-07-30T09:28:45.554Z,2026-07-30T09:28:45.554Z
LEGITIMATE_BANKING_0013,"Axis Bank: Your home loan EMI of Rs 32,450 debited on 25/07/26. Loan A/C HL123456789.","axis bank: your home loan emi of rs 32,450 debited on 25/07/26. loan a/c hl123456789.",en,LEGITIMATE_BANKING,False,NONE,legitimate,synthetic,2.0.0-beta,"{""urls"": [], ""phones"": [], ""upi_ids"": [], ""banks"": [""AXIS""], ""emails"": [], ""aadhaar"": [], ""pan"": []}",Synthetic sample for LEGITIMATE_BANKING expansion. Generated via pattern-based synthesis.,2026-07-30T09:28:45.554Z,2026-07-30T09:28:45.554Z
LEGITIMATE_BANKING_0014,"PNB: Rs 50,000 transferred via NEFT from your A/C XX7890 to beneficiary A/C YY1234. Ref NEFT89012345.","pnb: rs 50,000 transferred via neft from your a/c xx7890 to beneficiary a/c yy1234. ref neft89012345.",en,LEGITIMATE_BANKING,False,NONE,legitimate,synthetic,2.0.0-beta,"{""urls"": [], ""phones"": [], ""upi_ids"": [], ""banks"": [""PNB""], ""emails"": [], ""aadhaar"": [], ""pan"": []}",Synthetic sample for LEGITIMATE_BANKING expansion. Generated via pattern-based synthesis.,2026-07-30T09:28:45.554Z,2026-07-30T09:28:45.554Z
LEGITIMATE_BANKING_0015,"Kotak Mahindra: Your salary of Rs 75,000 credited. Avl Bal Rs 82,500. Thank you employer.","kotak mahindra: your salary of rs 75,000 credited. avl bal rs 82,500. thank you employer.",en,LEGITIMATE_BANKING,False,NONE,legitimate,synthetic,2.0.0-beta,"{""urls"": [], ""phones"": [], ""upi_ids"": [], ""banks"": [""KOTAK""], ""emails"": [], ""aadhaar"": [], ""pan"": []}",Synthetic sample for LEGITIMATE_BANKING expansion. Generated via pattern-based synthesis.,2026-07-30T09:28:45.554Z,2026-07-30T09:28:45.554Z
LEGITIMATE_BANKING_0016,"Yes Bank: Fixed deposit prematurely closed. Rs 1,05,000 credited to savings A/C XX4567.","yes bank: fixed deposit prematurely closed. rs 1,05,000 credited to savings a/c xx4567.",en,LEGITIMATE_BANKING,False,NONE,legitimate,synthetic,2.0.0-beta,"{""urls"": [], ""phones"": [], ""upi_ids"": [], ""banks"": [""YES BANK""], ""emails"": [], ""aadhaar"": [], ""pan"": []}",Synthetic sample for LEGITIMATE_BANKING expansion. Generated via pattern-based synthesis.,2026-07-30T09:28:45.554Z,2026-07-30T09:28:45.554Z
LEGITIMATE_BANKING_0017,Canara Bank: Welcome to Canara Bank! Your account 1234567890 is active. Activate net banking.,canara bank: welcome to canara bank! your account 1234567890 is active. activate net banking.,en,LEGITIMATE_BANKING,False,NONE,legitimate,synthetic,2.0.0-beta,"{""urls"": [], ""phones"": [""1234567890""], ""upi_ids"": [], ""banks"": [""CANARA""], ""emails"": [], ""aadhaar"": [], ""pan"": []}",Synthetic sample for LEGITIMATE_BANKING expansion. Generated via pattern-based synthesis.,2026-07-30T09:28:45.554Z,2026-07-30T09:28:45.554Z
LEGITIMATE_BANKING_0018,"SBI: Rs 5,000 auto-debited for SIP - HDFC Midcap Opportunities Fund. Ref: SIP789012345.","sbi: rs 5,000 auto-debited for sip - hdfc midcap opportunities fund. ref: sip789012345.",en,LEGITIMATE_BANKING,False,NONE,legitimate,synthetic,2.0.0-beta,"{""urls"": [], ""phones"": [], ""upi_ids"": [], ""banks"": [""SBI"", ""HDFC""], ""emails"": [], ""aadhaar"": [], ""pan"": []}",Synthetic sample for LEGITIMATE_BANKING expansion. Generated via pattern-based synthesis.,2026-07-30T09:28:45.554Z,2026-07-30T09:28:45.554Z
LEGITIMATE_BANKING_0019,"ICICI Bank: Your recurring deposit RD123456789 matured. Maturity amount Rs 1,50,000 credited.","icici bank: your recurring deposit rd123456789 matured. maturity amount rs 1,50,000 credited.",en,LEGITIMATE_BANKING,False,NONE,legitimate,synthetic,2.0.0-beta,"{""urls"": [], ""phones"": [], ""upi_ids"": [], ""banks"": [""ICICI""], ""emails"": [], ""aadhaar"": [], ""pan"": []}",Synthetic sample for LEGITIMATE_BANKING expansion. Generated via pattern-based synthesis.,2026-07-30T09:28:45.554Z,2026-07-30T09:28:45.554Z
LEGITIMATE_BANKING_0020,"HDFC Bank: International transaction of USD 50 at Starbucks New York approved. Avl Bal Rs 62,000.","hdfc bank: international transaction of usd 50 at starbucks new york approved. avl bal rs 62,000.",en,LEGITIMATE_BANKING,False,NONE,legitimate,synthetic,2.0.0-beta,"{""urls"": [], ""phones"": [], ""upi_ids"": [], ""banks"": [""HDFC""], ""emails"": [], ""aadhaar"": [], ""pan"": []}",Synthetic sample for LEGITIMATE_BANKING expansion. Generated via pattern-based synthesis.,2026-07-30T09:28:45.554Z,2026-07-30T09:28:45.554Z
LEGITIMATE_BANKING_0021,"Axis Bank: Your ATM withdrawal limit increased to Rs 50,000/day. Set at ATM or net banking.","axis bank: your atm withdrawal limit increased to rs 50,000/day. set at atm or net banking.",en,LEGITIMATE_BANKING,False,NONE,legitimate,synthetic,2.0.0-beta,"{""urls"": [], ""phones"": [], ""upi_ids"": [], ""banks"": [""AXIS""], ""emails"": [], ""aadhaar"": [], ""pan"": []}",Synthetic sample for LEGITIMATE_BANKING expansion. Generated via pattern-based synthesis.,2026-07-30T09:28:45.554Z,2026-07-30T09:28:45.554Z
LEGITIMATE_BANKING_0022,"Bank of Baroda: Rs 2,500 cash deposited at BOB Andheri Branch on 24/07/26. Avl Bal Rs 28,000.","bank of baroda: rs 2,500 cash deposited at bob andheri branch on 24/07/26. avl bal rs 28,000.",en,LEGITIMATE_BANKING,False,NONE,legitimate,synthetic,2.0.0-beta,"{""urls"": [], ""phones"": [], ""upi_ids"": [], ""banks"": [""BOB""], ""emails"": [], ""aadhaar"": [], ""pan"": []}",Synthetic sample for LEGITIMATE_BANKING expansion. Generated via pattern-based synthesis.,2026-07-30T09:28:45.554Z,2026-07-30T09:28:45.554Z
LEGITIMATE_BANKING_0023,"IndusInd Bank: Premium credit card LE of Rs 5,00,000 approved. Card dispatched to registered address.","indusind bank: premium credit card le of rs 5,00,000 approved. card dispatched to registered address.",en,LEGITIMATE_BANKING,False,NONE,legitimate,synthetic,2.0.0-beta,"{""urls"": [], ""phones"": [], ""upi_ids"": [], ""banks"": [""INDUSIND""], ""emails"": [], ""aadhaar"": [], ""pan"": []}",Synthetic sample for LEGITIMATE_BANKING expansion. Generated via pattern-based synthesis.,2026-07-30T09:28:45.554Z,2026-07-30T09:28:45.554Z
LEGITIMATE_BANKING_0024,"SBI: Savings account interest of Rs 1,247 credited for Q1 FY 2026-27. Avl Bal Rs 67,000.","sbi: savings account interest of rs 1,247 credited for q1 fy 2026-27. avl bal rs 67,000.",en,LEGITIMATE_BANKING,False,NONE,legitimate,synthetic,2.0.0-beta,"{""urls"": [], ""phones"": [], ""upi_ids"": [], ""banks"": [""SBI""], ""emails"": [], ""aadhaar"": [], ""pan"": []}",Synthetic sample for LEGITIMATE_BANKING expansion. Generated via pattern-based synthesis.,2026-07-30T09:28:45.554Z,2026-07-30T09:28:45.554Z
LEGITIMATE_BANKING_0025,"PNB: Your education loan disbursement of Rs 3,50,000 credited to A/C XX4321. EMI starts from Sep.","pnb: your education loan disbursement of rs 3,50,000 credited to a/c xx4321. emi starts from sep.",en,LEGITIMATE_BANKING,False,NONE,legitimate,synthetic,2.0.0-beta,"{""urls"": [], ""phones"": [], ""upi_ids"": [], ""banks"": [""PNB""], ""emails"": [], ""aadhaar"": [], ""pan"": []}",Synthetic sample for LEGITIMATE_BANKING expansion. Generated via pattern-based synthesis.,2026-07-30T09:28:45.555Z,2026-07-30T09:28:45.555Z
LEGITIMATE_COURIER_0009,Amazon: Package #AMZ654321 delivered to neighbour. Thank you for shopping with Amazon.,amazon: package #amz654321 delivered to neighbour. thank you for shopping with amazon.,en,LEGITIMATE_COURIER,False,NONE,legitimate,synthetic,2.0.0-beta,"{""urls"": [], ""phones"": [], ""upi_ids"": [], ""banks"": [], ""emails"": [], ""aadhaar"": [], ""pan"": []}",Synthetic sample for LEGITIMATE_COURIER expansion. Generated via pattern-based synthesis.,2026-07-30T09:28:45.555Z,2026-07-30T09:28:45.555Z
LEGITIMATE_COURIER_0010,Shiprocket: Order SR4321098765 picked up. Expected delivery in 3-4 business days.,shiprocket: order sr4321098765 picked up. expected delivery in 3-4 business days.,en,LEGITIMATE_COURIER,False,NONE,legitimate,synthetic,2.0.0-beta,"{""urls"": [], ""phones"": [""4321098765""], ""upi_ids"": [], ""banks"": [], ""emails"": [], ""aadhaar"": [], ""pan"": []}",Synthetic sample for LEGITIMATE_COURIER expansion. Generated via pattern-based synthesis.,2026-07-30T09:28:45.556Z,2026-07-30T09:28:45.556Z
LEGITIMATE_COURIER_0011,Ecom Express: Shipment EC9876543210 reached local hub. Will be delivered tomorrow.,ecom express: shipment ec9876543210 reached local hub. will be delivered tomorrow.,en,LEGITIMATE_COURIER,False,NONE,legitimate,synthetic,2.0.0-beta,"{""urls"": [], ""phones"": [""9876543210""], ""upi_ids"": [], ""banks"": [], ""emails"": [], ""aadhaar"": [], ""pan"": []}",Synthetic sample for LEGITIMATE_COURIER expansion. Generated via pattern-based synthesis.,2026-07-30T09:28:45.556Z,2026-07-30T09:28:45.556Z
LEGITIMATE_COURIER_0012,"FedEx: International shipment 1234567890 cleared customs. Duty payable Rs 2,500.","fedex: international shipment 1234567890 cleared customs. duty payable rs 2,500.",en,LEGITIMATE_COURIER,False,NONE,legitimate,synthetic,2.0.0-beta,"{""urls"": [], ""phones"": [""1234567890""], ""upi_ids"": [], ""banks"": [], ""emails"": [], ""aadhaar"": [], ""pan"": []}",Synthetic sample for LEGITIMATE_COURIER expansion. Generated via pattern-based synthesis.,2026-07-30T09:28:45.556Z,2026-07-30T09:28:45.556Z
LEGITIMATE_COURIER_0013,India Post: Speed Post article EM123456789IN booked successfully. Track online.,india post: speed post article em123456789in booked successfully. track online.,en,LEGITIMATE_COURIER,False,NONE,legitimate,synthetic,2.0.0-beta,"{""urls"": [], ""phones"": [], ""upi_ids"": [], ""banks"": [], ""emails"": [], ""aadhaar"": [], ""pan"": []}",Synthetic sample for LEGITIMATE_COURIER expansion. Generated via pattern-based synthesis.,2026-07-30T09:28:45.556Z,2026-07-30T09:28:45.556Z
LEGITIMATE_COURIER_0014,Bluedart: Return shipment RB7654321098 picked up from your address. Refund initiated.,bluedart: return shipment rb7654321098 picked up from your address. refund initiated.,en,LEGITIMATE_COURIER,False,NONE,legitimate,synthetic,2.0.0-beta,"{""urls"": [], ""phones"": [""7654321098""], ""upi_ids"": [], ""banks"": [], ""emails"": [], ""aadhaar"": [], ""pan"": []}",Synthetic sample for LEGITIMATE_COURIER expansion. Generated via pattern-based synthesis.,2026-07-30T09:28:45.556Z,2026-07-30T09:28:45.556Z
LEGITIMATE_COURIER_0015,Delhivery: Your shipment DL3210987654 is delayed by 1 day due to weather. New ETA 28 Jul.,delhivery: your shipment dl3210987654 is delayed by 1 day due to weather. new eta 28 jul.,en,LEGITIMATE_COURIER,False,NONE,legitimate,synthetic,2.0.0-beta,"{""urls"": [], ""phones"": [""3210987654""], ""upi_ids"": [], ""banks"": [], ""emails"": [], ""aadhaar"": [], ""pan"": []}",Synthetic sample for LEGITIMATE_COURIER expansion. Generated via pattern-based synthesis.,2026-07-30T09:28:45.556Z,2026-07-30T09:28:45.556Z
LEGITIMATE_COURIER_0016,Amazon Fresh: Your grocery order delivered at 9:30 AM. 25 items delivered.,amazon fresh: your grocery order delivered at 9:30 am. 25 items delivered.,en,LEGITIMATE_COURIER,False,NONE,legitimate,synthetic,2.0.0-beta,"{""urls"": [], ""phones"": [], ""upi_ids"": [], ""banks"": [], ""emails"": [], ""aadhaar"": [], ""pan"": []}",Synthetic sample for LEGITIMATE_COURIER expansion. Generated via pattern-based synthesis.,2026-07-30T09:28:45.556Z,2026-07-30T09:28:45.556Z
LEGITIMATE_COURIER_0017,XpressBees: Order XB5678901234 is in transit. Expected delivery by 4 PM tomorrow.,xpressbees: order xb5678901234 is in transit. expected delivery by 4 pm tomorrow.,en,LEGITIMATE_COURIER,False,NONE,legitimate,synthetic,2.0.0-beta,"{""urls"": [], ""phones"": [""5678901234""], ""upi_ids"": [], ""banks"": [], ""emails"": [], ""aadhaar"": [], ""pan"": []}",Synthetic sample for LEGITIMATE_COURIER expansion. Generated via pattern-based synthesis.,2026-07-30T09:28:45.556Z,2026-07-30T09:28:45.556Z
LEGITIMATE_COURIER_0018,Swiggy: Your order from Pizza Hut delivered. Enjoy your meal! Rate your delivery experience.,swiggy: your order from pizza hut delivered. enjoy your meal! rate your delivery experience.,en,LEGITIMATE_COURIER,False,NONE,legitimate,synthetic,2.0.0-beta,"{""urls"": [], ""phones"": [], ""upi_ids"": [], ""banks"": [], ""emails"": [], ""aadhaar"": [], ""pan"": []}",Synthetic sample for LEGITIMATE_COURIER expansion. Generated via pattern-based synthesis.,2026-07-30T09:28:45.556Z,2026-07-30T09:28:45.556Z
LEGITIMATE_COURIER_0019,Zomato: Order #ZO4321 delivered at 8:15 PM. Delivery partner: Rajesh. Tip him if you like.,zomato: order #zo4321 delivered at 8:15 pm. delivery partner: rajesh. tip him if you like.,en,LEGITIMATE_COURIER,False,NONE,legitimate,synthetic,2.0.0-beta,"{""urls"": [], ""phones"": [], ""upi_ids"": [], ""banks"": [], ""emails"": [], ""aadhaar"": [], ""pan"": []}",Synthetic sample for LEGITIMATE_COURIER expansion. Generated via pattern-based synthesis.,2026-07-30T09:28:45.556Z,2026-07-30T09:28:45.556Z
LEGITIMATE_COURIER_0020,DHL: Shipment 9876543210 picked up from your location. Tracking activated.,dhl: shipment 9876543210 picked up from your location. tracking activated.,en,LEGITIMATE_COURIER,False,NONE,legitimate,synthetic,2.0.0-beta,"{""urls"": [], ""phones"": [""9876543210""], ""upi_ids"": [], ""banks"": [], ""emails"": [], ""aadhaar"": [], ""pan"": []}",Synthetic sample for LEGITIMATE_COURIER expansion. Generated via pattern-based synthesis.,2026-07-30T09:28:45.556Z,2026-07-30T09:28:45.556Z
LEGITIMATE_COURIER_0021,"Myntra: Your order MY7890123456 returned successfully. Refund of Rs 1,899 initiated.","myntra: your order my7890123456 returned successfully. refund of rs 1,899 initiated.",en,LEGITIMATE_COURIER,False,NONE,legitimate,synthetic,2.0.0-beta,"{""urls"": [], ""phones"": [""7890123456""], ""upi_ids"": [], ""banks"": [], ""emails"": [], ""aadhaar"": [], ""pan"": []}",Synthetic sample for LEGITIMATE_COURIER expansion. Generated via pattern-based synthesis.,2026-07-30T09:28:45.556Z,2026-07-30T09:28:45.556Z
LEGITIMATE_COURIER_0022,Flipkart: Your electronic item FL5432109876 is out for delivery. Installation scheduled.,flipkart: your electronic item fl5432109876 is out for delivery. installation scheduled.,en,LEGITIMATE_COURIER,False,NONE,legitimate,synthetic,2.0.0-beta,"{""urls"": [], ""phones"": [""5432109876""], ""upi_ids"": [], ""banks"": [], ""emails"": [], ""aadhaar"": [], ""pan"": []}",Synthetic sample for LEGITIMATE_COURIER expansion. Generated via pattern-based synthesis.,2026-07-30T09:28:45.556Z,2026-07-30T09:28:45.556Z
LEGITIMATE_COURIER_0023,Blinkit: Your order of 8 items delivered in 10 minutes. Store: Blinkit Andheri West.,blinkit: your order of 8 items delivered in 10 minutes. store: blinkit andheri west.,en,LEGITIMATE_COURIER,False,NONE,legitimate,synthetic,2.0.0-beta,"{""urls"": [], ""phones"": [], ""upi_ids"": [], ""banks"": [], ""emails"": [], ""aadhaar"": [], ""pan"": []}",Synthetic sample for LEGITIMATE_COURIER expansion. Generated via pattern-based synthesis.,2026-07-30T09:28:45.557Z,2026-07-30T09:28:45.557Z
LEGITIMATE_COURIER_0024,Ekart Logistics: Shipment EK6789012345 booked via Flipkart. Pickup scheduled today.,ekart logistics: shipment ek6789012345 booked via flipkart. pickup scheduled today.,en,LEGITIMATE_COURIER,False,NONE,legitimate,synthetic,2.0.0-beta,"{""urls"": [], ""phones"": [""6789012345""], ""upi_ids"": [], ""banks"": [], ""emails"": [], ""aadhaar"": [], ""pan"": []}",Synthetic sample for LEGITIMATE_COURIER expansion. Generated via pattern-based synthesis.,2026-07-30T09:28:45.557Z,2026-07-30T09:28:45.557Z
LEGITIMATE_COURIER_0025,India Post: Register post article RR123456789IN delivered at your address on 25/07/26.,india post: register post article rr123456789in delivered at your address on 25/07/26.,en,LEGITIMATE_COURIER,False,NONE,legitimate,synthetic,2.0.0-beta,"{""urls"": [], ""phones"": [], ""upi_ids"": [], ""banks"": [], ""emails"": [], ""aadhaar"": [], ""pan"": []}",Synthetic sample for LEGITIMATE_COURIER expansion. Generated via pattern-based synthesis.,2026-07-30T09:28:45.557Z,2026-07-30T09:28:45.557Z
LEGITIMATE_GOVERNMENT_0009,"PM Kisan: 12th installment of Rs 2,000 credited to your A/C. Total received Rs 24,000.","pm kisan: 12th installment of rs 2,000 credited to your a/c. total received rs 24,000.",en,LEGITIMATE_GOVERNMENT,False,NONE,legitimate,synthetic,2.0.0-beta,"{""urls"": [], ""phones"": [], ""upi_ids"": [], ""banks"": [], ""emails"": [], ""aadhaar"": [], ""pan"": []}",Synthetic sample for LEGITIMATE_GOVERNMENT expansion. Generated via pattern-based synthesis.,2026-07-30T09:28:45.558Z,2026-07-30T09:28:45.558Z
LEGITIMATE_GOVERNMENT_0010,Ration Card: Your e-KYC for ration card is due. Visit nearest ration shop with Aadhaar.,ration card: your e-kyc for ration card is due. visit nearest ration shop with aadhaar.,en,LEGITIMATE_GOVERNMENT,False,NONE,legitimate,synthetic,2.0.0-beta,"{""urls"": [], ""phones"": [], ""upi_ids"": [], ""banks"": [], ""emails"": [], ""aadhaar"": [], ""pan"": []}",Synthetic sample for LEGITIMATE_GOVERNMENT expansion. Generated via pattern-based synthesis.,2026-07-30T09:28:45.558Z,2026-07-30T09:28:45.558Z
LEGITIMATE_GOVERNMENT_0011,"Income Tax: Your ITR for AY 2026-27 verified successfully. Refund of Rs 8,500 will be credited.","income tax: your itr for ay 2026-27 verified successfully. refund of rs 8,500 will be credited.",en,LEGITIMATE_GOVERNMENT,False,NONE,legitimate,synthetic,2.0.0-beta,"{""urls"": [], ""phones"": [], ""upi_ids"": [], ""banks"": [], ""emails"": [], ""aadhaar"": [], ""pan"": []}",Synthetic sample for LEGITIMATE_GOVERNMENT expansion. Generated via pattern-based synthesis.,2026-07-30T09:28:45.558Z,2026-07-30T09:28:45.558Z
LEGITIMATE_GOVERNMENT_0012,EPFO: Your UAN 123456789012 monthly pension contribution updated for Jun 2026.,epfo: your uan 123456789012 monthly pension contribution updated for jun 2026.,en,LEGITIMATE_GOVERNMENT,False,NONE,legitimate,synthetic,2.0.0-beta,"{""urls"": [], ""phones"": [""123456789012""], ""upi_ids"": [], ""banks"": [], ""emails"": [], ""aadhaar"": [""123456789012""], ""pan"": []}",Synthetic sample for LEGITIMATE_GOVERNMENT expansion. Generated via pattern-based synthesis.,2026-07-30T09:28:45.558Z,2026-07-30T09:28:45.558Z
LEGITIMATE_GOVERNMENT_0013,Voter ID: Your application for voter ID correction E7890123 is approved. Card dispatched.,voter id: your application for voter id correction e7890123 is approved. card dispatched.,en,LEGITIMATE_GOVERNMENT,False,NONE,legitimate,synthetic,2.0.0-beta,"{""urls"": [], ""phones"": [], ""upi_ids"": [], ""banks"": [], ""emails"": [], ""aadhaar"": [], ""pan"": []}",Synthetic sample for LEGITIMATE_GOVERNMENT expansion. Generated via pattern-based synthesis.,2026-07-30T09:28:45.558Z,2026-07-30T09:28:45.558Z
LEGITIMATE_GOVERNMENT_0014,Ayushman Bharat: Your PM-JAY health insurance coverage of Rs 5 lakh is active until 2027.,ayushman bharat: your pm-jay health insurance coverage of rs 5 lakh is active until 2027.,en,LEGITIMATE_GOVERNMENT,False,NONE,legitimate,synthetic,2.0.0-beta,"{""urls"": [], ""phones"": [], ""upi_ids"": [], ""banks"": [], ""emails"": [], ""aadhaar"": [], ""pan"": []}",Synthetic sample for LEGITIMATE_GOVERNMENT expansion. Generated via pattern-based synthesis.,2026-07-30T09:28:45.558Z,2026-07-30T09:28:45.558Z
LEGITIMATE_GOVERNMENT_0015,Passport Seva: Your passport application P123456789 is under police verification. Track at passportindia.gov.in,passport seva: your passport application p123456789 is under police verification. track at passportindia.gov.in,en,LEGITIMATE_GOVERNMENT,False,NONE,legitimate,synthetic,2.0.0-beta,"{""urls"": [], ""phones"": [], ""upi_ids"": [], ""banks"": [], ""emails"": [], ""aadhaar"": [], ""pan"": []}",Synthetic sample for LEGITIMATE_GOVERNMENT expansion. Generated via pattern-based synthesis.,2026-07-30T09:28:45.558Z,2026-07-30T09:28:45.558Z
LEGITIMATE_GOVERNMENT_0016,CSC: Digital Seva portal update. Your CSC ID DES789012 is active. Services available.,csc: digital seva portal update. your csc id des789012 is active. services available.,en,LEGITIMATE_GOVERNMENT,False,NONE,legitimate,synthetic,2.0.0-beta,"{""urls"": [], ""phones"": [], ""upi_ids"": [], ""banks"": [], ""emails"": [], ""aadhaar"": [], ""pan"": []}",Synthetic sample for LEGITIMATE_GOVERNMENT expansion. Generated via pattern-based synthesis.,2026-07-30T09:28:45.558Z,2026-07-30T09:28:45.558Z
LEGITIMATE_GOVERNMENT_0017,Aadhaar: Your Aadhaar details updated successfully. Download updated e-Aadhaar at https://eaadhaar.uidai.gov.in,aadhaar: your aadhaar details updated successfully. download updated e-aadhaar at https://eaadhaar.uidai.gov.in,en,LEGITIMATE_GOVERNMENT,False,NONE,legitimate,synthetic,2.0.0-beta,"{""urls"": [""https://eaadhaar.uidai.gov.in""], ""phones"": [], ""upi_ids"": [], ""banks"": [], ""emails"": [], ""aadhaar"": [], ""pan"": []}",Synthetic sample for LEGITIMATE_GOVERNMENT expansion. Generated via pattern-based synthesis.,2026-07-30T09:28:45.558Z,2026-07-30T09:28:45.558Z
LEGITIMATE_GOVERNMENT_0018,"National Scholarship Portal: Your renewal application NSP2026-7890 approved. Rs 15,000 released.","national scholarship portal: your renewal application nsp2026-7890 approved. rs 15,000 released.",en,LEGITIMATE_GOVERNMENT,False,NONE,legitimate,synthetic,2.0.0-beta,"{""urls"": [], ""phones"": [], ""upi_ids"": [], ""banks"": [], ""emails"": [], ""aadhaar"": [], ""pan"": []}",Synthetic sample for LEGITIMATE_GOVERNMENT expansion. Generated via pattern-based synthesis.,2026-07-30T09:28:45.558Z,2026-07-30T09:28:45.558Z
LEGITIMATE_GOVERNMENT_0019,"Pradhan Mantri Awas Yojana: Second installment of Rs 40,000 released to your linked account.","pradhan mantri awas yojana: second installment of rs 40,000 released to your linked account.",en,LEGITIMATE_GOVERNMENT,False,NONE,legitimate,synthetic,2.0.0-beta,"{""urls"": [], ""phones"": [], ""upi_ids"": [], ""banks"": [], ""emails"": [], ""aadhaar"": [], ""pan"": []}",Synthetic sample for LEGITIMATE_GOVERNMENT expansion. Generated via pattern-based synthesis.,2026-07-30T09:28:45.558Z,2026-07-30T09:28:45.558Z
LEGITIMATE_GOVERNMENT_0020,Skill India: Your training certificate for Digital Marketing course issued. Download from skillindia.gov.in,skill india: your training certificate for digital marketing course issued. download from skillindia.gov.in,en,LEGITIMATE_GOVERNMENT,False,NONE,legitimate,synthetic,2.0.0-beta,"{""urls"": [], ""phones"": [], ""upi_ids"": [], ""banks"": [], ""emails"": [], ""aadhaar"": [], ""pan"": []}",Synthetic sample for LEGITIMATE_GOVERNMENT expansion. Generated via pattern-based synthesis.,2026-07-30T09:28:45.558Z,2026-07-30T09:28:45.558Z
LEGITIMATE_GOVERNMENT_0021,"NSAP: Your pension of Rs 1,000 credited for Jul 2026 under Indira Gandhi National Old Age Pension.","nsap: your pension of rs 1,000 credited for jul 2026 under indira gandhi national old age pension.",en,LEGITIMATE_GOVERNMENT,False,NONE,legitimate,synthetic,2.0.0-beta,"{""urls"": [], ""phones"": [], ""upi_ids"": [], ""banks"": [], ""emails"": [], ""aadhaar"": [], ""pan"": []}",Synthetic sample for LEGITIMATE_GOVERNMENT expansion. Generated via pattern-based synthesis.,2026-07-30T09:28:45.559Z,2026-07-30T09:28:45.559Z
LEGITIMATE_GOVERNMENT_0022,UPI: Government e-RUPI voucher of Rs 500 for free medicines at Jan Aushadhi Kendra sent.,upi: government e-rupi voucher of rs 500 for free medicines at jan aushadhi kendra sent.,en,LEGITIMATE_GOVERNMENT,False,NONE,legitimate,synthetic,2.0.0-beta,"{""urls"": [], ""phones"": [], ""upi_ids"": [], ""banks"": [], ""emails"": [], ""aadhaar"": [], ""pan"": []}",Synthetic sample for LEGITIMATE_GOVERNMENT expansion. Generated via pattern-based synthesis.,2026-07-30T09:28:45.559Z,2026-07-30T09:28:45.559Z
LEGITIMATE_GOVERNMENT_0023,DigiLocker: New document added - Aadhaar Card. 15 documents in your account.,digilocker: new document added - aadhaar card. 15 documents in your account.,en,LEGITIMATE_GOVERNMENT,False,NONE,legitimate,synthetic,2.0.0-beta,"{""urls"": [], ""phones"": [], ""upi_ids"": [], ""banks"": [], ""emails"": [], ""aadhaar"": [], ""pan"": []}",Synthetic sample for LEGITIMATE_GOVERNMENT expansion. Generated via pattern-based synthesis.,2026-07-30T09:28:45.559Z,2026-07-30T09:28:45.559Z
LEGITIMATE_GOVERNMENT_0024,National Health Mission: Your COVID vaccination certificate available on CoWIN portal.,national health mission: your covid vaccination certificate available on cowin portal.,en,LEGITIMATE_GOVERNMENT,False,NONE,legitimate,synthetic,2.0.0-beta,"{""urls"": [], ""phones"": [], ""upi_ids"": [], ""banks"": [], ""emails"": [], ""aadhaar"": [], ""pan"": []}",Synthetic sample for LEGITIMATE_GOVERNMENT expansion. Generated via pattern-based synthesis.,2026-07-30T09:28:45.559Z,2026-07-30T09:28:45.559Z
LEGITIMATE_OTP_0009,PhonePe: Your OTP to add new bank account is 582736. Valid for 5 minutes.,phonepe: your otp to add new bank account is 582736. valid for 5 minutes.,en,LEGITIMATE_OTP,False,NONE,legitimate,synthetic,2.0.0-beta,"{""urls"": [], ""phones"": [], ""upi_ids"": [], ""banks"": [], ""emails"": [], ""aadhaar"": [], ""pan"": []}",Synthetic sample for LEGITIMATE_OTP expansion. Generated via pattern-based synthesis.,2026-07-30T09:28:45.560Z,2026-07-30T09:28:45.560Z
LEGITIMATE_OTP_0010,"GPay: 739201 is your OTP for registering new device. If not you, call 1800-180-1234.","gpay: 739201 is your otp for registering new device. if not you, call 1800-180-1234.",en,LEGITIMATE_OTP,False,NONE,legitimate,synthetic,2.0.0-beta,"{""urls"": [], ""phones"": [""1800-180-1234""], ""upi_ids"": [], ""banks"": [], ""emails"": [], ""aadhaar"": [], ""pan"": []}",Synthetic sample for LEGITIMATE_OTP expansion. Generated via pattern-based synthesis.,2026-07-30T09:28:45.560Z,2026-07-30T09:28:45.560Z
LEGITIMATE_OTP_0011,"SBI Card: OTP 618293 for cardless EMI transaction of Rs 15,000. Valid for 10 mins.","sbi card: otp 618293 for cardless emi transaction of rs 15,000. valid for 10 mins.",en,LEGITIMATE_OTP,False,NONE,legitimate,synthetic,2.0.0-beta,"{""urls"": [], ""phones"": [], ""upi_ids"": [], ""banks"": [""SBI""], ""emails"": [], ""aadhaar"": [], ""pan"": []}",Synthetic sample for LEGITIMATE_OTP expansion. Generated via pattern-based synthesis.,2026-07-30T09:28:45.560Z,2026-07-30T09:28:45.560Z
LEGITIMATE_OTP_0012,Microsoft: Your verification code is 837465. Use this to sign in to your Microsoft account.,microsoft: your verification code is 837465. use this to sign in to your microsoft account.,en,LEGITIMATE_OTP,False,NONE,legitimate,synthetic,2.0.0-beta,"{""urls"": [], ""phones"": [], ""upi_ids"": [], ""banks"": [], ""emails"": [], ""aadhaar"": [], ""pan"": []}",Synthetic sample for LEGITIMATE_OTP expansion. Generated via pattern-based synthesis.,2026-07-30T09:28:45.560Z,2026-07-30T09:28:45.560Z
LEGITIMATE_OTP_0013,Paytm: Login OTP 927364. Do not share with anyone. Valid for 5 minutes.,paytm: login otp 927364. do not share with anyone. valid for 5 minutes.,en,LEGITIMATE_OTP,False,NONE,legitimate,synthetic,2.0.0-beta,"{""urls"": [], ""phones"": [], ""upi_ids"": [], ""banks"": [], ""emails"": [], ""aadhaar"": [], ""pan"": []}",Synthetic sample for LEGITIMATE_OTP expansion. Generated via pattern-based synthesis.,2026-07-30T09:28:45.560Z,2026-07-30T09:28:45.560Z
LEGITIMATE_OTP_0014,IRCTC: OTP 451827 for booking IRCTC train ticket NDLS-BCT. Valid for 5 mins.,irctc: otp 451827 for booking irctc train ticket ndls-bct. valid for 5 mins.,en,LEGITIMATE_OTP,False,NONE,legitimate,synthetic,2.0.0-beta,"{""urls"": [], ""phones"": [], ""upi_ids"": [], ""banks"": [], ""emails"": [], ""aadhaar"": [], ""pan"": []}",Synthetic sample for LEGITIMATE_OTP expansion. Generated via pattern-based synthesis.,2026-07-30T09:28:45.560Z,2026-07-30T09:28:45.560Z
LEGITIMATE_OTP_0015,WhatsApp: Your code is 638-192. Do not share this code with anyone.,whatsapp: your code is 638-192. do not share this code with anyone.,en,LEGITIMATE_OTP,False,NONE,legitimate,synthetic,2.0.0-beta,"{""urls"": [], ""phones"": [], ""upi_ids"": [], ""banks"": [], ""emails"": [], ""aadhaar"": [], ""pan"": []}",Synthetic sample for LEGITIMATE_OTP expansion. Generated via pattern-based synthesis.,2026-07-30T09:28:45.560Z,2026-07-30T09:28:45.560Z
LEGITIMATE_OTP_0016,Amazon: Your OTP for return pickup of order OD1234567890 is 284756.,amazon: your otp for return pickup of order od1234567890 is 284756.,en,LEGITIMATE_OTP,False,NONE,legitimate,synthetic,2.0.0-beta,"{""urls"": [], ""phones"": [""1234567890""], ""upi_ids"": [], ""banks"": [], ""emails"": [], ""aadhaar"": [], ""pan"": []}",Synthetic sample for LEGITIMATE_OTP expansion. Generated via pattern-based synthesis.,2026-07-30T09:28:45.560Z,2026-07-30T09:28:45.560Z
LEGITIMATE_OTP_0017,HDFC Securities: OTP 918273 for demat account login. Valid for 5 minutes.,hdfc securities: otp 918273 for demat account login. valid for 5 minutes.,en,LEGITIMATE_OTP,False,NONE,legitimate,synthetic,2.0.0-beta,"{""urls"": [], ""phones"": [], ""upi_ids"": [], ""banks"": [""HDFC""], ""emails"": [], ""aadhaar"": [], ""pan"": []}",Synthetic sample for LEGITIMATE_OTP expansion. Generated via pattern-based synthesis.,2026-07-30T09:28:45.560Z,2026-07-30T09:28:45.560Z
LEGITIMATE_OTP_0018,Zomato: OTP 746382 for changing delivery address. Valid for 5 mins.,zomato: otp 746382 for changing delivery address. valid for 5 mins.,en,LEGITIMATE_OTP,False,NONE,legitimate,synthetic,2.0.0-beta,"{""urls"": [], ""phones"": [], ""upi_ids"": [], ""banks"": [], ""emails"": [], ""aadhaar"": [], ""pan"": []}",Synthetic sample for LEGITIMATE_OTP expansion. Generated via pattern-based synthesis.,2026-07-30T09:28:45.560Z,2026-07-30T09:28:45.560Z
LEGITIMATE_OTP_0019,EPFO: OTP 563829 for PF claim access. Valid for 10 minutes. -EPFO India,epfo: otp 563829 for pf claim access. valid for 10 minutes. -epfo india,en,LEGITIMATE_OTP,False,NONE,legitimate,synthetic,2.0.0-beta,"{""urls"": [], ""phones"": [], ""upi_ids"": [], ""banks"": [], ""emails"": [], ""aadhaar"": [], ""pan"": []}",Synthetic sample for LEGITIMATE_OTP expansion. Generated via pattern-based synthesis.,2026-07-30T09:28:45.560Z,2026-07-30T09:28:45.560Z
LEGITIMATE_OTP_0020,Digilocker: OTP 182736 for accessing your documents. Valid for 5 mins.,digilocker: otp 182736 for accessing your documents. valid for 5 mins.,en,LEGITIMATE_OTP,False,NONE,legitimate,synthetic,2.0.0-beta,"{""urls"": [], ""phones"": [], ""upi_ids"": [], ""banks"": [], ""emails"": [], ""aadhaar"": [], ""pan"": []}",Synthetic sample for LEGITIMATE_OTP expansion. Generated via pattern-based synthesis.,2026-07-30T09:28:45.560Z,2026-07-30T09:28:45.560Z
LEGITIMATE_OTP_0021,LIC: OTP 837291 for viewing policy details. Valid for 5 minutes.,lic: otp 837291 for viewing policy details. valid for 5 minutes.,en,LEGITIMATE_OTP,False,NONE,legitimate,synthetic,2.0.0-beta,"{""urls"": [], ""phones"": [], ""upi_ids"": [], ""banks"": [], ""emails"": [], ""aadhaar"": [], ""pan"": []}",Synthetic sample for LEGITIMATE_OTP expansion. Generated via pattern-based synthesis.,2026-07-30T09:28:45.560Z,2026-07-30T09:28:45.560Z
LEGITIMATE_OTP_0022,Twitter: Your verification code is 472-918. Use this to log in to your account.,twitter: your verification code is 472-918. use this to log in to your account.,en,LEGITIMATE_OTP,False,NONE,legitimate,synthetic,2.0.0-beta,"{""urls"": [], ""phones"": [], ""upi_ids"": [], ""banks"": [], ""emails"": [], ""aadhaar"": [], ""pan"": []}",Synthetic sample for LEGITIMATE_OTP expansion. Generated via pattern-based synthesis.,2026-07-30T09:28:45.561Z,2026-07-30T09:28:45.561Z
LEGITIMATE_OTP_0023,PhonePe: OTP 981726 to confirm payment of Rs 899 to Netflix. Valid for 5 mins.,phonepe: otp 981726 to confirm payment of rs 899 to netflix. valid for 5 mins.,en,LEGITIMATE_OTP,False,NONE,legitimate,synthetic,2.0.0-beta,"{""urls"": [], ""phones"": [], ""upi_ids"": [], ""banks"": [], ""emails"": [], ""aadhaar"": [], ""pan"": []}",Synthetic sample for LEGITIMATE_OTP expansion. Generated via pattern-based synthesis.,2026-07-30T09:28:45.561Z,2026-07-30T09:28:45.561Z
LEGITIMATE_OTP_0024,ICICI Bank: OTP 627381 for credit card limit enhancement request. Valid for 10 mins.,icici bank: otp 627381 for credit card limit enhancement request. valid for 10 mins.,en,LEGITIMATE_OTP,False,NONE,legitimate,synthetic,2.0.0-beta,"{""urls"": [], ""phones"": [], ""upi_ids"": [], ""banks"": [""ICICI""], ""emails"": [], ""aadhaar"": [], ""pan"": []}",Synthetic sample for LEGITIMATE_OTP expansion. Generated via pattern-based synthesis.,2026-07-30T09:28:45.561Z,2026-07-30T09:28:45.561Z
LEGITIMATE_OTP_0025,Aadhaar: Your OTP for downloading e-Aadhaar is 183945. Valid for 5 minutes.,aadhaar: your otp for downloading e-aadhaar is 183945. valid for 5 minutes.,en,LEGITIMATE_OTP,False,NONE,legitimate,synthetic,2.0.0-beta,"{""urls"": [], ""phones"": [], ""upi_ids"": [], ""banks"": [], ""emails"": [], ""aadhaar"": [], ""pan"": []}",Synthetic sample for LEGITIMATE_OTP expansion. Generated via pattern-based synthesis.,2026-07-30T09:28:45.561Z,2026-07-30T09:28:45.561Z
LEGITIMATE_UPI_0009,"PhonePe: Rs 1,500 transferred to SBI A/C XX5678. UPI Ref: PPRef45678901. Avl Bal Rs 34,200.","phonepe: rs 1,500 transferred to sbi a/c xx5678. upi ref: ppref45678901. avl bal rs 34,200.",en,LEGITIMATE_UPI,False,NONE,legitimate,synthetic,2.0.0-beta,"{""urls"": [], ""phones"": [], ""upi_ids"": [], ""banks"": [""SBI""], ""emails"": [], ""aadhaar"": [], ""pan"": []}",Synthetic sample for LEGITIMATE_UPI expansion. Generated via pattern-based synthesis.,2026-07-30T09:28:45.570Z,2026-07-30T09:28:45.570Z
LEGITIMATE_UPI_0010,Paytm: Rs 99 recharged for Jio prepaid mobile 9876543210. UPI Ref: PTM890123456.,paytm: rs 99 recharged for jio prepaid mobile 9876543210. upi ref: ptm890123456.,en,LEGITIMATE_UPI,False,NONE,legitimate,synthetic,2.0.0-beta,"{""urls"": [], ""phones"": [""9876543210""], ""upi_ids"": [], ""banks"": [], ""emails"": [], ""aadhaar"": [], ""pan"": []}",Synthetic sample for LEGITIMATE_UPI expansion. Generated via pattern-based synthesis.,2026-07-30T09:28:45.570Z,2026-07-30T09:28:45.570Z
LEGITIMATE_UPI_0011,"BHIM: Rs 2,000 received from Father. UPI Ref: BHIM6789012345. Avl Bal Rs 18,500.","bhim: rs 2,000 received from father. upi ref: bhim6789012345. avl bal rs 18,500.",en,LEGITIMATE_UPI,False,NONE,legitimate,synthetic,2.0.0-beta,"{""urls"": [], ""phones"": [""6789012345""], ""upi_ids"": [], ""banks"": [], ""emails"": [], ""aadhaar"": [], ""pan"": []}",Synthetic sample for LEGITIMATE_UPI expansion. Generated via pattern-based synthesis.,2026-07-30T09:28:45.570Z,2026-07-30T09:28:45.570Z
LEGITIMATE_UPI_0012,GPay: Rs 450 paid to Uber India. Trip MUM-PUN. UPI Ref: GPay55667788.,gpay: rs 450 paid to uber india. trip mum-pun. upi ref: gpay55667788.,en,LEGITIMATE_UPI,False,NONE,legitimate,synthetic,2.0.0-beta,"{""urls"": [], ""phones"": [], ""upi_ids"": [], ""banks"": [], ""emails"": [], ""aadhaar"": [], ""pan"": []}",Synthetic sample for LEGITIMATE_UPI expansion. Generated via pattern-based synthesis.,2026-07-30T09:28:45.570Z,2026-07-30T09:28:45.570Z
LEGITIMATE_UPI_0013,"Amazon Pay: Rs 1,299 paid for Flipkart order OD9876543210 via UPI.","amazon pay: rs 1,299 paid for flipkart order od9876543210 via upi.",en,LEGITIMATE_UPI,False,NONE,legitimate,synthetic,2.0.0-beta,"{""urls"": [], ""phones"": [""9876543210""], ""upi_ids"": [], ""banks"": [], ""emails"": [], ""aadhaar"": [], ""pan"": []}",Synthetic sample for LEGITIMATE_UPI expansion. Generated via pattern-based synthesis.,2026-07-30T09:28:45.570Z,2026-07-30T09:28:45.570Z
LEGITIMATE_UPI_0014,"PhonePe: Rs 75 paid to Chai Point. UPI Ref: PPRef1234509876. Avl Bal Rs 7,500.","phonepe: rs 75 paid to chai point. upi ref: ppref1234509876. avl bal rs 7,500.",en,LEGITIMATE_UPI,False,NONE,legitimate,synthetic,2.0.0-beta,"{""urls"": [], ""phones"": [""1234509876""], ""upi_ids"": [], ""banks"": [], ""emails"": [], ""aadhaar"": [], ""pan"": []}",Synthetic sample for LEGITIMATE_UPI expansion. Generated via pattern-based synthesis.,2026-07-30T09:28:45.571Z,2026-07-30T09:28:45.571Z
LEGITIMATE_UPI_0015,"Cred: Rs 5,000 credit card bill paid via UPI. Ref: CRED789012. Thank you for timely payment.","cred: rs 5,000 credit card bill paid via upi. ref: cred789012. thank you for timely payment.",en,LEGITIMATE_UPI,False,NONE,legitimate,synthetic,2.0.0-beta,"{""urls"": [], ""phones"": [], ""upi_ids"": [], ""banks"": [], ""emails"": [], ""aadhaar"": [], ""pan"": []}",Synthetic sample for LEGITIMATE_UPI expansion. Generated via pattern-based synthesis.,2026-07-30T09:28:45.571Z,2026-07-30T09:28:45.571Z
LEGITIMATE_UPI_0016,"GPay: Rs 8,500 received from Client - Invoice INV-2026-0789. UPI Ref: GPay77123456.","gpay: rs 8,500 received from client - invoice inv-2026-0789. upi ref: gpay77123456.",en,LEGITIMATE_UPI,False,NONE,legitimate,synthetic,2.0.0-beta,"{""urls"": [], ""phones"": [], ""upi_ids"": [], ""banks"": [], ""emails"": [], ""aadhaar"": [], ""pan"": []}",Synthetic sample for LEGITIMATE_UPI expansion. Generated via pattern-based synthesis.,2026-07-30T09:28:45.571Z,2026-07-30T09:28:45.571Z
LEGITIMATE_UPI_0017,Paytm: Rs 200 paid to Zomato order #ZOM456789. UPI successful. Ref: PTM678905.,paytm: rs 200 paid to zomato order #zom456789. upi successful. ref: ptm678905.,en,LEGITIMATE_UPI,False,NONE,legitimate,synthetic,2.0.0-beta,"{""urls"": [], ""phones"": [], ""upi_ids"": [], ""banks"": [], ""emails"": [], ""aadhaar"": [], ""pan"": []}",Synthetic sample for LEGITIMATE_UPI expansion. Generated via pattern-based synthesis.,2026-07-30T09:28:45.571Z,2026-07-30T09:28:45.571Z
LEGITIMATE_UPI_0018,"BHIM: Rs 3,200 paid to Tata Power Electricity Bill. UPI Ref: BHIM8901234567. Avl Bal Rs 21,000.","bhim: rs 3,200 paid to tata power electricity bill. upi ref: bhim8901234567. avl bal rs 21,000.",en,LEGITIMATE_UPI,False,NONE,legitimate,synthetic,2.0.0-beta,"{""urls"": [], ""phones"": [""8901234567""], ""upi_ids"": [], ""banks"": [], ""emails"": [], ""aadhaar"": [], ""pan"": []}",Synthetic sample for LEGITIMATE_UPI expansion. Generated via pattern-based synthesis.,2026-07-30T09:28:45.571Z,2026-07-30T09:28:45.571Z
LEGITIMATE_UPI_0019,PhonePe: Rs 600 sent to Myntra for order #MYN432109. UPI Ref: PPRef99887766.,phonepe: rs 600 sent to myntra for order #myn432109. upi ref: ppref99887766.,en,LEGITIMATE_UPI,False,NONE,legitimate,synthetic,2.0.0-beta,"{""urls"": [], ""phones"": [], ""upi_ids"": [], ""banks"": [], ""emails"": [], ""aadhaar"": [], ""pan"": []}",Synthetic sample for LEGITIMATE_UPI expansion. Generated via pattern-based synthesis.,2026-07-30T09:28:45.571Z,2026-07-30T09:28:45.571Z
LEGITIMATE_UPI_0020,"GPay: Rs 15,000 transferred to Fixed Deposit A/C FD12345678. UPI Ref: GPay33445566.","gpay: rs 15,000 transferred to fixed deposit a/c fd12345678. upi ref: gpay33445566.",en,LEGITIMATE_UPI,False,NONE,legitimate,synthetic,2.0.0-beta,"{""urls"": [], ""phones"": [], ""upi_ids"": [], ""banks"": [], ""emails"": [], ""aadhaar"": [], ""pan"": []}",Synthetic sample for LEGITIMATE_UPI expansion. Generated via pattern-based synthesis.,2026-07-30T09:28:45.571Z,2026-07-30T09:28:45.571Z
LEGITIMATE_UPI_0021,Amazon Pay: Rs 450 paid for Amazon Prime renewal. Auto-pay via UPI set up.,amazon pay: rs 450 paid for amazon prime renewal. auto-pay via upi set up.,en,LEGITIMATE_UPI,False,NONE,legitimate,synthetic,2.0.0-beta,"{""urls"": [], ""phones"": [], ""upi_ids"": [], ""banks"": [], ""emails"": [], ""aadhaar"": [], ""pan"": []}",Synthetic sample for LEGITIMATE_UPI expansion. Generated via pattern-based synthesis.,2026-07-30T09:28:45.571Z,2026-07-30T09:28:45.571Z
LEGITIMATE_UPI_0022,Cred: Cashback of Rs 123 credited to your UPI linked account from Cred Rewards.,cred: cashback of rs 123 credited to your upi linked account from cred rewards.,en,LEGITIMATE_UPI,False,NONE,legitimate,synthetic,2.0.0-beta,"{""urls"": [], ""phones"": [], ""upi_ids"": [], ""banks"": [], ""emails"": [], ""aadhaar"": [], ""pan"": []}",Synthetic sample for LEGITIMATE_UPI expansion. Generated via pattern-based synthesis.,2026-07-30T09:28:45.571Z,2026-07-30T09:28:45.571Z
LEGITIMATE_UPI_0023,Paytm: Rs 50 paid to parking fee at Mumbai Airport. UPI Ref: PTM445566.,paytm: rs 50 paid to parking fee at mumbai airport. upi ref: ptm445566.,en,LEGITIMATE_UPI,False,NONE,legitimate,synthetic,2.0.0-beta,"{""urls"": [], ""phones"": [], ""upi_ids"": [], ""banks"": [], ""emails"": [], ""aadhaar"": [], ""pan"": []}",Synthetic sample for LEGITIMATE_UPI expansion. Generated via pattern-based synthesis.,2026-07-30T09:28:45.571Z,2026-07-30T09:28:45.571Z
LEGITIMATE_UPI_0024,"GPay: Rs 2,200 paid to LIC Premium - Policy 123456789. UPI Ref: GPay99887766.","gpay: rs 2,200 paid to lic premium - policy 123456789. upi ref: gpay99887766.",en,LEGITIMATE_UPI,False,NONE,legitimate,synthetic,2.0.0-beta,"{""urls"": [], ""phones"": [], ""upi_ids"": [], ""banks"": [], ""emails"": [], ""aadhaar"": [], ""pan"": []}",Synthetic sample for LEGITIMATE_UPI expansion. Generated via pattern-based synthesis.,2026-07-30T09:28:45.571Z,2026-07-30T09:28:45.571Z
LEGITIMATE_UPI_0025,PhonePe: Rs 180 paid to Swiggy Instamart for grocery delivery. UPI Ref: PPRef11122233.,phonepe: rs 180 paid to swiggy instamart for grocery delivery. upi ref: ppref11122233.,en,LEGITIMATE_UPI,False,NONE,legitimate,synthetic,2.0.0-beta,"{""urls"": [], ""phones"": [], ""upi_ids"": [], ""banks"": [], ""emails"": [], ""aadhaar"": [], ""pan"": []}",Synthetic sample for LEGITIMATE_UPI expansion. Generated via pattern-based synthesis.,2026-07-30T09:28:45.571Z,2026-07-30T09:28:45.571Z
LEGITIMATE_UPI_0026,"BHIM: Rs 750 paid to ISP for broadband bill. UPI Ref: BHIM5544332211. Avl Bal Rs 32,000.","bhim: rs 750 paid to isp for broadband bill. upi ref: bhim5544332211. avl bal rs 32,000.",en,LEGITIMATE_UPI,False,NONE,legitimate,synthetic,2.0.0-beta,"{""urls"": [], ""phones"": [""5544332211""], ""upi_ids"": [], ""banks"": [], ""emails"": [], ""aadhaar"": [], ""pan"": []}",Synthetic sample for LEGITIMATE_UPI expansion. Generated via pattern-based synthesis.,2026-07-30T09:28:45.571Z,2026-07-30T09:28:45.571Z
PAN_SCAM_0003,Your PAN card is being used for tax evasion in Gujarat. Call income tax department immediately to avoid legal notice.,your pan card is being used for tax evasion in gujarat. call income tax department immediately to avoid legal notice.,en,PAN_SCAM,True,HIGH,scam,synthetic,2.0.0-beta,"{""urls"": [], ""phones"": [], ""upi_ids"": [], ""banks"": [], ""emails"": [], ""aadhaar"": [], ""pan"": []}",Synthetic sample for PAN_SCAM expansion. Generated via pattern-based synthesis.,2026-07-30T09:28:45.572Z,2026-07-30T09:28:45.572Z
PAN_SCAM_0004,PAN Aadhaar link pending! Your PAN will be deactivated if not linked within 24 hours. Link now: http://link-pan-aadhaar.xyz,pan aadhaar link pending! your pan will be deactivated if not linked within 24 hours. link now: http://link-pan-aadhaar.xyz,en,PAN_SCAM,True,HIGH,scam,synthetic,2.0.0-beta,"{""urls"": [""http://link-pan-aadhaar.xyz""], ""phones"": [], ""upi_ids"": [], ""banks"": [], ""emails"": [], ""aadhaar"": [], ""pan"": []}",Synthetic sample for PAN_SCAM expansion. Generated via pattern-based synthesis.,2026-07-30T09:28:45.572Z,2026-07-30T09:28:45.572Z
PAN_SCAM_0005,Income Tax Dept: Your PAN card linked to shell companies. File response immediately or face prosecution. Call 1800-123-4567.,income tax dept: your pan card linked to shell companies. file response immediately or face prosecution. call 1800-123-4567.,en,PAN_SCAM,True,CRITICAL,scam,synthetic,2.0.0-beta,"{""urls"": [], ""phones"": [""1800-123-4567""], ""upi_ids"": [], ""banks"": [], ""emails"": [], ""aadhaar"": [], ""pan"": []}",Synthetic sample for PAN_SCAM expansion. Generated via pattern-based synthesis.,2026-07-30T09:28:45.573Z,2026-07-30T09:28:45.573Z
PAN_SCAM_0006,PAN card blocked due to suspicious activity. Update KYC now at https://pan-update.in to unblock.,pan card blocked due to suspicious activity. update kyc now at https://pan-update.in to unblock.,en,PAN_SCAM,True,HIGH,scam,synthetic,2.0.0-beta,"{""urls"": [""https://pan-update.in""], ""phones"": [], ""upi_ids"": [], ""banks"": [], ""emails"": [], ""aadhaar"": [], ""pan"": []}",Synthetic sample for PAN_SCAM expansion. Generated via pattern-based synthesis.,2026-07-30T09:28:45.573Z,2026-07-30T09:28:45.573Z
PAN_SCAM_0007,Your PAN has been used to open 3 bank accounts in Gujarat. Immediate verification required.,your pan has been used to open 3 bank accounts in gujarat. immediate verification required.,en,PAN_SCAM,True,CRITICAL,scam,synthetic,2.0.0-beta,"{""urls"": [], ""phones"": [], ""upi_ids"": [], ""banks"": [], ""emails"": [], ""aadhaar"": [], ""pan"": []}",Synthetic sample for PAN_SCAM expansion. Generated via pattern-based synthesis.,2026-07-30T09:28:45.573Z,2026-07-30T09:28:45.573Z
PAN_SCAM_0008,PAN card services: Your PAN application DIG1234567F requires biometric verification. Visit nearest centre.,pan card services: your pan application dig1234567f requires biometric verification. visit nearest centre.,en,PAN_SCAM,True,MEDIUM,scam,synthetic,2.0.0-beta,"{""urls"": [], ""phones"": [], ""upi_ids"": [], ""banks"": [], ""emails"": [], ""aadhaar"": [], ""pan"": []}",Synthetic sample for PAN_SCAM expansion. Generated via pattern-based synthesis.,2026-07-30T09:28:45.573Z,2026-07-30T09:28:45.573Z
PAN_SCAM_0009,Alert: Multiple IT returns filed using your PAN. Verify at https://income-tax-verify.xyz,alert: multiple it returns filed using your pan. verify at https://income-tax-verify.xyz,en,PAN_SCAM,True,CRITICAL,scam,synthetic,2.0.0-beta,"{""urls"": [""https://income-tax-verify.xyz""], ""phones"": [], ""upi_ids"": [], ""banks"": [], ""emails"": [], ""aadhaar"": [], ""pan"": []}",Synthetic sample for PAN_SCAM expansion. Generated via pattern-based synthesis.,2026-07-30T09:28:45.573Z,2026-07-30T09:28:45.573Z
PAN_SCAM_0010,PAN card fraud detected in Rajasthan. Your PAN has been used for illegal gold purchases. Call now.,pan card fraud detected in rajasthan. your pan has been used for illegal gold purchases. call now.,en,PAN_SCAM,True,CRITICAL,scam,synthetic,2.0.0-beta,"{""urls"": [], ""phones"": [], ""upi_ids"": [], ""banks"": [], ""emails"": [], ""aadhaar"": [], ""pan"": []}",Synthetic sample for PAN_SCAM expansion. Generated via pattern-based synthesis.,2026-07-30T09:28:45.573Z,2026-07-30T09:28:45.573Z
PAN_SCAM_0011,"Your PAN has been selected for income tax refund of Rs 45,000. Click to claim: http://pan-refund.tk","your pan has been selected for income tax refund of rs 45,000. click to claim: http://pan-refund.tk",en,PAN_SCAM,True,HIGH,scam,synthetic,2.0.0-beta,"{""urls"": [""http://pan-refund.tk""], ""phones"": [], ""upi_ids"": [], ""banks"": [], ""emails"": [], ""aadhaar"": [], ""pan"": []}",Synthetic sample for PAN_SCAM expansion. Generated via pattern-based synthesis.,2026-07-30T09:28:45.573Z,2026-07-30T09:28:45.573Z
PAN_SCAM_0012,NSDL: Your PAN application is complete. Download e-PAN at https://nsdlpan.com/download with ref PAN987654.,nsdl: your pan application is complete. download e-pan at https://nsdlpan.com/download with ref pan987654.,en,PAN_SCAM,True,MEDIUM,scam,synthetic,2.0.0-beta,"{""urls"": [""https://nsdlpan.com/download""], ""phones"": [], ""upi_ids"": [], ""banks"": [], ""emails"": [], ""aadhaar"": [], ""pan"": []}",Synthetic sample for PAN_SCAM expansion. Generated via pattern-based synthesis.,2026-07-30T09:28:45.573Z,2026-07-30T09:28:45.573Z
PAN_SCAM_0013,PAN card upgrade to new design mandatory. Pay Rs 950 processing fee to get new card: http://pan-upgrade.xyz,pan card upgrade to new design mandatory. pay rs 950 processing fee to get new card: http://pan-upgrade.xyz,en,PAN_SCAM,True,MEDIUM,scam,synthetic,2.0.0-beta,"{""urls"": [""http://pan-upgrade.xyz""], ""phones"": [], ""upi_ids"": [], ""banks"": [], ""emails"": [], ""aadhaar"": [], ""pan"": []}",Synthetic sample for PAN_SCAM expansion. Generated via pattern-based synthesis.,2026-07-30T09:28:45.573Z,2026-07-30T09:28:45.573Z
PAN_SCAM_0014,Your PAN has been used in hawala transactions worth Rs 2.5 crore. ED has issued summons. Contact legal cell.,your pan has been used in hawala transactions worth rs 2.5 crore. ed has issued summons. contact legal cell.,en,PAN_SCAM,True,CRITICAL,scam,synthetic,2.0.0-beta,"{""urls"": [], ""phones"": [], ""upi_ids"": [], ""banks"": [], ""emails"": [], ""aadhaar"": [], ""pan"": []}",Synthetic sample for PAN_SCAM expansion. Generated via pattern-based synthesis.,2026-07-30T09:28:45.573Z,2026-07-30T09:28:45.573Z
PAN_SCAM_0015,PAN card deactivation warning: Multiple bank accounts linked to your PAN found suspicious. Verify identity.,pan card deactivation warning: multiple bank accounts linked to your pan found suspicious. verify identity.,en,PAN_SCAM,True,CRITICAL,scam,synthetic,2.0.0-beta,"{""urls"": [], ""phones"": [], ""upi_ids"": [], ""banks"": [], ""emails"": [], ""aadhaar"": [], ""pan"": []}",Synthetic sample for PAN_SCAM expansion. Generated via pattern-based synthesis.,2026-07-30T09:28:45.573Z,2026-07-30T09:28:45.573Z
PAN_SCAM_0016,"Income Tax: Rs 25,000 refund against your PAN is pending. Update bank details at https://itr-refund.net","income tax: rs 25,000 refund against your pan is pending. update bank details at https://itr-refund.net",en,PAN_SCAM,True,HIGH,scam,synthetic,2.0.0-beta,"{""urls"": [""https://itr-refund.net""], ""phones"": [], ""upi_ids"": [], ""banks"": [], ""emails"": [], ""aadhaar"": [], ""pan"": []}",Synthetic sample for PAN_SCAM expansion. Generated via pattern-based synthesis.,2026-07-30T09:28:45.573Z,2026-07-30T09:28:45.573Z
PAN_SCAM_0017,Your PAN has been temporarily suspended by IT Department. Click to know reason: http://pan-status.xyz,your pan has been temporarily suspended by it department. click to know reason: http://pan-status.xyz,en,PAN_SCAM,True,HIGH,scam,synthetic,2.0.0-beta,"{""urls"": [""http://pan-status.xyz""], ""phones"": [], ""upi_ids"": [], ""banks"": [], ""emails"": [], ""aadhaar"": [], ""pan"": []}",Synthetic sample for PAN_SCAM expansion. Generated via pattern-based synthesis.,2026-07-30T09:28:45.574Z,2026-07-30T09:28:45.574Z
PAN_SCAM_0018,PAN Aadhaar link is compulsory now. Your PAN will become inoperative after deadline. Link now via OTP.,pan aadhaar link is compulsory now. your pan will become inoperative after deadline. link now via otp.,en,PAN_SCAM,True,HIGH,scam,synthetic,2.0.0-beta,"{""urls"": [], ""phones"": [], ""upi_ids"": [], ""banks"": [], ""emails"": [], ""aadhaar"": [], ""pan"": []}",Synthetic sample for PAN_SCAM expansion. Generated via pattern-based synthesis.,2026-07-30T09:28:45.574Z,2026-07-30T09:28:45.574Z
PAN_SCAM_0019,Suspicious: Your PAN used to open demat account in Mumbai. Not you? Call 1800-425-6789 immediately.,suspicious: your pan used to open demat account in mumbai. not you? call 1800-425-6789 immediately.,en,PAN_SCAM,True,CRITICAL,scam,synthetic,2.0.0-beta,"{""urls"": [], ""phones"": [""1800-425-6789""], ""upi_ids"": [], ""banks"": [], ""emails"": [], ""aadhaar"": [], ""pan"": []}",Synthetic sample for PAN_SCAM expansion. Generated via pattern-based synthesis.,2026-07-30T09:28:45.574Z,2026-07-30T09:28:45.574Z
PAN_SCAM_0020,Tax notice under Section 143(1) issued on your PAN. Respond within 30 days to avoid penalty.,tax notice under section 143(1) issued on your pan. respond within 30 days to avoid penalty.,en,PAN_SCAM,True,HIGH,scam,synthetic,2.0.0-beta,"{""urls"": [], ""phones"": [], ""upi_ids"": [], ""banks"": [], ""emails"": [], ""aadhaar"": [], ""pan"": []}",Synthetic sample for PAN_SCAM expansion. Generated via pattern-based synthesis.,2026-07-30T09:28:45.574Z,2026-07-30T09:28:45.574Z
PAN_SCAM_0021,"Your PAN card is expired! Renew now at https://pan-renewal.in. Late fee Rs 1,000 applicable.","your pan card is expired! renew now at https://pan-renewal.in. late fee rs 1,000 applicable.",en,PAN_SCAM,True,MEDIUM,scam,synthetic,2.0.0-beta,"{""urls"": [""https://pan-renewal.in.""], ""phones"": [], ""upi_ids"": [], ""banks"": [], ""emails"": [], ""aadhaar"": [], ""pan"": []}",Synthetic sample for PAN_SCAM expansion. Generated via pattern-based synthesis.,2026-07-30T09:28:45.574Z,2026-07-30T09:28:45.574Z
PAN_SCAM_0022,PAN card blocked by IT dept due to non-filing of returns. File immediately or face penalty.,pan card blocked by it dept due to non-filing of returns. file immediately or face penalty.,en,PAN_SCAM,True,HIGH,scam,synthetic,2.0.0-beta,"{""urls"": [], ""phones"": [], ""upi_ids"": [], ""banks"": [], ""emails"": [], ""aadhaar"": [], ""pan"": []}",Synthetic sample for PAN_SCAM expansion. Generated via pattern-based synthesis.,2026-07-30T09:28:45.574Z,2026-07-30T09:28:45.574Z
PAN_SCAM_0023,"Rs 12,500 tax refund approved against PAN ABCDE1234F. Claim now: http://refund-itr.xyz","rs 12,500 tax refund approved against pan abcde1234f. claim now: http://refund-itr.xyz",en,PAN_SCAM,True,HIGH,scam,synthetic,2.0.0-beta,"{""urls"": [""http://refund-itr.xyz""], ""phones"": [], ""upi_ids"": [], ""banks"": [], ""emails"": [], ""aadhaar"": [], ""pan"": [""ABCDE1234F""]}",Synthetic sample for PAN_SCAM expansion. Generated via pattern-based synthesis.,2026-07-30T09:28:45.574Z,2026-07-30T09:28:45.574Z
PAN_SCAM_0024,Your PAN has been compromised in data breach. Freeze your PAN immediately at https://pan-freeze.tk,your pan has been compromised in data breach. freeze your pan immediately at https://pan-freeze.tk,en,PAN_SCAM,True,CRITICAL,scam,synthetic,2.0.0-beta,"{""urls"": [""https://pan-freeze.tk""], ""phones"": [], ""upi_ids"": [], ""banks"": [], ""emails"": [], ""aadhaar"": [], ""pan"": []}",Synthetic sample for PAN_SCAM expansion. Generated via pattern-based synthesis.,2026-07-30T09:28:45.574Z,2026-07-30T09:28:45.574Z
PAN_SCAM_0025,PAN card verification failed. Update Aadhaar-linked mobile to continue using PAN for financial transactions.,pan card verification failed. update aadhaar-linked mobile to continue using pan for financial transactions.,en,PAN_SCAM,True,HIGH,scam,synthetic,2.0.0-beta,"{""urls"": [], ""phones"": [], ""upi_ids"": [], ""banks"": [], ""emails"": [], ""aadhaar"": [], ""pan"": []}",Synthetic sample for PAN_SCAM expansion. Generated via pattern-based synthesis.,2026-07-30T09:28:45.574Z,2026-07-30T09:28:45.574Z
QR_SCAM_0012,"Scan QR to receive your Rs 25,000 LIC bonus payment. Code valid for 24 hours only.","scan qr to receive your rs 25,000 lic bonus payment. code valid for 24 hours only.",en,QR_SCAM,True,HIGH,scam,synthetic,2.0.0-beta,"{""urls"": [], ""phones"": [], ""upi_ids"": [], ""banks"": [], ""emails"": [], ""aadhaar"": [], ""pan"": []}",Synthetic sample for QR_SCAM expansion. Generated via pattern-based synthesis.,2026-07-30T09:28:45.575Z,2026-07-30T09:28:45.575Z
QR_SCAM_0013,UPI QR code panni Rs 500 cashback vangikunga! Limited time offer from PhonePe.,upi qr code panni rs 500 cashback vangikunga! limited time offer from phonepe.,HIGH,QR_SCAM,True,ta-en,scam,synthetic,2.0.0-beta,"{""urls"": [], ""phones"": [], ""upi_ids"": [], ""banks"": [], ""emails"": [], ""aadhaar"": [], ""pan"": []}",Synthetic sample for QR_SCAM expansion. Generated via pattern-based synthesis.,2026-07-30T09:28:45.575Z,2026-07-30T09:28:45.575Z
QR_SCAM_0014,Scan the QR below to complete KYC and avoid account freeze. Do it now.,scan the qr below to complete kyc and avoid account freeze. do it now.,en,QR_SCAM,True,HIGH,scam,synthetic,2.0.0-beta,"{""urls"": [], ""phones"": [], ""upi_ids"": [], ""banks"": [], ""emails"": [], ""aadhaar"": [], ""pan"": []}",Synthetic sample for QR_SCAM expansion. Generated via pattern-based synthesis.,2026-07-30T09:28:45.575Z,2026-07-30T09:28:45.575Z
QR_SCAM_0015,"Flipkart Rs 10,000 gift card! Scan QR code to claim. https://qr-gift.xyz","flipkart rs 10,000 gift card! scan qr code to claim. https://qr-gift.xyz",en,QR_SCAM,True,HIGH,scam,synthetic,2.0.0-beta,"{""urls"": [""https://qr-gift.xyz""], ""phones"": [], ""upi_ids"": [], ""banks"": [], ""emails"": [], ""aadhaar"": [], ""pan"": []}",Synthetic sample for QR_SCAM expansion. Generated via pattern-based synthesis.,2026-07-30T09:28:45.575Z,2026-07-30T09:28:45.575Z
QR_SCAM_0016,QR code scan panni your parcel tracking update pannunga. https://track-qr.tk,qr code scan panni your parcel tracking update pannunga. https://track-qr.tk,MEDIUM,QR_SCAM,True,ta-en,scam,synthetic,2.0.0-beta,"{""urls"": [""https://track-qr.tk""], ""phones"": [], ""upi_ids"": [], ""banks"": [], ""emails"": [], ""aadhaar"": [], ""pan"": []}",Synthetic sample for QR_SCAM expansion. Generated via pattern-based synthesis.,2026-07-30T09:28:45.575Z,2026-07-30T09:28:45.575Z
QR_SCAM_0017,"Scan QR to pay customs duty of Rs 2,500 for your international parcel release.","scan qr to pay customs duty of rs 2,500 for your international parcel release.",en,QR_SCAM,True,HIGH,scam,synthetic,2.0.0-beta,"{""urls"": [], ""phones"": [], ""upi_ids"": [], ""banks"": [], ""emails"": [], ""aadhaar"": [], ""pan"": []}",Synthetic sample for QR_SCAM expansion. Generated via pattern-based synthesis.,2026-07-30T09:28:45.575Z,2026-07-30T09:28:45.575Z
QR_SCAM_0018,GPay cashback offer: Scan any QR and get Rs 250 guaranteed. Limited period.,gpay cashback offer: scan any qr and get rs 250 guaranteed. limited period.,en,QR_SCAM,True,MEDIUM,scam,synthetic,2.0.0-beta,"{""urls"": [], ""phones"": [], ""upi_ids"": [], ""banks"": [], ""emails"": [], ""aadhaar"": [], ""pan"": []}",Synthetic sample for QR_SCAM expansion. Generated via pattern-based synthesis.,2026-07-30T09:28:45.575Z,2026-07-30T09:28:45.575Z
QR_SCAM_0019,QR code scan karke apna insurance claim status check karein: http://qr-insurance.xyz,qr code scan karke apna insurance claim status check karein: http://qr-insurance.xyz,MEDIUM,QR_SCAM,True,hi-en,scam,synthetic,2.0.0-beta,"{""urls"": [""http://qr-insurance.xyz""], ""phones"": [], ""upi_ids"": [], ""banks"": [], ""emails"": [], ""aadhaar"": [], ""pan"": []}",Synthetic sample for QR_SCAM expansion. Generated via pattern-based synthesis.,2026-07-30T09:28:45.576Z,2026-07-30T09:28:45.576Z
QR_SCAM_0020,"Your refund of Rs 3,200 is ready. Scan QR code to receive amount in your bank.","your refund of rs 3,200 is ready. scan qr code to receive amount in your bank.",en,QR_SCAM,True,HIGH,scam,synthetic,2.0.0-beta,"{""urls"": [], ""phones"": [], ""upi_ids"": [], ""banks"": [], ""emails"": [], ""aadhaar"": [], ""pan"": []}",Synthetic sample for QR_SCAM expansion. Generated via pattern-based synthesis.,2026-07-30T09:28:45.576Z,2026-07-30T09:28:45.576Z
QR_SCAM_0021,QR code scan panni room booking confirm pannunga. OYO partner offer.,qr code scan panni room booking confirm pannunga. oyo partner offer.,MEDIUM,QR_SCAM,True,ta-en,scam,synthetic,2.0.0-beta,"{""urls"": [], ""phones"": [], ""upi_ids"": [], ""banks"": [], ""emails"": [], ""aadhaar"": [], ""pan"": []}",Synthetic sample for QR_SCAM expansion. Generated via pattern-based synthesis.,2026-07-30T09:28:45.576Z,2026-07-30T09:28:45.576Z
QR_SCAM_0022,Scan to pay your credit card bill and get 5% cashback up to Rs 750.,scan to pay your credit card bill and get 5% cashback up to rs 750.,en,QR_SCAM,True,HIGH,scam,synthetic,2.0.0-beta,"{""urls"": [], ""phones"": [], ""upi_ids"": [], ""banks"": [], ""emails"": [], ""aadhaar"": [], ""pan"": []}",Synthetic sample for QR_SCAM expansion. Generated via pattern-based synthesis.,2026-07-30T09:28:45.576Z,2026-07-30T09:28:45.576Z
QR_SCAM_0023,QR code scan karke apna SIM card reactivate karein. Last chance!,qr code scan karke apna sim card reactivate karein. last chance!,HIGH,QR_SCAM,True,hi-en,scam,synthetic,2.0.0-beta,"{""urls"": [], ""phones"": [], ""upi_ids"": [], ""banks"": [], ""emails"": [], ""aadhaar"": [], ""pan"": []}",Synthetic sample for QR_SCAM expansion. Generated via pattern-based synthesis.,2026-07-30T09:28:45.576Z,2026-07-30T09:28:45.576Z
QR_SCAM_0024,Free Netflix for 1 year! Scan QR code and register. Limited 1000 claims.,free netflix for 1 year! scan qr code and register. limited 1000 claims.,en,QR_SCAM,True,HIGH,scam,synthetic,2.0.0-beta,"{""urls"": [], ""phones"": [], ""upi_ids"": [], ""banks"": [], ""emails"": [], ""aadhaar"": [], ""pan"": []}",Synthetic sample for QR_SCAM expansion. Generated via pattern-based synthesis.,2026-07-30T09:28:45.576Z,2026-07-30T09:28:45.576Z
QR_SCAM_0025,QR code: Scan to complete your Aadhaar update. Government mandated.,qr code: scan to complete your aadhaar update. government mandated.,en,QR_SCAM,True,HIGH,scam,synthetic,2.0.0-beta,"{""urls"": [], ""phones"": [], ""upi_ids"": [], ""banks"": [], ""emails"": [], ""aadhaar"": [], ""pan"": []}",Synthetic sample for QR_SCAM expansion. Generated via pattern-based synthesis.,2026-07-30T09:28:45.576Z,2026-07-30T09:28:45.576Z
ROMANCE_SCAM_0008,"Hi honey, I am Dr Sarah from UK working with WHO in Yemen. I need $500 for emergency evacuation. Please help.","hi honey, i am dr sarah from uk working with who in yemen. i need $500 for emergency evacuation. please help.",en,ROMANCE_SCAM,True,HIGH,scam,synthetic,2.0.0-beta,"{""urls"": [], ""phones"": [], ""upi_ids"": [], ""banks"": [], ""emails"": [], ""aadhaar"": [], ""pan"": []}",Synthetic sample for ROMANCE_SCAM expansion. Generated via pattern-based synthesis.,2026-07-30T09:28:45.577Z,2026-07-30T09:28:45.577Z
ROMANCE_SCAM_0009,"I am Jennifer, a US model. I want to visit you in India but my agency demands Rs 75,000 release fee.","i am jennifer, a us model. i want to visit you in india but my agency demands rs 75,000 release fee.",en,ROMANCE_SCAM,True,HIGH,scam,synthetic,2.0.0-beta,"{""urls"": [], ""phones"": [], ""upi_ids"": [], ""banks"": [], ""emails"": [], ""aadhaar"": [], ""pan"": []}",Synthetic sample for ROMANCE_SCAM expansion. Generated via pattern-based synthesis.,2026-07-30T09:28:45.577Z,2026-07-30T09:28:45.577Z
ROMANCE_SCAM_0010,"Hello my love. I am oil rig worker from Canada. My ship is stuck in piracy zone. Send $2,000 for rescue fee.","hello my love. i am oil rig worker from canada. my ship is stuck in piracy zone. send $2,000 for rescue fee.",en,ROMANCE_SCAM,True,HIGH,scam,synthetic,2.0.0-beta,"{""urls"": [], ""phones"": [], ""upi_ids"": [], ""banks"": [], ""emails"": [], ""aadhaar"": [], ""pan"": []}",Synthetic sample for ROMANCE_SCAM expansion. Generated via pattern-based synthesis.,2026-07-30T09:28:45.577Z,2026-07-30T09:28:45.577Z
ROMANCE_SCAM_0011,"I am Priya, single mother in UK. I inherited 2 million pounds but need Rs 50,000 for inheritance tax clearance.","i am priya, single mother in uk. i inherited 2 million pounds but need rs 50,000 for inheritance tax clearance.",en,ROMANCE_SCAM,True,HIGH,scam,synthetic,2.0.0-beta,"{""urls"": [], ""phones"": [], ""upi_ids"": [], ""banks"": [], ""emails"": [], ""aadhaar"": [], ""pan"": []}",Synthetic sample for ROMANCE_SCAM expansion. Generated via pattern-based synthesis.,2026-07-30T09:28:45.577Z,2026-07-30T09:28:45.577Z
ROMANCE_SCAM_0012,"Sweetheart, I am US engineer in Afghanistan. My contract ended. Need $800 for flight to meet you in India.","sweetheart, i am us engineer in afghanistan. my contract ended. need $800 for flight to meet you in india.",en,ROMANCE_SCAM,True,HIGH,scam,synthetic,2.0.0-beta,"{""urls"": [], ""phones"": [], ""upi_ids"": [], ""banks"": [], ""emails"": [], ""aadhaar"": [], ""pan"": []}",Synthetic sample for ROMANCE_SCAM expansion. Generated via pattern-based synthesis.,2026-07-30T09:28:45.577Z,2026-07-30T09:28:45.577Z
ROMANCE_SCAM_0013,"Hi darling, I am Japanese businesswoman. My father left me gold bars worth $5 million. Help me transfer.","hi darling, i am japanese businesswoman. my father left me gold bars worth $5 million. help me transfer.",en,ROMANCE_SCAM,True,HIGH,scam,synthetic,2.0.0-beta,"{""urls"": [], ""phones"": [], ""upi_ids"": [], ""banks"": [], ""emails"": [], ""aadhaar"": [], ""pan"": []}",Synthetic sample for ROMANCE_SCAM expansion. Generated via pattern-based synthesis.,2026-07-30T09:28:45.577Z,2026-07-30T09:28:45.577Z
ROMANCE_SCAM_0014,"My dear, I am NGO worker in Syria. UN released funds but I need Rs 35,000 for bank clearance fees.","my dear, i am ngo worker in syria. un released funds but i need rs 35,000 for bank clearance fees.",en,ROMANCE_SCAM,True,HIGH,scam,synthetic,2.0.0-beta,"{""urls"": [], ""phones"": [], ""upi_ids"": [], ""banks"": [], ""emails"": [], ""aadhaar"": [], ""pan"": []}",Synthetic sample for ROMANCE_SCAM expansion. Generated via pattern-based synthesis.,2026-07-30T09:28:45.577Z,2026-07-30T09:28:45.577Z
ROMANCE_SCAM_0015,"Hi jaan, I am Dubai princess. I ran away from home. Please send Rs 25,000 for my passport and ticket.","hi jaan, i am dubai princess. i ran away from home. please send rs 25,000 for my passport and ticket.",en,ROMANCE_SCAM,True,HIGH,scam,synthetic,2.0.0-beta,"{""urls"": [], ""phones"": [], ""upi_ids"": [], ""banks"": [], ""emails"": [], ""aadhaar"": [], ""pan"": []}",Synthetic sample for ROMANCE_SCAM expansion. Generated via pattern-based synthesis.,2026-07-30T09:28:45.577Z,2026-07-30T09:28:45.577Z
ROMANCE_SCAM_0016,"My love, I am Australian pilot. I have gold biscuits seized at customs. Pay Rs 45,000 to release them.","my love, i am australian pilot. i have gold biscuits seized at customs. pay rs 45,000 to release them.",en,ROMANCE_SCAM,True,HIGH,scam,synthetic,2.0.0-beta,"{""urls"": [], ""phones"": [], ""upi_ids"": [], ""banks"": [], ""emails"": [], ""aadhaar"": [], ""pan"": []}",Synthetic sample for ROMANCE_SCAM expansion. Generated via pattern-based synthesis.,2026-07-30T09:28:45.577Z,2026-07-30T09:28:45.577Z
ROMANCE_SCAM_0017,"I am Russian model who loves you. My visa to India costs Rs 40,000. Please send money I will marry you.","i am russian model who loves you. my visa to india costs rs 40,000. please send money i will marry you.",en,ROMANCE_SCAM,True,HIGH,scam,synthetic,2.0.0-beta,"{""urls"": [], ""phones"": [], ""upi_ids"": [], ""banks"": [], ""emails"": [], ""aadhaar"": [], ""pan"": []}",Synthetic sample for ROMANCE_SCAM expansion. Generated via pattern-based synthesis.,2026-07-30T09:28:45.578Z,2026-07-30T09:28:45.578Z
ROMANCE_SCAM_0018,"Hello darling, I am US army nurse in Iraq. My leave approved but need $1,200 for ticket to meet you.","hello darling, i am us army nurse in iraq. my leave approved but need $1,200 for ticket to meet you.",en,ROMANCE_SCAM,True,HIGH,scam,synthetic,2.0.0-beta,"{""urls"": [], ""phones"": [], ""upi_ids"": [], ""banks"": [], ""emails"": [], ""aadhaar"": [], ""pan"": []}",Synthetic sample for ROMANCE_SCAM expansion. Generated via pattern-based synthesis.,2026-07-30T09:28:45.578Z,2026-07-30T09:28:45.578Z
ROMANCE_SCAM_0019,"Hi sweetie, I am Nigerian prince's daughter. I need your help to transfer $10 million out of Africa.","hi sweetie, i am nigerian prince's daughter. i need your help to transfer $10 million out of africa.",en,ROMANCE_SCAM,True,HIGH,scam,synthetic,2.0.0-beta,"{""urls"": [], ""phones"": [], ""upi_ids"": [], ""banks"": [], ""emails"": [], ""aadhaar"": [], ""pan"": []}",Synthetic sample for ROMANCE_SCAM expansion. Generated via pattern-based synthesis.,2026-07-30T09:28:45.578Z,2026-07-30T09:28:45.578Z
ROMANCE_SCAM_0020,"I am Korean pop singer coming to India for concert. My manager demands Rs 60,000 for registration fee.","i am korean pop singer coming to india for concert. my manager demands rs 60,000 for registration fee.",en,ROMANCE_SCAM,True,HIGH,scam,synthetic,2.0.0-beta,"{""urls"": [], ""phones"": [], ""upi_ids"": [], ""banks"": [], ""emails"": [], ""aadhaar"": [], ""pan"": []}",Synthetic sample for ROMANCE_SCAM expansion. Generated via pattern-based synthesis.,2026-07-30T09:28:45.578Z,2026-07-30T09:28:45.578Z
ROMANCE_SCAM_0021,"My heart, I am French fashion designer. My inheritance of 1 million euros is stuck. Help me with Rs 55,000 tax.","my heart, i am french fashion designer. my inheritance of 1 million euros is stuck. help me with rs 55,000 tax.",en,ROMANCE_SCAM,True,HIGH,scam,synthetic,2.0.0-beta,"{""urls"": [], ""phones"": [], ""upi_ids"": [], ""banks"": [], ""emails"": [], ""aadhaar"": [], ""pan"": []}",Synthetic sample for ROMANCE_SCAM expansion. Generated via pattern-based synthesis.,2026-07-30T09:28:45.578Z,2026-07-30T09:28:45.578Z
ROMANCE_SCAM_0022,"Dear, I am UN peacekeeper in Congo. My mission is over. Need $1,500 for early retirement clearance.","dear, i am un peacekeeper in congo. my mission is over. need $1,500 for early retirement clearance.",en,ROMANCE_SCAM,True,HIGH,scam,synthetic,2.0.0-beta,"{""urls"": [], ""phones"": [], ""upi_ids"": [], ""banks"": [], ""emails"": [], ""aadhaar"": [], ""pan"": []}",Synthetic sample for ROMANCE_SCAM expansion. Generated via pattern-based synthesis.,2026-07-30T09:28:45.578Z,2026-07-30T09:28:45.578Z
ROMANCE_SCAM_0023,"Hello my life, I am Brazilian model. I want to settle in India. My agency fee is Rs 30,000 for release.","hello my life, i am brazilian model. i want to settle in india. my agency fee is rs 30,000 for release.",en,ROMANCE_SCAM,True,HIGH,scam,synthetic,2.0.0-beta,"{""urls"": [], ""phones"": [], ""upi_ids"": [], ""banks"": [], ""emails"": [], ""aadhaar"": [], ""pan"": []}",Synthetic sample for ROMANCE_SCAM expansion. Generated via pattern-based synthesis.,2026-07-30T09:28:45.578Z,2026-07-30T09:28:45.578Z
ROMANCE_SCAM_0024,"I am Italian chef in Dubai. I won lottery of $2 million. Need Rs 20,000 to claim my prize. Let's share.","i am italian chef in dubai. i won lottery of $2 million. need rs 20,000 to claim my prize. let's share.",en,ROMANCE_SCAM,True,HIGH,scam,synthetic,2.0.0-beta,"{""urls"": [], ""phones"": [], ""upi_ids"": [], ""banks"": [], ""emails"": [], ""aadhaar"": [], ""pan"": []}",Synthetic sample for ROMANCE_SCAM expansion. Generated via pattern-based synthesis.,2026-07-30T09:28:45.578Z,2026-07-30T09:28:45.578Z
ROMANCE_SCAM_0025,"Hi babu, I am Sri Lankan Tamil girl. I love you. Help me with Rs 15,000 for visa to come to Chennai.","hi babu, i am sri lankan tamil girl. i love you. help me with rs 15,000 for visa to come to chennai.",MEDIUM,ROMANCE_SCAM,True,ta-en,scam,synthetic,2.0.0-beta,"{""urls"": [], ""phones"": [], ""upi_ids"": [], ""banks"": [], ""emails"": [], ""aadhaar"": [], ""pan"": []}",Synthetic sample for ROMANCE_SCAM expansion. Generated via pattern-based synthesis.,2026-07-30T09:28:45.578Z,2026-07-30T09:28:45.578Z
TELECOM_SCAM_0016,Dear Jio user: Your SIM will be blocked within 12 hours due to KYC not updated. Update now: http://jio-kyc.in,dear jio user: your sim will be blocked within 12 hours due to kyc not updated. update now: http://jio-kyc.in,en,TELECOM_SCAM,True,HIGH,scam,synthetic,2.0.0-beta,"{""urls"": [""http://jio-kyc.in""], ""phones"": [], ""upi_ids"": [], ""banks"": [], ""emails"": [], ""aadhaar"": [], ""pan"": []}",Synthetic sample for TELECOM_SCAM expansion. Generated via pattern-based synthesis.,2026-07-30T09:28:45.579Z,2026-07-30T09:28:45.579Z
TELECOM_SCAM_0017,Airtel: Your number will be disconnected. Call customer care immediately to avoid deactivation.,airtel: your number will be disconnected. call customer care immediately to avoid deactivation.,en,TELECOM_SCAM,True,HIGH,scam,synthetic,2.0.0-beta,"{""urls"": [], ""phones"": [], ""upi_ids"": [], ""banks"": [], ""emails"": [], ""aadhaar"": [], ""pan"": []}",Synthetic sample for TELECOM_SCAM expansion. Generated via pattern-based synthesis.,2026-07-30T09:28:45.579Z,2026-07-30T09:28:45.579Z
TELECOM_SCAM_0018,VI: Your SIM has been used for illegal activities. Call 1800-123-456 immediately to explain.,vi: your sim has been used for illegal activities. call 1800-123-456 immediately to explain.,en,TELECOM_SCAM,True,CRITICAL,scam,synthetic,2.0.0-beta,"{""urls"": [], ""phones"": [], ""upi_ids"": [], ""banks"": [], ""emails"": [], ""aadhaar"": [], ""pan"": []}",Synthetic sample for TELECOM_SCAM expansion. Generated via pattern-based synthesis.,2026-07-30T09:28:45.579Z,2026-07-30T09:28:45.579Z
TELECOM_SCAM_0019,BSNL: Your mobile number has been cloned. Immediate action required to block duplicate SIM.,bsnl: your mobile number has been cloned. immediate action required to block duplicate sim.,en,TELECOM_SCAM,True,CRITICAL,scam,synthetic,2.0.0-beta,"{""urls"": [], ""phones"": [], ""upi_ids"": [], ""banks"": [], ""emails"": [], ""aadhaar"": [], ""pan"": []}",Synthetic sample for TELECOM_SCAM expansion. Generated via pattern-based synthesis.,2026-07-30T09:28:45.579Z,2026-07-30T09:28:45.579Z
TELECOM_SCAM_0020,TRAI: Your mobile number is involved in spam calls. Your number will be disconnected permanently.,trai: your mobile number is involved in spam calls. your number will be disconnected permanently.,en,TELECOM_SCAM,True,HIGH,scam,synthetic,2.0.0-beta,"{""urls"": [], ""phones"": [], ""upi_ids"": [], ""banks"": [], ""emails"": [], ""aadhaar"": [], ""pan"": []}",Synthetic sample for TELECOM_SCAM expansion. Generated via pattern-based synthesis.,2026-07-30T09:28:45.579Z,2026-07-30T09:28:45.579Z
TELECOM_SCAM_0021,Jio: Special offer! Upgrade to 5G free for 1 year. Click https://jio-5g-offer.xyz to activate.,jio: special offer! upgrade to 5g free for 1 year. click https://jio-5g-offer.xyz to activate.,en,TELECOM_SCAM,True,MEDIUM,scam,synthetic,2.0.0-beta,"{""urls"": [""https://jio-5g-offer.xyz""], ""phones"": [], ""upi_ids"": [], ""banks"": [], ""emails"": [], ""aadhaar"": [], ""pan"": []}",Synthetic sample for TELECOM_SCAM expansion. Generated via pattern-based synthesis.,2026-07-30T09:28:45.580Z,2026-07-30T09:28:45.580Z
TELECOM_SCAM_0022,Airtel: Rs 99 unlimited data pack for 28 days. Claim now before offer expires: http://airtel-offer.tk,airtel: rs 99 unlimited data pack for 28 days. claim now before offer expires: http://airtel-offer.tk,en,TELECOM_SCAM,True,MEDIUM,scam,synthetic,2.0.0-beta,"{""urls"": [""http://airtel-offer.tk""], ""phones"": [], ""upi_ids"": [], ""banks"": [], ""emails"": [], ""aadhaar"": [], ""pan"": []}",Synthetic sample for TELECOM_SCAM expansion. Generated via pattern-based synthesis.,2026-07-30T09:28:45.580Z,2026-07-30T09:28:45.580Z
TELECOM_SCAM_0023,VI: Your SIM card has been deactivated due to Aadhaar biometric mismatch. Re-verify at https://vi-verify.xyz,vi: your sim card has been deactivated due to aadhaar biometric mismatch. re-verify at https://vi-verify.xyz,en,TELECOM_SCAM,True,HIGH,scam,synthetic,2.0.0-beta,"{""urls"": [""https://vi-verify.xyz""], ""phones"": [], ""upi_ids"": [], ""banks"": [], ""emails"": [], ""aadhaar"": [], ""pan"": []}",Synthetic sample for TELECOM_SCAM expansion. Generated via pattern-based synthesis.,2026-07-30T09:28:45.580Z,2026-07-30T09:28:45.580Z
TELECOM_SCAM_0024,"BSNL: Your FTTH broadband will be disconnected for non-payment. Pay Rs 1,200 immediately.","bsnl: your ftth broadband will be disconnected for non-payment. pay rs 1,200 immediately.",en,TELECOM_SCAM,True,HIGH,scam,synthetic,2.0.0-beta,"{""urls"": [], ""phones"": [], ""upi_ids"": [], ""banks"": [], ""emails"": [], ""aadhaar"": [], ""pan"": []}",Synthetic sample for TELECOM_SCAM expansion. Generated via pattern-based synthesis.,2026-07-30T09:28:45.580Z,2026-07-30T09:28:45.580Z
TELECOM_SCAM_0025,TRAI warning: Your mobile number flagged for telemarketing. Submit undertaking to avoid blacklisting.,trai warning: your mobile number flagged for telemarketing. submit undertaking to avoid blacklisting.,en,TELECOM_SCAM,True,HIGH,scam,synthetic,2.0.0-beta,"{""urls"": [], ""phones"": [], ""upi_ids"": [], ""banks"": [], ""emails"": [], ""aadhaar"": [], ""pan"": []}",Synthetic sample for TELECOM_SCAM expansion. Generated via pattern-based synthesis.,2026-07-30T09:28:45.580Z,2026-07-30T09:28:45.580Z
LEGITIMATE_OTHER_0051,Your Flipkart order GR9876543210 has been delivered. Rate your purchase and win coupons!,your flipkart order gr9876543210 has been delivered. rate your purchase and win coupons!,en,LEGITIMATE_OTHER,False,NONE,legitimate,synthetic,2.0.0-beta,"{""urls"": [], ""phones"": [""9876543210""], ""upi_ids"": [], ""banks"": [], ""emails"": [], ""aadhaar"": [], ""pan"": []}",Synthetic sample for LEGITIMATE_OTHER expansion. Generated via pattern-based synthesis.,2026-07-30T09:28:45.580Z,2026-07-30T09:28:45.580Z
LEGITIMATE_OTHER_0052,Netflix: Your monthly subscription of Rs 199 renewed successfully. Watch unlimited movies.,netflix: your monthly subscription of rs 199 renewed successfully. watch unlimited movies.,en,LEGITIMATE_OTHER,False,NONE,legitimate,synthetic,2.0.0-beta,"{""urls"": [], ""phones"": [], ""upi_ids"": [], ""banks"": [], ""emails"": [], ""aadhaar"": [], ""pan"": []}",Synthetic sample for LEGITIMATE_OTHER expansion. Generated via pattern-based synthesis.,2026-07-30T09:28:45.580Z,2026-07-30T09:28:45.580Z
LEGITIMATE_OTHER_0053,Google: Your storage is almost full. Free up space by deleting old files at drive.google.com,google: your storage is almost full. free up space by deleting old files at drive.google.com,en,LEGITIMATE_OTHER,False,NONE,legitimate,synthetic,2.0.0-beta,"{""urls"": [], ""phones"": [], ""upi_ids"": [], ""banks"": [], ""emails"": [], ""aadhaar"": [], ""pan"": []}",Synthetic sample for LEGITIMATE_OTHER expansion. Generated via pattern-based synthesis.,2026-07-30T09:28:45.581Z,2026-07-30T09:28:45.581Z
LEGITIMATE_OTHER_0054,LinkedIn Premium: Your 1-month free trial will end in 3 days. Cancel anytime.,linkedin premium: your 1-month free trial will end in 3 days. cancel anytime.,en,LEGITIMATE_OTHER,False,NONE,legitimate,synthetic,2.0.0-beta,"{""urls"": [], ""phones"": [], ""upi_ids"": [], ""banks"": [], ""emails"": [], ""aadhaar"": [], ""pan"": []}",Synthetic sample for LEGITIMATE_OTHER expansion. Generated via pattern-based synthesis.,2026-07-30T09:28:45.581Z,2026-07-30T09:28:45.581Z
LEGITIMATE_OTHER_0055,Spotify: Your playlist 'Top Hits 2026' updated with new songs. Listen now.,spotify: your playlist 'top hits 2026' updated with new songs. listen now.,en,LEGITIMATE_OTHER,False,NONE,legitimate,synthetic,2.0.0-beta,"{""urls"": [], ""phones"": [], ""upi_ids"": [], ""banks"": [], ""emails"": [], ""aadhaar"": [], ""pan"": []}",Synthetic sample for LEGITIMATE_OTHER expansion. Generated via pattern-based synthesis.,2026-07-30T09:28:45.581Z,2026-07-30T09:28:45.581Z
AADHAAR_SCAM_0026,Your Aadhaar card will be deactivated. Update your Aadhaar at http://verify-uidai.xyz,your aadhaar card will be deactivated. update your aadhaar at http://verify-uidai.xyz,en,AADHAAR_SCAM,True,HIGH,scam,synthetic,2.0.0-gamma,"{""urls"": [""http://verify-uidai.xyz""], ""phones"": [], ""emails"": [], ""banks"": [], ""amounts"": []}",Gamma expansion variant for AADHAAR_SCAM.,2026-07-30T10:24:12.258Z,2026-07-30T10:24:12.258Z
AADHAAR_SCAM_0027,Your Aadhaar card will be deactivated. Update your Aadhaar at http://update-aadhaar.tk,your aadhaar card will be deactivated. update your aadhaar at http://update-aadhaar.tk,en,AADHAAR_SCAM,True,HIGH,scam,synthetic,2.0.0-gamma,"{""urls"": [""http://update-aadhaar.tk""], ""phones"": [], ""emails"": [], ""banks"": [], ""amounts"": []}",Gamma expansion variant for AADHAAR_SCAM.,2026-07-30T10:24:12.258Z,2026-07-30T10:24:12.258Z
AADHAAR_SCAM_0028,Your Aadhaar card will be deactivated. Update your Aadhaar at http://pan-verify.net,your aadhaar card will be deactivated. update your aadhaar at http://pan-verify.net,en,AADHAAR_SCAM,True,HIGH,scam,synthetic,2.0.0-gamma,"{""urls"": [""http://pan-verify.net""], ""phones"": [], ""emails"": [], ""banks"": [], ""amounts"": []}",Gamma expansion variant for AADHAAR_SCAM.,2026-07-30T10:24:12.258Z,2026-07-30T10:24:12.258Z
AADHAAR_SCAM_0029,Aadhaar update: Your mobile number is not linked. Call 1800-425-6789 immediately.,aadhaar update: your mobile number is not linked. call 1800-425-6789 immediately.,en,AADHAAR_SCAM,True,HIGH,scam,synthetic,2.0.0-gamma,"{""urls"": [], ""phones"": [""1800-425-6789""], ""emails"": [], ""banks"": [], ""amounts"": ["" 1800"", ""425"", ""6789""]}",Gamma expansion variant for AADHAAR_SCAM.,2026-07-30T10:24:12.258Z,2026-07-30T10:24:12.258Z
AADHAAR_SCAM_0030,Aadhaar update: Your mobile number is not linked. Call 1800-258-3690 immediately.,aadhaar update: your mobile number is not linked. call 1800-258-3690 immediately.,en,AADHAAR_SCAM,True,HIGH,scam,synthetic,2.0.0-gamma,"{""urls"": [], ""phones"": [""1800-258-3690""], ""emails"": [], ""banks"": [], ""amounts"": ["" 1800"", ""258"", ""3690""]}",Gamma expansion variant for AADHAAR_SCAM.,2026-07-30T10:24:12.258Z,2026-07-30T10:24:12.258Z
AADHAAR_SCAM_0031,Aadhaar update: Your mobile number is not linked. Call 1800-123-4567 immediately.,aadhaar update: your mobile number is not linked. call 1800-123-4567 immediately.,en,AADHAAR_SCAM,True,HIGH,scam,synthetic,2.0.0-gamma,"{""urls"": [], ""phones"": [""1800-123-4567""], ""emails"": [], ""banks"": [], ""amounts"": ["" 1800"", ""123"", ""4567""]}",Gamma expansion variant for AADHAAR_SCAM.,2026-07-30T10:24:12.258Z,2026-07-30T10:24:12.258Z
AADHAAR_SCAM_0032,Your Aadhaar biometrics have been compromised. Re-issue urgent. Call now.,your aadhaar biometrics have been compromised. re-issue urgent. call now.,en,AADHAAR_SCAM,True,HIGH,scam,synthetic,2.0.0-gamma,"{""urls"": [], ""phones"": [], ""emails"": [], ""banks"": [], ""amounts"": []}",Gamma expansion variant for AADHAAR_SCAM.,2026-07-30T10:24:12.258Z,2026-07-30T10:24:12.258Z
AADHAAR_SCAM_0033,"Aadhaar payment of Rs 5,000 approved. Click to receive: http://verify-uidai.xyz","aadhaar payment of rs 5,000 approved. click to receive: http://verify-uidai.xyz",en,AADHAAR_SCAM,True,HIGH,scam,synthetic,2.0.0-gamma,"{""urls"": [""http://verify-uidai.xyz""], ""phones"": [], ""emails"": [], ""banks"": [], ""amounts"": [""Rs 5,000""]}",Gamma expansion variant for AADHAAR_SCAM.,2026-07-30T10:24:12.258Z,2026-07-30T10:24:12.258Z
AADHAAR_SCAM_0034,"Aadhaar payment of Rs 5,000 approved. Click to receive: http://update-aadhaar.tk","aadhaar payment of rs 5,000 approved. click to receive: http://update-aadhaar.tk",en,AADHAAR_SCAM,True,HIGH,scam,synthetic,2.0.0-gamma,"{""urls"": [""http://update-aadhaar.tk""], ""phones"": [], ""emails"": [], ""banks"": [], ""amounts"": [""Rs 5,000""]}",Gamma expansion variant for AADHAAR_SCAM.,2026-07-30T10:24:12.259Z,2026-07-30T10:24:12.259Z
AADHAAR_SCAM_0035,"Aadhaar payment of Rs 5,000 approved. Click to receive: http://pan-verify.net","aadhaar payment of rs 5,000 approved. click to receive: http://pan-verify.net",en,AADHAAR_SCAM,True,HIGH,scam,synthetic,2.0.0-gamma,"{""urls"": [""http://pan-verify.net""], ""phones"": [], ""emails"": [], ""banks"": [], ""amounts"": [""Rs 5,000""]}",Gamma expansion variant for AADHAAR_SCAM.,2026-07-30T10:24:12.259Z,2026-07-30T10:24:12.259Z
AADHAAR_SCAM_0036,"Aadhaar payment of Rs 5,000 approved. Click to receive: http://aadhaar-payment.tk","aadhaar payment of rs 5,000 approved. click to receive: http://aadhaar-payment.tk",en,AADHAAR_SCAM,True,HIGH,scam,synthetic,2.0.0-gamma,"{""urls"": [""http://aadhaar-payment.tk""], ""phones"": [], ""emails"": [], ""banks"": [], ""amounts"": [""Rs 5,000""]}",Gamma expansion variant for AADHAAR_SCAM.,2026-07-30T10:24:12.259Z,2026-07-30T10:24:12.259Z
AADHAAR_SCAM_0037,UIDAI: Your Aadhaar used in 27 transactions across 4 states. Verify now.,uidai: your aadhaar used in 27 transactions across 4 states. verify now.,en,AADHAAR_SCAM,True,HIGH,scam,synthetic,2.0.0-gamma,"{""urls"": [], ""phones"": [], ""emails"": [], ""banks"": [], ""amounts"": ["" 27"", "" 4""]}",Gamma expansion variant for AADHAAR_SCAM.,2026-07-30T10:24:12.259Z,2026-07-30T10:24:12.259Z
AADHAAR_SCAM_0038,Your Aadhaar has been used to open a bank account in Gujarat. Not you? Call 1800-425-6789.,your aadhaar has been used to open a bank account in gujarat. not you? call 1800-425-6789.,en,AADHAAR_SCAM,True,HIGH,scam,synthetic,2.0.0-gamma,"{""urls"": [], ""phones"": [""1800-425-6789""], ""emails"": [], ""banks"": [], ""amounts"": ["" 1800"", ""425"", ""6789""]}",Gamma expansion variant for AADHAAR_SCAM.,2026-07-30T10:24:12.259Z,2026-07-30T10:24:12.259Z
AADHAAR_SCAM_0039,Your Aadhaar has been used to open a bank account in Gujarat. Not you? Call 1800-258-3690.,your aadhaar has been used to open a bank account in gujarat. not you? call 1800-258-3690.,en,AADHAAR_SCAM,True,HIGH,scam,synthetic,2.0.0-gamma,"{""urls"": [], ""phones"": [""1800-258-3690""], ""emails"": [], ""banks"": [], ""amounts"": ["" 1800"", ""258"", ""3690""]}",Gamma expansion variant for AADHAAR_SCAM.,2026-07-30T10:24:12.259Z,2026-07-30T10:24:12.259Z
AADHAAR_SCAM_0040,Your Aadhaar has been used to open a bank account in Gujarat. Not you? Call 1800-123-4567.,your aadhaar has been used to open a bank account in gujarat. not you? call 1800-123-4567.,en,AADHAAR_SCAM,True,HIGH,scam,synthetic,2.0.0-gamma,"{""urls"": [], ""phones"": [""1800-123-4567""], ""emails"": [], ""banks"": [], ""amounts"": ["" 1800"", ""123"", ""4567""]}",Gamma expansion variant for AADHAAR_SCAM.,2026-07-30T10:24:12.259Z,2026-07-30T10:24:12.259Z
AADHAAR_SCAM_0041,Aadhaar seeding with bank incomplete. Your account will be frozen. Update Aadhaar now.,aadhaar seeding with bank incomplete. your account will be frozen. update aadhaar now.,en,AADHAAR_SCAM,True,HIGH,scam,synthetic,2.0.0-gamma,"{""urls"": [], ""phones"": [], ""emails"": [], ""banks"": [], ""amounts"": []}",Gamma expansion variant for AADHAAR_SCAM.,2026-07-30T10:24:12.259Z,2026-07-30T10:24:12.259Z
AADHAAR_SCAM_0042,"Your Aadhaar linked mobile number is being changed. If not you, click http://verify-uidai.xyz","your aadhaar linked mobile number is being changed. if not you, click http://verify-uidai.xyz",en,AADHAAR_SCAM,True,HIGH,scam,synthetic,2.0.0-gamma,"{""urls"": [""http://verify-uidai.xyz""], ""phones"": [], ""emails"": [], ""banks"": [], ""amounts"": ["",""]}",Gamma expansion variant for AADHAAR_SCAM.,2026-07-30T10:24:12.259Z,2026-07-30T10:24:12.259Z
AADHAAR_SCAM_0043,"Your Aadhaar linked mobile number is being changed. If not you, click http://update-aadhaar.tk","your aadhaar linked mobile number is being changed. if not you, click http://update-aadhaar.tk",en,AADHAAR_SCAM,True,HIGH,scam,synthetic,2.0.0-gamma,"{""urls"": [""http://update-aadhaar.tk""], ""phones"": [], ""emails"": [], ""banks"": [], ""amounts"": ["",""]}",Gamma expansion variant for AADHAAR_SCAM.,2026-07-30T10:24:12.259Z,2026-07-30T10:24:12.259Z
AADHAAR_SCAM_0044,"Your Aadhaar linked mobile number is being changed. If not you, click http://pan-verify.net","your aadhaar linked mobile number is being changed. if not you, click http://pan-verify.net",en,AADHAAR_SCAM,True,HIGH,scam,synthetic,2.0.0-gamma,"{""urls"": [""http://pan-verify.net""], ""phones"": [], ""emails"": [], ""banks"": [], ""amounts"": ["",""]}",Gamma expansion variant for AADHAAR_SCAM.,2026-07-30T10:24:12.259Z,2026-07-30T10:24:12.259Z
AADHAAR_SCAM_0045,"Your Aadhaar linked mobile number is being changed. If not you, click http://block-aadhaar.xyz","your aadhaar linked mobile number is being changed. if not you, click http://block-aadhaar.xyz",en,AADHAAR_SCAM,True,HIGH,scam,synthetic,2.0.0-gamma,"{""urls"": [""http://block-aadhaar.xyz""], ""phones"": [], ""emails"": [], ""banks"": [], ""amounts"": ["",""]}",Gamma expansion variant for AADHAAR_SCAM.,2026-07-30T10:24:12.259Z,2026-07-30T10:24:12.259Z
AADHAAR_SCAM_0046,Aadhaar card download link: http://verify-uidai.xyz One-time password sent.,aadhaar card download link: http://verify-uidai.xyz one-time password sent.,en,AADHAAR_SCAM,True,HIGH,scam,synthetic,2.0.0-gamma,"{""urls"": [""http://verify-uidai.xyz""], ""phones"": [], ""emails"": [], ""banks"": [], ""amounts"": []}",Gamma expansion variant for AADHAAR_SCAM.,2026-07-30T10:24:12.259Z,2026-07-30T10:24:12.259Z
AADHAAR_SCAM_0047,Aadhaar card download link: http://update-aadhaar.tk One-time password sent.,aadhaar card download link: http://update-aadhaar.tk one-time password sent.,en,AADHAAR_SCAM,True,HIGH,scam,synthetic,2.0.0-gamma,"{""urls"": [""http://update-aadhaar.tk""], ""phones"": [], ""emails"": [], ""banks"": [], ""amounts"": []}",Gamma expansion variant for AADHAAR_SCAM.,2026-07-30T10:24:12.259Z,2026-07-30T10:24:12.259Z
AADHAAR_SCAM_0048,Aadhaar card download link: http://pan-verify.net One-time password sent.,aadhaar card download link: http://pan-verify.net one-time password sent.,en,AADHAAR_SCAM,True,HIGH,scam,synthetic,2.0.0-gamma,"{""urls"": [""http://pan-verify.net""], ""phones"": [], ""emails"": [], ""banks"": [], ""amounts"": []}",Gamma expansion variant for AADHAAR_SCAM.,2026-07-30T10:24:12.259Z,2026-07-30T10:24:12.259Z
AADHAAR_SCAM_0049,Aadhaar card download link: http://eaadhaar-download.in. One-time password sent.,aadhaar card download link: http://eaadhaar-download.in. one-time password sent.,en,AADHAAR_SCAM,True,HIGH,scam,synthetic,2.0.0-gamma,"{""urls"": [""http://eaadhaar-download.in.""], ""phones"": [], ""emails"": [], ""banks"": [], ""amounts"": []}",Gamma expansion variant for AADHAAR_SCAM.,2026-07-30T10:24:12.259Z,2026-07-30T10:24:12.259Z
AADHAAR_SCAM_0050,Your Aadhaar has been suspended due to invalid documents. Re-upload at http://verify-uidai.xyz,your aadhaar has been suspended due to invalid documents. re-upload at http://verify-uidai.xyz,en,AADHAAR_SCAM,True,HIGH,scam,synthetic,2.0.0-gamma,"{""urls"": [""http://verify-uidai.xyz""], ""phones"": [], ""emails"": [], ""banks"": [], ""amounts"": []}",Gamma expansion variant for AADHAAR_SCAM.,2026-07-30T10:24:12.260Z,2026-07-30T10:24:12.260Z
AADHAAR_SCAM_0051,Your Aadhaar has been suspended due to invalid documents. Re-upload at http://update-aadhaar.tk,your aadhaar has been suspended due to invalid documents. re-upload at http://update-aadhaar.tk,en,AADHAAR_SCAM,True,HIGH,scam,synthetic,2.0.0-gamma,"{""urls"": [""http://update-aadhaar.tk""], ""phones"": [], ""emails"": [], ""banks"": [], ""amounts"": []}",Gamma expansion variant for AADHAAR_SCAM.,2026-07-30T10:24:12.260Z,2026-07-30T10:24:12.260Z
AADHAAR_SCAM_0052,Your Aadhaar has been suspended due to invalid documents. Re-upload at http://pan-verify.net,your aadhaar has been suspended due to invalid documents. re-upload at http://pan-verify.net,en,AADHAAR_SCAM,True,HIGH,scam,synthetic,2.0.0-gamma,"{""urls"": [""http://pan-verify.net""], ""phones"": [], ""emails"": [], ""banks"": [], ""amounts"": []}",Gamma expansion variant for AADHAAR_SCAM.,2026-07-30T10:24:12.260Z,2026-07-30T10:24:12.260Z
AADHAAR_SCAM_0053,Your Aadhaar has been suspended due to invalid documents. Re-upload at http://uidai-update.xyz,your aadhaar has been suspended due to invalid documents. re-upload at http://uidai-update.xyz,en,AADHAAR_SCAM,True,HIGH,scam,synthetic,2.0.0-gamma,"{""urls"": [""http://uidai-update.xyz""], ""phones"": [], ""emails"": [], ""banks"": [], ""amounts"": []}",Gamma expansion variant for AADHAAR_SCAM.,2026-07-30T10:24:12.260Z,2026-07-30T10:24:12.260Z
COURIER_SCAM_0041,"FedEx: Your parcel held at Mumbai customs. Pay Rs 5,000 clearance fee at http://verify-uidai.xyz","fedex: your parcel held at mumbai customs. pay rs 5,000 clearance fee at http://verify-uidai.xyz",en,COURIER_SCAM,True,HIGH,scam,synthetic,2.0.0-gamma,"{""urls"": [""http://verify-uidai.xyz""], ""phones"": [], ""emails"": [], ""banks"": [], ""amounts"": [""Rs 5,000""]}",Gamma expansion variant for COURIER_SCAM.,2026-07-30T10:24:12.262Z,2026-07-30T10:24:12.262Z
COURIER_SCAM_0042,"FedEx: Your parcel held at Mumbai customs. Pay Rs 5,000 clearance fee at http://update-aadhaar.tk","fedex: your parcel held at mumbai customs. pay rs 5,000 clearance fee at http://update-aadhaar.tk",en,COURIER_SCAM,True,HIGH,scam,synthetic,2.0.0-gamma,"{""urls"": [""http://update-aadhaar.tk""], ""phones"": [], ""emails"": [], ""banks"": [], ""amounts"": [""Rs 5,000""]}",Gamma expansion variant for COURIER_SCAM.,2026-07-30T10:24:12.262Z,2026-07-30T10:24:12.262Z
COURIER_SCAM_0043,"FedEx: Your parcel held at Mumbai customs. Pay Rs 5,000 clearance fee at http://pan-verify.net","fedex: your parcel held at mumbai customs. pay rs 5,000 clearance fee at http://pan-verify.net",en,COURIER_SCAM,True,HIGH,scam,synthetic,2.0.0-gamma,"{""urls"": [""http://pan-verify.net""], ""phones"": [], ""emails"": [], ""banks"": [], ""amounts"": [""Rs 5,000""]}",Gamma expansion variant for COURIER_SCAM.,2026-07-30T10:24:12.262Z,2026-07-30T10:24:12.262Z
COURIER_SCAM_0044,"FedEx: Your parcel held at Mumbai customs. Pay Rs 5,000 clearance fee at http://fedex-customs.xyz","fedex: your parcel held at mumbai customs. pay rs 5,000 clearance fee at http://fedex-customs.xyz",en,COURIER_SCAM,True,HIGH,scam,synthetic,2.0.0-gamma,"{""urls"": [""http://fedex-customs.xyz""], ""phones"": [], ""emails"": [], ""banks"": [], ""amounts"": [""Rs 5,000""]}",Gamma expansion variant for COURIER_SCAM.,2026-07-30T10:24:12.262Z,2026-07-30T10:24:12.262Z
COURIER_SCAM_0045,"DHL: Your international shipment requires Rs 12,500 customs duty. Pay at http://verify-uidai.xyz","dhl: your international shipment requires rs 12,500 customs duty. pay at http://verify-uidai.xyz",en,COURIER_SCAM,True,HIGH,scam,synthetic,2.0.0-gamma,"{""urls"": [""http://verify-uidai.xyz""], ""phones"": [], ""emails"": [], ""banks"": [], ""amounts"": [""Rs 12,500""]}",Gamma expansion variant for COURIER_SCAM.,2026-07-30T10:24:12.262Z,2026-07-30T10:24:12.262Z
COURIER_SCAM_0046,"DHL: Your international shipment requires Rs 12,500 customs duty. Pay at http://update-aadhaar.tk","dhl: your international shipment requires rs 12,500 customs duty. pay at http://update-aadhaar.tk",en,COURIER_SCAM,True,HIGH,scam,synthetic,2.0.0-gamma,"{""urls"": [""http://update-aadhaar.tk""], ""phones"": [], ""emails"": [], ""banks"": [], ""amounts"": [""Rs 12,500""]}",Gamma expansion variant for COURIER_SCAM.,2026-07-30T10:24:12.262Z,2026-07-30T10:24:12.262Z
COURIER_SCAM_0047,"DHL: Your international shipment requires Rs 12,500 customs duty. Pay at http://pan-verify.net","dhl: your international shipment requires rs 12,500 customs duty. pay at http://pan-verify.net",en,COURIER_SCAM,True,HIGH,scam,synthetic,2.0.0-gamma,"{""urls"": [""http://pan-verify.net""], ""phones"": [], ""emails"": [], ""banks"": [], ""amounts"": [""Rs 12,500""]}",Gamma expansion variant for COURIER_SCAM.,2026-07-30T10:24:12.262Z,2026-07-30T10:24:12.262Z
COURIER_SCAM_0048,"DHL: Your international shipment requires Rs 12,500 customs duty. Pay at http://dhl-clearance.tk","dhl: your international shipment requires rs 12,500 customs duty. pay at http://dhl-clearance.tk",en,COURIER_SCAM,True,HIGH,scam,synthetic,2.0.0-gamma,"{""urls"": [""http://dhl-clearance.tk""], ""phones"": [], ""emails"": [], ""banks"": [], ""amounts"": [""Rs 12,500""]}",Gamma expansion variant for COURIER_SCAM.,2026-07-30T10:24:12.262Z,2026-07-30T10:24:12.262Z
COURIER_SCAM_0049,Blue Dart: Your parcel contains prohibited items. Call 1800-425-6789 to avoid legal action.,blue dart: your parcel contains prohibited items. call 1800-425-6789 to avoid legal action.,en,COURIER_SCAM,True,HIGH,scam,synthetic,2.0.0-gamma,"{""urls"": [], ""phones"": [""1800-425-6789""], ""emails"": [], ""banks"": [], ""amounts"": ["" 1800"", ""425"", ""6789""]}",Gamma expansion variant for COURIER_SCAM.,2026-07-30T10:24:12.262Z,2026-07-30T10:24:12.262Z
COURIER_SCAM_0050,Blue Dart: Your parcel contains prohibited items. Call 1800-258-3690 to avoid legal action.,blue dart: your parcel contains prohibited items. call 1800-258-3690 to avoid legal action.,en,COURIER_SCAM,True,HIGH,scam,synthetic,2.0.0-gamma,"{""urls"": [], ""phones"": [""1800-258-3690""], ""emails"": [], ""banks"": [], ""amounts"": ["" 1800"", ""258"", ""3690""]}",Gamma expansion variant for COURIER_SCAM.,2026-07-30T10:24:12.262Z,2026-07-30T10:24:12.262Z
COURIER_SCAM_0051,Blue Dart: Your parcel contains prohibited items. Call 1800-123-4567 to avoid legal action.,blue dart: your parcel contains prohibited items. call 1800-123-4567 to avoid legal action.,en,COURIER_SCAM,True,HIGH,scam,synthetic,2.0.0-gamma,"{""urls"": [], ""phones"": [""1800-123-4567""], ""emails"": [], ""banks"": [], ""amounts"": ["" 1800"", ""123"", ""4567""]}",Gamma expansion variant for COURIER_SCAM.,2026-07-30T10:24:12.262Z,2026-07-30T10:24:12.262Z
COURIER_SCAM_0052,Delhivery: Your package returned due to incomplete address. Update at http://verify-uidai.xyz,delhivery: your package returned due to incomplete address. update at http://verify-uidai.xyz,en,COURIER_SCAM,True,HIGH,scam,synthetic,2.0.0-gamma,"{""urls"": [""http://verify-uidai.xyz""], ""phones"": [], ""emails"": [], ""banks"": [], ""amounts"": []}",Gamma expansion variant for COURIER_SCAM.,2026-07-30T10:24:12.262Z,2026-07-30T10:24:12.262Z
COURIER_SCAM_0053,Delhivery: Your package returned due to incomplete address. Update at http://update-aadhaar.tk,delhivery: your package returned due to incomplete address. update at http://update-aadhaar.tk,en,COURIER_SCAM,True,HIGH,scam,synthetic,2.0.0-gamma,"{""urls"": [""http://update-aadhaar.tk""], ""phones"": [], ""emails"": [], ""banks"": [], ""amounts"": []}",Gamma expansion variant for COURIER_SCAM.,2026-07-30T10:24:12.262Z,2026-07-30T10:24:12.262Z
COURIER_SCAM_0054,Delhivery: Your package returned due to incomplete address. Update at http://pan-verify.net,delhivery: your package returned due to incomplete address. update at http://pan-verify.net,en,COURIER_SCAM,True,HIGH,scam,synthetic,2.0.0-gamma,"{""urls"": [""http://pan-verify.net""], ""phones"": [], ""emails"": [], ""banks"": [], ""amounts"": []}",Gamma expansion variant for COURIER_SCAM.,2026-07-30T10:24:12.263Z,2026-07-30T10:24:12.263Z
COURIER_SCAM_0055,Delhivery: Your package returned due to incomplete address. Update at http://delhivery-update.in,delhivery: your package returned due to incomplete address. update at http://delhivery-update.in,en,COURIER_SCAM,True,HIGH,scam,synthetic,2.0.0-gamma,"{""urls"": [""http://delhivery-update.in""], ""phones"": [], ""emails"": [], ""banks"": [], ""amounts"": []}",Gamma expansion variant for COURIER_SCAM.,2026-07-30T10:24:12.263Z,2026-07-30T10:24:12.263Z
COURIER_SCAM_0056,Amazon Logistics: Your delivery failed. Re-schedule at http://verify-uidai.xyz,amazon logistics: your delivery failed. re-schedule at http://verify-uidai.xyz,en,COURIER_SCAM,True,HIGH,scam,synthetic,2.0.0-gamma,"{""urls"": [""http://verify-uidai.xyz""], ""phones"": [], ""emails"": [], ""banks"": [], ""amounts"": []}",Gamma expansion variant for COURIER_SCAM.,2026-07-30T10:24:12.263Z,2026-07-30T10:24:12.263Z
COURIER_SCAM_0057,Amazon Logistics: Your delivery failed. Re-schedule at http://update-aadhaar.tk,amazon logistics: your delivery failed. re-schedule at http://update-aadhaar.tk,en,COURIER_SCAM,True,HIGH,scam,synthetic,2.0.0-gamma,"{""urls"": [""http://update-aadhaar.tk""], ""phones"": [], ""emails"": [], ""banks"": [], ""amounts"": []}",Gamma expansion variant for COURIER_SCAM.,2026-07-30T10:24:12.263Z,2026-07-30T10:24:12.263Z
COURIER_SCAM_0058,Amazon Logistics: Your delivery failed. Re-schedule at http://pan-verify.net,amazon logistics: your delivery failed. re-schedule at http://pan-verify.net,en,COURIER_SCAM,True,HIGH,scam,synthetic,2.0.0-gamma,"{""urls"": [""http://pan-verify.net""], ""phones"": [], ""emails"": [], ""banks"": [], ""amounts"": []}",Gamma expansion variant for COURIER_SCAM.,2026-07-30T10:24:12.263Z,2026-07-30T10:24:12.263Z
COURIER_SCAM_0059,Amazon Logistics: Your delivery failed. Re-schedule at http://amazon-redeliver.xyz.,amazon logistics: your delivery failed. re-schedule at http://amazon-redeliver.xyz.,en,COURIER_SCAM,True,HIGH,scam,synthetic,2.0.0-gamma,"{""urls"": [""http://amazon-redeliver.xyz.""], ""phones"": [], ""emails"": [], ""banks"": [], ""amounts"": []}",Gamma expansion variant for COURIER_SCAM.,2026-07-30T10:24:12.263Z,2026-07-30T10:24:12.263Z
COURIER_SCAM_0060,India Post: Your speed post held at sorting office. Pay Rs 500 storage fee.,india post: your speed post held at sorting office. pay rs 500 storage fee.,en,COURIER_SCAM,True,HIGH,scam,synthetic,2.0.0-gamma,"{""urls"": [], ""phones"": [], ""emails"": [], ""banks"": [], ""amounts"": [""Rs 500""]}",Gamma expansion variant for COURIER_SCAM.,2026-07-30T10:24:12.263Z,2026-07-30T10:24:12.263Z
CRYPTO_SCAM_0026,"Bitcoin price crash: Buy now at Rs 25,00,000. 100x leverage available at http://verify-uidai.xyz","bitcoin price crash: buy now at rs 25,00,000. 100x leverage available at http://verify-uidai.xyz",en,CRYPTO_SCAM,True,HIGH,scam,synthetic,2.0.0-gamma,"{""urls"": [""http://verify-uidai.xyz""], ""phones"": [], ""emails"": [], ""banks"": [], ""amounts"": [""Rs 25,00,000"", "" 100""]}",Gamma expansion variant for CRYPTO_SCAM.,2026-07-30T10:24:12.264Z,2026-07-30T10:24:12.264Z
CRYPTO_SCAM_0027,"Bitcoin price crash: Buy now at Rs 25,00,000. 100x leverage available at http://update-aadhaar.tk","bitcoin price crash: buy now at rs 25,00,000. 100x leverage available at http://update-aadhaar.tk",en,CRYPTO_SCAM,True,HIGH,scam,synthetic,2.0.0-gamma,"{""urls"": [""http://update-aadhaar.tk""], ""phones"": [], ""emails"": [], ""banks"": [], ""amounts"": [""Rs 25,00,000"", "" 100""]}",Gamma expansion variant for CRYPTO_SCAM.,2026-07-30T10:24:12.264Z,2026-07-30T10:24:12.264Z
CRYPTO_SCAM_0028,"Bitcoin price crash: Buy now at Rs 25,00,000. 100x leverage available at http://pan-verify.net","bitcoin price crash: buy now at rs 25,00,000. 100x leverage available at http://pan-verify.net",en,CRYPTO_SCAM,True,HIGH,scam,synthetic,2.0.0-gamma,"{""urls"": [""http://pan-verify.net""], ""phones"": [], ""emails"": [], ""banks"": [], ""amounts"": [""Rs 25,00,000"", "" 100""]}",Gamma expansion variant for CRYPTO_SCAM.,2026-07-30T10:24:12.264Z,2026-07-30T10:24:12.264Z
CRYPTO_SCAM_0029,"Bitcoin price crash: Buy now at Rs 25,00,000. 100x leverage available at http://crypto-trade.xyz.","bitcoin price crash: buy now at rs 25,00,000. 100x leverage available at http://crypto-trade.xyz.",en,CRYPTO_SCAM,True,HIGH,scam,synthetic,2.0.0-gamma,"{""urls"": [""http://crypto-trade.xyz.""], ""phones"": [], ""emails"": [], ""banks"": [], ""amounts"": [""Rs 25,00,000"", "" 100""]}",Gamma expansion variant for CRYPTO_SCAM.,2026-07-30T10:24:12.264Z,2026-07-30T10:24:12.264Z
CRYPTO_SCAM_0030,Etherium 2.0 staking: 25% APY guaranteed. Stake minimum 1 ETH at http://verify-uidai.xyz,etherium 2.0 staking: 25% apy guaranteed. stake minimum 1 eth at http://verify-uidai.xyz,en,CRYPTO_SCAM,True,HIGH,scam,synthetic,2.0.0-gamma,"{""urls"": [""http://verify-uidai.xyz""], ""phones"": [], ""emails"": [], ""banks"": [], ""amounts"": ["" 2.0"", "" 25"", "" 1""]}",Gamma expansion variant for CRYPTO_SCAM.,2026-07-30T10:24:12.265Z,2026-07-30T10:24:12.265Z
CRYPTO_SCAM_0031,Etherium 2.0 staking: 25% APY guaranteed. Stake minimum 1 ETH at http://update-aadhaar.tk,etherium 2.0 staking: 25% apy guaranteed. stake minimum 1 eth at http://update-aadhaar.tk,en,CRYPTO_SCAM,True,HIGH,scam,synthetic,2.0.0-gamma,"{""urls"": [""http://update-aadhaar.tk""], ""phones"": [], ""emails"": [], ""banks"": [], ""amounts"": ["" 2.0"", "" 25"", "" 1""]}",Gamma expansion variant for CRYPTO_SCAM.,2026-07-30T10:24:12.265Z,2026-07-30T10:24:12.265Z
CRYPTO_SCAM_0032,Etherium 2.0 staking: 25% APY guaranteed. Stake minimum 1 ETH at http://pan-verify.net,etherium 2.0 staking: 25% apy guaranteed. stake minimum 1 eth at http://pan-verify.net,en,CRYPTO_SCAM,True,HIGH,scam,synthetic,2.0.0-gamma,"{""urls"": [""http://pan-verify.net""], ""phones"": [], ""emails"": [], ""banks"": [], ""amounts"": ["" 2.0"", "" 25"", "" 1""]}",Gamma expansion variant for CRYPTO_SCAM.,2026-07-30T10:24:12.265Z,2026-07-30T10:24:12.265Z
CRYPTO_SCAM_0033,Etherium 2.0 staking: 25% APY guaranteed. Stake minimum 1 ETH at http://eth-stake.tk.,etherium 2.0 staking: 25% apy guaranteed. stake minimum 1 eth at http://eth-stake.tk.,en,CRYPTO_SCAM,True,HIGH,scam,synthetic,2.0.0-gamma,"{""urls"": [""http://eth-stake.tk.""], ""phones"": [], ""emails"": [], ""banks"": [], ""amounts"": ["" 2.0"", "" 25"", "" 1""]}",Gamma expansion variant for CRYPTO_SCAM.,2026-07-30T10:24:12.265Z,2026-07-30T10:24:12.265Z
CRYPTO_SCAM_0034,Your crypto wallet compromised. Move funds to secure wallet at http://verify-uidai.xyz,your crypto wallet compromised. move funds to secure wallet at http://verify-uidai.xyz,en,CRYPTO_SCAM,True,HIGH,scam,synthetic,2.0.0-gamma,"{""urls"": [""http://verify-uidai.xyz""], ""phones"": [], ""emails"": [], ""banks"": [], ""amounts"": []}",Gamma expansion variant for CRYPTO_SCAM.,2026-07-30T10:24:12.265Z,2026-07-30T10:24:12.265Z
CRYPTO_SCAM_0035,Your crypto wallet compromised. Move funds to secure wallet at http://update-aadhaar.tk,your crypto wallet compromised. move funds to secure wallet at http://update-aadhaar.tk,en,CRYPTO_SCAM,True,HIGH,scam,synthetic,2.0.0-gamma,"{""urls"": [""http://update-aadhaar.tk""], ""phones"": [], ""emails"": [], ""banks"": [], ""amounts"": []}",Gamma expansion variant for CRYPTO_SCAM.,2026-07-30T10:24:12.265Z,2026-07-30T10:24:12.265Z
CRYPTO_SCAM_0036,Your crypto wallet compromised. Move funds to secure wallet at http://pan-verify.net,your crypto wallet compromised. move funds to secure wallet at http://pan-verify.net,en,CRYPTO_SCAM,True,HIGH,scam,synthetic,2.0.0-gamma,"{""urls"": [""http://pan-verify.net""], ""phones"": [], ""emails"": [], ""banks"": [], ""amounts"": []}",Gamma expansion variant for CRYPTO_SCAM.,2026-07-30T10:24:12.265Z,2026-07-30T10:24:12.265Z
CRYPTO_SCAM_0037,Your crypto wallet compromised. Move funds to secure wallet at http://secure-wallet.xyz.,your crypto wallet compromised. move funds to secure wallet at http://secure-wallet.xyz.,en,CRYPTO_SCAM,True,HIGH,scam,synthetic,2.0.0-gamma,"{""urls"": [""http://secure-wallet.xyz.""], ""phones"": [], ""emails"": [], ""banks"": [], ""amounts"": []}",Gamma expansion variant for CRYPTO_SCAM.,2026-07-30T10:24:12.265Z,2026-07-30T10:24:12.265Z
CRYPTO_SCAM_0038,"NFT minting: Your digital art sold for Rs 5,00,000. Claim at http://verify-uidai.xyz","nft minting: your digital art sold for rs 5,00,000. claim at http://verify-uidai.xyz",en,CRYPTO_SCAM,True,HIGH,scam,synthetic,2.0.0-gamma,"{""urls"": [""http://verify-uidai.xyz""], ""phones"": [], ""emails"": [], ""banks"": [], ""amounts"": [""Rs 5,00,000""]}",Gamma expansion variant for CRYPTO_SCAM.,2026-07-30T10:24:12.265Z,2026-07-30T10:24:12.265Z
CRYPTO_SCAM_0039,"NFT minting: Your digital art sold for Rs 5,00,000. Claim at http://update-aadhaar.tk","nft minting: your digital art sold for rs 5,00,000. claim at http://update-aadhaar.tk",en,CRYPTO_SCAM,True,HIGH,scam,synthetic,2.0.0-gamma,"{""urls"": [""http://update-aadhaar.tk""], ""phones"": [], ""emails"": [], ""banks"": [], ""amounts"": [""Rs 5,00,000""]}",Gamma expansion variant for CRYPTO_SCAM.,2026-07-30T10:24:12.265Z,2026-07-30T10:24:12.265Z
CRYPTO_SCAM_0040,"NFT minting: Your digital art sold for Rs 5,00,000. Claim at http://pan-verify.net","nft minting: your digital art sold for rs 5,00,000. claim at http://pan-verify.net",en,CRYPTO_SCAM,True,HIGH,scam,synthetic,2.0.0-gamma,"{""urls"": [""http://pan-verify.net""], ""phones"": [], ""emails"": [], ""banks"": [], ""amounts"": [""Rs 5,00,000""]}",Gamma expansion variant for CRYPTO_SCAM.,2026-07-30T10:24:12.265Z,2026-07-30T10:24:12.265Z
CRYPTO_SCAM_0041,"NFT minting: Your digital art sold for Rs 5,00,000. Claim at http://nft-sale.in.","nft minting: your digital art sold for rs 5,00,000. claim at http://nft-sale.in.",en,CRYPTO_SCAM,True,HIGH,scam,synthetic,2.0.0-gamma,"{""urls"": [""http://nft-sale.in.""], ""phones"": [], ""emails"": [], ""banks"": [], ""amounts"": [""Rs 5,00,000""]}",Gamma expansion variant for CRYPTO_SCAM.,2026-07-30T10:24:12.265Z,2026-07-30T10:24:12.265Z
CRYPTO_SCAM_0042,Solana airdrop: 100 SOL tokens for early investors. Claim at http://verify-uidai.xyz,solana airdrop: 100 sol tokens for early investors. claim at http://verify-uidai.xyz,en,CRYPTO_SCAM,True,HIGH,scam,synthetic,2.0.0-gamma,"{""urls"": [""http://verify-uidai.xyz""], ""phones"": [], ""emails"": [], ""banks"": [], ""amounts"": ["" 100""]}",Gamma expansion variant for CRYPTO_SCAM.,2026-07-30T10:24:12.265Z,2026-07-30T10:24:12.265Z
CRYPTO_SCAM_0043,Solana airdrop: 100 SOL tokens for early investors. Claim at http://update-aadhaar.tk,solana airdrop: 100 sol tokens for early investors. claim at http://update-aadhaar.tk,en,CRYPTO_SCAM,True,HIGH,scam,synthetic,2.0.0-gamma,"{""urls"": [""http://update-aadhaar.tk""], ""phones"": [], ""emails"": [], ""banks"": [], ""amounts"": ["" 100""]}",Gamma expansion variant for CRYPTO_SCAM.,2026-07-30T10:24:12.265Z,2026-07-30T10:24:12.265Z
CRYPTO_SCAM_0044,Solana airdrop: 100 SOL tokens for early investors. Claim at http://pan-verify.net,solana airdrop: 100 sol tokens for early investors. claim at http://pan-verify.net,en,CRYPTO_SCAM,True,HIGH,scam,synthetic,2.0.0-gamma,"{""urls"": [""http://pan-verify.net""], ""phones"": [], ""emails"": [], ""banks"": [], ""amounts"": ["" 100""]}",Gamma expansion variant for CRYPTO_SCAM.,2026-07-30T10:24:12.265Z,2026-07-30T10:24:12.265Z
CRYPTO_SCAM_0045,Solana airdrop: 100 SOL tokens for early investors. Claim at http://sol-airdrop.xyz.,solana airdrop: 100 sol tokens for early investors. claim at http://sol-airdrop.xyz.,en,CRYPTO_SCAM,True,HIGH,scam,synthetic,2.0.0-gamma,"{""urls"": [""http://sol-airdrop.xyz.""], ""phones"": [], ""emails"": [], ""banks"": [], ""amounts"": ["" 100""]}",Gamma expansion variant for CRYPTO_SCAM.,2026-07-30T10:24:12.266Z,2026-07-30T10:24:12.266Z
CRYPTO_SCAM_0046,"Crypto arbitrage bot: Earn Rs 25,000 daily. Automated trading at http://verify-uidai.xyz","crypto arbitrage bot: earn rs 25,000 daily. automated trading at http://verify-uidai.xyz",en,CRYPTO_SCAM,True,HIGH,scam,synthetic,2.0.0-gamma,"{""urls"": [""http://verify-uidai.xyz""], ""phones"": [], ""emails"": [], ""banks"": [], ""amounts"": [""Rs 25,000""]}",Gamma expansion variant for CRYPTO_SCAM.,2026-07-30T10:24:12.266Z,2026-07-30T10:24:12.266Z
CRYPTO_SCAM_0047,"Crypto arbitrage bot: Earn Rs 25,000 daily. Automated trading at http://update-aadhaar.tk","crypto arbitrage bot: earn rs 25,000 daily. automated trading at http://update-aadhaar.tk",en,CRYPTO_SCAM,True,HIGH,scam,synthetic,2.0.0-gamma,"{""urls"": [""http://update-aadhaar.tk""], ""phones"": [], ""emails"": [], ""banks"": [], ""amounts"": [""Rs 25,000""]}",Gamma expansion variant for CRYPTO_SCAM.,2026-07-30T10:24:12.266Z,2026-07-30T10:24:12.266Z
CRYPTO_SCAM_0048,"Crypto arbitrage bot: Earn Rs 25,000 daily. Automated trading at http://pan-verify.net","crypto arbitrage bot: earn rs 25,000 daily. automated trading at http://pan-verify.net",en,CRYPTO_SCAM,True,HIGH,scam,synthetic,2.0.0-gamma,"{""urls"": [""http://pan-verify.net""], ""phones"": [], ""emails"": [], ""banks"": [], ""amounts"": [""Rs 25,000""]}",Gamma expansion variant for CRYPTO_SCAM.,2026-07-30T10:24:12.266Z,2026-07-30T10:24:12.266Z
CRYPTO_SCAM_0049,"Crypto arbitrage bot: Earn Rs 25,000 daily. Automated trading at http://arbitrage-bot.tk.","crypto arbitrage bot: earn rs 25,000 daily. automated trading at http://arbitrage-bot.tk.",en,CRYPTO_SCAM,True,HIGH,scam,synthetic,2.0.0-gamma,"{""urls"": [""http://arbitrage-bot.tk.""], ""phones"": [], ""emails"": [], ""banks"": [], ""amounts"": [""Rs 25,000""]}",Gamma expansion variant for CRYPTO_SCAM.,2026-07-30T10:24:12.266Z,2026-07-30T10:24:12.266Z
CRYPTO_SCAM_0050,Dogecoin pump group: Price target Rs 500. Join premium at http://verify-uidai.xyz,dogecoin pump group: price target rs 500. join premium at http://verify-uidai.xyz,en,CRYPTO_SCAM,True,HIGH,scam,synthetic,2.0.0-gamma,"{""urls"": [""http://verify-uidai.xyz""], ""phones"": [], ""emails"": [], ""banks"": [], ""amounts"": [""Rs 500""]}",Gamma expansion variant for CRYPTO_SCAM.,2026-07-30T10:24:12.266Z,2026-07-30T10:24:12.266Z
CRYPTO_SCAM_0051,Dogecoin pump group: Price target Rs 500. Join premium at http://update-aadhaar.tk,dogecoin pump group: price target rs 500. join premium at http://update-aadhaar.tk,en,CRYPTO_SCAM,True,HIGH,scam,synthetic,2.0.0-gamma,"{""urls"": [""http://update-aadhaar.tk""], ""phones"": [], ""emails"": [], ""banks"": [], ""amounts"": [""Rs 500""]}",Gamma expansion variant for CRYPTO_SCAM.,2026-07-30T10:24:12.266Z,2026-07-30T10:24:12.266Z
CRYPTO_SCAM_0052,Dogecoin pump group: Price target Rs 500. Join premium at http://pan-verify.net,dogecoin pump group: price target rs 500. join premium at http://pan-verify.net,en,CRYPTO_SCAM,True,HIGH,scam,synthetic,2.0.0-gamma,"{""urls"": [""http://pan-verify.net""], ""phones"": [], ""emails"": [], ""banks"": [], ""amounts"": [""Rs 500""]}",Gamma expansion variant for CRYPTO_SCAM.,2026-07-30T10:24:12.266Z,2026-07-30T10:24:12.266Z
CRYPTO_SCAM_0053,Dogecoin pump group: Price target Rs 500. Join premium at http://doge-pump.xyz.,dogecoin pump group: price target rs 500. join premium at http://doge-pump.xyz.,en,CRYPTO_SCAM,True,HIGH,scam,synthetic,2.0.0-gamma,"{""urls"": [""http://doge-pump.xyz.""], ""phones"": [], ""emails"": [], ""banks"": [], ""amounts"": [""Rs 500""]}",Gamma expansion variant for CRYPTO_SCAM.,2026-07-30T10:24:12.266Z,2026-07-30T10:24:12.266Z
CRYPTO_SCAM_0054,Your Binance account flagged for KYC. Update at http://verify-uidai.xyz,your binance account flagged for kyc. update at http://verify-uidai.xyz,en,CRYPTO_SCAM,True,HIGH,scam,synthetic,2.0.0-gamma,"{""urls"": [""http://verify-uidai.xyz""], ""phones"": [], ""emails"": [], ""banks"": [], ""amounts"": []}",Gamma expansion variant for CRYPTO_SCAM.,2026-07-30T10:24:12.266Z,2026-07-30T10:24:12.266Z
CRYPTO_SCAM_0055,Your Binance account flagged for KYC. Update at http://update-aadhaar.tk,your binance account flagged for kyc. update at http://update-aadhaar.tk,en,CRYPTO_SCAM,True,HIGH,scam,synthetic,2.0.0-gamma,"{""urls"": [""http://update-aadhaar.tk""], ""phones"": [], ""emails"": [], ""banks"": [], ""amounts"": []}",Gamma expansion variant for CRYPTO_SCAM.,2026-07-30T10:24:12.266Z,2026-07-30T10:24:12.266Z
CRYPTO_SCAM_0056,Your Binance account flagged for KYC. Update at http://pan-verify.net,your binance account flagged for kyc. update at http://pan-verify.net,en,CRYPTO_SCAM,True,HIGH,scam,synthetic,2.0.0-gamma,"{""urls"": [""http://pan-verify.net""], ""phones"": [], ""emails"": [], ""banks"": [], ""amounts"": []}",Gamma expansion variant for CRYPTO_SCAM.,2026-07-30T10:24:12.266Z,2026-07-30T10:24:12.266Z
CRYPTO_SCAM_0057,Your Binance account flagged for KYC. Update at http://binance-verify.in.,your binance account flagged for kyc. update at http://binance-verify.in.,en,CRYPTO_SCAM,True,HIGH,scam,synthetic,2.0.0-gamma,"{""urls"": [""http://binance-verify.in.""], ""phones"": [], ""emails"": [], ""banks"": [], ""amounts"": []}",Gamma expansion variant for CRYPTO_SCAM.,2026-07-30T10:24:12.266Z,2026-07-30T10:24:12.266Z
CRYPTO_SCAM_0058,Defi yield farming: 200% APY on USDT. Deposit now at http://verify-uidai.xyz,defi yield farming: 200% apy on usdt. deposit now at http://verify-uidai.xyz,en,CRYPTO_SCAM,True,HIGH,scam,synthetic,2.0.0-gamma,"{""urls"": [""http://verify-uidai.xyz""], ""phones"": [], ""emails"": [], ""banks"": [], ""amounts"": ["" 200""]}",Gamma expansion variant for CRYPTO_SCAM.,2026-07-30T10:24:12.266Z,2026-07-30T10:24:12.266Z
CRYPTO_SCAM_0059,Defi yield farming: 200% APY on USDT. Deposit now at http://update-aadhaar.tk,defi yield farming: 200% apy on usdt. deposit now at http://update-aadhaar.tk,en,CRYPTO_SCAM,True,HIGH,scam,synthetic,2.0.0-gamma,"{""urls"": [""http://update-aadhaar.tk""], ""phones"": [], ""emails"": [], ""banks"": [], ""amounts"": ["" 200""]}",Gamma expansion variant for CRYPTO_SCAM.,2026-07-30T10:24:12.266Z,2026-07-30T10:24:12.266Z
CRYPTO_SCAM_0060,Defi yield farming: 200% APY on USDT. Deposit now at http://pan-verify.net,defi yield farming: 200% apy on usdt. deposit now at http://pan-verify.net,en,CRYPTO_SCAM,True,HIGH,scam,synthetic,2.0.0-gamma,"{""urls"": [""http://pan-verify.net""], ""phones"": [], ""emails"": [], ""banks"": [], ""amounts"": ["" 200""]}",Gamma expansion variant for CRYPTO_SCAM.,2026-07-30T10:24:12.266Z,2026-07-30T10:24:12.266Z
DIGITAL_ARREST_0031,Delhi Police: Your Aadhaar used in online fraud. Digital arrest warrant issued. Connect now.,delhi police: your aadhaar used in online fraud. digital arrest warrant issued. connect now.,en,DIGITAL_ARREST,True,HIGH,scam,synthetic,2.0.0-gamma,"{""urls"": [], ""phones"": [], ""emails"": [], ""banks"": [], ""amounts"": []}",Gamma expansion variant for DIGITAL_ARREST.,2026-07-30T10:24:12.268Z,2026-07-30T10:24:12.268Z
DIGITAL_ARREST_0032,CBI: Money laundering case registered against you. Stay on video call for interrogation.,cbi: money laundering case registered against you. stay on video call for interrogation.,en,DIGITAL_ARREST,True,HIGH,scam,synthetic,2.0.0-gamma,"{""urls"": [], ""phones"": [], ""emails"": [], ""banks"": [], ""amounts"": []}",Gamma expansion variant for DIGITAL_ARREST.,2026-07-30T10:24:12.268Z,2026-07-30T10:24:12.268Z
DIGITAL_ARREST_0033,ED: FEMA violation of Rs 5 crore linked to your PAN. Digital custody ordered.,ed: fema violation of rs 5 crore linked to your pan. digital custody ordered.,en,DIGITAL_ARREST,True,HIGH,scam,synthetic,2.0.0-gamma,"{""urls"": [], ""phones"": [], ""emails"": [], ""banks"": [], ""amounts"": [""Rs 5""]}",Gamma expansion variant for DIGITAL_ARREST.,2026-07-30T10:24:12.268Z,2026-07-30T10:24:12.268Z
DIGITAL_ARREST_0034,NIA: Your phone number used by terrorists. Digital house arrest. Do not disconnect.,nia: your phone number used by terrorists. digital house arrest. do not disconnect.,en,DIGITAL_ARREST,True,HIGH,scam,synthetic,2.0.0-gamma,"{""urls"": [], ""phones"": [], ""emails"": [], ""banks"": [], ""amounts"": []}",Gamma expansion variant for DIGITAL_ARREST.,2026-07-30T10:24:12.268Z,2026-07-30T10:24:12.268Z
DIGITAL_ARREST_0035,Cyber Crime Cell: Your bank account used for hacking. Digital arrest until proven innocent.,cyber crime cell: your bank account used for hacking. digital arrest until proven innocent.,en,DIGITAL_ARREST,True,HIGH,scam,synthetic,2.0.0-gamma,"{""urls"": [], ""phones"": [], ""emails"": [], ""banks"": [], ""amounts"": []}",Gamma expansion variant for DIGITAL_ARREST.,2026-07-30T10:24:12.268Z,2026-07-30T10:24:12.268Z
DIGITAL_ARREST_0036,RBI: 127 transactions flagged under money laundering. Join video conference immediately.,rbi: 127 transactions flagged under money laundering. join video conference immediately.,en,DIGITAL_ARREST,True,HIGH,scam,synthetic,2.0.0-gamma,"{""urls"": [], ""phones"": [], ""emails"": [], ""banks"": [], ""amounts"": ["" 127""]}",Gamma expansion variant for DIGITAL_ARREST.,2026-07-30T10:24:12.268Z,2026-07-30T10:24:12.268Z
DIGITAL_ARREST_0037,Supreme Court: Non-bailable warrant for tax evasion. Digital arrest in progress.,supreme court: non-bailable warrant for tax evasion. digital arrest in progress.,en,DIGITAL_ARREST,True,HIGH,scam,synthetic,2.0.0-gamma,"{""urls"": [], ""phones"": [], ""emails"": [], ""banks"": [], ""amounts"": []}",Gamma expansion variant for DIGITAL_ARREST.,2026-07-30T10:24:12.268Z,2026-07-30T10:24:12.268Z
DIGITAL_ARREST_0038,NCB: 5kg cocaine seized in parcel in your name. Digital arrest. Report for questioning.,ncb: 5kg cocaine seized in parcel in your name. digital arrest. report for questioning.,en,DIGITAL_ARREST,True,HIGH,scam,synthetic,2.0.0-gamma,"{""urls"": [], ""phones"": [], ""emails"": [], ""banks"": [], ""amounts"": ["" 5""]}",Gamma expansion variant for DIGITAL_ARREST.,2026-07-30T10:24:12.268Z,2026-07-30T10:24:12.268Z
DIGITAL_ARREST_0039,Interpol: Red corner notice issued against you. Digital detention by local cyber cell.,interpol: red corner notice issued against you. digital detention by local cyber cell.,en,DIGITAL_ARREST,True,HIGH,scam,synthetic,2.0.0-gamma,"{""urls"": [], ""phones"": [], ""emails"": [], ""banks"": [], ""amounts"": []}",Gamma expansion variant for DIGITAL_ARREST.,2026-07-30T10:24:12.268Z,2026-07-30T10:24:12.268Z
DIGITAL_ARREST_0040,SEBI: Insider trading investigation. Your demat account frozen. Digital arrest.,sebi: insider trading investigation. your demat account frozen. digital arrest.,en,DIGITAL_ARREST,True,HIGH,scam,synthetic,2.0.0-gamma,"{""urls"": [], ""phones"": [], ""emails"": [], ""banks"": [], ""amounts"": []}",Gamma expansion variant for DIGITAL_ARREST.,2026-07-30T10:24:12.268Z,2026-07-30T10:24:12.268Z
ELECTRICITY_BILL_SCAM_0025,"Tata Power: Your electricity bill of Rs 5,000 is overdue. Disconnection in 24 hours. Pay at http://verify-uidai.xyz","tata power: your electricity bill of rs 5,000 is overdue. disconnection in 24 hours. pay at http://verify-uidai.xyz",en,ELECTRICITY_BILL_SCAM,True,HIGH,scam,synthetic,2.0.0-gamma,"{""urls"": [""http://verify-uidai.xyz""], ""phones"": [], ""emails"": [], ""banks"": [], ""amounts"": [""Rs 5,000"", "" 24""]}",Gamma expansion variant for ELECTRICITY_BILL_SCAM.,2026-07-30T10:24:12.270Z,2026-07-30T10:24:12.270Z
ELECTRICITY_BILL_SCAM_0026,"Tata Power: Your electricity bill of Rs 5,000 is overdue. Disconnection in 24 hours. Pay at http://update-aadhaar.tk","tata power: your electricity bill of rs 5,000 is overdue. disconnection in 24 hours. pay at http://update-aadhaar.tk",en,ELECTRICITY_BILL_SCAM,True,HIGH,scam,synthetic,2.0.0-gamma,"{""urls"": [""http://update-aadhaar.tk""], ""phones"": [], ""emails"": [], ""banks"": [], ""amounts"": [""Rs 5,000"", "" 24""]}",Gamma expansion variant for ELECTRICITY_BILL_SCAM.,2026-07-30T10:24:12.270Z,2026-07-30T10:24:12.270Z
ELECTRICITY_BILL_SCAM_0027,"Tata Power: Your electricity bill of Rs 5,000 is overdue. Disconnection in 24 hours. Pay at http://pan-verify.net","tata power: your electricity bill of rs 5,000 is overdue. disconnection in 24 hours. pay at http://pan-verify.net",en,ELECTRICITY_BILL_SCAM,True,HIGH,scam,synthetic,2.0.0-gamma,"{""urls"": [""http://pan-verify.net""], ""phones"": [], ""emails"": [], ""banks"": [], ""amounts"": [""Rs 5,000"", "" 24""]}",Gamma expansion variant for ELECTRICITY_BILL_SCAM.,2026-07-30T10:24:12.270Z,2026-07-30T10:24:12.270Z
ELECTRICITY_BILL_SCAM_0028,"Tata Power: Your electricity bill of Rs 5,000 is overdue. Disconnection in 24 hours. Pay at http://tatapower-bill.xyz","tata power: your electricity bill of rs 5,000 is overdue. disconnection in 24 hours. pay at http://tatapower-bill.xyz",en,ELECTRICITY_BILL_SCAM,True,HIGH,scam,synthetic,2.0.0-gamma,"{""urls"": [""http://tatapower-bill.xyz""], ""phones"": [], ""emails"": [], ""banks"": [], ""amounts"": [""Rs 5,000"", "" 24""]}",Gamma expansion variant for ELECTRICITY_BILL_SCAM.,2026-07-30T10:24:12.270Z,2026-07-30T10:24:12.270Z
ELECTRICITY_BILL_SCAM_0029,"BSES: Last reminder! Your power will be cut if bill not paid. Pay Rs 3,500 at http://verify-uidai.xyz","bses: last reminder! your power will be cut if bill not paid. pay rs 3,500 at http://verify-uidai.xyz",en,ELECTRICITY_BILL_SCAM,True,HIGH,scam,synthetic,2.0.0-gamma,"{""urls"": [""http://verify-uidai.xyz""], ""phones"": [], ""emails"": [], ""banks"": [], ""amounts"": [""Rs 3,500""]}",Gamma expansion variant for ELECTRICITY_BILL_SCAM.,2026-07-30T10:24:12.270Z,2026-07-30T10:24:12.270Z
ELECTRICITY_BILL_SCAM_0030,"BSES: Last reminder! Your power will be cut if bill not paid. Pay Rs 3,500 at http://update-aadhaar.tk","bses: last reminder! your power will be cut if bill not paid. pay rs 3,500 at http://update-aadhaar.tk",en,ELECTRICITY_BILL_SCAM,True,HIGH,scam,synthetic,2.0.0-gamma,"{""urls"": [""http://update-aadhaar.tk""], ""phones"": [], ""emails"": [], ""banks"": [], ""amounts"": [""Rs 3,500""]}",Gamma expansion variant for ELECTRICITY_BILL_SCAM.,2026-07-30T10:24:12.270Z,2026-07-30T10:24:12.270Z
ELECTRICITY_BILL_SCAM_0031,"BSES: Last reminder! Your power will be cut if bill not paid. Pay Rs 3,500 at http://pan-verify.net","bses: last reminder! your power will be cut if bill not paid. pay rs 3,500 at http://pan-verify.net",en,ELECTRICITY_BILL_SCAM,True,HIGH,scam,synthetic,2.0.0-gamma,"{""urls"": [""http://pan-verify.net""], ""phones"": [], ""emails"": [], ""banks"": [], ""amounts"": [""Rs 3,500""]}",Gamma expansion variant for ELECTRICITY_BILL_SCAM.,2026-07-30T10:24:12.270Z,2026-07-30T10:24:12.270Z
ELECTRICITY_BILL_SCAM_0032,"BSES: Last reminder! Your power will be cut if bill not paid. Pay Rs 3,500 at http://bses-pay.tk","bses: last reminder! your power will be cut if bill not paid. pay rs 3,500 at http://bses-pay.tk",en,ELECTRICITY_BILL_SCAM,True,HIGH,scam,synthetic,2.0.0-gamma,"{""urls"": [""http://bses-pay.tk""], ""phones"": [], ""emails"": [], ""banks"": [], ""amounts"": [""Rs 3,500""]}",Gamma expansion variant for ELECTRICITY_BILL_SCAM.,2026-07-30T10:24:12.270Z,2026-07-30T10:24:12.270Z
ELECTRICITY_BILL_SCAM_0033,"Adani Electricity: Rs 2,500 bill pending. Late fee of Rs 500 added. Pay now at http://verify-uidai.xyz","adani electricity: rs 2,500 bill pending. late fee of rs 500 added. pay now at http://verify-uidai.xyz",en,ELECTRICITY_BILL_SCAM,True,HIGH,scam,synthetic,2.0.0-gamma,"{""urls"": [""http://verify-uidai.xyz""], ""phones"": [], ""emails"": [], ""banks"": [], ""amounts"": [""Rs 2,500"", ""Rs 500""]}",Gamma expansion variant for ELECTRICITY_BILL_SCAM.,2026-07-30T10:24:12.270Z,2026-07-30T10:24:12.270Z
ELECTRICITY_BILL_SCAM_0034,"Adani Electricity: Rs 2,500 bill pending. Late fee of Rs 500 added. Pay now at http://update-aadhaar.tk","adani electricity: rs 2,500 bill pending. late fee of rs 500 added. pay now at http://update-aadhaar.tk",en,ELECTRICITY_BILL_SCAM,True,HIGH,scam,synthetic,2.0.0-gamma,"{""urls"": [""http://update-aadhaar.tk""], ""phones"": [], ""emails"": [], ""banks"": [], ""amounts"": [""Rs 2,500"", ""Rs 500""]}",Gamma expansion variant for ELECTRICITY_BILL_SCAM.,2026-07-30T10:24:12.270Z,2026-07-30T10:24:12.270Z
ELECTRICITY_BILL_SCAM_0035,"Adani Electricity: Rs 2,500 bill pending. Late fee of Rs 500 added. Pay now at http://pan-verify.net","adani electricity: rs 2,500 bill pending. late fee of rs 500 added. pay now at http://pan-verify.net",en,ELECTRICITY_BILL_SCAM,True,HIGH,scam,synthetic,2.0.0-gamma,"{""urls"": [""http://pan-verify.net""], ""phones"": [], ""emails"": [], ""banks"": [], ""amounts"": [""Rs 2,500"", ""Rs 500""]}",Gamma expansion variant for ELECTRICITY_BILL_SCAM.,2026-07-30T10:24:12.270Z,2026-07-30T10:24:12.270Z
ELECTRICITY_BILL_SCAM_0036,"Adani Electricity: Rs 2,500 bill pending. Late fee of Rs 500 added. Pay now at http://adani-bill.in","adani electricity: rs 2,500 bill pending. late fee of rs 500 added. pay now at http://adani-bill.in",en,ELECTRICITY_BILL_SCAM,True,HIGH,scam,synthetic,2.0.0-gamma,"{""urls"": [""http://adani-bill.in""], ""phones"": [], ""emails"": [], ""banks"": [], ""amounts"": [""Rs 2,500"", ""Rs 500""]}",Gamma expansion variant for ELECTRICITY_BILL_SCAM.,2026-07-30T10:24:12.270Z,2026-07-30T10:24:12.270Z
ELECTRICITY_BILL_SCAM_0037,"CESC: Your meter reading flagged as tampered. Fine of Rs 25,000 imposed. Call 1800-425-6789.","cesc: your meter reading flagged as tampered. fine of rs 25,000 imposed. call 1800-425-6789.",en,ELECTRICITY_BILL_SCAM,True,HIGH,scam,synthetic,2.0.0-gamma,"{""urls"": [], ""phones"": [""1800-425-6789""], ""emails"": [], ""banks"": [], ""amounts"": [""Rs 25,000"", "" 1800"", ""425"", ""6789""]}",Gamma expansion variant for ELECTRICITY_BILL_SCAM.,2026-07-30T10:24:12.270Z,2026-07-30T10:24:12.270Z
ELECTRICITY_BILL_SCAM_0038,"CESC: Your meter reading flagged as tampered. Fine of Rs 25,000 imposed. Call 1800-258-3690.","cesc: your meter reading flagged as tampered. fine of rs 25,000 imposed. call 1800-258-3690.",en,ELECTRICITY_BILL_SCAM,True,HIGH,scam,synthetic,2.0.0-gamma,"{""urls"": [], ""phones"": [""1800-258-3690""], ""emails"": [], ""banks"": [], ""amounts"": [""Rs 25,000"", "" 1800"", ""258"", ""3690""]}",Gamma expansion variant for ELECTRICITY_BILL_SCAM.,2026-07-30T10:24:12.270Z,2026-07-30T10:24:12.270Z
ELECTRICITY_BILL_SCAM_0039,"CESC: Your meter reading flagged as tampered. Fine of Rs 25,000 imposed. Call 1800-123-4567.","cesc: your meter reading flagged as tampered. fine of rs 25,000 imposed. call 1800-123-4567.",en,ELECTRICITY_BILL_SCAM,True,HIGH,scam,synthetic,2.0.0-gamma,"{""urls"": [], ""phones"": [""1800-123-4567""], ""emails"": [], ""banks"": [], ""amounts"": [""Rs 25,000"", "" 1800"", ""123"", ""4567""]}",Gamma expansion variant for ELECTRICITY_BILL_SCAM.,2026-07-30T10:24:12.271Z,2026-07-30T10:24:12.271Z
ELECTRICITY_BILL_SCAM_0040,"MSEB: New connection fee Rs 12,500 pending. Pay at http://verify-uidai.xyz or service cancelled.","mseb: new connection fee rs 12,500 pending. pay at http://verify-uidai.xyz or service cancelled.",en,ELECTRICITY_BILL_SCAM,True,HIGH,scam,synthetic,2.0.0-gamma,"{""urls"": [""http://verify-uidai.xyz""], ""phones"": [], ""emails"": [], ""banks"": [], ""amounts"": [""Rs 12,500""]}",Gamma expansion variant for ELECTRICITY_BILL_SCAM.,2026-07-30T10:24:12.271Z,2026-07-30T10:24:12.271Z
ELECTRICITY_BILL_SCAM_0041,"MSEB: New connection fee Rs 12,500 pending. Pay at http://update-aadhaar.tk or service cancelled.","mseb: new connection fee rs 12,500 pending. pay at http://update-aadhaar.tk or service cancelled.",en,ELECTRICITY_BILL_SCAM,True,HIGH,scam,synthetic,2.0.0-gamma,"{""urls"": [""http://update-aadhaar.tk""], ""phones"": [], ""emails"": [], ""banks"": [], ""amounts"": [""Rs 12,500""]}",Gamma expansion variant for ELECTRICITY_BILL_SCAM.,2026-07-30T10:24:12.271Z,2026-07-30T10:24:12.271Z
ELECTRICITY_BILL_SCAM_0042,"MSEB: New connection fee Rs 12,500 pending. Pay at http://pan-verify.net or service cancelled.","mseb: new connection fee rs 12,500 pending. pay at http://pan-verify.net or service cancelled.",en,ELECTRICITY_BILL_SCAM,True,HIGH,scam,synthetic,2.0.0-gamma,"{""urls"": [""http://pan-verify.net""], ""phones"": [], ""emails"": [], ""banks"": [], ""amounts"": [""Rs 12,500""]}",Gamma expansion variant for ELECTRICITY_BILL_SCAM.,2026-07-30T10:24:12.271Z,2026-07-30T10:24:12.271Z
ELECTRICITY_BILL_SCAM_0043,"MSEB: New connection fee Rs 12,500 pending. Pay at http://mseb-connection.xyz or service cancelled.","mseb: new connection fee rs 12,500 pending. pay at http://mseb-connection.xyz or service cancelled.",en,ELECTRICITY_BILL_SCAM,True,HIGH,scam,synthetic,2.0.0-gamma,"{""urls"": [""http://mseb-connection.xyz""], ""phones"": [], ""emails"": [], ""banks"": [], ""amounts"": [""Rs 12,500""]}",Gamma expansion variant for ELECTRICITY_BILL_SCAM.,2026-07-30T10:24:12.271Z,2026-07-30T10:24:12.271Z
ELECTRICITY_BILL_SCAM_0044,"TPDDL: Smart meter upgrade mandatory. Pay Rs 2,000 installation fee at http://verify-uidai.xyz","tpddl: smart meter upgrade mandatory. pay rs 2,000 installation fee at http://verify-uidai.xyz",en,ELECTRICITY_BILL_SCAM,True,HIGH,scam,synthetic,2.0.0-gamma,"{""urls"": [""http://verify-uidai.xyz""], ""phones"": [], ""emails"": [], ""banks"": [], ""amounts"": [""Rs 2,000""]}",Gamma expansion variant for ELECTRICITY_BILL_SCAM.,2026-07-30T10:24:12.271Z,2026-07-30T10:24:12.271Z
ELECTRICITY_BILL_SCAM_0045,"TPDDL: Smart meter upgrade mandatory. Pay Rs 2,000 installation fee at http://update-aadhaar.tk","tpddl: smart meter upgrade mandatory. pay rs 2,000 installation fee at http://update-aadhaar.tk",en,ELECTRICITY_BILL_SCAM,True,HIGH,scam,synthetic,2.0.0-gamma,"{""urls"": [""http://update-aadhaar.tk""], ""phones"": [], ""emails"": [], ""banks"": [], ""amounts"": [""Rs 2,000""]}",Gamma expansion variant for ELECTRICITY_BILL_SCAM.,2026-07-30T10:24:12.271Z,2026-07-30T10:24:12.271Z
ELECTRICITY_BILL_SCAM_0046,"TPDDL: Smart meter upgrade mandatory. Pay Rs 2,000 installation fee at http://pan-verify.net","tpddl: smart meter upgrade mandatory. pay rs 2,000 installation fee at http://pan-verify.net",en,ELECTRICITY_BILL_SCAM,True,HIGH,scam,synthetic,2.0.0-gamma,"{""urls"": [""http://pan-verify.net""], ""phones"": [], ""emails"": [], ""banks"": [], ""amounts"": [""Rs 2,000""]}",Gamma expansion variant for ELECTRICITY_BILL_SCAM.,2026-07-30T10:24:12.271Z,2026-07-30T10:24:12.271Z
ELECTRICITY_BILL_SCAM_0047,"TPDDL: Smart meter upgrade mandatory. Pay Rs 2,000 installation fee at http://tpddl-meter.tk.","tpddl: smart meter upgrade mandatory. pay rs 2,000 installation fee at http://tpddl-meter.tk.",en,ELECTRICITY_BILL_SCAM,True,HIGH,scam,synthetic,2.0.0-gamma,"{""urls"": [""http://tpddl-meter.tk.""], ""phones"": [], ""emails"": [], ""banks"": [], ""amounts"": [""Rs 2,000""]}",Gamma expansion variant for ELECTRICITY_BILL_SCAM.,2026-07-30T10:24:12.271Z,2026-07-30T10:24:12.271Z
ELECTRICITY_BILL_SCAM_0048,"NTPC: Rebate of Rs 3,750 on your bill if paid today. Click http://verify-uidai.xyz","ntpc: rebate of rs 3,750 on your bill if paid today. click http://verify-uidai.xyz",en,ELECTRICITY_BILL_SCAM,True,HIGH,scam,synthetic,2.0.0-gamma,"{""urls"": [""http://verify-uidai.xyz""], ""phones"": [], ""emails"": [], ""banks"": [], ""amounts"": [""Rs 3,750""]}",Gamma expansion variant for ELECTRICITY_BILL_SCAM.,2026-07-30T10:24:12.271Z,2026-07-30T10:24:12.271Z
ELECTRICITY_BILL_SCAM_0049,"NTPC: Rebate of Rs 3,750 on your bill if paid today. Click http://update-aadhaar.tk","ntpc: rebate of rs 3,750 on your bill if paid today. click http://update-aadhaar.tk",en,ELECTRICITY_BILL_SCAM,True,HIGH,scam,synthetic,2.0.0-gamma,"{""urls"": [""http://update-aadhaar.tk""], ""phones"": [], ""emails"": [], ""banks"": [], ""amounts"": [""Rs 3,750""]}",Gamma expansion variant for ELECTRICITY_BILL_SCAM.,2026-07-30T10:24:12.271Z,2026-07-30T10:24:12.271Z
ELECTRICITY_BILL_SCAM_0050,"NTPC: Rebate of Rs 3,750 on your bill if paid today. Click http://pan-verify.net","ntpc: rebate of rs 3,750 on your bill if paid today. click http://pan-verify.net",en,ELECTRICITY_BILL_SCAM,True,HIGH,scam,synthetic,2.0.0-gamma,"{""urls"": [""http://pan-verify.net""], ""phones"": [], ""emails"": [], ""banks"": [], ""amounts"": [""Rs 3,750""]}",Gamma expansion variant for ELECTRICITY_BILL_SCAM.,2026-07-30T10:24:12.271Z,2026-07-30T10:24:12.271Z
ELECTRICITY_BILL_SCAM_0051,"NTPC: Rebate of Rs 3,750 on your bill if paid today. Click http://ntpc-rebate.xyz.","ntpc: rebate of rs 3,750 on your bill if paid today. click http://ntpc-rebate.xyz.",en,ELECTRICITY_BILL_SCAM,True,HIGH,scam,synthetic,2.0.0-gamma,"{""urls"": [""http://ntpc-rebate.xyz.""], ""phones"": [], ""emails"": [], ""banks"": [], ""amounts"": [""Rs 3,750""]}",Gamma expansion variant for ELECTRICITY_BILL_SCAM.,2026-07-30T10:24:12.271Z,2026-07-30T10:24:12.271Z
ELECTRICITY_BILL_SCAM_0052,BEST: Your electricity bill payment failed. Re-pay at http://verify-uidai.xyz,best: your electricity bill payment failed. re-pay at http://verify-uidai.xyz,en,ELECTRICITY_BILL_SCAM,True,HIGH,scam,synthetic,2.0.0-gamma,"{""urls"": [""http://verify-uidai.xyz""], ""phones"": [], ""emails"": [], ""banks"": [], ""amounts"": []}",Gamma expansion variant for ELECTRICITY_BILL_SCAM.,2026-07-30T10:24:12.271Z,2026-07-30T10:24:12.271Z
ELECTRICITY_BILL_SCAM_0053,BEST: Your electricity bill payment failed. Re-pay at http://update-aadhaar.tk,best: your electricity bill payment failed. re-pay at http://update-aadhaar.tk,en,ELECTRICITY_BILL_SCAM,True,HIGH,scam,synthetic,2.0.0-gamma,"{""urls"": [""http://update-aadhaar.tk""], ""phones"": [], ""emails"": [], ""banks"": [], ""amounts"": []}",Gamma expansion variant for ELECTRICITY_BILL_SCAM.,2026-07-30T10:24:12.272Z,2026-07-30T10:24:12.272Z
ELECTRICITY_BILL_SCAM_0054,BEST: Your electricity bill payment failed. Re-pay at http://pan-verify.net,best: your electricity bill payment failed. re-pay at http://pan-verify.net,en,ELECTRICITY_BILL_SCAM,True,HIGH,scam,synthetic,2.0.0-gamma,"{""urls"": [""http://pan-verify.net""], ""phones"": [], ""emails"": [], ""banks"": [], ""amounts"": []}",Gamma expansion variant for ELECTRICITY_BILL_SCAM.,2026-07-30T10:24:12.272Z,2026-07-30T10:24:12.272Z
ELECTRICITY_BILL_SCAM_0055,BEST: Your electricity bill payment failed. Re-pay at http://best-bill.in.,best: your electricity bill payment failed. re-pay at http://best-bill.in.,en,ELECTRICITY_BILL_SCAM,True,HIGH,scam,synthetic,2.0.0-gamma,"{""urls"": [""http://best-bill.in.""], ""phones"": [], ""emails"": [], ""banks"": [], ""amounts"": []}",Gamma expansion variant for ELECTRICITY_BILL_SCAM.,2026-07-30T10:24:12.272Z,2026-07-30T10:24:12.272Z
ELECTRICITY_BILL_SCAM_0056,"Torrent Power: Security deposit of Rs 5,000 required. Link: http://verify-uidai.xyz","torrent power: security deposit of rs 5,000 required. link: http://verify-uidai.xyz",en,ELECTRICITY_BILL_SCAM,True,HIGH,scam,synthetic,2.0.0-gamma,"{""urls"": [""http://verify-uidai.xyz""], ""phones"": [], ""emails"": [], ""banks"": [], ""amounts"": [""Rs 5,000""]}",Gamma expansion variant for ELECTRICITY_BILL_SCAM.,2026-07-30T10:24:12.272Z,2026-07-30T10:24:12.272Z
ELECTRICITY_BILL_SCAM_0057,"Torrent Power: Security deposit of Rs 5,000 required. Link: http://update-aadhaar.tk","torrent power: security deposit of rs 5,000 required. link: http://update-aadhaar.tk",en,ELECTRICITY_BILL_SCAM,True,HIGH,scam,synthetic,2.0.0-gamma,"{""urls"": [""http://update-aadhaar.tk""], ""phones"": [], ""emails"": [], ""banks"": [], ""amounts"": [""Rs 5,000""]}",Gamma expansion variant for ELECTRICITY_BILL_SCAM.,2026-07-30T10:24:12.272Z,2026-07-30T10:24:12.272Z
ELECTRICITY_BILL_SCAM_0058,"Torrent Power: Security deposit of Rs 5,000 required. Link: http://pan-verify.net","torrent power: security deposit of rs 5,000 required. link: http://pan-verify.net",en,ELECTRICITY_BILL_SCAM,True,HIGH,scam,synthetic,2.0.0-gamma,"{""urls"": [""http://pan-verify.net""], ""phones"": [], ""emails"": [], ""banks"": [], ""amounts"": [""Rs 5,000""]}",Gamma expansion variant for ELECTRICITY_BILL_SCAM.,2026-07-30T10:24:12.272Z,2026-07-30T10:24:12.272Z
ELECTRICITY_BILL_SCAM_0059,"Torrent Power: Security deposit of Rs 5,000 required. Link: http://torrent-deposit.xyz.","torrent power: security deposit of rs 5,000 required. link: http://torrent-deposit.xyz.",en,ELECTRICITY_BILL_SCAM,True,HIGH,scam,synthetic,2.0.0-gamma,"{""urls"": [""http://torrent-deposit.xyz.""], ""phones"": [], ""emails"": [], ""banks"": [], ""amounts"": [""Rs 5,000""]}",Gamma expansion variant for ELECTRICITY_BILL_SCAM.,2026-07-30T10:24:12.272Z,2026-07-30T10:24:12.272Z
ELECTRICITY_BILL_SCAM_0060,"APDCL: Last notice before disconnection. Pay Rs 4,500 at http://verify-uidai.xyz","apdcl: last notice before disconnection. pay rs 4,500 at http://verify-uidai.xyz",en,ELECTRICITY_BILL_SCAM,True,HIGH,scam,synthetic,2.0.0-gamma,"{""urls"": [""http://verify-uidai.xyz""], ""phones"": [], ""emails"": [], ""banks"": [], ""amounts"": [""Rs 4,500""]}",Gamma expansion variant for ELECTRICITY_BILL_SCAM.,2026-07-30T10:24:12.272Z,2026-07-30T10:24:12.272Z
FAKE_CUSTOMER_CARE_0026,Amazon: Your account has been compromised. Call customer care at 1800-425-6789 to secure.,amazon: your account has been compromised. call customer care at 1800-425-6789 to secure.,en,FAKE_CUSTOMER_CARE,True,HIGH,scam,synthetic,2.0.0-gamma,"{""urls"": [], ""phones"": [""1800-425-6789""], ""emails"": [], ""banks"": [], ""amounts"": ["" 1800"", ""425"", ""6789""]}",Gamma expansion variant for FAKE_CUSTOMER_CARE.,2026-07-30T10:24:12.273Z,2026-07-30T10:24:12.273Z
FAKE_CUSTOMER_CARE_0027,Amazon: Your account has been compromised. Call customer care at 1800-258-3690 to secure.,amazon: your account has been compromised. call customer care at 1800-258-3690 to secure.,en,FAKE_CUSTOMER_CARE,True,HIGH,scam,synthetic,2.0.0-gamma,"{""urls"": [], ""phones"": [""1800-258-3690""], ""emails"": [], ""banks"": [], ""amounts"": ["" 1800"", ""258"", ""3690""]}",Gamma expansion variant for FAKE_CUSTOMER_CARE.,2026-07-30T10:24:12.273Z,2026-07-30T10:24:12.273Z
FAKE_CUSTOMER_CARE_0028,Amazon: Your account has been compromised. Call customer care at 1800-123-4567 to secure.,amazon: your account has been compromised. call customer care at 1800-123-4567 to secure.,en,FAKE_CUSTOMER_CARE,True,HIGH,scam,synthetic,2.0.0-gamma,"{""urls"": [], ""phones"": [""1800-123-4567""], ""emails"": [], ""banks"": [], ""amounts"": ["" 1800"", ""123"", ""4567""]}",Gamma expansion variant for FAKE_CUSTOMER_CARE.,2026-07-30T10:24:12.273Z,2026-07-30T10:24:12.273Z
FAKE_CUSTOMER_CARE_0029,Flipkart: Your order placed from new device. Verify by calling 1800-123-4567.,flipkart: your order placed from new device. verify by calling 1800-123-4567.,en,FAKE_CUSTOMER_CARE,True,HIGH,scam,synthetic,2.0.0-gamma,"{""urls"": [], ""phones"": [""1800-123-4567""], ""emails"": [], ""banks"": [], ""amounts"": ["" 1800"", ""123"", ""4567""]}",Gamma expansion variant for FAKE_CUSTOMER_CARE.,2026-07-30T10:24:12.274Z,2026-07-30T10:24:12.274Z
FAKE_CUSTOMER_CARE_0030,Flipkart: Your order placed from new device. Verify by calling 1800-258-3690.,flipkart: your order placed from new device. verify by calling 1800-258-3690.,en,FAKE_CUSTOMER_CARE,True,HIGH,scam,synthetic,2.0.0-gamma,"{""urls"": [], ""phones"": [""1800-258-3690""], ""emails"": [], ""banks"": [], ""amounts"": ["" 1800"", ""258"", ""3690""]}",Gamma expansion variant for FAKE_CUSTOMER_CARE.,2026-07-30T10:24:12.274Z,2026-07-30T10:24:12.274Z
FAKE_CUSTOMER_CARE_0031,Flipkart: Your order placed from new device. Verify by calling 1800-425-6789.,flipkart: your order placed from new device. verify by calling 1800-425-6789.,en,FAKE_CUSTOMER_CARE,True,HIGH,scam,synthetic,2.0.0-gamma,"{""urls"": [], ""phones"": [""1800-425-6789""], ""emails"": [], ""banks"": [], ""amounts"": ["" 1800"", ""425"", ""6789""]}",Gamma expansion variant for FAKE_CUSTOMER_CARE.,2026-07-30T10:24:12.274Z,2026-07-30T10:24:12.274Z
FAKE_CUSTOMER_CARE_0032,Netflix: Your subscription is on hold. Update payment at http://verify-uidai.xyz,netflix: your subscription is on hold. update payment at http://verify-uidai.xyz,en,FAKE_CUSTOMER_CARE,True,HIGH,scam,synthetic,2.0.0-gamma,"{""urls"": [""http://verify-uidai.xyz""], ""phones"": [], ""emails"": [], ""banks"": [], ""amounts"": []}",Gamma expansion variant for FAKE_CUSTOMER_CARE.,2026-07-30T10:24:12.274Z,2026-07-30T10:24:12.274Z
FAKE_CUSTOMER_CARE_0033,Netflix: Your subscription is on hold. Update payment at http://update-aadhaar.tk,netflix: your subscription is on hold. update payment at http://update-aadhaar.tk,en,FAKE_CUSTOMER_CARE,True,HIGH,scam,synthetic,2.0.0-gamma,"{""urls"": [""http://update-aadhaar.tk""], ""phones"": [], ""emails"": [], ""banks"": [], ""amounts"": []}",Gamma expansion variant for FAKE_CUSTOMER_CARE.,2026-07-30T10:24:12.274Z,2026-07-30T10:24:12.274Z
FAKE_CUSTOMER_CARE_0034,Netflix: Your subscription is on hold. Update payment at http://pan-verify.net,netflix: your subscription is on hold. update payment at http://pan-verify.net,en,FAKE_CUSTOMER_CARE,True,HIGH,scam,synthetic,2.0.0-gamma,"{""urls"": [""http://pan-verify.net""], ""phones"": [], ""emails"": [], ""banks"": [], ""amounts"": []}",Gamma expansion variant for FAKE_CUSTOMER_CARE.,2026-07-30T10:24:12.274Z,2026-07-30T10:24:12.274Z
FAKE_CUSTOMER_CARE_0035,Netflix: Your subscription is on hold. Update payment at http://netflix-bill.xyz,netflix: your subscription is on hold. update payment at http://netflix-bill.xyz,en,FAKE_CUSTOMER_CARE,True,HIGH,scam,synthetic,2.0.0-gamma,"{""urls"": [""http://netflix-bill.xyz""], ""phones"": [], ""emails"": [], ""banks"": [], ""amounts"": []}",Gamma expansion variant for FAKE_CUSTOMER_CARE.,2026-07-30T10:24:12.274Z,2026-07-30T10:24:12.274Z
FAKE_CUSTOMER_CARE_0036,Google: Suspicious sign-in detected. Recover account at http://verify-uidai.xyz,google: suspicious sign-in detected. recover account at http://verify-uidai.xyz,en,FAKE_CUSTOMER_CARE,True,HIGH,scam,synthetic,2.0.0-gamma,"{""urls"": [""http://verify-uidai.xyz""], ""phones"": [], ""emails"": [], ""banks"": [], ""amounts"": []}",Gamma expansion variant for FAKE_CUSTOMER_CARE.,2026-07-30T10:24:12.274Z,2026-07-30T10:24:12.274Z
FAKE_CUSTOMER_CARE_0037,Google: Suspicious sign-in detected. Recover account at http://update-aadhaar.tk,google: suspicious sign-in detected. recover account at http://update-aadhaar.tk,en,FAKE_CUSTOMER_CARE,True,HIGH,scam,synthetic,2.0.0-gamma,"{""urls"": [""http://update-aadhaar.tk""], ""phones"": [], ""emails"": [], ""banks"": [], ""amounts"": []}",Gamma expansion variant for FAKE_CUSTOMER_CARE.,2026-07-30T10:24:12.274Z,2026-07-30T10:24:12.274Z
FAKE_CUSTOMER_CARE_0038,Google: Suspicious sign-in detected. Recover account at http://pan-verify.net,google: suspicious sign-in detected. recover account at http://pan-verify.net,en,FAKE_CUSTOMER_CARE,True,HIGH,scam,synthetic,2.0.0-gamma,"{""urls"": [""http://pan-verify.net""], ""phones"": [], ""emails"": [], ""banks"": [], ""amounts"": []}",Gamma expansion variant for FAKE_CUSTOMER_CARE.,2026-07-30T10:24:12.274Z,2026-07-30T10:24:12.274Z
FAKE_CUSTOMER_CARE_0039,Google: Suspicious sign-in detected. Recover account at http://gmail-recover.tk,google: suspicious sign-in detected. recover account at http://gmail-recover.tk,en,FAKE_CUSTOMER_CARE,True,HIGH,scam,synthetic,2.0.0-gamma,"{""urls"": [""http://gmail-recover.tk""], ""phones"": [], ""emails"": [], ""banks"": [], ""amounts"": []}",Gamma expansion variant for FAKE_CUSTOMER_CARE.,2026-07-30T10:24:12.274Z,2026-07-30T10:24:12.274Z
FAKE_CUSTOMER_CARE_0040,"Microsoft: Your Windows license expired. Renew at http://verify-uidai.xyz for Rs 5,000.","microsoft: your windows license expired. renew at http://verify-uidai.xyz for rs 5,000.",en,FAKE_CUSTOMER_CARE,True,HIGH,scam,synthetic,2.0.0-gamma,"{""urls"": [""http://verify-uidai.xyz""], ""phones"": [], ""emails"": [], ""banks"": [], ""amounts"": [""Rs 5,000""]}",Gamma expansion variant for FAKE_CUSTOMER_CARE.,2026-07-30T10:24:12.274Z,2026-07-30T10:24:12.274Z
FAKE_CUSTOMER_CARE_0041,"Microsoft: Your Windows license expired. Renew at http://update-aadhaar.tk for Rs 5,000.","microsoft: your windows license expired. renew at http://update-aadhaar.tk for rs 5,000.",en,FAKE_CUSTOMER_CARE,True,HIGH,scam,synthetic,2.0.0-gamma,"{""urls"": [""http://update-aadhaar.tk""], ""phones"": [], ""emails"": [], ""banks"": [], ""amounts"": [""Rs 5,000""]}",Gamma expansion variant for FAKE_CUSTOMER_CARE.,2026-07-30T10:24:12.274Z,2026-07-30T10:24:12.274Z
FAKE_CUSTOMER_CARE_0042,"Microsoft: Your Windows license expired. Renew at http://pan-verify.net for Rs 5,000.","microsoft: your windows license expired. renew at http://pan-verify.net for rs 5,000.",en,FAKE_CUSTOMER_CARE,True,HIGH,scam,synthetic,2.0.0-gamma,"{""urls"": [""http://pan-verify.net""], ""phones"": [], ""emails"": [], ""banks"": [], ""amounts"": [""Rs 5,000""]}",Gamma expansion variant for FAKE_CUSTOMER_CARE.,2026-07-30T10:24:12.274Z,2026-07-30T10:24:12.274Z
FAKE_CUSTOMER_CARE_0043,"Microsoft: Your Windows license expired. Renew at http://microsoft-license.in for Rs 5,000.","microsoft: your windows license expired. renew at http://microsoft-license.in for rs 5,000.",en,FAKE_CUSTOMER_CARE,True,HIGH,scam,synthetic,2.0.0-gamma,"{""urls"": [""http://microsoft-license.in""], ""phones"": [], ""emails"": [], ""banks"": [], ""amounts"": [""Rs 5,000""]}",Gamma expansion variant for FAKE_CUSTOMER_CARE.,2026-07-30T10:24:12.274Z,2026-07-30T10:24:12.274Z
FAKE_CUSTOMER_CARE_0044,Apple ID: Your iCloud storage is full. Upgrade at http://verify-uidai.xyz Pay Rs 999/year.,apple id: your icloud storage is full. upgrade at http://verify-uidai.xyz pay rs 999/year.,en,FAKE_CUSTOMER_CARE,True,HIGH,scam,synthetic,2.0.0-gamma,"{""urls"": [""http://verify-uidai.xyz""], ""phones"": [], ""emails"": [], ""banks"": [], ""amounts"": [""Rs 999""]}",Gamma expansion variant for FAKE_CUSTOMER_CARE.,2026-07-30T10:24:12.274Z,2026-07-30T10:24:12.274Z
FAKE_CUSTOMER_CARE_0045,Apple ID: Your iCloud storage is full. Upgrade at http://update-aadhaar.tk Pay Rs 999/year.,apple id: your icloud storage is full. upgrade at http://update-aadhaar.tk pay rs 999/year.,en,FAKE_CUSTOMER_CARE,True,HIGH,scam,synthetic,2.0.0-gamma,"{""urls"": [""http://update-aadhaar.tk""], ""phones"": [], ""emails"": [], ""banks"": [], ""amounts"": [""Rs 999""]}",Gamma expansion variant for FAKE_CUSTOMER_CARE.,2026-07-30T10:24:12.274Z,2026-07-30T10:24:12.274Z
FAKE_CUSTOMER_CARE_0046,Apple ID: Your iCloud storage is full. Upgrade at http://pan-verify.net Pay Rs 999/year.,apple id: your icloud storage is full. upgrade at http://pan-verify.net pay rs 999/year.,en,FAKE_CUSTOMER_CARE,True,HIGH,scam,synthetic,2.0.0-gamma,"{""urls"": [""http://pan-verify.net""], ""phones"": [], ""emails"": [], ""banks"": [], ""amounts"": [""Rs 999""]}",Gamma expansion variant for FAKE_CUSTOMER_CARE.,2026-07-30T10:24:12.274Z,2026-07-30T10:24:12.274Z
FAKE_CUSTOMER_CARE_0047,Apple ID: Your iCloud storage is full. Upgrade at http://apple-storage.xyz. Pay Rs 999/year.,apple id: your icloud storage is full. upgrade at http://apple-storage.xyz. pay rs 999/year.,en,FAKE_CUSTOMER_CARE,True,HIGH,scam,synthetic,2.0.0-gamma,"{""urls"": [""http://apple-storage.xyz.""], ""phones"": [], ""emails"": [], ""banks"": [], ""amounts"": [""Rs 999""]}",Gamma expansion variant for FAKE_CUSTOMER_CARE.,2026-07-30T10:24:12.275Z,2026-07-30T10:24:12.275Z
FAKE_CUSTOMER_CARE_0048,"Swiggy: Your account awarded Rs 50,000 cashback. Claim at http://verify-uidai.xyz","swiggy: your account awarded rs 50,000 cashback. claim at http://verify-uidai.xyz",en,FAKE_CUSTOMER_CARE,True,HIGH,scam,synthetic,2.0.0-gamma,"{""urls"": [""http://verify-uidai.xyz""], ""phones"": [], ""emails"": [], ""banks"": [], ""amounts"": [""Rs 50,000""]}",Gamma expansion variant for FAKE_CUSTOMER_CARE.,2026-07-30T10:24:12.275Z,2026-07-30T10:24:12.275Z
FAKE_CUSTOMER_CARE_0049,"Swiggy: Your account awarded Rs 50,000 cashback. Claim at http://update-aadhaar.tk","swiggy: your account awarded rs 50,000 cashback. claim at http://update-aadhaar.tk",en,FAKE_CUSTOMER_CARE,True,HIGH,scam,synthetic,2.0.0-gamma,"{""urls"": [""http://update-aadhaar.tk""], ""phones"": [], ""emails"": [], ""banks"": [], ""amounts"": [""Rs 50,000""]}",Gamma expansion variant for FAKE_CUSTOMER_CARE.,2026-07-30T10:24:12.275Z,2026-07-30T10:24:12.275Z
FAKE_CUSTOMER_CARE_0050,"Swiggy: Your account awarded Rs 50,000 cashback. Claim at http://pan-verify.net","swiggy: your account awarded rs 50,000 cashback. claim at http://pan-verify.net",en,FAKE_CUSTOMER_CARE,True,HIGH,scam,synthetic,2.0.0-gamma,"{""urls"": [""http://pan-verify.net""], ""phones"": [], ""emails"": [], ""banks"": [], ""amounts"": [""Rs 50,000""]}",Gamma expansion variant for FAKE_CUSTOMER_CARE.,2026-07-30T10:24:12.275Z,2026-07-30T10:24:12.275Z
FAKE_CUSTOMER_CARE_0051,"Swiggy: Your account awarded Rs 50,000 cashback. Claim at http://swiggy-reward.tk.","swiggy: your account awarded rs 50,000 cashback. claim at http://swiggy-reward.tk.",en,FAKE_CUSTOMER_CARE,True,HIGH,scam,synthetic,2.0.0-gamma,"{""urls"": [""http://swiggy-reward.tk.""], ""phones"": [], ""emails"": [], ""banks"": [], ""amounts"": [""Rs 50,000""]}",Gamma expansion variant for FAKE_CUSTOMER_CARE.,2026-07-30T10:24:12.275Z,2026-07-30T10:24:12.275Z
FAKE_CUSTOMER_CARE_0052,"Zomato: Pro membership expiring. Auto-debit of Rs 2,500 scheduled. Cancel at http://verify-uidai.xyz","zomato: pro membership expiring. auto-debit of rs 2,500 scheduled. cancel at http://verify-uidai.xyz",en,FAKE_CUSTOMER_CARE,True,HIGH,scam,synthetic,2.0.0-gamma,"{""urls"": [""http://verify-uidai.xyz""], ""phones"": [], ""emails"": [], ""banks"": [], ""amounts"": [""Rs 2,500""]}",Gamma expansion variant for FAKE_CUSTOMER_CARE.,2026-07-30T10:24:12.275Z,2026-07-30T10:24:12.275Z
FAKE_CUSTOMER_CARE_0053,"Zomato: Pro membership expiring. Auto-debit of Rs 2,500 scheduled. Cancel at http://update-aadhaar.tk","zomato: pro membership expiring. auto-debit of rs 2,500 scheduled. cancel at http://update-aadhaar.tk",en,FAKE_CUSTOMER_CARE,True,HIGH,scam,synthetic,2.0.0-gamma,"{""urls"": [""http://update-aadhaar.tk""], ""phones"": [], ""emails"": [], ""banks"": [], ""amounts"": [""Rs 2,500""]}",Gamma expansion variant for FAKE_CUSTOMER_CARE.,2026-07-30T10:24:12.275Z,2026-07-30T10:24:12.275Z
FAKE_CUSTOMER_CARE_0054,"Zomato: Pro membership expiring. Auto-debit of Rs 2,500 scheduled. Cancel at http://pan-verify.net","zomato: pro membership expiring. auto-debit of rs 2,500 scheduled. cancel at http://pan-verify.net",en,FAKE_CUSTOMER_CARE,True,HIGH,scam,synthetic,2.0.0-gamma,"{""urls"": [""http://pan-verify.net""], ""phones"": [], ""emails"": [], ""banks"": [], ""amounts"": [""Rs 2,500""]}",Gamma expansion variant for FAKE_CUSTOMER_CARE.,2026-07-30T10:24:12.275Z,2026-07-30T10:24:12.275Z
FAKE_CUSTOMER_CARE_0055,"Zomato: Pro membership expiring. Auto-debit of Rs 2,500 scheduled. Cancel at http://zomato-pro.xyz.","zomato: pro membership expiring. auto-debit of rs 2,500 scheduled. cancel at http://zomato-pro.xyz.",en,FAKE_CUSTOMER_CARE,True,HIGH,scam,synthetic,2.0.0-gamma,"{""urls"": [""http://zomato-pro.xyz.""], ""phones"": [], ""emails"": [], ""banks"": [], ""amounts"": [""Rs 2,500""]}",Gamma expansion variant for FAKE_CUSTOMER_CARE.,2026-07-30T10:24:12.275Z,2026-07-30T10:24:12.275Z
FAKE_CUSTOMER_CARE_0056,"Walmart: Your order returned. Refund of Rs 12,500 pending. Update bank details.","walmart: your order returned. refund of rs 12,500 pending. update bank details.",en,FAKE_CUSTOMER_CARE,True,HIGH,scam,synthetic,2.0.0-gamma,"{""urls"": [], ""phones"": [], ""emails"": [], ""banks"": [], ""amounts"": [""Rs 12,500""]}",Gamma expansion variant for FAKE_CUSTOMER_CARE.,2026-07-30T10:24:12.275Z,2026-07-30T10:24:12.275Z
FAKE_CUSTOMER_CARE_0057,"Telegram: Premium membership Rs 1,500/year auto-renewal. Dispute at 1800-123-4567.","telegram: premium membership rs 1,500/year auto-renewal. dispute at 1800-123-4567.",en,FAKE_CUSTOMER_CARE,True,HIGH,scam,synthetic,2.0.0-gamma,"{""urls"": [], ""phones"": [""1800-123-4567""], ""emails"": [], ""banks"": [], ""amounts"": [""Rs 1,500"", "" 1800"", ""123"", ""4567""]}",Gamma expansion variant for FAKE_CUSTOMER_CARE.,2026-07-30T10:24:12.275Z,2026-07-30T10:24:12.275Z
FAKE_CUSTOMER_CARE_0058,"Telegram: Premium membership Rs 1,500/year auto-renewal. Dispute at 1800-425-6789.","telegram: premium membership rs 1,500/year auto-renewal. dispute at 1800-425-6789.",en,FAKE_CUSTOMER_CARE,True,HIGH,scam,synthetic,2.0.0-gamma,"{""urls"": [], ""phones"": [""1800-425-6789""], ""emails"": [], ""banks"": [], ""amounts"": [""Rs 1,500"", "" 1800"", ""425"", ""6789""]}",Gamma expansion variant for FAKE_CUSTOMER_CARE.,2026-07-30T10:24:12.275Z,2026-07-30T10:24:12.275Z
FAKE_CUSTOMER_CARE_0059,"Telegram: Premium membership Rs 1,500/year auto-renewal. Dispute at 1800-258-3690.","telegram: premium membership rs 1,500/year auto-renewal. dispute at 1800-258-3690.",en,FAKE_CUSTOMER_CARE,True,HIGH,scam,synthetic,2.0.0-gamma,"{""urls"": [], ""phones"": [""1800-258-3690""], ""emails"": [], ""banks"": [], ""amounts"": [""Rs 1,500"", "" 1800"", ""258"", ""3690""]}",Gamma expansion variant for FAKE_CUSTOMER_CARE.,2026-07-30T10:24:12.275Z,2026-07-30T10:24:12.275Z
GOVERNMENT_IMPERSONATION_0039,Income Tax notice: Your returns under scrutiny. Click http://verify-uidai.xyz for details.,income tax notice: your returns under scrutiny. click http://verify-uidai.xyz for details.,en,GOVERNMENT_IMPERSONATION,True,HIGH,scam,synthetic,2.0.0-gamma,"{""urls"": [""http://verify-uidai.xyz""], ""phones"": [], ""emails"": [], ""banks"": [], ""amounts"": []}",Gamma expansion variant for GOVERNMENT_IMPERSONATION.,2026-07-30T10:24:12.277Z,2026-07-30T10:24:12.277Z
GOVERNMENT_IMPERSONATION_0041,Income Tax notice: Your returns under scrutiny. Click http://update-aadhaar.tk for details.,income tax notice: your returns under scrutiny. click http://update-aadhaar.tk for details.,en,GOVERNMENT_IMPERSONATION,True,HIGH,scam,synthetic,2.0.0-gamma,"{""urls"": [""http://update-aadhaar.tk""], ""phones"": [], ""emails"": [], ""banks"": [], ""amounts"": []}",Gamma expansion variant for GOVERNMENT_IMPERSONATION.,2026-07-30T10:24:12.277Z,2026-07-30T10:24:12.277Z
GOVERNMENT_IMPERSONATION_0043,Income Tax notice: Your returns under scrutiny. Click http://pan-verify.net for details.,income tax notice: your returns under scrutiny. click http://pan-verify.net for details.,en,GOVERNMENT_IMPERSONATION,True,HIGH,scam,synthetic,2.0.0-gamma,"{""urls"": [""http://pan-verify.net""], ""phones"": [], ""emails"": [], ""banks"": [], ""amounts"": []}",Gamma expansion variant for GOVERNMENT_IMPERSONATION.,2026-07-30T10:24:12.277Z,2026-07-30T10:24:12.277Z
GOVERNMENT_IMPERSONATION_0044,Income Tax notice: Your returns under scrutiny. Click http://tax-notice.xyz for details.,income tax notice: your returns under scrutiny. click http://tax-notice.xyz for details.,en,GOVERNMENT_IMPERSONATION,True,HIGH,scam,synthetic,2.0.0-gamma,"{""urls"": [""http://tax-notice.xyz""], ""phones"": [], ""emails"": [], ""banks"": [], ""amounts"": []}",Gamma expansion variant for GOVERNMENT_IMPERSONATION.,2026-07-30T10:24:12.277Z,2026-07-30T10:24:12.277Z
GOVERNMENT_IMPERSONATION_0045,"Government of India: PM Awas Yojana subsidy of Rs 2,50,000 approved. Pay Rs 12,500 to receive.","government of india: pm awas yojana subsidy of rs 2,50,000 approved. pay rs 12,500 to receive.",en,GOVERNMENT_IMPERSONATION,True,HIGH,scam,synthetic,2.0.0-gamma,"{""urls"": [], ""phones"": [], ""emails"": [], ""banks"": [], ""amounts"": [""Rs 2,50,000"", ""Rs 12,500""]}",Gamma expansion variant for GOVERNMENT_IMPERSONATION.,2026-07-30T10:24:12.277Z,2026-07-30T10:24:12.277Z
GOVERNMENT_IMPERSONATION_0046,"Ministry of Finance: Your PF account settlement of Rs 5,00,000 pending. Update KYC.","ministry of finance: your pf account settlement of rs 5,00,000 pending. update kyc.",en,GOVERNMENT_IMPERSONATION,True,HIGH,scam,synthetic,2.0.0-gamma,"{""urls"": [], ""phones"": [], ""emails"": [], ""banks"": [], ""amounts"": [""Rs 5,00,000""]}",Gamma expansion variant for GOVERNMENT_IMPERSONATION.,2026-07-30T10:24:12.277Z,2026-07-30T10:24:12.277Z
GOVERNMENT_IMPERSONATION_0047,"Labour Department: Rs 75,000 bonus under ESIC scheme. Claim at http://verify-uidai.xyz","labour department: rs 75,000 bonus under esic scheme. claim at http://verify-uidai.xyz",en,GOVERNMENT_IMPERSONATION,True,HIGH,scam,synthetic,2.0.0-gamma,"{""urls"": [""http://verify-uidai.xyz""], ""phones"": [], ""emails"": [], ""banks"": [], ""amounts"": [""Rs 75,000""]}",Gamma expansion variant for GOVERNMENT_IMPERSONATION.,2026-07-30T10:24:12.277Z,2026-07-30T10:24:12.277Z
GOVERNMENT_IMPERSONATION_0048,"Labour Department: Rs 75,000 bonus under ESIC scheme. Claim at http://update-aadhaar.tk","labour department: rs 75,000 bonus under esic scheme. claim at http://update-aadhaar.tk",en,GOVERNMENT_IMPERSONATION,True,HIGH,scam,synthetic,2.0.0-gamma,"{""urls"": [""http://update-aadhaar.tk""], ""phones"": [], ""emails"": [], ""banks"": [], ""amounts"": [""Rs 75,000""]}",Gamma expansion variant for GOVERNMENT_IMPERSONATION.,2026-07-30T10:24:12.277Z,2026-07-30T10:24:12.277Z
GOVERNMENT_IMPERSONATION_0049,"Labour Department: Rs 75,000 bonus under ESIC scheme. Claim at http://pan-verify.net","labour department: rs 75,000 bonus under esic scheme. claim at http://pan-verify.net",en,GOVERNMENT_IMPERSONATION,True,HIGH,scam,synthetic,2.0.0-gamma,"{""urls"": [""http://pan-verify.net""], ""phones"": [], ""emails"": [], ""banks"": [], ""amounts"": [""Rs 75,000""]}",Gamma expansion variant for GOVERNMENT_IMPERSONATION.,2026-07-30T10:24:12.277Z,2026-07-30T10:24:12.277Z
GOVERNMENT_IMPERSONATION_0050,"Labour Department: Rs 75,000 bonus under ESIC scheme. Claim at http://esic-claim.xyz.","labour department: rs 75,000 bonus under esic scheme. claim at http://esic-claim.xyz.",en,GOVERNMENT_IMPERSONATION,True,HIGH,scam,synthetic,2.0.0-gamma,"{""urls"": [""http://esic-claim.xyz.""], ""phones"": [], ""emails"": [], ""banks"": [], ""amounts"": [""Rs 75,000""]}",Gamma expansion variant for GOVERNMENT_IMPERSONATION.,2026-07-30T10:24:12.277Z,2026-07-30T10:24:12.277Z
GOVERNMENT_IMPERSONATION_0051,"Women and Child Development: Rs 25,000 maternity benefit approved. Pay Rs 2,500 processing fee.","women and child development: rs 25,000 maternity benefit approved. pay rs 2,500 processing fee.",en,GOVERNMENT_IMPERSONATION,True,HIGH,scam,synthetic,2.0.0-gamma,"{""urls"": [], ""phones"": [], ""emails"": [], ""banks"": [], ""amounts"": [""Rs 25,000"", ""Rs 2,500""]}",Gamma expansion variant for GOVERNMENT_IMPERSONATION.,2026-07-30T10:24:12.277Z,2026-07-30T10:24:12.277Z
GOVERNMENT_IMPERSONATION_0052,"Agricultural Ministry: PM Kisan 18th installment Rs 6,000 pending. Update at http://verify-uidai.xyz","agricultural ministry: pm kisan 18th installment rs 6,000 pending. update at http://verify-uidai.xyz",en,GOVERNMENT_IMPERSONATION,True,HIGH,scam,synthetic,2.0.0-gamma,"{""urls"": [""http://verify-uidai.xyz""], ""phones"": [], ""emails"": [], ""banks"": [], ""amounts"": ["" 18"", ""Rs 6,000""]}",Gamma expansion variant for GOVERNMENT_IMPERSONATION.,2026-07-30T10:24:12.277Z,2026-07-30T10:24:12.277Z
GOVERNMENT_IMPERSONATION_0053,"Agricultural Ministry: PM Kisan 18th installment Rs 6,000 pending. Update at http://update-aadhaar.tk","agricultural ministry: pm kisan 18th installment rs 6,000 pending. update at http://update-aadhaar.tk",en,GOVERNMENT_IMPERSONATION,True,HIGH,scam,synthetic,2.0.0-gamma,"{""urls"": [""http://update-aadhaar.tk""], ""phones"": [], ""emails"": [], ""banks"": [], ""amounts"": ["" 18"", ""Rs 6,000""]}",Gamma expansion variant for GOVERNMENT_IMPERSONATION.,2026-07-30T10:24:12.277Z,2026-07-30T10:24:12.277Z
GOVERNMENT_IMPERSONATION_0054,"Agricultural Ministry: PM Kisan 18th installment Rs 6,000 pending. Update at http://pan-verify.net","agricultural ministry: pm kisan 18th installment rs 6,000 pending. update at http://pan-verify.net",en,GOVERNMENT_IMPERSONATION,True,HIGH,scam,synthetic,2.0.0-gamma,"{""urls"": [""http://pan-verify.net""], ""phones"": [], ""emails"": [], ""banks"": [], ""amounts"": ["" 18"", ""Rs 6,000""]}",Gamma expansion variant for GOVERNMENT_IMPERSONATION.,2026-07-30T10:24:12.277Z,2026-07-30T10:24:12.277Z
GOVERNMENT_IMPERSONATION_0055,"Agricultural Ministry: PM Kisan 18th installment Rs 6,000 pending. Update at http://pmkisan-gov.in.","agricultural ministry: pm kisan 18th installment rs 6,000 pending. update at http://pmkisan-gov.in.",en,GOVERNMENT_IMPERSONATION,True,HIGH,scam,synthetic,2.0.0-gamma,"{""urls"": [""http://pmkisan-gov.in.""], ""phones"": [], ""emails"": [], ""banks"": [], ""amounts"": ["" 18"", ""Rs 6,000""]}",Gamma expansion variant for GOVERNMENT_IMPERSONATION.,2026-07-30T10:24:12.277Z,2026-07-30T10:24:12.277Z
GOVERNMENT_IMPERSONATION_0056,Election Commission: Your voter ID contains errors. Update at http://verify-uidai.xyz,election commission: your voter id contains errors. update at http://verify-uidai.xyz,en,GOVERNMENT_IMPERSONATION,True,HIGH,scam,synthetic,2.0.0-gamma,"{""urls"": [""http://verify-uidai.xyz""], ""phones"": [], ""emails"": [], ""banks"": [], ""amounts"": []}",Gamma expansion variant for GOVERNMENT_IMPERSONATION.,2026-07-30T10:24:12.277Z,2026-07-30T10:24:12.277Z
GOVERNMENT_IMPERSONATION_0057,Election Commission: Your voter ID contains errors. Update at http://update-aadhaar.tk,election commission: your voter id contains errors. update at http://update-aadhaar.tk,en,GOVERNMENT_IMPERSONATION,True,HIGH,scam,synthetic,2.0.0-gamma,"{""urls"": [""http://update-aadhaar.tk""], ""phones"": [], ""emails"": [], ""banks"": [], ""amounts"": []}",Gamma expansion variant for GOVERNMENT_IMPERSONATION.,2026-07-30T10:24:12.278Z,2026-07-30T10:24:12.278Z
GOVERNMENT_IMPERSONATION_0058,Election Commission: Your voter ID contains errors. Update at http://pan-verify.net,election commission: your voter id contains errors. update at http://pan-verify.net,en,GOVERNMENT_IMPERSONATION,True,HIGH,scam,synthetic,2.0.0-gamma,"{""urls"": [""http://pan-verify.net""], ""phones"": [], ""emails"": [], ""banks"": [], ""amounts"": []}",Gamma expansion variant for GOVERNMENT_IMPERSONATION.,2026-07-30T10:24:12.278Z,2026-07-30T10:24:12.278Z
GOVERNMENT_IMPERSONATION_0059,Election Commission: Your voter ID contains errors. Update at http://voter-correction.xyz.,election commission: your voter id contains errors. update at http://voter-correction.xyz.,en,GOVERNMENT_IMPERSONATION,True,HIGH,scam,synthetic,2.0.0-gamma,"{""urls"": [""http://voter-correction.xyz.""], ""phones"": [], ""emails"": [], ""banks"": [], ""amounts"": []}",Gamma expansion variant for GOVERNMENT_IMPERSONATION.,2026-07-30T10:24:12.278Z,2026-07-30T10:24:12.278Z
GOVERNMENT_IMPERSONATION_0060,"Passport Office: Your passport application requires police verification fee Rs 3,500.","passport office: your passport application requires police verification fee rs 3,500.",en,GOVERNMENT_IMPERSONATION,True,HIGH,scam,synthetic,2.0.0-gamma,"{""urls"": [], ""phones"": [], ""emails"": [], ""banks"": [], ""amounts"": [""Rs 3,500""]}",Gamma expansion variant for GOVERNMENT_IMPERSONATION.,2026-07-30T10:24:12.278Z,2026-07-30T10:24:12.278Z
GOVERNMENT_IMPERSONATION_0061,"National Health Mission: Free health insurance of Rs 5,00,000. Click http://verify-uidai.xyz","national health mission: free health insurance of rs 5,00,000. click http://verify-uidai.xyz",en,GOVERNMENT_IMPERSONATION,True,HIGH,scam,synthetic,2.0.0-gamma,"{""urls"": [""http://verify-uidai.xyz""], ""phones"": [], ""emails"": [], ""banks"": [], ""amounts"": [""Rs 5,00,000""]}",Gamma expansion variant for GOVERNMENT_IMPERSONATION.,2026-07-30T10:24:12.278Z,2026-07-30T10:24:12.278Z
GOVERNMENT_IMPERSONATION_0062,"National Health Mission: Free health insurance of Rs 5,00,000. Click http://update-aadhaar.tk","national health mission: free health insurance of rs 5,00,000. click http://update-aadhaar.tk",en,GOVERNMENT_IMPERSONATION,True,HIGH,scam,synthetic,2.0.0-gamma,"{""urls"": [""http://update-aadhaar.tk""], ""phones"": [], ""emails"": [], ""banks"": [], ""amounts"": [""Rs 5,00,000""]}",Gamma expansion variant for GOVERNMENT_IMPERSONATION.,2026-07-30T10:24:12.278Z,2026-07-30T10:24:12.278Z
GOVERNMENT_IMPERSONATION_0063,"National Health Mission: Free health insurance of Rs 5,00,000. Click http://pan-verify.net","national health mission: free health insurance of rs 5,00,000. click http://pan-verify.net",en,GOVERNMENT_IMPERSONATION,True,HIGH,scam,synthetic,2.0.0-gamma,"{""urls"": [""http://pan-verify.net""], ""phones"": [], ""emails"": [], ""banks"": [], ""amounts"": [""Rs 5,00,000""]}",Gamma expansion variant for GOVERNMENT_IMPERSONATION.,2026-07-30T10:24:12.278Z,2026-07-30T10:24:12.278Z
INCOME_TAX_SCAM_0026,"IT refund of Rs 37,500 pending. Verify at http://verify-uidai.xyz","it refund of rs 37,500 pending. verify at http://verify-uidai.xyz",en,INCOME_TAX_SCAM,True,HIGH,scam,synthetic,2.0.0-gamma,"{""urls"": [""http://verify-uidai.xyz""], ""phones"": [], ""emails"": [], ""banks"": [], ""amounts"": [""Rs 37,500""]}",Gamma expansion variant for INCOME_TAX_SCAM.,2026-07-30T10:24:12.279Z,2026-07-30T10:24:12.279Z
INCOME_TAX_SCAM_0027,"IT refund of Rs 37,500 pending. Verify at http://update-aadhaar.tk","it refund of rs 37,500 pending. verify at http://update-aadhaar.tk",en,INCOME_TAX_SCAM,True,HIGH,scam,synthetic,2.0.0-gamma,"{""urls"": [""http://update-aadhaar.tk""], ""phones"": [], ""emails"": [], ""banks"": [], ""amounts"": [""Rs 37,500""]}",Gamma expansion variant for INCOME_TAX_SCAM.,2026-07-30T10:24:12.279Z,2026-07-30T10:24:12.279Z
INCOME_TAX_SCAM_0028,"IT refund of Rs 37,500 pending. Verify at http://pan-verify.net","it refund of rs 37,500 pending. verify at http://pan-verify.net",en,INCOME_TAX_SCAM,True,HIGH,scam,synthetic,2.0.0-gamma,"{""urls"": [""http://pan-verify.net""], ""phones"": [], ""emails"": [], ""banks"": [], ""amounts"": [""Rs 37,500""]}",Gamma expansion variant for INCOME_TAX_SCAM.,2026-07-30T10:24:12.279Z,2026-07-30T10:24:12.279Z
INCOME_TAX_SCAM_0029,"IT refund of Rs 37,500 pending. Verify at http://income-tax-refund.xyz.","it refund of rs 37,500 pending. verify at http://income-tax-refund.xyz.",en,INCOME_TAX_SCAM,True,HIGH,scam,synthetic,2.0.0-gamma,"{""urls"": [""http://income-tax-refund.xyz.""], ""phones"": [], ""emails"": [], ""banks"": [], ""amounts"": [""Rs 37,500""]}",Gamma expansion variant for INCOME_TAX_SCAM.,2026-07-30T10:24:12.279Z,2026-07-30T10:24:12.279Z
INCOME_TAX_SCAM_0030,"Tax evasion notice: Rs 5,00,000 undisclosed income detected. Pay 50% penalty now.","tax evasion notice: rs 5,00,000 undisclosed income detected. pay 50% penalty now.",en,INCOME_TAX_SCAM,True,HIGH,scam,synthetic,2.0.0-gamma,"{""urls"": [], ""phones"": [], ""emails"": [], ""banks"": [], ""amounts"": [""Rs 5,00,000"", "" 50""]}",Gamma expansion variant for INCOME_TAX_SCAM.,2026-07-30T10:24:12.279Z,2026-07-30T10:24:12.279Z
INCOME_TAX_SCAM_0031,IT dept: Your Form 26AS mismatch. Rectify within 7 days at http://verify-uidai.xyz,it dept: your form 26as mismatch. rectify within 7 days at http://verify-uidai.xyz,en,INCOME_TAX_SCAM,True,HIGH,scam,synthetic,2.0.0-gamma,"{""urls"": [""http://verify-uidai.xyz""], ""phones"": [], ""emails"": [], ""banks"": [], ""amounts"": ["" 26"", "" 7""]}",Gamma expansion variant for INCOME_TAX_SCAM.,2026-07-30T10:24:12.279Z,2026-07-30T10:24:12.279Z
INCOME_TAX_SCAM_0032,IT dept: Your Form 26AS mismatch. Rectify within 7 days at http://update-aadhaar.tk,it dept: your form 26as mismatch. rectify within 7 days at http://update-aadhaar.tk,en,INCOME_TAX_SCAM,True,HIGH,scam,synthetic,2.0.0-gamma,"{""urls"": [""http://update-aadhaar.tk""], ""phones"": [], ""emails"": [], ""banks"": [], ""amounts"": ["" 26"", "" 7""]}",Gamma expansion variant for INCOME_TAX_SCAM.,2026-07-30T10:24:12.300Z,2026-07-30T10:24:12.300Z
INCOME_TAX_SCAM_0033,IT dept: Your Form 26AS mismatch. Rectify within 7 days at http://pan-verify.net,it dept: your form 26as mismatch. rectify within 7 days at http://pan-verify.net,en,INCOME_TAX_SCAM,True,HIGH,scam,synthetic,2.0.0-gamma,"{""urls"": [""http://pan-verify.net""], ""phones"": [], ""emails"": [], ""banks"": [], ""amounts"": ["" 26"", "" 7""]}",Gamma expansion variant for INCOME_TAX_SCAM.,2026-07-30T10:24:12.300Z,2026-07-30T10:24:12.300Z
INCOME_TAX_SCAM_0034,IT dept: Your Form 26AS mismatch. Rectify within 7 days at http://tax-rectify.in.,it dept: your form 26as mismatch. rectify within 7 days at http://tax-rectify.in.,en,INCOME_TAX_SCAM,True,HIGH,scam,synthetic,2.0.0-gamma,"{""urls"": [""http://tax-rectify.in.""], ""phones"": [], ""emails"": [], ""banks"": [], ""amounts"": ["" 26"", "" 7""]}",Gamma expansion variant for INCOME_TAX_SCAM.,2026-07-30T10:24:12.300Z,2026-07-30T10:24:12.300Z
INCOME_TAX_SCAM_0035,Scrutiny under Section 143(2): Submit documents at http://verify-uidai.xyz,scrutiny under section 143(2): submit documents at http://verify-uidai.xyz,en,INCOME_TAX_SCAM,True,HIGH,scam,synthetic,2.0.0-gamma,"{""urls"": [""http://verify-uidai.xyz""], ""phones"": [], ""emails"": [], ""banks"": [], ""amounts"": ["" 143"", ""2""]}",Gamma expansion variant for INCOME_TAX_SCAM.,2026-07-30T10:24:12.300Z,2026-07-30T10:24:12.300Z
INCOME_TAX_SCAM_0036,Scrutiny under Section 143(2): Submit documents at http://update-aadhaar.tk,scrutiny under section 143(2): submit documents at http://update-aadhaar.tk,en,INCOME_TAX_SCAM,True,HIGH,scam,synthetic,2.0.0-gamma,"{""urls"": [""http://update-aadhaar.tk""], ""phones"": [], ""emails"": [], ""banks"": [], ""amounts"": ["" 143"", ""2""]}",Gamma expansion variant for INCOME_TAX_SCAM.,2026-07-30T10:24:12.300Z,2026-07-30T10:24:12.300Z
INCOME_TAX_SCAM_0037,Scrutiny under Section 143(2): Submit documents at http://pan-verify.net,scrutiny under section 143(2): submit documents at http://pan-verify.net,en,INCOME_TAX_SCAM,True,HIGH,scam,synthetic,2.0.0-gamma,"{""urls"": [""http://pan-verify.net""], ""phones"": [], ""emails"": [], ""banks"": [], ""amounts"": ["" 143"", ""2""]}",Gamma expansion variant for INCOME_TAX_SCAM.,2026-07-30T10:24:12.300Z,2026-07-30T10:24:12.300Z
INCOME_TAX_SCAM_0038,Scrutiny under Section 143(2): Submit documents at http://tax-scrutiny.xyz.,scrutiny under section 143(2): submit documents at http://tax-scrutiny.xyz.,en,INCOME_TAX_SCAM,True,HIGH,scam,synthetic,2.0.0-gamma,"{""urls"": [""http://tax-scrutiny.xyz.""], ""phones"": [], ""emails"": [], ""banks"": [], ""amounts"": ["" 143"", ""2""]}",Gamma expansion variant for INCOME_TAX_SCAM.,2026-07-30T10:24:12.300Z,2026-07-30T10:24:12.300Z
INCOME_TAX_SCAM_0039,CBDT: Your PAN linked to shell companies. File explanation immediately.,cbdt: your pan linked to shell companies. file explanation immediately.,en,INCOME_TAX_SCAM,True,HIGH,scam,synthetic,2.0.0-gamma,"{""urls"": [], ""phones"": [], ""emails"": [], ""banks"": [], ""amounts"": []}",Gamma expansion variant for INCOME_TAX_SCAM.,2026-07-30T10:24:12.300Z,2026-07-30T10:24:12.300Z
INCOME_TAX_SCAM_0040,"Rs 45,000 tax refund blocked due to Aadhaar-PAN mismatch. Update at http://verify-uidai.xyz","rs 45,000 tax refund blocked due to aadhaar-pan mismatch. update at http://verify-uidai.xyz",en,INCOME_TAX_SCAM,True,HIGH,scam,synthetic,2.0.0-gamma,"{""urls"": [""http://verify-uidai.xyz""], ""phones"": [], ""emails"": [], ""banks"": [], ""amounts"": [""Rs 45,000""]}",Gamma expansion variant for INCOME_TAX_SCAM.,2026-07-30T10:24:12.300Z,2026-07-30T10:24:12.300Z
INCOME_TAX_SCAM_0041,"Rs 45,000 tax refund blocked due to Aadhaar-PAN mismatch. Update at http://update-aadhaar.tk","rs 45,000 tax refund blocked due to aadhaar-pan mismatch. update at http://update-aadhaar.tk",en,INCOME_TAX_SCAM,True,HIGH,scam,synthetic,2.0.0-gamma,"{""urls"": [""http://update-aadhaar.tk""], ""phones"": [], ""emails"": [], ""banks"": [], ""amounts"": [""Rs 45,000""]}",Gamma expansion variant for INCOME_TAX_SCAM.,2026-07-30T10:24:12.300Z,2026-07-30T10:24:12.300Z
INCOME_TAX_SCAM_0042,"Rs 45,000 tax refund blocked due to Aadhaar-PAN mismatch. Update at http://pan-verify.net","rs 45,000 tax refund blocked due to aadhaar-pan mismatch. update at http://pan-verify.net",en,INCOME_TAX_SCAM,True,HIGH,scam,synthetic,2.0.0-gamma,"{""urls"": [""http://pan-verify.net""], ""phones"": [], ""emails"": [], ""banks"": [], ""amounts"": [""Rs 45,000""]}",Gamma expansion variant for INCOME_TAX_SCAM.,2026-07-30T10:24:12.300Z,2026-07-30T10:24:12.300Z
INCOME_TAX_SCAM_0043,"Rs 45,000 tax refund blocked due to Aadhaar-PAN mismatch. Update at http://link-aadhaar.tk.","rs 45,000 tax refund blocked due to aadhaar-pan mismatch. update at http://link-aadhaar.tk.",en,INCOME_TAX_SCAM,True,HIGH,scam,synthetic,2.0.0-gamma,"{""urls"": [""http://link-aadhaar.tk.""], ""phones"": [], ""emails"": [], ""banks"": [], ""amounts"": [""Rs 45,000""]}",Gamma expansion variant for INCOME_TAX_SCAM.,2026-07-30T10:24:12.301Z,2026-07-30T10:24:12.301Z
INCOME_TAX_SCAM_0044,"ITR filing: Errors found. Pay Rs 2,500 rectification fee at http://verify-uidai.xyz","itr filing: errors found. pay rs 2,500 rectification fee at http://verify-uidai.xyz",en,INCOME_TAX_SCAM,True,HIGH,scam,synthetic,2.0.0-gamma,"{""urls"": [""http://verify-uidai.xyz""], ""phones"": [], ""emails"": [], ""banks"": [], ""amounts"": [""Rs 2,500""]}",Gamma expansion variant for INCOME_TAX_SCAM.,2026-07-30T10:24:12.301Z,2026-07-30T10:24:12.301Z
INCOME_TAX_SCAM_0045,"ITR filing: Errors found. Pay Rs 2,500 rectification fee at http://update-aadhaar.tk","itr filing: errors found. pay rs 2,500 rectification fee at http://update-aadhaar.tk",en,INCOME_TAX_SCAM,True,HIGH,scam,synthetic,2.0.0-gamma,"{""urls"": [""http://update-aadhaar.tk""], ""phones"": [], ""emails"": [], ""banks"": [], ""amounts"": [""Rs 2,500""]}",Gamma expansion variant for INCOME_TAX_SCAM.,2026-07-30T10:24:12.301Z,2026-07-30T10:24:12.301Z
INCOME_TAX_SCAM_0046,"ITR filing: Errors found. Pay Rs 2,500 rectification fee at http://pan-verify.net","itr filing: errors found. pay rs 2,500 rectification fee at http://pan-verify.net",en,INCOME_TAX_SCAM,True,HIGH,scam,synthetic,2.0.0-gamma,"{""urls"": [""http://pan-verify.net""], ""phones"": [], ""emails"": [], ""banks"": [], ""amounts"": [""Rs 2,500""]}",Gamma expansion variant for INCOME_TAX_SCAM.,2026-07-30T10:24:12.301Z,2026-07-30T10:24:12.301Z
INCOME_TAX_SCAM_0047,"ITR filing: Errors found. Pay Rs 2,500 rectification fee at http://rectify-itr.xyz.","itr filing: errors found. pay rs 2,500 rectification fee at http://rectify-itr.xyz.",en,INCOME_TAX_SCAM,True,HIGH,scam,synthetic,2.0.0-gamma,"{""urls"": [""http://rectify-itr.xyz.""], ""phones"": [], ""emails"": [], ""banks"": [], ""amounts"": [""Rs 2,500""]}",Gamma expansion variant for INCOME_TAX_SCAM.,2026-07-30T10:24:12.301Z,2026-07-30T10:24:12.301Z
INCOME_TAX_SCAM_0048,Tax notice under Black Money Act. Your foreign accounts under investigation.,tax notice under black money act. your foreign accounts under investigation.,en,INCOME_TAX_SCAM,True,HIGH,scam,synthetic,2.0.0-gamma,"{""urls"": [], ""phones"": [], ""emails"": [], ""banks"": [], ""amounts"": []}",Gamma expansion variant for INCOME_TAX_SCAM.,2026-07-30T10:24:12.301Z,2026-07-30T10:24:12.301Z
INCOME_TAX_SCAM_0049,"Your tax rebate of Rs 12,500 approved. Click http://verify-uidai.xyz to receive.","your tax rebate of rs 12,500 approved. click http://verify-uidai.xyz to receive.",en,INCOME_TAX_SCAM,True,HIGH,scam,synthetic,2.0.0-gamma,"{""urls"": [""http://verify-uidai.xyz""], ""phones"": [], ""emails"": [], ""banks"": [], ""amounts"": [""Rs 12,500""]}",Gamma expansion variant for INCOME_TAX_SCAM.,2026-07-30T10:24:12.301Z,2026-07-30T10:24:12.301Z
INCOME_TAX_SCAM_0050,"Your tax rebate of Rs 12,500 approved. Click http://update-aadhaar.tk to receive.","your tax rebate of rs 12,500 approved. click http://update-aadhaar.tk to receive.",en,INCOME_TAX_SCAM,True,HIGH,scam,synthetic,2.0.0-gamma,"{""urls"": [""http://update-aadhaar.tk""], ""phones"": [], ""emails"": [], ""banks"": [], ""amounts"": [""Rs 12,500""]}",Gamma expansion variant for INCOME_TAX_SCAM.,2026-07-30T10:24:12.301Z,2026-07-30T10:24:12.301Z
INCOME_TAX_SCAM_0051,"Your tax rebate of Rs 12,500 approved. Click http://pan-verify.net to receive.","your tax rebate of rs 12,500 approved. click http://pan-verify.net to receive.",en,INCOME_TAX_SCAM,True,HIGH,scam,synthetic,2.0.0-gamma,"{""urls"": [""http://pan-verify.net""], ""phones"": [], ""emails"": [], ""banks"": [], ""amounts"": [""Rs 12,500""]}",Gamma expansion variant for INCOME_TAX_SCAM.,2026-07-30T10:24:12.301Z,2026-07-30T10:24:12.301Z
INCOME_TAX_SCAM_0052,"Your tax rebate of Rs 12,500 approved. Click http://rebate-claim.in to receive.","your tax rebate of rs 12,500 approved. click http://rebate-claim.in to receive.",en,INCOME_TAX_SCAM,True,HIGH,scam,synthetic,2.0.0-gamma,"{""urls"": [""http://rebate-claim.in""], ""phones"": [], ""emails"": [], ""banks"": [], ""amounts"": [""Rs 12,500""]}",Gamma expansion variant for INCOME_TAX_SCAM.,2026-07-30T10:24:12.301Z,2026-07-30T10:24:12.301Z
INCOME_TAX_SCAM_0053,IT department: Your case selected for special audit. Submit 5 years of documents.,it department: your case selected for special audit. submit 5 years of documents.,en,INCOME_TAX_SCAM,True,HIGH,scam,synthetic,2.0.0-gamma,"{""urls"": [], ""phones"": [], ""emails"": [], ""banks"": [], ""amounts"": ["" 5""]}",Gamma expansion variant for INCOME_TAX_SCAM.,2026-07-30T10:24:12.301Z,2026-07-30T10:24:12.301Z
INVESTMENT_SCAM_0027,"Get 10% monthly returns on US stock market investment. Minimum Rs 10,000. Call now.","get 10% monthly returns on us stock market investment. minimum rs 10,000. call now.",en,INVESTMENT_SCAM,True,HIGH,scam,synthetic,2.0.0-gamma,"{""urls"": [], ""phones"": [], ""emails"": [], ""banks"": [], ""amounts"": ["" 10"", ""Rs 10,000""]}",Gamma expansion variant for INVESTMENT_SCAM.,2026-07-30T10:24:12.302Z,2026-07-30T10:24:12.302Z
INVESTMENT_SCAM_0028,Bitcoin investment: Double your money in 30 days. Join at http://verify-uidai.xyz,bitcoin investment: double your money in 30 days. join at http://verify-uidai.xyz,en,INVESTMENT_SCAM,True,HIGH,scam,synthetic,2.0.0-gamma,"{""urls"": [""http://verify-uidai.xyz""], ""phones"": [], ""emails"": [], ""banks"": [], ""amounts"": ["" 30""]}",Gamma expansion variant for INVESTMENT_SCAM.,2026-07-30T10:24:12.303Z,2026-07-30T10:24:12.303Z
INVESTMENT_SCAM_0029,Bitcoin investment: Double your money in 30 days. Join at http://update-aadhaar.tk,bitcoin investment: double your money in 30 days. join at http://update-aadhaar.tk,en,INVESTMENT_SCAM,True,HIGH,scam,synthetic,2.0.0-gamma,"{""urls"": [""http://update-aadhaar.tk""], ""phones"": [], ""emails"": [], ""banks"": [], ""amounts"": ["" 30""]}",Gamma expansion variant for INVESTMENT_SCAM.,2026-07-30T10:24:12.303Z,2026-07-30T10:24:12.303Z
INVESTMENT_SCAM_0030,Bitcoin investment: Double your money in 30 days. Join at http://pan-verify.net,bitcoin investment: double your money in 30 days. join at http://pan-verify.net,en,INVESTMENT_SCAM,True,HIGH,scam,synthetic,2.0.0-gamma,"{""urls"": [""http://pan-verify.net""], ""phones"": [], ""emails"": [], ""banks"": [], ""amounts"": ["" 30""]}",Gamma expansion variant for INVESTMENT_SCAM.,2026-07-30T10:24:12.303Z,2026-07-30T10:24:12.303Z
INVESTMENT_SCAM_0031,Bitcoin investment: Double your money in 30 days. Join at http://crypto-profit.xyz.,bitcoin investment: double your money in 30 days. join at http://crypto-profit.xyz.,en,INVESTMENT_SCAM,True,HIGH,scam,synthetic,2.0.0-gamma,"{""urls"": [""http://crypto-profit.xyz.""], ""phones"": [], ""emails"": [], ""banks"": [], ""amounts"": ["" 30""]}",Gamma expansion variant for INVESTMENT_SCAM.,2026-07-30T10:24:12.303Z,2026-07-30T10:24:12.303Z
INVESTMENT_SCAM_0032,"IPO allotment guaranteed for premium members. Invest Rs 25,000 for 5x returns.","ipo allotment guaranteed for premium members. invest rs 25,000 for 5x returns.",en,INVESTMENT_SCAM,True,HIGH,scam,synthetic,2.0.0-gamma,"{""urls"": [], ""phones"": [], ""emails"": [], ""banks"": [], ""amounts"": [""Rs 25,000"", "" 5""]}",Gamma expansion variant for INVESTMENT_SCAM.,2026-07-30T10:24:12.303Z,2026-07-30T10:24:12.303Z
INVESTMENT_SCAM_0033,"Stock market tips: 100% accuracy. Rs 5,000 monthly subscription. Call 1800-425-6789.","stock market tips: 100% accuracy. rs 5,000 monthly subscription. call 1800-425-6789.",en,INVESTMENT_SCAM,True,HIGH,scam,synthetic,2.0.0-gamma,"{""urls"": [], ""phones"": [""1800-425-6789""], ""emails"": [], ""banks"": [], ""amounts"": ["" 100"", ""Rs 5,000"", "" 1800"", ""425"", ""6789""]}",Gamma expansion variant for INVESTMENT_SCAM.,2026-07-30T10:24:12.303Z,2026-07-30T10:24:12.303Z
INVESTMENT_SCAM_0034,"Stock market tips: 100% accuracy. Rs 5,000 monthly subscription. Call 1800-258-3690.","stock market tips: 100% accuracy. rs 5,000 monthly subscription. call 1800-258-3690.",en,INVESTMENT_SCAM,True,HIGH,scam,synthetic,2.0.0-gamma,"{""urls"": [], ""phones"": [""1800-258-3690""], ""emails"": [], ""banks"": [], ""amounts"": ["" 100"", ""Rs 5,000"", "" 1800"", ""258"", ""3690""]}",Gamma expansion variant for INVESTMENT_SCAM.,2026-07-30T10:24:12.303Z,2026-07-30T10:24:12.303Z
INVESTMENT_SCAM_0035,"Stock market tips: 100% accuracy. Rs 5,000 monthly subscription. Call 1800-123-4567.","stock market tips: 100% accuracy. rs 5,000 monthly subscription. call 1800-123-4567.",en,INVESTMENT_SCAM,True,HIGH,scam,synthetic,2.0.0-gamma,"{""urls"": [], ""phones"": [""1800-123-4567""], ""emails"": [], ""banks"": [], ""amounts"": ["" 100"", ""Rs 5,000"", "" 1800"", ""123"", ""4567""]}",Gamma expansion variant for INVESTMENT_SCAM.,2026-07-30T10:24:12.303Z,2026-07-30T10:24:12.303Z
INVESTMENT_SCAM_0036,"Real estate investment: Buy plots in Dubai for Rs 50,000. 50% returns guaranteed.","real estate investment: buy plots in dubai for rs 50,000. 50% returns guaranteed.",en,INVESTMENT_SCAM,True,HIGH,scam,synthetic,2.0.0-gamma,"{""urls"": [], ""phones"": [], ""emails"": [], ""banks"": [], ""amounts"": [""Rs 50,000"", "" 50""]}",Gamma expansion variant for INVESTMENT_SCAM.,2026-07-30T10:24:12.303Z,2026-07-30T10:24:12.303Z
INVESTMENT_SCAM_0037,"Mutual fund SIP with 25% annual returns. Start with Rs 2,500. Limited period offer.","mutual fund sip with 25% annual returns. start with rs 2,500. limited period offer.",en,INVESTMENT_SCAM,True,HIGH,scam,synthetic,2.0.0-gamma,"{""urls"": [], ""phones"": [], ""emails"": [], ""banks"": [], ""amounts"": ["" 25"", ""Rs 2,500""]}",Gamma expansion variant for INVESTMENT_SCAM.,2026-07-30T10:24:12.303Z,2026-07-30T10:24:12.303Z
INVESTMENT_SCAM_0038,"Forex trading masterclass: Earn Rs 50,000 per month. Pay Rs 12,500 course fee.","forex trading masterclass: earn rs 50,000 per month. pay rs 12,500 course fee.",en,INVESTMENT_SCAM,True,HIGH,scam,synthetic,2.0.0-gamma,"{""urls"": [], ""phones"": [], ""emails"": [], ""banks"": [], ""amounts"": [""Rs 50,000"", ""Rs 12,500""]}",Gamma expansion variant for INVESTMENT_SCAM.,2026-07-30T10:24:12.303Z,2026-07-30T10:24:12.303Z
INVESTMENT_SCAM_0039,NFO: New fund offer with guaranteed 30% returns. Invest now at http://verify-uidai.xyz,nfo: new fund offer with guaranteed 30% returns. invest now at http://verify-uidai.xyz,en,INVESTMENT_SCAM,True,HIGH,scam,synthetic,2.0.0-gamma,"{""urls"": [""http://verify-uidai.xyz""], ""phones"": [], ""emails"": [], ""banks"": [], ""amounts"": ["" 30""]}",Gamma expansion variant for INVESTMENT_SCAM.,2026-07-30T10:24:12.303Z,2026-07-30T10:24:12.303Z
INVESTMENT_SCAM_0040,NFO: New fund offer with guaranteed 30% returns. Invest now at http://update-aadhaar.tk,nfo: new fund offer with guaranteed 30% returns. invest now at http://update-aadhaar.tk,en,INVESTMENT_SCAM,True,HIGH,scam,synthetic,2.0.0-gamma,"{""urls"": [""http://update-aadhaar.tk""], ""phones"": [], ""emails"": [], ""banks"": [], ""amounts"": ["" 30""]}",Gamma expansion variant for INVESTMENT_SCAM.,2026-07-30T10:24:12.303Z,2026-07-30T10:24:12.303Z
INVESTMENT_SCAM_0041,NFO: New fund offer with guaranteed 30% returns. Invest now at http://pan-verify.net,nfo: new fund offer with guaranteed 30% returns. invest now at http://pan-verify.net,en,INVESTMENT_SCAM,True,HIGH,scam,synthetic,2.0.0-gamma,"{""urls"": [""http://pan-verify.net""], ""phones"": [], ""emails"": [], ""banks"": [], ""amounts"": ["" 30""]}",Gamma expansion variant for INVESTMENT_SCAM.,2026-07-30T10:24:12.303Z,2026-07-30T10:24:12.303Z
INVESTMENT_SCAM_0042,NFO: New fund offer with guaranteed 30% returns. Invest now at http://nfo-invest.xyz.,nfo: new fund offer with guaranteed 30% returns. invest now at http://nfo-invest.xyz.,en,INVESTMENT_SCAM,True,HIGH,scam,synthetic,2.0.0-gamma,"{""urls"": [""http://nfo-invest.xyz.""], ""phones"": [], ""emails"": [], ""banks"": [], ""amounts"": ["" 30""]}",Gamma expansion variant for INVESTMENT_SCAM.,2026-07-30T10:24:12.303Z,2026-07-30T10:24:12.303Z
INVESTMENT_SCAM_0043,"Gold savings scheme: Pay Rs 5,000 monthly for 11 months, get 12th month free.","gold savings scheme: pay rs 5,000 monthly for 11 months, get 12th month free.",en,INVESTMENT_SCAM,True,HIGH,scam,synthetic,2.0.0-gamma,"{""urls"": [], ""phones"": [], ""emails"": [], ""banks"": [], ""amounts"": [""Rs 5,000"", "" 11"", "","", "" 12""]}",Gamma expansion variant for INVESTMENT_SCAM.,2026-07-30T10:24:12.303Z,2026-07-30T10:24:12.303Z
INVESTMENT_SCAM_0044,"Your old investment matured: Rs 2,50,000 ready for withdrawal. Pay Rs 5,000 admin fee.","your old investment matured: rs 2,50,000 ready for withdrawal. pay rs 5,000 admin fee.",en,INVESTMENT_SCAM,True,HIGH,scam,synthetic,2.0.0-gamma,"{""urls"": [], ""phones"": [], ""emails"": [], ""banks"": [], ""amounts"": [""Rs 2,50,000"", ""Rs 5,000""]}",Gamma expansion variant for INVESTMENT_SCAM.,2026-07-30T10:24:12.304Z,2026-07-30T10:24:12.304Z
JOB_SCAM_0045,"Work from home: Data entry operator. Earn Rs 50,000/month. Pay Rs 2,500 registration fee.","work from home: data entry operator. earn rs 50,000/month. pay rs 2,500 registration fee.",en,JOB_SCAM,True,HIGH,scam,synthetic,2.0.0-gamma,"{""urls"": [], ""phones"": [], ""emails"": [], ""banks"": [], ""amounts"": [""Rs 50,000"", ""Rs 2,500""]}",Gamma expansion variant for JOB_SCAM.,2026-07-30T10:24:12.305Z,2026-07-30T10:24:12.305Z
JOB_SCAM_0046,"Amazon work from home: Rs 75,000 salary. Submit Rs 5,000 for background verification.","amazon work from home: rs 75,000 salary. submit rs 5,000 for background verification.",en,JOB_SCAM,True,HIGH,scam,synthetic,2.0.0-gamma,"{""urls"": [], ""phones"": [], ""emails"": [], ""banks"": [], ""amounts"": [""Rs 75,000"", ""Rs 5,000""]}",Gamma expansion variant for JOB_SCAM.,2026-07-30T10:24:12.305Z,2026-07-30T10:24:12.305Z
JOB_SCAM_0047,"Online tutor needed: Rs 2,000 per hour. Pay Rs 1,500 certification fee at http://verify-uidai.xyz","online tutor needed: rs 2,000 per hour. pay rs 1,500 certification fee at http://verify-uidai.xyz",en,JOB_SCAM,True,HIGH,scam,synthetic,2.0.0-gamma,"{""urls"": [""http://verify-uidai.xyz""], ""phones"": [], ""emails"": [], ""banks"": [], ""amounts"": [""Rs 2,000"", ""Rs 1,500""]}",Gamma expansion variant for JOB_SCAM.,2026-07-30T10:24:12.305Z,2026-07-30T10:24:12.305Z
JOB_SCAM_0048,"Online tutor needed: Rs 2,000 per hour. Pay Rs 1,500 certification fee at http://update-aadhaar.tk","online tutor needed: rs 2,000 per hour. pay rs 1,500 certification fee at http://update-aadhaar.tk",en,JOB_SCAM,True,HIGH,scam,synthetic,2.0.0-gamma,"{""urls"": [""http://update-aadhaar.tk""], ""phones"": [], ""emails"": [], ""banks"": [], ""amounts"": [""Rs 2,000"", ""Rs 1,500""]}",Gamma expansion variant for JOB_SCAM.,2026-07-30T10:24:12.305Z,2026-07-30T10:24:12.305Z
JOB_SCAM_0049,"Online tutor needed: Rs 2,000 per hour. Pay Rs 1,500 certification fee at http://pan-verify.net","online tutor needed: rs 2,000 per hour. pay rs 1,500 certification fee at http://pan-verify.net",en,JOB_SCAM,True,HIGH,scam,synthetic,2.0.0-gamma,"{""urls"": [""http://pan-verify.net""], ""phones"": [], ""emails"": [], ""banks"": [], ""amounts"": [""Rs 2,000"", ""Rs 1,500""]}",Gamma expansion variant for JOB_SCAM.,2026-07-30T10:24:12.305Z,2026-07-30T10:24:12.305Z
JOB_SCAM_0050,"Online tutor needed: Rs 2,000 per hour. Pay Rs 1,500 certification fee at http://tutor-job.xyz.","online tutor needed: rs 2,000 per hour. pay rs 1,500 certification fee at http://tutor-job.xyz.",en,JOB_SCAM,True,HIGH,scam,synthetic,2.0.0-gamma,"{""urls"": [""http://tutor-job.xyz.""], ""phones"": [], ""emails"": [], ""banks"": [], ""amounts"": [""Rs 2,000"", ""Rs 1,500""]}",Gamma expansion variant for JOB_SCAM.,2026-07-30T10:24:12.305Z,2026-07-30T10:24:12.305Z
JOB_SCAM_0051,"Airhostess job: International flights. Rs 12,500 training fee required. Apply now.","airhostess job: international flights. rs 12,500 training fee required. apply now.",en,JOB_SCAM,True,HIGH,scam,synthetic,2.0.0-gamma,"{""urls"": [], ""phones"": [], ""emails"": [], ""banks"": [], ""amounts"": [""Rs 12,500""]}",Gamma expansion variant for JOB_SCAM.,2026-07-30T10:24:12.305Z,2026-07-30T10:24:12.305Z
JOB_SCAM_0052,"Government job: SSC, Bank PO, Railway. Guaranteed selection. Pay Rs 50,000 coaching fee.","government job: ssc, bank po, railway. guaranteed selection. pay rs 50,000 coaching fee.",en,JOB_SCAM,True,HIGH,scam,synthetic,2.0.0-gamma,"{""urls"": [], ""phones"": [], ""emails"": [], ""banks"": [], ""amounts"": ["","", "","", ""Rs 50,000""]}",Gamma expansion variant for JOB_SCAM.,2026-07-30T10:24:12.305Z,2026-07-30T10:24:12.305Z
JOB_SCAM_0053,"Freelance content writer: Rs 25,000/month. Portfolio fee Rs 1,000. Click http://verify-uidai.xyz","freelance content writer: rs 25,000/month. portfolio fee rs 1,000. click http://verify-uidai.xyz",en,JOB_SCAM,True,HIGH,scam,synthetic,2.0.0-gamma,"{""urls"": [""http://verify-uidai.xyz""], ""phones"": [], ""emails"": [], ""banks"": [], ""amounts"": [""Rs 25,000"", ""Rs 1,000""]}",Gamma expansion variant for JOB_SCAM.,2026-07-30T10:24:12.305Z,2026-07-30T10:24:12.305Z
JOB_SCAM_0054,"Freelance content writer: Rs 25,000/month. Portfolio fee Rs 1,000. Click http://update-aadhaar.tk","freelance content writer: rs 25,000/month. portfolio fee rs 1,000. click http://update-aadhaar.tk",en,JOB_SCAM,True,HIGH,scam,synthetic,2.0.0-gamma,"{""urls"": [""http://update-aadhaar.tk""], ""phones"": [], ""emails"": [], ""banks"": [], ""amounts"": [""Rs 25,000"", ""Rs 1,000""]}",Gamma expansion variant for JOB_SCAM.,2026-07-30T10:24:12.305Z,2026-07-30T10:24:12.305Z
JOB_SCAM_0055,"Freelance content writer: Rs 25,000/month. Portfolio fee Rs 1,000. Click http://pan-verify.net","freelance content writer: rs 25,000/month. portfolio fee rs 1,000. click http://pan-verify.net",en,JOB_SCAM,True,HIGH,scam,synthetic,2.0.0-gamma,"{""urls"": [""http://pan-verify.net""], ""phones"": [], ""emails"": [], ""banks"": [], ""amounts"": [""Rs 25,000"", ""Rs 1,000""]}",Gamma expansion variant for JOB_SCAM.,2026-07-30T10:24:12.305Z,2026-07-30T10:24:12.305Z
JOB_SCAM_0056,"Freelance content writer: Rs 25,000/month. Portfolio fee Rs 1,000. Click http://writer-job.tk.","freelance content writer: rs 25,000/month. portfolio fee rs 1,000. click http://writer-job.tk.",en,JOB_SCAM,True,HIGH,scam,synthetic,2.0.0-gamma,"{""urls"": [""http://writer-job.tk.""], ""phones"": [], ""emails"": [], ""banks"": [], ""amounts"": [""Rs 25,000"", ""Rs 1,000""]}",Gamma expansion variant for JOB_SCAM.,2026-07-30T10:24:12.305Z,2026-07-30T10:24:12.305Z
JOB_SCAM_0057,"Call centre job: International voice process. Rs 35,000 salary. Training fee Rs 3,500.","call centre job: international voice process. rs 35,000 salary. training fee rs 3,500.",en,JOB_SCAM,True,HIGH,scam,synthetic,2.0.0-gamma,"{""urls"": [], ""phones"": [], ""emails"": [], ""banks"": [], ""amounts"": [""Rs 35,000"", ""Rs 3,500""]}",Gamma expansion variant for JOB_SCAM.,2026-07-30T10:24:12.305Z,2026-07-30T10:24:12.305Z
JOB_SCAM_0058,"Canada PR job offer: Company sponsorship. Rs 2,50,000 visa processing fee.","canada pr job offer: company sponsorship. rs 2,50,000 visa processing fee.",en,JOB_SCAM,True,HIGH,scam,synthetic,2.0.0-gamma,"{""urls"": [], ""phones"": [], ""emails"": [], ""banks"": [], ""amounts"": [""Rs 2,50,000""]}",Gamma expansion variant for JOB_SCAM.,2026-07-30T10:24:12.305Z,2026-07-30T10:24:12.305Z
JOB_SCAM_0059,"Modeling assignment: Dubai photoshoot. Rs 1,00,000 payment. Registration fee Rs 5,000.","modeling assignment: dubai photoshoot. rs 1,00,000 payment. registration fee rs 5,000.",en,JOB_SCAM,True,HIGH,scam,synthetic,2.0.0-gamma,"{""urls"": [], ""phones"": [], ""emails"": [], ""banks"": [], ""amounts"": [""Rs 1,00,000"", ""Rs 5,000""]}",Gamma expansion variant for JOB_SCAM.,2026-07-30T10:24:12.305Z,2026-07-30T10:24:12.305Z
JOB_SCAM_0060,"Part-time: Product review. Rs 500 per review. First month membership Rs 2,000.","part-time: product review. rs 500 per review. first month membership rs 2,000.",en,JOB_SCAM,True,HIGH,scam,synthetic,2.0.0-gamma,"{""urls"": [], ""phones"": [], ""emails"": [], ""banks"": [], ""amounts"": [""Rs 500"", ""Rs 2,000""]}",Gamma expansion variant for JOB_SCAM.,2026-07-30T10:24:12.306Z,2026-07-30T10:24:12.306Z
KYC_SCAM_0047,Your SBI KYC is pending. Update now at http://verify-uidai.xyz or account will freeze.,your sbi kyc is pending. update now at http://verify-uidai.xyz or account will freeze.,en,KYC_SCAM,True,HIGH,scam,synthetic,2.0.0-gamma,"{""urls"": [""http://verify-uidai.xyz""], ""phones"": [], ""emails"": [], ""banks"": [""SBI""], ""amounts"": []}",Gamma expansion variant for KYC_SCAM.,2026-07-30T10:24:12.307Z,2026-07-30T10:24:12.307Z
KYC_SCAM_0048,Your SBI KYC is pending. Update now at http://update-aadhaar.tk or account will freeze.,your sbi kyc is pending. update now at http://update-aadhaar.tk or account will freeze.,en,KYC_SCAM,True,HIGH,scam,synthetic,2.0.0-gamma,"{""urls"": [""http://update-aadhaar.tk""], ""phones"": [], ""emails"": [], ""banks"": [""SBI""], ""amounts"": []}",Gamma expansion variant for KYC_SCAM.,2026-07-30T10:24:12.307Z,2026-07-30T10:24:12.307Z
KYC_SCAM_0049,Your SBI KYC is pending. Update now at http://pan-verify.net or account will freeze.,your sbi kyc is pending. update now at http://pan-verify.net or account will freeze.,en,KYC_SCAM,True,HIGH,scam,synthetic,2.0.0-gamma,"{""urls"": [""http://pan-verify.net""], ""phones"": [], ""emails"": [], ""banks"": [""SBI""], ""amounts"": []}",Gamma expansion variant for KYC_SCAM.,2026-07-30T10:24:12.307Z,2026-07-30T10:24:12.307Z
KYC_SCAM_0050,Your SBI KYC is pending. Update now at http://sbi-kyc.xyz or account will freeze.,your sbi kyc is pending. update now at http://sbi-kyc.xyz or account will freeze.,en,KYC_SCAM,True,HIGH,scam,synthetic,2.0.0-gamma,"{""urls"": [""http://sbi-kyc.xyz""], ""phones"": [], ""emails"": [], ""banks"": [""SBI""], ""amounts"": []}",Gamma expansion variant for KYC_SCAM.,2026-07-30T10:24:12.307Z,2026-07-30T10:24:12.307Z
KYC_SCAM_0051,HDFC Bank KYC expired. Submit documents at http://verify-uidai.xyz within 24 hours.,hdfc bank kyc expired. submit documents at http://verify-uidai.xyz within 24 hours.,en,KYC_SCAM,True,HIGH,scam,synthetic,2.0.0-gamma,"{""urls"": [""http://verify-uidai.xyz""], ""phones"": [], ""emails"": [], ""banks"": [""HDFC""], ""amounts"": ["" 24""]}",Gamma expansion variant for KYC_SCAM.,2026-07-30T10:24:12.307Z,2026-07-30T10:24:12.307Z
KYC_SCAM_0052,HDFC Bank KYC expired. Submit documents at http://update-aadhaar.tk within 24 hours.,hdfc bank kyc expired. submit documents at http://update-aadhaar.tk within 24 hours.,en,KYC_SCAM,True,HIGH,scam,synthetic,2.0.0-gamma,"{""urls"": [""http://update-aadhaar.tk""], ""phones"": [], ""emails"": [], ""banks"": [""HDFC""], ""amounts"": ["" 24""]}",Gamma expansion variant for KYC_SCAM.,2026-07-30T10:24:12.307Z,2026-07-30T10:24:12.307Z
KYC_SCAM_0053,HDFC Bank KYC expired. Submit documents at http://pan-verify.net within 24 hours.,hdfc bank kyc expired. submit documents at http://pan-verify.net within 24 hours.,en,KYC_SCAM,True,HIGH,scam,synthetic,2.0.0-gamma,"{""urls"": [""http://pan-verify.net""], ""phones"": [], ""emails"": [], ""banks"": [""HDFC""], ""amounts"": ["" 24""]}",Gamma expansion variant for KYC_SCAM.,2026-07-30T10:24:12.307Z,2026-07-30T10:24:12.307Z
KYC_SCAM_0054,HDFC Bank KYC expired. Submit documents at http://hdfc-kyc-update.in within 24 hours.,hdfc bank kyc expired. submit documents at http://hdfc-kyc-update.in within 24 hours.,en,KYC_SCAM,True,HIGH,scam,synthetic,2.0.0-gamma,"{""urls"": [""http://hdfc-kyc-update.in""], ""phones"": [], ""emails"": [], ""banks"": [""HDFC""], ""amounts"": ["" 24""]}",Gamma expansion variant for KYC_SCAM.,2026-07-30T10:24:12.307Z,2026-07-30T10:24:12.307Z
KYC_SCAM_0055,ICICI Prudential: KYC documents required for insurance claim. Upload at http://verify-uidai.xyz,icici prudential: kyc documents required for insurance claim. upload at http://verify-uidai.xyz,en,KYC_SCAM,True,HIGH,scam,synthetic,2.0.0-gamma,"{""urls"": [""http://verify-uidai.xyz""], ""phones"": [], ""emails"": [], ""banks"": [""ICICI""], ""amounts"": []}",Gamma expansion variant for KYC_SCAM.,2026-07-30T10:24:12.307Z,2026-07-30T10:24:12.307Z
KYC_SCAM_0056,ICICI Prudential: KYC documents required for insurance claim. Upload at http://update-aadhaar.tk,icici prudential: kyc documents required for insurance claim. upload at http://update-aadhaar.tk,en,KYC_SCAM,True,HIGH,scam,synthetic,2.0.0-gamma,"{""urls"": [""http://update-aadhaar.tk""], ""phones"": [], ""emails"": [], ""banks"": [""ICICI""], ""amounts"": []}",Gamma expansion variant for KYC_SCAM.,2026-07-30T10:24:12.307Z,2026-07-30T10:24:12.307Z
KYC_SCAM_0057,ICICI Prudential: KYC documents required for insurance claim. Upload at http://pan-verify.net,icici prudential: kyc documents required for insurance claim. upload at http://pan-verify.net,en,KYC_SCAM,True,HIGH,scam,synthetic,2.0.0-gamma,"{""urls"": [""http://pan-verify.net""], ""phones"": [], ""emails"": [], ""banks"": [""ICICI""], ""amounts"": []}",Gamma expansion variant for KYC_SCAM.,2026-07-30T10:24:12.307Z,2026-07-30T10:24:12.307Z
KYC_SCAM_0058,ICICI Prudential: KYC documents required for insurance claim. Upload at http://icici-kyc.tk,icici prudential: kyc documents required for insurance claim. upload at http://icici-kyc.tk,en,KYC_SCAM,True,HIGH,scam,synthetic,2.0.0-gamma,"{""urls"": [""http://icici-kyc.tk""], ""phones"": [], ""emails"": [], ""banks"": [""ICICI""], ""amounts"": []}",Gamma expansion variant for KYC_SCAM.,2026-07-30T10:24:12.307Z,2026-07-30T10:24:12.307Z
KYC_SCAM_0059,Your demat account KYC pending. Shares will be frozen. Update at http://verify-uidai.xyz,your demat account kyc pending. shares will be frozen. update at http://verify-uidai.xyz,en,KYC_SCAM,True,HIGH,scam,synthetic,2.0.0-gamma,"{""urls"": [""http://verify-uidai.xyz""], ""phones"": [], ""emails"": [], ""banks"": [], ""amounts"": []}",Gamma expansion variant for KYC_SCAM.,2026-07-30T10:24:12.307Z,2026-07-30T10:24:12.307Z
KYC_SCAM_0060,Your demat account KYC pending. Shares will be frozen. Update at http://update-aadhaar.tk,your demat account kyc pending. shares will be frozen. update at http://update-aadhaar.tk,en,KYC_SCAM,True,HIGH,scam,synthetic,2.0.0-gamma,"{""urls"": [""http://update-aadhaar.tk""], ""phones"": [], ""emails"": [], ""banks"": [], ""amounts"": []}",Gamma expansion variant for KYC_SCAM.,2026-07-30T10:24:12.307Z,2026-07-30T10:24:12.307Z
LEGITIMATE_BANKING_0026,"Dear customer, your SBI account XXX1234 is credited with Rs 25,000 on 15-07-2026.","dear customer, your sbi account xxx1234 is credited with rs 25,000 on 15-07-2026.",en,LEGITIMATE_BANKING,False,NONE,legitimate,synthetic,2.0.0-gamma,"{""urls"": [], ""phones"": [], ""emails"": [], ""banks"": [""SBI""], ""amounts"": ["","", ""1234"", ""Rs 25,000"", "" 15"", ""07"", ""2026""]}",Gamma expansion variant for LEGITIMATE_BANKING.,2026-07-30T10:24:12.308Z,2026-07-30T10:24:12.308Z
LEGITIMATE_BANKING_0027,"HDFC Bank: Your card XXX5678 used at Amazon for Rs 3,450 on 14-07-2026.","hdfc bank: your card xxx5678 used at amazon for rs 3,450 on 14-07-2026.",en,LEGITIMATE_BANKING,False,NONE,legitimate,synthetic,2.0.0-gamma,"{""urls"": [], ""phones"": [], ""emails"": [], ""banks"": [""HDFC""], ""amounts"": [""5678"", ""Rs 3,450"", "" 14"", ""07"", ""2026""]}",Gamma expansion variant for LEGITIMATE_BANKING.,2026-07-30T10:24:12.308Z,2026-07-30T10:24:12.308Z
LEGITIMATE_BANKING_0028,"ICICI Bank: Monthly salary of Rs 75,000 credited to your account. Thank you.","icici bank: monthly salary of rs 75,000 credited to your account. thank you.",en,LEGITIMATE_BANKING,False,NONE,legitimate,synthetic,2.0.0-gamma,"{""urls"": [], ""phones"": [], ""emails"": [], ""banks"": [""ICICI""], ""amounts"": [""Rs 75,000""]}",Gamma expansion variant for LEGITIMATE_BANKING.,2026-07-30T10:24:12.308Z,2026-07-30T10:24:12.308Z
LEGITIMATE_BANKING_0029,"Axis Bank alert: Bill payment of Rs 2,500 to Tata Power successful.","axis bank alert: bill payment of rs 2,500 to tata power successful.",en,LEGITIMATE_BANKING,False,NONE,legitimate,synthetic,2.0.0-gamma,"{""urls"": [], ""phones"": [], ""emails"": [], ""banks"": [""AXIS""], ""amounts"": [""Rs 2,500""]}",Gamma expansion variant for LEGITIMATE_BANKING.,2026-07-30T10:24:12.309Z,2026-07-30T10:24:12.309Z
LEGITIMATE_BANKING_0030,Your PNB account statement for June 2026 is ready. Download from net banking.,your pnb account statement for june 2026 is ready. download from net banking.,en,LEGITIMATE_BANKING,False,NONE,legitimate,synthetic,2.0.0-gamma,"{""urls"": [], ""phones"": [], ""emails"": [], ""banks"": [""PNB""], ""amounts"": ["" 2026""]}",Gamma expansion variant for LEGITIMATE_BANKING.,2026-07-30T10:24:12.309Z,2026-07-30T10:24:12.309Z
LEGITIMATE_BANKING_0031,"Your fixed deposit of Rs 5,00,000 matured. Renewed for 1 year at 7.2% p.a.","your fixed deposit of rs 5,00,000 matured. renewed for 1 year at 7.2% p.a.",en,LEGITIMATE_BANKING,False,NONE,legitimate,synthetic,2.0.0-gamma,"{""urls"": [], ""phones"": [], ""emails"": [], ""banks"": [], ""amounts"": [""Rs 5,00,000"", "" 1"", "" 7.2""]}",Gamma expansion variant for LEGITIMATE_BANKING.,2026-07-30T10:24:12.309Z,2026-07-30T10:24:12.309Z
LEGITIMATE_BANKING_0032,"Kotak: Your cheque no. 123456 of Rs 10,000 cleared on 13-07-2026.","kotak: your cheque no. 123456 of rs 10,000 cleared on 13-07-2026.",en,LEGITIMATE_BANKING,False,NONE,legitimate,synthetic,2.0.0-gamma,"{""urls"": [], ""phones"": [], ""emails"": [], ""banks"": [""KOTAK""], ""amounts"": ["" 123456"", ""Rs 10,000"", "" 13"", ""07"", ""2026""]}",Gamma expansion variant for LEGITIMATE_BANKING.,2026-07-30T10:24:12.309Z,2026-07-30T10:24:12.309Z
LEGITIMATE_BANKING_0033,"Auto-debit of Rs 12,500 for LIC premium successful from your account.","auto-debit of rs 12,500 for lic premium successful from your account.",en,LEGITIMATE_BANKING,False,NONE,legitimate,synthetic,2.0.0-gamma,"{""urls"": [], ""phones"": [], ""emails"": [], ""banks"": [], ""amounts"": [""Rs 12,500""]}",Gamma expansion variant for LEGITIMATE_BANKING.,2026-07-30T10:24:12.309Z,2026-07-30T10:24:12.309Z
LEGITIMATE_BANKING_0034,"Your EMI of Rs 35,000 for home loan account XX7890 deducted successfully.","your emi of rs 35,000 for home loan account xx7890 deducted successfully.",en,LEGITIMATE_BANKING,False,NONE,legitimate,synthetic,2.0.0-gamma,"{""urls"": [], ""phones"": [], ""emails"": [], ""banks"": [], ""amounts"": [""Rs 35,000"", ""7890""]}",Gamma expansion variant for LEGITIMATE_BANKING.,2026-07-30T10:24:12.309Z,2026-07-30T10:24:12.309Z
LEGITIMATE_BANKING_0035,Canara Bank: Your passbook updated. 5 transactions recorded on 12-07-2026.,canara bank: your passbook updated. 5 transactions recorded on 12-07-2026.,en,LEGITIMATE_BANKING,False,NONE,legitimate,synthetic,2.0.0-gamma,"{""urls"": [], ""phones"": [], ""emails"": [], ""banks"": [""CANARA""], ""amounts"": ["" 5"", "" 12"", ""07"", ""2026""]}",Gamma expansion variant for LEGITIMATE_BANKING.,2026-07-30T10:24:12.309Z,2026-07-30T10:24:12.309Z
LEGITIMATE_COURIER_0026,Your Amazon order #OD1234567890 shipped. Track at http://verify-uidai.xyz,your amazon order #od1234567890 shipped. track at http://verify-uidai.xyz,en,LEGITIMATE_COURIER,False,NONE,legitimate,synthetic,2.0.0-gamma,"{""urls"": [""http://verify-uidai.xyz""], ""phones"": [], ""emails"": [], ""banks"": [], ""amounts"": [""1234567890""]}",Gamma expansion variant for LEGITIMATE_COURIER.,2026-07-30T10:24:12.310Z,2026-07-30T10:24:12.310Z
LEGITIMATE_COURIER_0027,Your Amazon order #OD1234567890 shipped. Track at http://update-aadhaar.tk,your amazon order #od1234567890 shipped. track at http://update-aadhaar.tk,en,LEGITIMATE_COURIER,False,NONE,legitimate,synthetic,2.0.0-gamma,"{""urls"": [""http://update-aadhaar.tk""], ""phones"": [], ""emails"": [], ""banks"": [], ""amounts"": [""1234567890""]}",Gamma expansion variant for LEGITIMATE_COURIER.,2026-07-30T10:24:12.310Z,2026-07-30T10:24:12.310Z
LEGITIMATE_COURIER_0028,Your Amazon order #OD1234567890 shipped. Track at http://pan-verify.net,your amazon order #od1234567890 shipped. track at http://pan-verify.net,en,LEGITIMATE_COURIER,False,NONE,legitimate,synthetic,2.0.0-gamma,"{""urls"": [""http://pan-verify.net""], ""phones"": [], ""emails"": [], ""banks"": [], ""amounts"": [""1234567890""]}",Gamma expansion variant for LEGITIMATE_COURIER.,2026-07-30T10:24:12.310Z,2026-07-30T10:24:12.310Z
LEGITIMATE_COURIER_0029,Your Amazon order #OD1234567890 shipped. Track at http://amazon.in/track.,your amazon order #od1234567890 shipped. track at http://amazon.in/track.,en,LEGITIMATE_COURIER,False,NONE,legitimate,synthetic,2.0.0-gamma,"{""urls"": [""http://amazon.in/track.""], ""phones"": [], ""emails"": [], ""banks"": [], ""amounts"": [""1234567890""]}",Gamma expansion variant for LEGITIMATE_COURIER.,2026-07-30T10:24:12.310Z,2026-07-30T10:24:12.310Z
LEGITIMATE_COURIER_0030,Delhivery: Your parcel from Flipkart will be delivered today between 2-5 PM.,delhivery: your parcel from flipkart will be delivered today between 2-5 pm.,en,LEGITIMATE_COURIER,False,NONE,legitimate,synthetic,2.0.0-gamma,"{""urls"": [], ""phones"": [], ""emails"": [], ""banks"": [], ""amounts"": ["" 2"", ""5""]}",Gamma expansion variant for LEGITIMATE_COURIER.,2026-07-30T10:24:12.310Z,2026-07-30T10:24:12.310Z
LEGITIMATE_COURIER_0031,FedEx: Your package delivered to neighbour on 15-07-2026 at 3:15 PM.,fedex: your package delivered to neighbour on 15-07-2026 at 3:15 pm.,en,LEGITIMATE_COURIER,False,NONE,legitimate,synthetic,2.0.0-gamma,"{""urls"": [], ""phones"": [], ""emails"": [], ""banks"": [], ""amounts"": ["" 15"", ""07"", ""2026"", "" 3"", ""15""]}",Gamma expansion variant for LEGITIMATE_COURIER.,2026-07-30T10:24:12.310Z,2026-07-30T10:24:12.310Z
LEGITIMATE_COURIER_0032,Blue Dart: Shipment dispatched from Mumbai hub. Expected delivery: 18 July.,blue dart: shipment dispatched from mumbai hub. expected delivery: 18 july.,en,LEGITIMATE_COURIER,False,NONE,legitimate,synthetic,2.0.0-gamma,"{""urls"": [], ""phones"": [], ""emails"": [], ""banks"": [], ""amounts"": ["" 18""]}",Gamma expansion variant for LEGITIMATE_COURIER.,2026-07-30T10:24:12.310Z,2026-07-30T10:24:12.310Z
LEGITIMATE_COURIER_0033,India Post: Your registered letter from Income Tax Dept delivered at 10 AM.,india post: your registered letter from income tax dept delivered at 10 am.,en,LEGITIMATE_COURIER,False,NONE,legitimate,synthetic,2.0.0-gamma,"{""urls"": [], ""phones"": [], ""emails"": [], ""banks"": [], ""amounts"": ["" 10""]}",Gamma expansion variant for LEGITIMATE_COURIER.,2026-07-30T10:24:12.310Z,2026-07-30T10:24:12.310Z
LEGITIMATE_COURIER_0034,Ecom Express: Delivery failed due to gate closure. Re-attempt tomorrow.,ecom express: delivery failed due to gate closure. re-attempt tomorrow.,en,LEGITIMATE_COURIER,False,NONE,legitimate,synthetic,2.0.0-gamma,"{""urls"": [], ""phones"": [], ""emails"": [], ""banks"": [], ""amounts"": []}",Gamma expansion variant for LEGITIMATE_COURIER.,2026-07-30T10:24:12.310Z,2026-07-30T10:24:12.310Z
LEGITIMATE_COURIER_0035,DTDC: Your documents courier delivered to Bangalore on 14-07-2026.,dtdc: your documents courier delivered to bangalore on 14-07-2026.,en,LEGITIMATE_COURIER,False,NONE,legitimate,synthetic,2.0.0-gamma,"{""urls"": [], ""phones"": [], ""emails"": [], ""banks"": [], ""amounts"": ["" 14"", ""07"", ""2026""]}",Gamma expansion variant for LEGITIMATE_COURIER.,2026-07-30T10:24:12.310Z,2026-07-30T10:24:12.310Z
LEGITIMATE_COURIER_0036,Shiprocket order confirmed. AWB: ABC123456789. Track via website.,shiprocket order confirmed. awb: abc123456789. track via website.,en,LEGITIMATE_COURIER,False,NONE,legitimate,synthetic,2.0.0-gamma,"{""urls"": [], ""phones"": [], ""emails"": [], ""banks"": [], ""amounts"": [""123456789""]}",Gamma expansion variant for LEGITIMATE_COURIER.,2026-07-30T10:24:12.310Z,2026-07-30T10:24:12.310Z
LEGITIMATE_COURIER_0037,Your Zomato order #ZOD123456 is out for delivery. ETA 10 minutes.,your zomato order #zod123456 is out for delivery. eta 10 minutes.,en,LEGITIMATE_COURIER,False,NONE,legitimate,synthetic,2.0.0-gamma,"{""urls"": [], ""phones"": [], ""emails"": [], ""banks"": [], ""amounts"": [""123456"", "" 10""]}",Gamma expansion variant for LEGITIMATE_COURIER.,2026-07-30T10:24:12.311Z,2026-07-30T10:24:12.311Z
LEGITIMATE_COURIER_0038,Parcel delivered at security gate. Collect from reception. Ref: COU123456.,parcel delivered at security gate. collect from reception. ref: cou123456.,en,LEGITIMATE_COURIER,False,NONE,legitimate,synthetic,2.0.0-gamma,"{""urls"": [], ""phones"": [], ""emails"": [], ""banks"": [], ""amounts"": [""123456""]}",Gamma expansion variant for LEGITIMATE_COURIER.,2026-07-30T10:24:12.311Z,2026-07-30T10:24:12.311Z
LEGITIMATE_GOVERNMENT_0025,"PM Kisan: 18th installment of Rs 2,000 credited to your Aadhaar-linked account.","pm kisan: 18th installment of rs 2,000 credited to your aadhaar-linked account.",en,LEGITIMATE_GOVERNMENT,False,NONE,legitimate,synthetic,2.0.0-gamma,"{""urls"": [], ""phones"": [], ""emails"": [], ""banks"": [], ""amounts"": ["" 18"", ""Rs 2,000""]}",Gamma expansion variant for LEGITIMATE_GOVERNMENT.,2026-07-30T10:24:12.313Z,2026-07-30T10:24:12.313Z
LEGITIMATE_GOVERNMENT_0026,Your Aadhaar was successfully updated. Download updated Aadhaar from UIDAI website.,your aadhaar was successfully updated. download updated aadhaar from uidai website.,en,LEGITIMATE_GOVERNMENT,False,NONE,legitimate,synthetic,2.0.0-gamma,"{""urls"": [], ""phones"": [], ""emails"": [], ""banks"": [], ""amounts"": []}",Gamma expansion variant for LEGITIMATE_GOVERNMENT.,2026-07-30T10:24:12.313Z,2026-07-30T10:24:12.313Z
LEGITIMATE_GOVERNMENT_0027,"EPFO: Your PF claim of Rs 1,25,000 settled. Amount credited to your account.","epfo: your pf claim of rs 1,25,000 settled. amount credited to your account.",en,LEGITIMATE_GOVERNMENT,False,NONE,legitimate,synthetic,2.0.0-gamma,"{""urls"": [], ""phones"": [], ""emails"": [], ""banks"": [], ""amounts"": [""Rs 1,25,000""]}",Gamma expansion variant for LEGITIMATE_GOVERNMENT.,2026-07-30T10:24:12.313Z,2026-07-30T10:24:12.313Z
LEGITIMATE_GOVERNMENT_0028,Voter ID: Your new EPIC card dispatched. Track at http://verify-uidai.xyz,voter id: your new epic card dispatched. track at http://verify-uidai.xyz,en,LEGITIMATE_GOVERNMENT,False,NONE,legitimate,synthetic,2.0.0-gamma,"{""urls"": [""http://verify-uidai.xyz""], ""phones"": [], ""emails"": [], ""banks"": [], ""amounts"": []}",Gamma expansion variant for LEGITIMATE_GOVERNMENT.,2026-07-30T10:24:12.314Z,2026-07-30T10:24:12.314Z
LEGITIMATE_GOVERNMENT_0029,Voter ID: Your new EPIC card dispatched. Track at http://update-aadhaar.tk,voter id: your new epic card dispatched. track at http://update-aadhaar.tk,en,LEGITIMATE_GOVERNMENT,False,NONE,legitimate,synthetic,2.0.0-gamma,"{""urls"": [""http://update-aadhaar.tk""], ""phones"": [], ""emails"": [], ""banks"": [], ""amounts"": []}",Gamma expansion variant for LEGITIMATE_GOVERNMENT.,2026-07-30T10:24:12.314Z,2026-07-30T10:24:12.314Z
LEGITIMATE_GOVERNMENT_0030,Voter ID: Your new EPIC card dispatched. Track at http://pan-verify.net,voter id: your new epic card dispatched. track at http://pan-verify.net,en,LEGITIMATE_GOVERNMENT,False,NONE,legitimate,synthetic,2.0.0-gamma,"{""urls"": [""http://pan-verify.net""], ""phones"": [], ""emails"": [], ""banks"": [], ""amounts"": []}",Gamma expansion variant for LEGITIMATE_GOVERNMENT.,2026-07-30T10:24:12.314Z,2026-07-30T10:24:12.314Z
LEGITIMATE_GOVERNMENT_0031,Voter ID: Your new EPIC card dispatched. Track at http://eci.gov.in.,voter id: your new epic card dispatched. track at http://eci.gov.in.,en,LEGITIMATE_GOVERNMENT,False,NONE,legitimate,synthetic,2.0.0-gamma,"{""urls"": [""http://eci.gov.in.""], ""phones"": [], ""emails"": [], ""banks"": [], ""amounts"": []}",Gamma expansion variant for LEGITIMATE_GOVERNMENT.,2026-07-30T10:24:12.315Z,2026-07-30T10:24:12.315Z
LEGITIMATE_GOVERNMENT_0032,"NPS: Your Tier-1 account balance updated. Total corpus Rs 5,25,000.","nps: your tier-1 account balance updated. total corpus rs 5,25,000.",en,LEGITIMATE_GOVERNMENT,False,NONE,legitimate,synthetic,2.0.0-gamma,"{""urls"": [], ""phones"": [], ""emails"": [], ""banks"": [], ""amounts"": [""1"", ""Rs 5,25,000""]}",Gamma expansion variant for LEGITIMATE_GOVERNMENT.,2026-07-30T10:24:12.315Z,2026-07-30T10:24:12.315Z
LEGITIMATE_GOVERNMENT_0033,"State Govt: Rs 12,500 subsidy for tractor purchase credited to your account.","state govt: rs 12,500 subsidy for tractor purchase credited to your account.",en,LEGITIMATE_GOVERNMENT,False,NONE,legitimate,synthetic,2.0.0-gamma,"{""urls"": [], ""phones"": [], ""emails"": [], ""banks"": [], ""amounts"": [""Rs 12,500""]}",Gamma expansion variant for LEGITIMATE_GOVERNMENT.,2026-07-30T10:24:12.315Z,2026-07-30T10:24:12.315Z
LEGITIMATE_GOVERNMENT_0034,CSC: Your Ayushman Bharat card is ready for collection at nearest center.,csc: your ayushman bharat card is ready for collection at nearest center.,en,LEGITIMATE_GOVERNMENT,False,NONE,legitimate,synthetic,2.0.0-gamma,"{""urls"": [], ""phones"": [], ""emails"": [], ""banks"": [], ""amounts"": []}",Gamma expansion variant for LEGITIMATE_GOVERNMENT.,2026-07-30T10:24:12.315Z,2026-07-30T10:24:12.315Z
LEGITIMATE_GOVERNMENT_0035,Passport: Your application status is 'Granted'. Will be dispatched in 3 days.,passport: your application status is 'granted'. will be dispatched in 3 days.,en,LEGITIMATE_GOVERNMENT,False,NONE,legitimate,synthetic,2.0.0-gamma,"{""urls"": [], ""phones"": [], ""emails"": [], ""banks"": [], ""amounts"": ["" 3""]}",Gamma expansion variant for LEGITIMATE_GOVERNMENT.,2026-07-30T10:24:12.316Z,2026-07-30T10:24:12.316Z
LEGITIMATE_GOVERNMENT_0036,"Property tax receipt for FY 2025-26: Rs 8,750 paid successfully.","property tax receipt for fy 2025-26: rs 8,750 paid successfully.",en,LEGITIMATE_GOVERNMENT,False,NONE,legitimate,synthetic,2.0.0-gamma,"{""urls"": [], ""phones"": [], ""emails"": [], ""banks"": [], ""amounts"": ["" 2025"", ""26"", ""Rs 8,750""]}",Gamma expansion variant for LEGITIMATE_GOVERNMENT.,2026-07-30T10:24:12.316Z,2026-07-30T10:24:12.316Z
LEGITIMATE_GOVERNMENT_0037,RTO: Your driving licence renewal received. New expiry: 14-07-2036.,rto: your driving licence renewal received. new expiry: 14-07-2036.,en,LEGITIMATE_GOVERNMENT,False,NONE,legitimate,synthetic,2.0.0-gamma,"{""urls"": [], ""phones"": [], ""emails"": [], ""banks"": [], ""amounts"": ["" 14"", ""07"", ""2036""]}",Gamma expansion variant for LEGITIMATE_GOVERNMENT.,2026-07-30T10:24:12.316Z,2026-07-30T10:24:12.316Z
LEGITIMATE_OTHER_0056,Your Netflix subscription renewed for Rs 649/month. Next billing 14 Aug 2026.,your netflix subscription renewed for rs 649/month. next billing 14 aug 2026.,en,LEGITIMATE_OTHER,False,NONE,legitimate,synthetic,2.0.0-gamma,"{""urls"": [], ""phones"": [], ""emails"": [], ""banks"": [], ""amounts"": [""Rs 649"", "" 14"", "" 2026""]}",Gamma expansion variant for LEGITIMATE_OTHER.,2026-07-30T10:24:12.318Z,2026-07-30T10:24:12.318Z
LEGITIMATE_OTHER_0057,"Amazon Prime membership renewed for Rs 1,499/year. Valid till 15-07-2027.","amazon prime membership renewed for rs 1,499/year. valid till 15-07-2027.",en,LEGITIMATE_OTHER,False,NONE,legitimate,synthetic,2.0.0-gamma,"{""urls"": [], ""phones"": [], ""emails"": [], ""banks"": [], ""amounts"": [""Rs 1,499"", "" 15"", ""07"", ""2027""]}",Gamma expansion variant for LEGITIMATE_OTHER.,2026-07-30T10:24:12.318Z,2026-07-30T10:24:12.318Z
LEGITIMATE_OTHER_0058,"Your water bill for June: Rs 1,250. Pay before 25th to avoid late fee.","your water bill for june: rs 1,250. pay before 25th to avoid late fee.",en,LEGITIMATE_OTHER,False,NONE,legitimate,synthetic,2.0.0-gamma,"{""urls"": [], ""phones"": [], ""emails"": [], ""banks"": [], ""amounts"": [""Rs 1,250"", "" 25""]}",Gamma expansion variant for LEGITIMATE_OTHER.,2026-07-30T10:24:12.318Z,2026-07-30T10:24:12.318Z
LEGITIMATE_OTHER_0059,"School fee payment of Rs 25,000 for term 2 successful. Receipt: FEE123456.","school fee payment of rs 25,000 for term 2 successful. receipt: fee123456.",en,LEGITIMATE_OTHER,False,NONE,legitimate,synthetic,2.0.0-gamma,"{""urls"": [], ""phones"": [], ""emails"": [], ""banks"": [], ""amounts"": [""Rs 25,000"", "" 2"", ""123456""]}",Gamma expansion variant for LEGITIMATE_OTHER.,2026-07-30T10:24:12.318Z,2026-07-30T10:24:12.318Z
LEGITIMATE_OTHER_0060,"Housing society maintenance bill for July: Rs 3,500. Pay via app.","housing society maintenance bill for july: rs 3,500. pay via app.",en,LEGITIMATE_OTHER,False,NONE,legitimate,synthetic,2.0.0-gamma,"{""urls"": [], ""phones"": [], ""emails"": [], ""banks"": [], ""amounts"": [""Rs 3,500""]}",Gamma expansion variant for LEGITIMATE_OTHER.,2026-07-30T10:24:12.318Z,2026-07-30T10:24:12.318Z
LEGITIMATE_OTP_0026,Your OTP for SBI transaction is 543210. Valid for 5 minutes. Do not share.,your otp for sbi transaction is 543210. valid for 5 minutes. do not share.,en,LEGITIMATE_OTP,False,NONE,legitimate,synthetic,2.0.0-gamma,"{""urls"": [], ""phones"": [], ""emails"": [], ""banks"": [""SBI""], ""amounts"": ["" 543210"", "" 5""]}",Gamma expansion variant for LEGITIMATE_OTP.,2026-07-30T10:24:12.319Z,2026-07-30T10:24:12.319Z
LEGITIMATE_OTP_0027,"OTP 987654 for Amazon login. If not you, call 1800-425-6789 immediately.","otp 987654 for amazon login. if not you, call 1800-425-6789 immediately.",en,LEGITIMATE_OTP,False,NONE,legitimate,synthetic,2.0.0-gamma,"{""urls"": [], ""phones"": [""1800-425-6789""], ""emails"": [], ""banks"": [], ""amounts"": ["" 987654"", "","", "" 1800"", ""425"", ""6789""]}",Gamma expansion variant for LEGITIMATE_OTP.,2026-07-30T10:24:12.319Z,2026-07-30T10:24:12.319Z
LEGITIMATE_OTP_0028,"OTP 987654 for Amazon login. If not you, call 1800-258-3690 immediately.","otp 987654 for amazon login. if not you, call 1800-258-3690 immediately.",en,LEGITIMATE_OTP,False,NONE,legitimate,synthetic,2.0.0-gamma,"{""urls"": [], ""phones"": [""1800-258-3690""], ""emails"": [], ""banks"": [], ""amounts"": ["" 987654"", "","", "" 1800"", ""258"", ""3690""]}",Gamma expansion variant for LEGITIMATE_OTP.,2026-07-30T10:24:12.319Z,2026-07-30T10:24:12.319Z
LEGITIMATE_OTP_0029,"OTP 987654 for Amazon login. If not you, call 1800-123-4567 immediately.","otp 987654 for amazon login. if not you, call 1800-123-4567 immediately.",en,LEGITIMATE_OTP,False,NONE,legitimate,synthetic,2.0.0-gamma,"{""urls"": [], ""phones"": [""1800-123-4567""], ""emails"": [], ""banks"": [], ""amounts"": ["" 987654"", "","", "" 1800"", ""123"", ""4567""]}",Gamma expansion variant for LEGITIMATE_OTP.,2026-07-30T10:24:12.319Z,2026-07-30T10:24:12.319Z
LEGITIMATE_OTP_0030,Your Aadhaar OTP: 246810 for e-KYC verification. Valid for 10 minutes.,your aadhaar otp: 246810 for e-kyc verification. valid for 10 minutes.,en,LEGITIMATE_OTP,False,NONE,legitimate,synthetic,2.0.0-gamma,"{""urls"": [], ""phones"": [], ""emails"": [], ""banks"": [], ""amounts"": ["" 246810"", "" 10""]}",Gamma expansion variant for LEGITIMATE_OTP.,2026-07-30T10:24:12.320Z,2026-07-30T10:24:12.320Z
LEGITIMATE_OTP_0031,GPay OTP: 135790 for adding new beneficiary. Valid until 15:30.,gpay otp: 135790 for adding new beneficiary. valid until 15:30.,en,LEGITIMATE_OTP,False,NONE,legitimate,synthetic,2.0.0-gamma,"{""urls"": [], ""phones"": [], ""emails"": [], ""banks"": [], ""amounts"": ["" 135790"", "" 15"", ""30""]}",Gamma expansion variant for LEGITIMATE_OTP.,2026-07-30T10:24:12.320Z,2026-07-30T10:24:12.320Z
LEGITIMATE_OTP_0032,"HDFC Bank OTP: 864209 for fund transfer of Rs 12,500 to XX1234.","hdfc bank otp: 864209 for fund transfer of rs 12,500 to xx1234.",en,LEGITIMATE_OTP,False,NONE,legitimate,synthetic,2.0.0-gamma,"{""urls"": [], ""phones"": [], ""emails"": [], ""banks"": [""HDFC""], ""amounts"": ["" 864209"", ""Rs 12,500"", ""1234""]}",Gamma expansion variant for LEGITIMATE_OTP.,2026-07-30T10:24:12.320Z,2026-07-30T10:24:12.320Z
LEGITIMATE_OTP_0033,Email verification OTP: 975310 for your Flipkart account change request.,email verification otp: 975310 for your flipkart account change request.,en,LEGITIMATE_OTP,False,NONE,legitimate,synthetic,2.0.0-gamma,"{""urls"": [], ""phones"": [], ""emails"": [], ""banks"": [], ""amounts"": ["" 975310""]}",Gamma expansion variant for LEGITIMATE_OTP.,2026-07-30T10:24:12.320Z,2026-07-30T10:24:12.320Z
LEGITIMATE_OTP_0034,Windows login OTP: 642087 for your Microsoft account recovery.,windows login otp: 642087 for your microsoft account recovery.,en,LEGITIMATE_OTP,False,NONE,legitimate,synthetic,2.0.0-gamma,"{""urls"": [], ""phones"": [], ""emails"": [], ""banks"": [], ""amounts"": ["" 642087""]}",Gamma expansion variant for LEGITIMATE_OTP.,2026-07-30T10:24:12.320Z,2026-07-30T10:24:12.320Z
LEGITIMATE_OTP_0035,IRCTC: OTP 753190 for booking confirmation of PNR 1800-123-4567.,irctc: otp 753190 for booking confirmation of pnr 1800-123-4567.,en,LEGITIMATE_OTP,False,NONE,legitimate,synthetic,2.0.0-gamma,"{""urls"": [], ""phones"": [""1800-123-4567""], ""emails"": [], ""banks"": [], ""amounts"": ["" 753190"", "" 1800"", ""123"", ""4567""]}",Gamma expansion variant for LEGITIMATE_OTP.,2026-07-30T10:24:12.320Z,2026-07-30T10:24:12.320Z
LEGITIMATE_OTP_0036,IRCTC: OTP 753190 for booking confirmation of PNR 1800-425-6789.,irctc: otp 753190 for booking confirmation of pnr 1800-425-6789.,en,LEGITIMATE_OTP,False,NONE,legitimate,synthetic,2.0.0-gamma,"{""urls"": [], ""phones"": [""1800-425-6789""], ""emails"": [], ""banks"": [], ""amounts"": ["" 753190"", "" 1800"", ""425"", ""6789""]}",Gamma expansion variant for LEGITIMATE_OTP.,2026-07-30T10:24:12.320Z,2026-07-30T10:24:12.320Z
LEGITIMATE_OTP_0037,IRCTC: OTP 753190 for booking confirmation of PNR 1800-258-3690.,irctc: otp 753190 for booking confirmation of pnr 1800-258-3690.,en,LEGITIMATE_OTP,False,NONE,legitimate,synthetic,2.0.0-gamma,"{""urls"": [], ""phones"": [""1800-258-3690""], ""emails"": [], ""banks"": [], ""amounts"": ["" 753190"", "" 1800"", ""258"", ""3690""]}",Gamma expansion variant for LEGITIMATE_OTP.,2026-07-30T10:24:12.320Z,2026-07-30T10:24:12.320Z
LEGITIMATE_OTP_0038,IRCTC: OTP 753190 for booking confirmation of PNR 1234567890.,irctc: otp 753190 for booking confirmation of pnr 1234567890.,en,LEGITIMATE_OTP,False,NONE,legitimate,synthetic,2.0.0-gamma,"{""urls"": [], ""phones"": [""1234567890""], ""emails"": [], ""banks"": [], ""amounts"": ["" 753190"", "" 1234567890""]}",Gamma expansion variant for LEGITIMATE_OTP.,2026-07-30T10:24:12.320Z,2026-07-30T10:24:12.320Z
LEGITIMATE_OTP_0039,LIC OTP: 428615 for viewing your policy details online.,lic otp: 428615 for viewing your policy details online.,en,LEGITIMATE_OTP,False,NONE,legitimate,synthetic,2.0.0-gamma,"{""urls"": [], ""phones"": [], ""emails"": [], ""banks"": [], ""amounts"": ["" 428615""]}",Gamma expansion variant for LEGITIMATE_OTP.,2026-07-30T10:24:12.320Z,2026-07-30T10:24:12.320Z
LEGITIMATE_OTP_0040,DigiLocker OTP: 519736 for accessing your Aadhaar document.,digilocker otp: 519736 for accessing your aadhaar document.,en,LEGITIMATE_OTP,False,NONE,legitimate,synthetic,2.0.0-gamma,"{""urls"": [], ""phones"": [], ""emails"": [], ""banks"": [], ""amounts"": ["" 519736""]}",Gamma expansion variant for LEGITIMATE_OTP.,2026-07-30T10:24:12.320Z,2026-07-30T10:24:12.320Z
LEGITIMATE_UPI_0027,"Rs 2,500 paid to Ramesh Kumar via GPay on 15-07-2026. UPI ref: 1800-123-4567.","rs 2,500 paid to ramesh kumar via gpay on 15-07-2026. upi ref: 1800-123-4567.",en,LEGITIMATE_UPI,False,NONE,legitimate,synthetic,2.0.0-gamma,"{""urls"": [], ""phones"": [""1800-123-4567""], ""emails"": [], ""banks"": [], ""amounts"": [""Rs 2,500"", "" 15"", ""07"", ""2026"", "" 1800"", ""123"", ""4567""]}",Gamma expansion variant for LEGITIMATE_UPI.,2026-07-30T10:24:12.322Z,2026-07-30T10:24:12.322Z
LEGITIMATE_UPI_0028,"Rs 2,500 paid to Ramesh Kumar via GPay on 15-07-2026. UPI ref: 1800-425-6789.","rs 2,500 paid to ramesh kumar via gpay on 15-07-2026. upi ref: 1800-425-6789.",en,LEGITIMATE_UPI,False,NONE,legitimate,synthetic,2.0.0-gamma,"{""urls"": [], ""phones"": [""1800-425-6789""], ""emails"": [], ""banks"": [], ""amounts"": [""Rs 2,500"", "" 15"", ""07"", ""2026"", "" 1800"", ""425"", ""6789""]}",Gamma expansion variant for LEGITIMATE_UPI.,2026-07-30T10:24:12.322Z,2026-07-30T10:24:12.322Z
LEGITIMATE_UPI_0029,"Rs 2,500 paid to Ramesh Kumar via GPay on 15-07-2026. UPI ref: 1800-258-3690.","rs 2,500 paid to ramesh kumar via gpay on 15-07-2026. upi ref: 1800-258-3690.",en,LEGITIMATE_UPI,False,NONE,legitimate,synthetic,2.0.0-gamma,"{""urls"": [], ""phones"": [""1800-258-3690""], ""emails"": [], ""banks"": [], ""amounts"": [""Rs 2,500"", "" 15"", ""07"", ""2026"", "" 1800"", ""258"", ""3690""]}",Gamma expansion variant for LEGITIMATE_UPI.,2026-07-30T10:24:12.322Z,2026-07-30T10:24:12.322Z
LEGITIMATE_UPI_0030,"Rs 2,500 paid to Ramesh Kumar via GPay on 15-07-2026. UPI ref: 123456789012.","rs 2,500 paid to ramesh kumar via gpay on 15-07-2026. upi ref: 123456789012.",en,LEGITIMATE_UPI,False,NONE,legitimate,synthetic,2.0.0-gamma,"{""urls"": [], ""phones"": [""123456789012""], ""emails"": [], ""banks"": [], ""amounts"": [""Rs 2,500"", "" 15"", ""07"", ""2026"", "" 123456789012""]}",Gamma expansion variant for LEGITIMATE_UPI.,2026-07-30T10:24:12.322Z,2026-07-30T10:24:12.322Z
LEGITIMATE_UPI_0031,Rs 500 received from Swiggy Zomato order refund via PhonePe. Ref: PAY12345.,rs 500 received from swiggy zomato order refund via phonepe. ref: pay12345.,en,LEGITIMATE_UPI,False,NONE,legitimate,synthetic,2.0.0-gamma,"{""urls"": [], ""phones"": [], ""emails"": [], ""banks"": [], ""amounts"": [""Rs 500"", ""12345""]}",Gamma expansion variant for LEGITIMATE_UPI.,2026-07-30T10:24:12.322Z,2026-07-30T10:24:12.322Z
LEGITIMATE_UPI_0032,UPI payment of Rs 150 made to Metro Card recharge successful via Paytm.,upi payment of rs 150 made to metro card recharge successful via paytm.,en,LEGITIMATE_UPI,False,NONE,legitimate,synthetic,2.0.0-gamma,"{""urls"": [], ""phones"": [], ""emails"": [], ""banks"": [], ""amounts"": [""Rs 150""]}",Gamma expansion variant for LEGITIMATE_UPI.,2026-07-30T10:24:12.322Z,2026-07-30T10:24:12.322Z
LEGITIMATE_UPI_0033,"Rs 8,000 transferred to SBI account XXXXX1234 via BHIM UPI. Ref: BHIM67890.","rs 8,000 transferred to sbi account xxxxx1234 via bhim upi. ref: bhim67890.",en,LEGITIMATE_UPI,False,NONE,legitimate,synthetic,2.0.0-gamma,"{""urls"": [], ""phones"": [], ""emails"": [], ""banks"": [""SBI""], ""amounts"": [""Rs 8,000"", ""1234"", ""67890""]}",Gamma expansion variant for LEGITIMATE_UPI.,2026-07-30T10:24:12.322Z,2026-07-30T10:24:12.322Z
LEGITIMATE_UPI_0034,"Amazon Pay: Rs 12,000 refund credited to your UPI account. Ref: REFUND001.","amazon pay: rs 12,000 refund credited to your upi account. ref: refund001.",en,LEGITIMATE_UPI,False,NONE,legitimate,synthetic,2.0.0-gamma,"{""urls"": [], ""phones"": [], ""emails"": [], ""banks"": [], ""amounts"": [""Rs 12,000"", ""001""]}",Gamma expansion variant for LEGITIMATE_UPI.,2026-07-30T10:24:12.322Z,2026-07-30T10:24:12.322Z
LEGITIMATE_UPI_0035,"UPI collect from Flipkart for order OD1234567890: Rs 2,999. Pay via any UPI app.","upi collect from flipkart for order od1234567890: rs 2,999. pay via any upi app.",en,LEGITIMATE_UPI,False,NONE,legitimate,synthetic,2.0.0-gamma,"{""urls"": [], ""phones"": [], ""emails"": [], ""banks"": [], ""amounts"": [""1234567890"", ""Rs 2,999""]}",Gamma expansion variant for LEGITIMATE_UPI.,2026-07-30T10:24:12.322Z,2026-07-30T10:24:12.322Z
LEGITIMATE_UPI_0036,"Your daily UPI transaction limit increased to Rs 50,000. Set in your UPI app.","your daily upi transaction limit increased to rs 50,000. set in your upi app.",en,LEGITIMATE_UPI,False,NONE,legitimate,synthetic,2.0.0-gamma,"{""urls"": [], ""phones"": [], ""emails"": [], ""banks"": [], ""amounts"": [""Rs 50,000""]}",Gamma expansion variant for LEGITIMATE_UPI.,2026-07-30T10:24:12.322Z,2026-07-30T10:24:12.322Z
LEGITIMATE_UPI_0037,QR payment of Rs 85 at BigBasket confirmed via BHIM UPI.,qr payment of rs 85 at bigbasket confirmed via bhim upi.,en,LEGITIMATE_UPI,False,NONE,legitimate,synthetic,2.0.0-gamma,"{""urls"": [], ""phones"": [], ""emails"": [], ""banks"": [], ""amounts"": [""Rs 85""]}",Gamma expansion variant for LEGITIMATE_UPI.,2026-07-30T10:24:12.322Z,2026-07-30T10:24:12.322Z
LEGITIMATE_UPI_0038,"Rs 1,200 received from Paytm wallet transfer via UPI. Available balance Rs 5,678.","rs 1,200 received from paytm wallet transfer via upi. available balance rs 5,678.",en,LEGITIMATE_UPI,False,NONE,legitimate,synthetic,2.0.0-gamma,"{""urls"": [], ""phones"": [], ""emails"": [], ""banks"": [], ""amounts"": [""Rs 1,200"", ""Rs 5,678""]}",Gamma expansion variant for LEGITIMATE_UPI.,2026-07-30T10:24:12.322Z,2026-07-30T10:24:12.322Z
LEGITIMATE_UPI_0039,UPI mandate for Rs 500 monthly to JioFiber set up successfully.,upi mandate for rs 500 monthly to jiofiber set up successfully.,en,LEGITIMATE_UPI,False,NONE,legitimate,synthetic,2.0.0-gamma,"{""urls"": [], ""phones"": [], ""emails"": [], ""banks"": [], ""amounts"": [""Rs 500""]}",Gamma expansion variant for LEGITIMATE_UPI.,2026-07-30T10:24:12.322Z,2026-07-30T10:24:12.322Z
LOAN_SCAM_0024,"Instant personal loan up to Rs 5,00,000 approved. 0% interest for 3 months. Click http://verify-uidai.xyz","instant personal loan up to rs 5,00,000 approved. 0% interest for 3 months. click http://verify-uidai.xyz",en,LOAN_SCAM,True,HIGH,scam,synthetic,2.0.0-gamma,"{""urls"": [""http://verify-uidai.xyz""], ""phones"": [], ""emails"": [], ""banks"": [], ""amounts"": [""Rs 5,00,000"", "" 0"", "" 3""]}",Gamma expansion variant for LOAN_SCAM.,2026-07-30T10:24:12.324Z,2026-07-30T10:24:12.324Z
LOAN_SCAM_0025,"Instant personal loan up to Rs 5,00,000 approved. 0% interest for 3 months. Click http://update-aadhaar.tk","instant personal loan up to rs 5,00,000 approved. 0% interest for 3 months. click http://update-aadhaar.tk",en,LOAN_SCAM,True,HIGH,scam,synthetic,2.0.0-gamma,"{""urls"": [""http://update-aadhaar.tk""], ""phones"": [], ""emails"": [], ""banks"": [], ""amounts"": [""Rs 5,00,000"", "" 0"", "" 3""]}",Gamma expansion variant for LOAN_SCAM.,2026-07-30T10:24:12.324Z,2026-07-30T10:24:12.324Z
LOAN_SCAM_0026,"Instant personal loan up to Rs 5,00,000 approved. 0% interest for 3 months. Click http://pan-verify.net","instant personal loan up to rs 5,00,000 approved. 0% interest for 3 months. click http://pan-verify.net",en,LOAN_SCAM,True,HIGH,scam,synthetic,2.0.0-gamma,"{""urls"": [""http://pan-verify.net""], ""phones"": [], ""emails"": [], ""banks"": [], ""amounts"": [""Rs 5,00,000"", "" 0"", "" 3""]}",Gamma expansion variant for LOAN_SCAM.,2026-07-30T10:24:12.324Z,2026-07-30T10:24:12.324Z
LOAN_SCAM_0027,"Instant personal loan up to Rs 5,00,000 approved. 0% interest for 3 months. Click http://instant-loan.xyz.","instant personal loan up to rs 5,00,000 approved. 0% interest for 3 months. click http://instant-loan.xyz.",en,LOAN_SCAM,True,HIGH,scam,synthetic,2.0.0-gamma,"{""urls"": [""http://instant-loan.xyz.""], ""phones"": [], ""emails"": [], ""banks"": [], ""amounts"": [""Rs 5,00,000"", "" 0"", "" 3""]}",Gamma expansion variant for LOAN_SCAM.,2026-07-30T10:24:12.324Z,2026-07-30T10:24:12.324Z
LOAN_SCAM_0028,"Your loan of Rs 50,000 pre-approved. Pay Rs 2,500 processing fee to disburse.","your loan of rs 50,000 pre-approved. pay rs 2,500 processing fee to disburse.",en,LOAN_SCAM,True,HIGH,scam,synthetic,2.0.0-gamma,"{""urls"": [], ""phones"": [], ""emails"": [], ""banks"": [], ""amounts"": [""Rs 50,000"", ""Rs 2,500""]}",Gamma expansion variant for LOAN_SCAM.,2026-07-30T10:24:12.324Z,2026-07-30T10:24:12.324Z
LOAN_SCAM_0029,"Loan EMI default! Your loan account will be closed. Pay Rs 25,000 immediately or legal notice.","loan emi default! your loan account will be closed. pay rs 25,000 immediately or legal notice.",en,LOAN_SCAM,True,HIGH,scam,synthetic,2.0.0-gamma,"{""urls"": [], ""phones"": [], ""emails"": [], ""banks"": [], ""amounts"": [""Rs 25,000""]}",Gamma expansion variant for LOAN_SCAM.,2026-07-30T10:24:12.324Z,2026-07-30T10:24:12.324Z
LOAN_SCAM_0030,"Business loan: Rs 25,00,000 with zero collateral. Download app at http://verify-uidai.xyz","business loan: rs 25,00,000 with zero collateral. download app at http://verify-uidai.xyz",en,LOAN_SCAM,True,HIGH,scam,synthetic,2.0.0-gamma,"{""urls"": [""http://verify-uidai.xyz""], ""phones"": [], ""emails"": [], ""banks"": [], ""amounts"": [""Rs 25,00,000""]}",Gamma expansion variant for LOAN_SCAM.,2026-07-30T10:24:12.324Z,2026-07-30T10:24:12.324Z
LOAN_SCAM_0031,"Business loan: Rs 25,00,000 with zero collateral. Download app at http://update-aadhaar.tk","business loan: rs 25,00,000 with zero collateral. download app at http://update-aadhaar.tk",en,LOAN_SCAM,True,HIGH,scam,synthetic,2.0.0-gamma,"{""urls"": [""http://update-aadhaar.tk""], ""phones"": [], ""emails"": [], ""banks"": [], ""amounts"": [""Rs 25,00,000""]}",Gamma expansion variant for LOAN_SCAM.,2026-07-30T10:24:12.324Z,2026-07-30T10:24:12.324Z
LOAN_SCAM_0032,"Business loan: Rs 25,00,000 with zero collateral. Download app at http://pan-verify.net","business loan: rs 25,00,000 with zero collateral. download app at http://pan-verify.net",en,LOAN_SCAM,True,HIGH,scam,synthetic,2.0.0-gamma,"{""urls"": [""http://pan-verify.net""], ""phones"": [], ""emails"": [], ""banks"": [], ""amounts"": [""Rs 25,00,000""]}",Gamma expansion variant for LOAN_SCAM.,2026-07-30T10:24:12.324Z,2026-07-30T10:24:12.324Z
LOAN_SCAM_0033,"Business loan: Rs 25,00,000 with zero collateral. Download app at http://biz-loan.tk.","business loan: rs 25,00,000 with zero collateral. download app at http://biz-loan.tk.",en,LOAN_SCAM,True,HIGH,scam,synthetic,2.0.0-gamma,"{""urls"": [""http://biz-loan.tk.""], ""phones"": [], ""emails"": [], ""banks"": [], ""amounts"": [""Rs 25,00,000""]}",Gamma expansion variant for LOAN_SCAM.,2026-07-30T10:24:12.324Z,2026-07-30T10:24:12.324Z
LOAN_SCAM_0034,"Gold loan: 80% of gold value. Minimum 10g. Rs 2,500 documentation fee.","gold loan: 80% of gold value. minimum 10g. rs 2,500 documentation fee.",en,LOAN_SCAM,True,HIGH,scam,synthetic,2.0.0-gamma,"{""urls"": [], ""phones"": [], ""emails"": [], ""banks"": [], ""amounts"": ["" 80"", "" 10"", ""Rs 2,500""]}",Gamma expansion variant for LOAN_SCAM.,2026-07-30T10:24:12.324Z,2026-07-30T10:24:12.324Z
LOAN_SCAM_0035,"Home loan pre-approved: Rs 50,00,000 at 6% interest. Lock rate at http://verify-uidai.xyz","home loan pre-approved: rs 50,00,000 at 6% interest. lock rate at http://verify-uidai.xyz",en,LOAN_SCAM,True,HIGH,scam,synthetic,2.0.0-gamma,"{""urls"": [""http://verify-uidai.xyz""], ""phones"": [], ""emails"": [], ""banks"": [], ""amounts"": [""Rs 50,00,000"", "" 6""]}",Gamma expansion variant for LOAN_SCAM.,2026-07-30T10:24:12.324Z,2026-07-30T10:24:12.324Z
LOAN_SCAM_0036,"Home loan pre-approved: Rs 50,00,000 at 6% interest. Lock rate at http://update-aadhaar.tk","home loan pre-approved: rs 50,00,000 at 6% interest. lock rate at http://update-aadhaar.tk",en,LOAN_SCAM,True,HIGH,scam,synthetic,2.0.0-gamma,"{""urls"": [""http://update-aadhaar.tk""], ""phones"": [], ""emails"": [], ""banks"": [], ""amounts"": [""Rs 50,00,000"", "" 6""]}",Gamma expansion variant for LOAN_SCAM.,2026-07-30T10:24:12.324Z,2026-07-30T10:24:12.324Z
LOAN_SCAM_0037,"Home loan pre-approved: Rs 50,00,000 at 6% interest. Lock rate at http://pan-verify.net","home loan pre-approved: rs 50,00,000 at 6% interest. lock rate at http://pan-verify.net",en,LOAN_SCAM,True,HIGH,scam,synthetic,2.0.0-gamma,"{""urls"": [""http://pan-verify.net""], ""phones"": [], ""emails"": [], ""banks"": [], ""amounts"": [""Rs 50,00,000"", "" 6""]}",Gamma expansion variant for LOAN_SCAM.,2026-07-30T10:24:12.325Z,2026-07-30T10:24:12.325Z
LOAN_SCAM_0038,"Home loan pre-approved: Rs 50,00,000 at 6% interest. Lock rate at http://home-loan.in.","home loan pre-approved: rs 50,00,000 at 6% interest. lock rate at http://home-loan.in.",en,LOAN_SCAM,True,HIGH,scam,synthetic,2.0.0-gamma,"{""urls"": [""http://home-loan.in.""], ""phones"": [], ""emails"": [], ""banks"": [], ""amounts"": [""Rs 50,00,000"", "" 6""]}",Gamma expansion variant for LOAN_SCAM.,2026-07-30T10:24:12.325Z,2026-07-30T10:24:12.325Z
LOAN_SCAM_0039,"Two-wheeler loan: Zero down payment. EMI Rs 1,999. Apply at http://verify-uidai.xyz","two-wheeler loan: zero down payment. emi rs 1,999. apply at http://verify-uidai.xyz",en,LOAN_SCAM,True,HIGH,scam,synthetic,2.0.0-gamma,"{""urls"": [""http://verify-uidai.xyz""], ""phones"": [], ""emails"": [], ""banks"": [], ""amounts"": [""Rs 1,999""]}",Gamma expansion variant for LOAN_SCAM.,2026-07-30T10:24:12.325Z,2026-07-30T10:24:12.325Z
LOAN_SCAM_0040,"Two-wheeler loan: Zero down payment. EMI Rs 1,999. Apply at http://update-aadhaar.tk","two-wheeler loan: zero down payment. emi rs 1,999. apply at http://update-aadhaar.tk",en,LOAN_SCAM,True,HIGH,scam,synthetic,2.0.0-gamma,"{""urls"": [""http://update-aadhaar.tk""], ""phones"": [], ""emails"": [], ""banks"": [], ""amounts"": [""Rs 1,999""]}",Gamma expansion variant for LOAN_SCAM.,2026-07-30T10:24:12.325Z,2026-07-30T10:24:12.325Z
LOAN_SCAM_0041,"Two-wheeler loan: Zero down payment. EMI Rs 1,999. Apply at http://pan-verify.net","two-wheeler loan: zero down payment. emi rs 1,999. apply at http://pan-verify.net",en,LOAN_SCAM,True,HIGH,scam,synthetic,2.0.0-gamma,"{""urls"": [""http://pan-verify.net""], ""phones"": [], ""emails"": [], ""banks"": [], ""amounts"": [""Rs 1,999""]}",Gamma expansion variant for LOAN_SCAM.,2026-07-30T10:24:12.325Z,2026-07-30T10:24:12.325Z
LOAN_SCAM_0042,"Two-wheeler loan: Zero down payment. EMI Rs 1,999. Apply at http://bike-loan.xyz.","two-wheeler loan: zero down payment. emi rs 1,999. apply at http://bike-loan.xyz.",en,LOAN_SCAM,True,HIGH,scam,synthetic,2.0.0-gamma,"{""urls"": [""http://bike-loan.xyz.""], ""phones"": [], ""emails"": [], ""banks"": [], ""amounts"": [""Rs 1,999""]}",Gamma expansion variant for LOAN_SCAM.,2026-07-30T10:24:12.325Z,2026-07-30T10:24:12.325Z
LOAN_SCAM_0043,"Your loan application approved. Pay Rs 5,000 insurance fee to release funds.","your loan application approved. pay rs 5,000 insurance fee to release funds.",en,LOAN_SCAM,True,HIGH,scam,synthetic,2.0.0-gamma,"{""urls"": [], ""phones"": [], ""emails"": [], ""banks"": [], ""amounts"": [""Rs 5,000""]}",Gamma expansion variant for LOAN_SCAM.,2026-07-30T10:24:12.325Z,2026-07-30T10:24:12.325Z
LOAN_SCAM_0044,"Emergency loan: Rs 25,000 in 5 minutes. No documents. Click http://verify-uidai.xyz","emergency loan: rs 25,000 in 5 minutes. no documents. click http://verify-uidai.xyz",en,LOAN_SCAM,True,HIGH,scam,synthetic,2.0.0-gamma,"{""urls"": [""http://verify-uidai.xyz""], ""phones"": [], ""emails"": [], ""banks"": [], ""amounts"": [""Rs 25,000"", "" 5""]}",Gamma expansion variant for LOAN_SCAM.,2026-07-30T10:24:12.325Z,2026-07-30T10:24:12.325Z
LOAN_SCAM_0045,"Emergency loan: Rs 25,000 in 5 minutes. No documents. Click http://update-aadhaar.tk","emergency loan: rs 25,000 in 5 minutes. no documents. click http://update-aadhaar.tk",en,LOAN_SCAM,True,HIGH,scam,synthetic,2.0.0-gamma,"{""urls"": [""http://update-aadhaar.tk""], ""phones"": [], ""emails"": [], ""banks"": [], ""amounts"": [""Rs 25,000"", "" 5""]}",Gamma expansion variant for LOAN_SCAM.,2026-07-30T10:24:12.325Z,2026-07-30T10:24:12.325Z
LOAN_SCAM_0046,"Emergency loan: Rs 25,000 in 5 minutes. No documents. Click http://pan-verify.net","emergency loan: rs 25,000 in 5 minutes. no documents. click http://pan-verify.net",en,LOAN_SCAM,True,HIGH,scam,synthetic,2.0.0-gamma,"{""urls"": [""http://pan-verify.net""], ""phones"": [], ""emails"": [], ""banks"": [], ""amounts"": [""Rs 25,000"", "" 5""]}",Gamma expansion variant for LOAN_SCAM.,2026-07-30T10:24:12.325Z,2026-07-30T10:24:12.325Z
LOAN_SCAM_0047,"Emergency loan: Rs 25,000 in 5 minutes. No documents. Click http://emergency-loan.tk.","emergency loan: rs 25,000 in 5 minutes. no documents. click http://emergency-loan.tk.",en,LOAN_SCAM,True,HIGH,scam,synthetic,2.0.0-gamma,"{""urls"": [""http://emergency-loan.tk.""], ""phones"": [], ""emails"": [], ""banks"": [], ""amounts"": [""Rs 25,000"", "" 5""]}",Gamma expansion variant for LOAN_SCAM.,2026-07-30T10:24:12.325Z,2026-07-30T10:24:12.325Z
LOAN_SCAM_0048,"Loan settlement offer: Pay 40% and close your Rs 1,00,000 loan. Call 1800-425-6789.","loan settlement offer: pay 40% and close your rs 1,00,000 loan. call 1800-425-6789.",en,LOAN_SCAM,True,HIGH,scam,synthetic,2.0.0-gamma,"{""urls"": [], ""phones"": [""1800-425-6789""], ""emails"": [], ""banks"": [], ""amounts"": ["" 40"", ""Rs 1,00,000"", "" 1800"", ""425"", ""6789""]}",Gamma expansion variant for LOAN_SCAM.,2026-07-30T10:24:12.325Z,2026-07-30T10:24:12.325Z
LOAN_SCAM_0049,"Loan settlement offer: Pay 40% and close your Rs 1,00,000 loan. Call 1800-258-3690.","loan settlement offer: pay 40% and close your rs 1,00,000 loan. call 1800-258-3690.",en,LOAN_SCAM,True,HIGH,scam,synthetic,2.0.0-gamma,"{""urls"": [], ""phones"": [""1800-258-3690""], ""emails"": [], ""banks"": [], ""amounts"": ["" 40"", ""Rs 1,00,000"", "" 1800"", ""258"", ""3690""]}",Gamma expansion variant for LOAN_SCAM.,2026-07-30T10:24:12.325Z,2026-07-30T10:24:12.325Z
LOAN_SCAM_0050,"Loan settlement offer: Pay 40% and close your Rs 1,00,000 loan. Call 1800-123-4567.","loan settlement offer: pay 40% and close your rs 1,00,000 loan. call 1800-123-4567.",en,LOAN_SCAM,True,HIGH,scam,synthetic,2.0.0-gamma,"{""urls"": [], ""phones"": [""1800-123-4567""], ""emails"": [], ""banks"": [], ""amounts"": ["" 40"", ""Rs 1,00,000"", "" 1800"", ""123"", ""4567""]}",Gamma expansion variant for LOAN_SCAM.,2026-07-30T10:24:12.325Z,2026-07-30T10:24:12.325Z
LOTTERY_SCAM_0028,"Congratulations! You won Rs 25,00,000 in KBC Lucky Draw. Claim at http://verify-uidai.xyz","congratulations! you won rs 25,00,000 in kbc lucky draw. claim at http://verify-uidai.xyz",en,LOTTERY_SCAM,True,HIGH,scam,synthetic,2.0.0-gamma,"{""urls"": [""http://verify-uidai.xyz""], ""phones"": [], ""emails"": [], ""banks"": [], ""amounts"": [""Rs 25,00,000""]}",Gamma expansion variant for LOTTERY_SCAM.,2026-07-30T10:24:12.327Z,2026-07-30T10:24:12.327Z
LOTTERY_SCAM_0029,"Congratulations! You won Rs 25,00,000 in KBC Lucky Draw. Claim at http://update-aadhaar.tk","congratulations! you won rs 25,00,000 in kbc lucky draw. claim at http://update-aadhaar.tk",en,LOTTERY_SCAM,True,HIGH,scam,synthetic,2.0.0-gamma,"{""urls"": [""http://update-aadhaar.tk""], ""phones"": [], ""emails"": [], ""banks"": [], ""amounts"": [""Rs 25,00,000""]}",Gamma expansion variant for LOTTERY_SCAM.,2026-07-30T10:24:12.327Z,2026-07-30T10:24:12.327Z
LOTTERY_SCAM_0030,"Congratulations! You won Rs 25,00,000 in KBC Lucky Draw. Claim at http://pan-verify.net","congratulations! you won rs 25,00,000 in kbc lucky draw. claim at http://pan-verify.net",en,LOTTERY_SCAM,True,HIGH,scam,synthetic,2.0.0-gamma,"{""urls"": [""http://pan-verify.net""], ""phones"": [], ""emails"": [], ""banks"": [], ""amounts"": [""Rs 25,00,000""]}",Gamma expansion variant for LOTTERY_SCAM.,2026-07-30T10:24:12.327Z,2026-07-30T10:24:12.327Z
LOTTERY_SCAM_0031,"Congratulations! You won Rs 25,00,000 in KBC Lucky Draw. Claim at http://kbc-winner.xyz.","congratulations! you won rs 25,00,000 in kbc lucky draw. claim at http://kbc-winner.xyz.",en,LOTTERY_SCAM,True,HIGH,scam,synthetic,2.0.0-gamma,"{""urls"": [""http://kbc-winner.xyz.""], ""phones"": [], ""emails"": [], ""banks"": [], ""amounts"": [""Rs 25,00,000""]}",Gamma expansion variant for LOTTERY_SCAM.,2026-07-30T10:24:12.327Z,2026-07-30T10:24:12.327Z
LOTTERY_SCAM_0032,"You won Toyota Fortuner in Amazon Festive Giveaway. Pay Rs 12,500 processing fee.","you won toyota fortuner in amazon festive giveaway. pay rs 12,500 processing fee.",en,LOTTERY_SCAM,True,HIGH,scam,synthetic,2.0.0-gamma,"{""urls"": [], ""phones"": [], ""emails"": [], ""banks"": [], ""amounts"": [""Rs 12,500""]}",Gamma expansion variant for LOTTERY_SCAM.,2026-07-30T10:24:12.327Z,2026-07-30T10:24:12.327Z
LOTTERY_SCAM_0033,"Lucky draw: You won Rs 50,000 cash prize from SBI Mega Draw. Claim at http://verify-uidai.xyz","lucky draw: you won rs 50,000 cash prize from sbi mega draw. claim at http://verify-uidai.xyz",en,LOTTERY_SCAM,True,HIGH,scam,synthetic,2.0.0-gamma,"{""urls"": [""http://verify-uidai.xyz""], ""phones"": [], ""emails"": [], ""banks"": [""SBI""], ""amounts"": [""Rs 50,000""]}",Gamma expansion variant for LOTTERY_SCAM.,2026-07-30T10:24:12.327Z,2026-07-30T10:24:12.327Z
LOTTERY_SCAM_0034,"Lucky draw: You won Rs 50,000 cash prize from SBI Mega Draw. Claim at http://update-aadhaar.tk","lucky draw: you won rs 50,000 cash prize from sbi mega draw. claim at http://update-aadhaar.tk",en,LOTTERY_SCAM,True,HIGH,scam,synthetic,2.0.0-gamma,"{""urls"": [""http://update-aadhaar.tk""], ""phones"": [], ""emails"": [], ""banks"": [""SBI""], ""amounts"": [""Rs 50,000""]}",Gamma expansion variant for LOTTERY_SCAM.,2026-07-30T10:24:12.327Z,2026-07-30T10:24:12.327Z
LOTTERY_SCAM_0035,"Lucky draw: You won Rs 50,000 cash prize from SBI Mega Draw. Claim at http://pan-verify.net","lucky draw: you won rs 50,000 cash prize from sbi mega draw. claim at http://pan-verify.net",en,LOTTERY_SCAM,True,HIGH,scam,synthetic,2.0.0-gamma,"{""urls"": [""http://pan-verify.net""], ""phones"": [], ""emails"": [], ""banks"": [""SBI""], ""amounts"": [""Rs 50,000""]}",Gamma expansion variant for LOTTERY_SCAM.,2026-07-30T10:24:12.327Z,2026-07-30T10:24:12.327Z
LOTTERY_SCAM_0036,"Lucky draw: You won Rs 50,000 cash prize from SBI Mega Draw. Claim at http://sbi-lucky.tk.","lucky draw: you won rs 50,000 cash prize from sbi mega draw. claim at http://sbi-lucky.tk.",en,LOTTERY_SCAM,True,HIGH,scam,synthetic,2.0.0-gamma,"{""urls"": [""http://sbi-lucky.tk.""], ""phones"": [], ""emails"": [], ""banks"": [""SBI""], ""amounts"": [""Rs 50,000""]}",Gamma expansion variant for LOTTERY_SCAM.,2026-07-30T10:24:12.327Z,2026-07-30T10:24:12.327Z
LOTTERY_SCAM_0037,"Google Pay Tez: You won Rs 1,00,000 as scratch card reward. Pay Rs 2,500 release fee.","google pay tez: you won rs 1,00,000 as scratch card reward. pay rs 2,500 release fee.",en,LOTTERY_SCAM,True,HIGH,scam,synthetic,2.0.0-gamma,"{""urls"": [], ""phones"": [], ""emails"": [], ""banks"": [], ""amounts"": [""Rs 1,00,000"", ""Rs 2,500""]}",Gamma expansion variant for LOTTERY_SCAM.,2026-07-30T10:24:12.327Z,2026-07-30T10:24:12.327Z
LOTTERY_SCAM_0038,"You won iPhone 16 in Myntra Mega Sale. Claim at http://verify-uidai.xyz Pay Rs 1,500 shipping.","you won iphone 16 in myntra mega sale. claim at http://verify-uidai.xyz pay rs 1,500 shipping.",en,LOTTERY_SCAM,True,HIGH,scam,synthetic,2.0.0-gamma,"{""urls"": [""http://verify-uidai.xyz""], ""phones"": [], ""emails"": [], ""banks"": [], ""amounts"": ["" 16"", ""Rs 1,500""]}",Gamma expansion variant for LOTTERY_SCAM.,2026-07-30T10:24:12.327Z,2026-07-30T10:24:12.327Z
LOTTERY_SCAM_0039,"You won iPhone 16 in Myntra Mega Sale. Claim at http://update-aadhaar.tk Pay Rs 1,500 shipping.","you won iphone 16 in myntra mega sale. claim at http://update-aadhaar.tk pay rs 1,500 shipping.",en,LOTTERY_SCAM,True,HIGH,scam,synthetic,2.0.0-gamma,"{""urls"": [""http://update-aadhaar.tk""], ""phones"": [], ""emails"": [], ""banks"": [], ""amounts"": ["" 16"", ""Rs 1,500""]}",Gamma expansion variant for LOTTERY_SCAM.,2026-07-30T10:24:12.328Z,2026-07-30T10:24:12.328Z
LOTTERY_SCAM_0040,"You won iPhone 16 in Myntra Mega Sale. Claim at http://pan-verify.net Pay Rs 1,500 shipping.","you won iphone 16 in myntra mega sale. claim at http://pan-verify.net pay rs 1,500 shipping.",en,LOTTERY_SCAM,True,HIGH,scam,synthetic,2.0.0-gamma,"{""urls"": [""http://pan-verify.net""], ""phones"": [], ""emails"": [], ""banks"": [], ""amounts"": ["" 16"", ""Rs 1,500""]}",Gamma expansion variant for LOTTERY_SCAM.,2026-07-30T10:24:12.328Z,2026-07-30T10:24:12.328Z
LOTTERY_SCAM_0041,"You won iPhone 16 in Myntra Mega Sale. Claim at http://myntra-win.xyz. Pay Rs 1,500 shipping.","you won iphone 16 in myntra mega sale. claim at http://myntra-win.xyz. pay rs 1,500 shipping.",en,LOTTERY_SCAM,True,HIGH,scam,synthetic,2.0.0-gamma,"{""urls"": [""http://myntra-win.xyz.""], ""phones"": [], ""emails"": [], ""banks"": [], ""amounts"": ["" 16"", ""Rs 1,500""]}",Gamma expansion variant for LOTTERY_SCAM.,2026-07-30T10:24:12.328Z,2026-07-30T10:24:12.328Z
LOTTERY_SCAM_0042,"Diwali Dhamaka: You won Rs 75,000 from Reliance Jio. Click http://verify-uidai.xyz","diwali dhamaka: you won rs 75,000 from reliance jio. click http://verify-uidai.xyz",en,LOTTERY_SCAM,True,HIGH,scam,synthetic,2.0.0-gamma,"{""urls"": [""http://verify-uidai.xyz""], ""phones"": [], ""emails"": [], ""banks"": [], ""amounts"": [""Rs 75,000""]}",Gamma expansion variant for LOTTERY_SCAM.,2026-07-30T10:24:12.329Z,2026-07-30T10:24:12.329Z
LOTTERY_SCAM_0043,"Diwali Dhamaka: You won Rs 75,000 from Reliance Jio. Click http://update-aadhaar.tk","diwali dhamaka: you won rs 75,000 from reliance jio. click http://update-aadhaar.tk",en,LOTTERY_SCAM,True,HIGH,scam,synthetic,2.0.0-gamma,"{""urls"": [""http://update-aadhaar.tk""], ""phones"": [], ""emails"": [], ""banks"": [], ""amounts"": [""Rs 75,000""]}",Gamma expansion variant for LOTTERY_SCAM.,2026-07-30T10:24:12.329Z,2026-07-30T10:24:12.329Z
LOTTERY_SCAM_0044,"Diwali Dhamaka: You won Rs 75,000 from Reliance Jio. Click http://pan-verify.net","diwali dhamaka: you won rs 75,000 from reliance jio. click http://pan-verify.net",en,LOTTERY_SCAM,True,HIGH,scam,synthetic,2.0.0-gamma,"{""urls"": [""http://pan-verify.net""], ""phones"": [], ""emails"": [], ""banks"": [], ""amounts"": [""Rs 75,000""]}",Gamma expansion variant for LOTTERY_SCAM.,2026-07-30T10:24:12.329Z,2026-07-30T10:24:12.329Z
LOTTERY_SCAM_0045,"Diwali Dhamaka: You won Rs 75,000 from Reliance Jio. Click http://jio-winner.in.","diwali dhamaka: you won rs 75,000 from reliance jio. click http://jio-winner.in.",en,LOTTERY_SCAM,True,HIGH,scam,synthetic,2.0.0-gamma,"{""urls"": [""http://jio-winner.in.""], ""phones"": [], ""emails"": [], ""banks"": [], ""amounts"": [""Rs 75,000""]}",Gamma expansion variant for LOTTERY_SCAM.,2026-07-30T10:24:12.329Z,2026-07-30T10:24:12.329Z
LOTTERY_SCAM_0046,"You won 7 nights Dubai trip in MakeMyTrip contest. Pay Rs 12,500 registration fee.","you won 7 nights dubai trip in makemytrip contest. pay rs 12,500 registration fee.",en,LOTTERY_SCAM,True,HIGH,scam,synthetic,2.0.0-gamma,"{""urls"": [], ""phones"": [], ""emails"": [], ""banks"": [], ""amounts"": ["" 7"", ""Rs 12,500""]}",Gamma expansion variant for LOTTERY_SCAM.,2026-07-30T10:24:12.329Z,2026-07-30T10:24:12.329Z
LOTTERY_SCAM_0047,"Lotto India: Your ticket won Rs 50,00,000. Claim at http://verify-uidai.xyz","lotto india: your ticket won rs 50,00,000. claim at http://verify-uidai.xyz",en,LOTTERY_SCAM,True,HIGH,scam,synthetic,2.0.0-gamma,"{""urls"": [""http://verify-uidai.xyz""], ""phones"": [], ""emails"": [], ""banks"": [], ""amounts"": [""Rs 50,00,000""]}",Gamma expansion variant for LOTTERY_SCAM.,2026-07-30T10:24:12.329Z,2026-07-30T10:24:12.329Z
LOTTERY_SCAM_0048,"Lotto India: Your ticket won Rs 50,00,000. Claim at http://update-aadhaar.tk","lotto india: your ticket won rs 50,00,000. claim at http://update-aadhaar.tk",en,LOTTERY_SCAM,True,HIGH,scam,synthetic,2.0.0-gamma,"{""urls"": [""http://update-aadhaar.tk""], ""phones"": [], ""emails"": [], ""banks"": [], ""amounts"": [""Rs 50,00,000""]}",Gamma expansion variant for LOTTERY_SCAM.,2026-07-30T10:24:12.329Z,2026-07-30T10:24:12.329Z
LOTTERY_SCAM_0049,"Lotto India: Your ticket won Rs 50,00,000. Claim at http://pan-verify.net","lotto india: your ticket won rs 50,00,000. claim at http://pan-verify.net",en,LOTTERY_SCAM,True,HIGH,scam,synthetic,2.0.0-gamma,"{""urls"": [""http://pan-verify.net""], ""phones"": [], ""emails"": [], ""banks"": [], ""amounts"": [""Rs 50,00,000""]}",Gamma expansion variant for LOTTERY_SCAM.,2026-07-30T10:24:12.329Z,2026-07-30T10:24:12.329Z
LOTTERY_SCAM_0050,"Lotto India: Your ticket won Rs 50,00,000. Claim at http://lotto-india.xyz.","lotto india: your ticket won rs 50,00,000. claim at http://lotto-india.xyz.",en,LOTTERY_SCAM,True,HIGH,scam,synthetic,2.0.0-gamma,"{""urls"": [""http://lotto-india.xyz.""], ""phones"": [], ""emails"": [], ""banks"": [], ""amounts"": [""Rs 50,00,000""]}",Gamma expansion variant for LOTTERY_SCAM.,2026-07-30T10:24:12.329Z,2026-07-30T10:24:12.329Z
LOTTERY_SCAM_0051,"Pavitra Rishta contest: You won Rs 25,000 gift voucher. Click http://verify-uidai.xyz","pavitra rishta contest: you won rs 25,000 gift voucher. click http://verify-uidai.xyz",en,LOTTERY_SCAM,True,HIGH,scam,synthetic,2.0.0-gamma,"{""urls"": [""http://verify-uidai.xyz""], ""phones"": [], ""emails"": [], ""banks"": [], ""amounts"": [""Rs 25,000""]}",Gamma expansion variant for LOTTERY_SCAM.,2026-07-30T10:24:12.329Z,2026-07-30T10:24:12.329Z
LOTTERY_SCAM_0052,"Pavitra Rishta contest: You won Rs 25,000 gift voucher. Click http://update-aadhaar.tk","pavitra rishta contest: you won rs 25,000 gift voucher. click http://update-aadhaar.tk",en,LOTTERY_SCAM,True,HIGH,scam,synthetic,2.0.0-gamma,"{""urls"": [""http://update-aadhaar.tk""], ""phones"": [], ""emails"": [], ""banks"": [], ""amounts"": [""Rs 25,000""]}",Gamma expansion variant for LOTTERY_SCAM.,2026-07-30T10:24:12.329Z,2026-07-30T10:24:12.329Z
LOTTERY_SCAM_0053,"Pavitra Rishta contest: You won Rs 25,000 gift voucher. Click http://pan-verify.net","pavitra rishta contest: you won rs 25,000 gift voucher. click http://pan-verify.net",en,LOTTERY_SCAM,True,HIGH,scam,synthetic,2.0.0-gamma,"{""urls"": [""http://pan-verify.net""], ""phones"": [], ""emails"": [], ""banks"": [], ""amounts"": [""Rs 25,000""]}",Gamma expansion variant for LOTTERY_SCAM.,2026-07-30T10:24:12.329Z,2026-07-30T10:24:12.329Z
LOTTERY_SCAM_0054,"Pavitra Rishta contest: You won Rs 25,000 gift voucher. Click http://pavitra-win.tk.","pavitra rishta contest: you won rs 25,000 gift voucher. click http://pavitra-win.tk.",en,LOTTERY_SCAM,True,HIGH,scam,synthetic,2.0.0-gamma,"{""urls"": [""http://pavitra-win.tk.""], ""phones"": [], ""emails"": [], ""banks"": [], ""amounts"": [""Rs 25,000""]}",Gamma expansion variant for LOTTERY_SCAM.,2026-07-30T10:24:12.329Z,2026-07-30T10:24:12.329Z
LOTTERY_SCAM_0055,"You won gold coin in HDFC Diwali contest. Pay Rs 2,000 delivery charges.","you won gold coin in hdfc diwali contest. pay rs 2,000 delivery charges.",en,LOTTERY_SCAM,True,HIGH,scam,synthetic,2.0.0-gamma,"{""urls"": [], ""phones"": [], ""emails"": [], ""banks"": [""HDFC""], ""amounts"": [""Rs 2,000""]}",Gamma expansion variant for LOTTERY_SCAM.,2026-07-30T10:24:12.329Z,2026-07-30T10:24:12.329Z
QR_SCAM_0026,"Scan QR code at http://verify-uidai.xyz to claim your Rs 25,000 reward.","scan qr code at http://verify-uidai.xyz to claim your rs 25,000 reward.",en,QR_SCAM,True,HIGH,scam,synthetic,2.0.0-gamma,"{""urls"": [""http://verify-uidai.xyz""], ""phones"": [], ""emails"": [], ""banks"": [], ""amounts"": [""Rs 25,000""]}",Gamma expansion variant for QR_SCAM.,2026-07-30T10:24:12.331Z,2026-07-30T10:24:12.331Z
QR_SCAM_0027,"Scan QR code at http://update-aadhaar.tk to claim your Rs 25,000 reward.","scan qr code at http://update-aadhaar.tk to claim your rs 25,000 reward.",en,QR_SCAM,True,HIGH,scam,synthetic,2.0.0-gamma,"{""urls"": [""http://update-aadhaar.tk""], ""phones"": [], ""emails"": [], ""banks"": [], ""amounts"": [""Rs 25,000""]}",Gamma expansion variant for QR_SCAM.,2026-07-30T10:24:12.331Z,2026-07-30T10:24:12.331Z
QR_SCAM_0028,"Scan QR code at http://pan-verify.net to claim your Rs 25,000 reward.","scan qr code at http://pan-verify.net to claim your rs 25,000 reward.",en,QR_SCAM,True,HIGH,scam,synthetic,2.0.0-gamma,"{""urls"": [""http://pan-verify.net""], ""phones"": [], ""emails"": [], ""banks"": [], ""amounts"": [""Rs 25,000""]}",Gamma expansion variant for QR_SCAM.,2026-07-30T10:24:12.331Z,2026-07-30T10:24:12.331Z
QR_SCAM_0029,"Scan QR code at http://scan-pay.xyz to claim your Rs 25,000 reward.","scan qr code at http://scan-pay.xyz to claim your rs 25,000 reward.",en,QR_SCAM,True,HIGH,scam,synthetic,2.0.0-gamma,"{""urls"": [""http://scan-pay.xyz""], ""phones"": [], ""emails"": [], ""banks"": [], ""amounts"": [""Rs 25,000""]}",Gamma expansion variant for QR_SCAM.,2026-07-30T10:24:12.331Z,2026-07-30T10:24:12.331Z
QR_SCAM_0030,"QR code for electricity bill payment: http://verify-uidai.xyz Scan and pay Rs 3,500.","qr code for electricity bill payment: http://verify-uidai.xyz scan and pay rs 3,500.",en,QR_SCAM,True,HIGH,scam,synthetic,2.0.0-gamma,"{""urls"": [""http://verify-uidai.xyz""], ""phones"": [], ""emails"": [], ""banks"": [], ""amounts"": [""Rs 3,500""]}",Gamma expansion variant for QR_SCAM.,2026-07-30T10:24:12.331Z,2026-07-30T10:24:12.331Z
QR_SCAM_0031,"QR code for electricity bill payment: http://update-aadhaar.tk Scan and pay Rs 3,500.","qr code for electricity bill payment: http://update-aadhaar.tk scan and pay rs 3,500.",en,QR_SCAM,True,HIGH,scam,synthetic,2.0.0-gamma,"{""urls"": [""http://update-aadhaar.tk""], ""phones"": [], ""emails"": [], ""banks"": [], ""amounts"": [""Rs 3,500""]}",Gamma expansion variant for QR_SCAM.,2026-07-30T10:24:12.331Z,2026-07-30T10:24:12.331Z
QR_SCAM_0032,"QR code for electricity bill payment: http://pan-verify.net Scan and pay Rs 3,500.","qr code for electricity bill payment: http://pan-verify.net scan and pay rs 3,500.",en,QR_SCAM,True,HIGH,scam,synthetic,2.0.0-gamma,"{""urls"": [""http://pan-verify.net""], ""phones"": [], ""emails"": [], ""banks"": [], ""amounts"": [""Rs 3,500""]}",Gamma expansion variant for QR_SCAM.,2026-07-30T10:24:12.331Z,2026-07-30T10:24:12.331Z
QR_SCAM_0033,"QR code for electricity bill payment: http://bill-qr.tk. Scan and pay Rs 3,500.","qr code for electricity bill payment: http://bill-qr.tk. scan and pay rs 3,500.",en,QR_SCAM,True,HIGH,scam,synthetic,2.0.0-gamma,"{""urls"": [""http://bill-qr.tk.""], ""phones"": [], ""emails"": [], ""banks"": [], ""amounts"": [""Rs 3,500""]}",Gamma expansion variant for QR_SCAM.,2026-07-30T10:24:12.331Z,2026-07-30T10:24:12.331Z
QR_SCAM_0034,Your Amazon return QR code: http://verify-uidai.xyz Show at pickup.,your amazon return qr code: http://verify-uidai.xyz show at pickup.,en,QR_SCAM,True,HIGH,scam,synthetic,2.0.0-gamma,"{""urls"": [""http://verify-uidai.xyz""], ""phones"": [], ""emails"": [], ""banks"": [], ""amounts"": []}",Gamma expansion variant for QR_SCAM.,2026-07-30T10:24:12.331Z,2026-07-30T10:24:12.331Z
QR_SCAM_0035,Your Amazon return QR code: http://update-aadhaar.tk Show at pickup.,your amazon return qr code: http://update-aadhaar.tk show at pickup.,en,QR_SCAM,True,HIGH,scam,synthetic,2.0.0-gamma,"{""urls"": [""http://update-aadhaar.tk""], ""phones"": [], ""emails"": [], ""banks"": [], ""amounts"": []}",Gamma expansion variant for QR_SCAM.,2026-07-30T10:24:12.331Z,2026-07-30T10:24:12.331Z
QR_SCAM_0036,Your Amazon return QR code: http://pan-verify.net Show at pickup.,your amazon return qr code: http://pan-verify.net show at pickup.,en,QR_SCAM,True,HIGH,scam,synthetic,2.0.0-gamma,"{""urls"": [""http://pan-verify.net""], ""phones"": [], ""emails"": [], ""banks"": [], ""amounts"": []}",Gamma expansion variant for QR_SCAM.,2026-07-30T10:24:12.332Z,2026-07-30T10:24:12.332Z
QR_SCAM_0037,Your Amazon return QR code: http://amazon-return-qr.xyz. Show at pickup.,your amazon return qr code: http://amazon-return-qr.xyz. show at pickup.,en,QR_SCAM,True,HIGH,scam,synthetic,2.0.0-gamma,"{""urls"": [""http://amazon-return-qr.xyz.""], ""phones"": [], ""emails"": [], ""banks"": [], ""amounts"": []}",Gamma expansion variant for QR_SCAM.,2026-07-30T10:24:12.332Z,2026-07-30T10:24:12.332Z
QR_SCAM_0038,"Flipkart gift card QR: http://verify-uidai.xyz Scan to add Rs 5,000 voucher.","flipkart gift card qr: http://verify-uidai.xyz scan to add rs 5,000 voucher.",en,QR_SCAM,True,HIGH,scam,synthetic,2.0.0-gamma,"{""urls"": [""http://verify-uidai.xyz""], ""phones"": [], ""emails"": [], ""banks"": [], ""amounts"": [""Rs 5,000""]}",Gamma expansion variant for QR_SCAM.,2026-07-30T10:24:12.332Z,2026-07-30T10:24:12.332Z
QR_SCAM_0039,"Flipkart gift card QR: http://update-aadhaar.tk Scan to add Rs 5,000 voucher.","flipkart gift card qr: http://update-aadhaar.tk scan to add rs 5,000 voucher.",en,QR_SCAM,True,HIGH,scam,synthetic,2.0.0-gamma,"{""urls"": [""http://update-aadhaar.tk""], ""phones"": [], ""emails"": [], ""banks"": [], ""amounts"": [""Rs 5,000""]}",Gamma expansion variant for QR_SCAM.,2026-07-30T10:24:12.332Z,2026-07-30T10:24:12.332Z
QR_SCAM_0040,"Flipkart gift card QR: http://pan-verify.net Scan to add Rs 5,000 voucher.","flipkart gift card qr: http://pan-verify.net scan to add rs 5,000 voucher.",en,QR_SCAM,True,HIGH,scam,synthetic,2.0.0-gamma,"{""urls"": [""http://pan-verify.net""], ""phones"": [], ""emails"": [], ""banks"": [], ""amounts"": [""Rs 5,000""]}",Gamma expansion variant for QR_SCAM.,2026-07-30T10:24:12.332Z,2026-07-30T10:24:12.332Z
QR_SCAM_0041,"Flipkart gift card QR: http://flipkart-gift.tk. Scan to add Rs 5,000 voucher.","flipkart gift card qr: http://flipkart-gift.tk. scan to add rs 5,000 voucher.",en,QR_SCAM,True,HIGH,scam,synthetic,2.0.0-gamma,"{""urls"": [""http://flipkart-gift.tk.""], ""phones"": [], ""emails"": [], ""banks"": [], ""amounts"": [""Rs 5,000""]}",Gamma expansion variant for QR_SCAM.,2026-07-30T10:24:12.332Z,2026-07-30T10:24:12.332Z
QR_SCAM_0042,"Metro recharge QR: http://verify-uidai.xyz Scan to recharge Rs 1,000.","metro recharge qr: http://verify-uidai.xyz scan to recharge rs 1,000.",en,QR_SCAM,True,HIGH,scam,synthetic,2.0.0-gamma,"{""urls"": [""http://verify-uidai.xyz""], ""phones"": [], ""emails"": [], ""banks"": [], ""amounts"": [""Rs 1,000""]}",Gamma expansion variant for QR_SCAM.,2026-07-30T10:24:12.332Z,2026-07-30T10:24:12.332Z
QR_SCAM_0043,"Metro recharge QR: http://update-aadhaar.tk Scan to recharge Rs 1,000.","metro recharge qr: http://update-aadhaar.tk scan to recharge rs 1,000.",en,QR_SCAM,True,HIGH,scam,synthetic,2.0.0-gamma,"{""urls"": [""http://update-aadhaar.tk""], ""phones"": [], ""emails"": [], ""banks"": [], ""amounts"": [""Rs 1,000""]}",Gamma expansion variant for QR_SCAM.,2026-07-30T10:24:12.332Z,2026-07-30T10:24:12.332Z
QR_SCAM_0044,"Metro recharge QR: http://pan-verify.net Scan to recharge Rs 1,000.","metro recharge qr: http://pan-verify.net scan to recharge rs 1,000.",en,QR_SCAM,True,HIGH,scam,synthetic,2.0.0-gamma,"{""urls"": [""http://pan-verify.net""], ""phones"": [], ""emails"": [], ""banks"": [], ""amounts"": [""Rs 1,000""]}",Gamma expansion variant for QR_SCAM.,2026-07-30T10:24:12.332Z,2026-07-30T10:24:12.332Z
QR_SCAM_0045,"Metro recharge QR: http://metro-qr.in. Scan to recharge Rs 1,000.","metro recharge qr: http://metro-qr.in. scan to recharge rs 1,000.",en,QR_SCAM,True,HIGH,scam,synthetic,2.0.0-gamma,"{""urls"": [""http://metro-qr.in.""], ""phones"": [], ""emails"": [], ""banks"": [], ""amounts"": [""Rs 1,000""]}",Gamma expansion variant for QR_SCAM.,2026-07-30T10:24:12.332Z,2026-07-30T10:24:12.332Z
QR_SCAM_0046,Parking fee QR code: http://verify-uidai.xyz Pay Rs 200 now.,parking fee qr code: http://verify-uidai.xyz pay rs 200 now.,en,QR_SCAM,True,HIGH,scam,synthetic,2.0.0-gamma,"{""urls"": [""http://verify-uidai.xyz""], ""phones"": [], ""emails"": [], ""banks"": [], ""amounts"": [""Rs 200""]}",Gamma expansion variant for QR_SCAM.,2026-07-30T10:24:12.332Z,2026-07-30T10:24:12.332Z
QR_SCAM_0047,Parking fee QR code: http://update-aadhaar.tk Pay Rs 200 now.,parking fee qr code: http://update-aadhaar.tk pay rs 200 now.,en,QR_SCAM,True,HIGH,scam,synthetic,2.0.0-gamma,"{""urls"": [""http://update-aadhaar.tk""], ""phones"": [], ""emails"": [], ""banks"": [], ""amounts"": [""Rs 200""]}",Gamma expansion variant for QR_SCAM.,2026-07-30T10:24:12.332Z,2026-07-30T10:24:12.332Z
QR_SCAM_0048,Parking fee QR code: http://pan-verify.net Pay Rs 200 now.,parking fee qr code: http://pan-verify.net pay rs 200 now.,en,QR_SCAM,True,HIGH,scam,synthetic,2.0.0-gamma,"{""urls"": [""http://pan-verify.net""], ""phones"": [], ""emails"": [], ""banks"": [], ""amounts"": [""Rs 200""]}",Gamma expansion variant for QR_SCAM.,2026-07-30T10:24:12.332Z,2026-07-30T10:24:12.332Z
QR_SCAM_0049,Parking fee QR code: http://parking-pay.xyz. Pay Rs 200 now.,parking fee qr code: http://parking-pay.xyz. pay rs 200 now.,en,QR_SCAM,True,HIGH,scam,synthetic,2.0.0-gamma,"{""urls"": [""http://parking-pay.xyz.""], ""phones"": [], ""emails"": [], ""banks"": [], ""amounts"": [""Rs 200""]}",Gamma expansion variant for QR_SCAM.,2026-07-30T10:24:12.332Z,2026-07-30T10:24:12.332Z
QR_SCAM_0050,Donation QR: http://verify-uidai.xyz Contribute for flood relief.,donation qr: http://verify-uidai.xyz contribute for flood relief.,en,QR_SCAM,True,HIGH,scam,synthetic,2.0.0-gamma,"{""urls"": [""http://verify-uidai.xyz""], ""phones"": [], ""emails"": [], ""banks"": [], ""amounts"": []}",Gamma expansion variant for QR_SCAM.,2026-07-30T10:24:12.332Z,2026-07-30T10:24:12.332Z
QR_SCAM_0051,Donation QR: http://update-aadhaar.tk Contribute for flood relief.,donation qr: http://update-aadhaar.tk contribute for flood relief.,en,QR_SCAM,True,HIGH,scam,synthetic,2.0.0-gamma,"{""urls"": [""http://update-aadhaar.tk""], ""phones"": [], ""emails"": [], ""banks"": [], ""amounts"": []}",Gamma expansion variant for QR_SCAM.,2026-07-30T10:24:12.332Z,2026-07-30T10:24:12.332Z
QR_SCAM_0052,Donation QR: http://pan-verify.net Contribute for flood relief.,donation qr: http://pan-verify.net contribute for flood relief.,en,QR_SCAM,True,HIGH,scam,synthetic,2.0.0-gamma,"{""urls"": [""http://pan-verify.net""], ""phones"": [], ""emails"": [], ""banks"": [], ""amounts"": []}",Gamma expansion variant for QR_SCAM.,2026-07-30T10:24:12.332Z,2026-07-30T10:24:12.332Z
QR_SCAM_0053,Donation QR: http://charity-qr.tk. Contribute for flood relief.,donation qr: http://charity-qr.tk. contribute for flood relief.,en,QR_SCAM,True,HIGH,scam,synthetic,2.0.0-gamma,"{""urls"": [""http://charity-qr.tk.""], ""phones"": [], ""emails"": [], ""banks"": [], ""amounts"": []}",Gamma expansion variant for QR_SCAM.,2026-07-30T10:24:12.332Z,2026-07-30T10:24:12.332Z
QR_SCAM_0054,Vaccination certificate QR: http://verify-uidai.xyz Download now.,vaccination certificate qr: http://verify-uidai.xyz download now.,en,QR_SCAM,True,HIGH,scam,synthetic,2.0.0-gamma,"{""urls"": [""http://verify-uidai.xyz""], ""phones"": [], ""emails"": [], ""banks"": [], ""amounts"": []}",Gamma expansion variant for QR_SCAM.,2026-07-30T10:24:12.332Z,2026-07-30T10:24:12.332Z
QR_SCAM_0055,Vaccination certificate QR: http://update-aadhaar.tk Download now.,vaccination certificate qr: http://update-aadhaar.tk download now.,en,QR_SCAM,True,HIGH,scam,synthetic,2.0.0-gamma,"{""urls"": [""http://update-aadhaar.tk""], ""phones"": [], ""emails"": [], ""banks"": [], ""amounts"": []}",Gamma expansion variant for QR_SCAM.,2026-07-30T10:24:12.333Z,2026-07-30T10:24:12.333Z
QR_SCAM_0056,Vaccination certificate QR: http://pan-verify.net Download now.,vaccination certificate qr: http://pan-verify.net download now.,en,QR_SCAM,True,HIGH,scam,synthetic,2.0.0-gamma,"{""urls"": [""http://pan-verify.net""], ""phones"": [], ""emails"": [], ""banks"": [], ""amounts"": []}",Gamma expansion variant for QR_SCAM.,2026-07-30T10:24:12.333Z,2026-07-30T10:24:12.333Z
QR_SCAM_0057,Vaccination certificate QR: http://cowin-qr.xyz. Download now.,vaccination certificate qr: http://cowin-qr.xyz. download now.,en,QR_SCAM,True,HIGH,scam,synthetic,2.0.0-gamma,"{""urls"": [""http://cowin-qr.xyz.""], ""phones"": [], ""emails"": [], ""banks"": [], ""amounts"": []}",Gamma expansion variant for QR_SCAM.,2026-07-30T10:24:12.333Z,2026-07-30T10:24:12.333Z
QR_SCAM_0058,Hotel booking QR: http://verify-uidai.xyz Scan for Rs 500 discount.,hotel booking qr: http://verify-uidai.xyz scan for rs 500 discount.,en,QR_SCAM,True,HIGH,scam,synthetic,2.0.0-gamma,"{""urls"": [""http://verify-uidai.xyz""], ""phones"": [], ""emails"": [], ""banks"": [], ""amounts"": [""Rs 500""]}",Gamma expansion variant for QR_SCAM.,2026-07-30T10:24:12.333Z,2026-07-30T10:24:12.333Z
QR_SCAM_0059,Hotel booking QR: http://update-aadhaar.tk Scan for Rs 500 discount.,hotel booking qr: http://update-aadhaar.tk scan for rs 500 discount.,en,QR_SCAM,True,HIGH,scam,synthetic,2.0.0-gamma,"{""urls"": [""http://update-aadhaar.tk""], ""phones"": [], ""emails"": [], ""banks"": [], ""amounts"": [""Rs 500""]}",Gamma expansion variant for QR_SCAM.,2026-07-30T10:24:12.333Z,2026-07-30T10:24:12.333Z
QR_SCAM_0060,Hotel booking QR: http://pan-verify.net Scan for Rs 500 discount.,hotel booking qr: http://pan-verify.net scan for rs 500 discount.,en,QR_SCAM,True,HIGH,scam,synthetic,2.0.0-gamma,"{""urls"": [""http://pan-verify.net""], ""phones"": [], ""emails"": [], ""banks"": [], ""amounts"": [""Rs 500""]}",Gamma expansion variant for QR_SCAM.,2026-07-30T10:24:12.333Z,2026-07-30T10:24:12.333Z
ROMANCE_SCAM_0026,"I am US Army captain in Syria. I want to send you gold. Pay Rs 25,000 customs fee.","i am us army captain in syria. i want to send you gold. pay rs 25,000 customs fee.",en,ROMANCE_SCAM,True,HIGH,scam,synthetic,2.0.0-gamma,"{""urls"": [], ""phones"": [], ""emails"": [], ""banks"": [], ""amounts"": [""Rs 25,000""]}",Gamma expansion variant for ROMANCE_SCAM.,2026-07-30T10:24:12.334Z,2026-07-30T10:24:12.334Z
ROMANCE_SCAM_0027,"My father died leaving me Rs 2 crore inheritance. I need Rs 50,000 for legal fees.","my father died leaving me rs 2 crore inheritance. i need rs 50,000 for legal fees.",en,ROMANCE_SCAM,True,HIGH,scam,synthetic,2.0.0-gamma,"{""urls"": [], ""phones"": [], ""emails"": [], ""banks"": [], ""amounts"": [""Rs 2"", ""Rs 50,000""]}",Gamma expansion variant for ROMANCE_SCAM.,2026-07-30T10:24:12.334Z,2026-07-30T10:24:12.334Z
ROMANCE_SCAM_0028,"I love you. I want to come to India but my visa is stuck. Send Rs 75,000 for agent fees.","i love you. i want to come to india but my visa is stuck. send rs 75,000 for agent fees.",en,ROMANCE_SCAM,True,HIGH,scam,synthetic,2.0.0-gamma,"{""urls"": [], ""phones"": [], ""emails"": [], ""banks"": [], ""amounts"": [""Rs 75,000""]}",Gamma expansion variant for ROMANCE_SCAM.,2026-07-30T10:24:12.334Z,2026-07-30T10:24:12.334Z
ROMANCE_SCAM_0029,"I am a model from Russia. I want to marry you. My agency needs Rs 1,25,000 release fee.","i am a model from russia. i want to marry you. my agency needs rs 1,25,000 release fee.",en,ROMANCE_SCAM,True,HIGH,scam,synthetic,2.0.0-gamma,"{""urls"": [], ""phones"": [], ""emails"": [], ""banks"": [], ""amounts"": [""Rs 1,25,000""]}",Gamma expansion variant for ROMANCE_SCAM.,2026-07-30T10:24:12.334Z,2026-07-30T10:24:12.334Z
ROMANCE_SCAM_0030,You won my heart. I am a rich widow with Rs 5 crore property. Help me transfer money.,you won my heart. i am a rich widow with rs 5 crore property. help me transfer money.,en,ROMANCE_SCAM,True,HIGH,scam,synthetic,2.0.0-gamma,"{""urls"": [], ""phones"": [], ""emails"": [], ""banks"": [], ""amounts"": [""Rs 5""]}",Gamma expansion variant for ROMANCE_SCAM.,2026-07-30T10:24:12.334Z,2026-07-30T10:24:12.334Z
ROMANCE_SCAM_0031,"My shipping company CEO. My ship stuck in Somalia. Send $2,000 for crew rescue.","my shipping company ceo. my ship stuck in somalia. send $2,000 for crew rescue.",en,ROMANCE_SCAM,True,HIGH,scam,synthetic,2.0.0-gamma,"{""urls"": [], ""phones"": [], ""emails"": [], ""banks"": [], ""amounts"": [""2,000""]}",Gamma expansion variant for ROMANCE_SCAM.,2026-07-30T10:24:12.335Z,2026-07-30T10:24:12.335Z
ROMANCE_SCAM_0032,"I am pregnant with your child. I need Rs 25,000 for medical expenses. Please help.","i am pregnant with your child. i need rs 25,000 for medical expenses. please help.",en,ROMANCE_SCAM,True,HIGH,scam,synthetic,2.0.0-gamma,"{""urls"": [], ""phones"": [], ""emails"": [], ""banks"": [], ""amounts"": [""Rs 25,000""]}",Gamma expansion variant for ROMANCE_SCAM.,2026-07-30T10:24:12.335Z,2026-07-30T10:24:12.335Z
ROMANCE_SCAM_0033,"UN worker in Afghanistan. My life in danger. Send $1,500 for emergency evacuation.","un worker in afghanistan. my life in danger. send $1,500 for emergency evacuation.",en,ROMANCE_SCAM,True,HIGH,scam,synthetic,2.0.0-gamma,"{""urls"": [], ""phones"": [], ""emails"": [], ""banks"": [], ""amounts"": [""1,500""]}",Gamma expansion variant for ROMANCE_SCAM.,2026-07-30T10:24:12.335Z,2026-07-30T10:24:12.335Z
ROMANCE_SCAM_0034,"Oil rig engineer from Texas. I have gold bars worth $50,000. Ship to you. Pay shipping.","oil rig engineer from texas. i have gold bars worth $50,000. ship to you. pay shipping.",en,ROMANCE_SCAM,True,HIGH,scam,synthetic,2.0.0-gamma,"{""urls"": [], ""phones"": [], ""emails"": [], ""banks"": [], ""amounts"": [""50,000""]}",Gamma expansion variant for ROMANCE_SCAM.,2026-07-30T10:24:12.335Z,2026-07-30T10:24:12.335Z
ROMANCE_SCAM_0035,"Doctor in UK. My bank account frozen. Need Rs 50,000 to release my funds for our future.","doctor in uk. my bank account frozen. need rs 50,000 to release my funds for our future.",en,ROMANCE_SCAM,True,HIGH,scam,synthetic,2.0.0-gamma,"{""urls"": [], ""phones"": [], ""emails"": [], ""banks"": [], ""amounts"": [""Rs 50,000""]}",Gamma expansion variant for ROMANCE_SCAM.,2026-07-30T10:24:12.335Z,2026-07-30T10:24:12.335Z
TELECOM_SCAM_0026,Jio: Your SIM will be deactivated. Re-verify KYC at http://verify-uidai.xyz,jio: your sim will be deactivated. re-verify kyc at http://verify-uidai.xyz,en,TELECOM_SCAM,True,HIGH,scam,synthetic,2.0.0-gamma,"{""urls"": [""http://verify-uidai.xyz""], ""phones"": [], ""emails"": [], ""banks"": [], ""amounts"": []}",Gamma expansion variant for TELECOM_SCAM.,2026-07-30T10:24:12.365Z,2026-07-30T10:24:12.365Z
TELECOM_SCAM_0027,Jio: Your SIM will be deactivated. Re-verify KYC at http://update-aadhaar.tk,jio: your sim will be deactivated. re-verify kyc at http://update-aadhaar.tk,en,TELECOM_SCAM,True,HIGH,scam,synthetic,2.0.0-gamma,"{""urls"": [""http://update-aadhaar.tk""], ""phones"": [], ""emails"": [], ""banks"": [], ""amounts"": []}",Gamma expansion variant for TELECOM_SCAM.,2026-07-30T10:24:12.365Z,2026-07-30T10:24:12.365Z
TELECOM_SCAM_0028,Jio: Your SIM will be deactivated. Re-verify KYC at http://pan-verify.net,jio: your sim will be deactivated. re-verify kyc at http://pan-verify.net,en,TELECOM_SCAM,True,HIGH,scam,synthetic,2.0.0-gamma,"{""urls"": [""http://pan-verify.net""], ""phones"": [], ""emails"": [], ""banks"": [], ""amounts"": []}",Gamma expansion variant for TELECOM_SCAM.,2026-07-30T10:24:12.365Z,2026-07-30T10:24:12.365Z
TELECOM_SCAM_0029,Jio: Your SIM will be deactivated. Re-verify KYC at http://jio-kyc.xyz.,jio: your sim will be deactivated. re-verify kyc at http://jio-kyc.xyz.,en,TELECOM_SCAM,True,HIGH,scam,synthetic,2.0.0-gamma,"{""urls"": [""http://jio-kyc.xyz.""], ""phones"": [], ""emails"": [], ""banks"": [], ""amounts"": []}",Gamma expansion variant for TELECOM_SCAM.,2026-07-30T10:24:12.365Z,2026-07-30T10:24:12.365Z
TELECOM_SCAM_0030,"Airtel: Your number used for spam calls. Line will be disconnected. Pay Rs 2,500 fine.","airtel: your number used for spam calls. line will be disconnected. pay rs 2,500 fine.",en,TELECOM_SCAM,True,HIGH,scam,synthetic,2.0.0-gamma,"{""urls"": [], ""phones"": [], ""emails"": [], ""banks"": [], ""amounts"": [""Rs 2,500""]}",Gamma expansion variant for TELECOM_SCAM.,2026-07-30T10:24:12.365Z,2026-07-30T10:24:12.365Z
TELECOM_SCAM_0031,VI: Your SIM swapped in Mumbai. Not you? Call 1800-425-6789 immediately.,vi: your sim swapped in mumbai. not you? call 1800-425-6789 immediately.,en,TELECOM_SCAM,True,HIGH,scam,synthetic,2.0.0-gamma,"{""urls"": [], ""phones"": [""1800-425-6789""], ""emails"": [], ""banks"": [], ""amounts"": ["" 1800"", ""425"", ""6789""]}",Gamma expansion variant for TELECOM_SCAM.,2026-07-30T10:24:12.365Z,2026-07-30T10:24:12.365Z
TELECOM_SCAM_0032,VI: Your SIM swapped in Mumbai. Not you? Call 1800-258-3690 immediately.,vi: your sim swapped in mumbai. not you? call 1800-258-3690 immediately.,en,TELECOM_SCAM,True,HIGH,scam,synthetic,2.0.0-gamma,"{""urls"": [], ""phones"": [""1800-258-3690""], ""emails"": [], ""banks"": [], ""amounts"": ["" 1800"", ""258"", ""3690""]}",Gamma expansion variant for TELECOM_SCAM.,2026-07-30T10:24:12.365Z,2026-07-30T10:24:12.365Z
TELECOM_SCAM_0033,VI: Your SIM swapped in Mumbai. Not you? Call 1800-123-4567 immediately.,vi: your sim swapped in mumbai. not you? call 1800-123-4567 immediately.,en,TELECOM_SCAM,True,HIGH,scam,synthetic,2.0.0-gamma,"{""urls"": [], ""phones"": [""1800-123-4567""], ""emails"": [], ""banks"": [], ""amounts"": ["" 1800"", ""123"", ""4567""]}",Gamma expansion variant for TELECOM_SCAM.,2026-07-30T10:24:12.365Z,2026-07-30T10:24:12.365Z
TELECOM_SCAM_0034,"BSNL: Your FTTH connection will be terminated. Pay Rs 5,000 pending bill at http://verify-uidai.xyz","bsnl: your ftth connection will be terminated. pay rs 5,000 pending bill at http://verify-uidai.xyz",en,TELECOM_SCAM,True,HIGH,scam,synthetic,2.0.0-gamma,"{""urls"": [""http://verify-uidai.xyz""], ""phones"": [], ""emails"": [], ""banks"": [], ""amounts"": [""Rs 5,000""]}",Gamma expansion variant for TELECOM_SCAM.,2026-07-30T10:24:12.366Z,2026-07-30T10:24:12.366Z
TELECOM_SCAM_0035,"BSNL: Your FTTH connection will be terminated. Pay Rs 5,000 pending bill at http://update-aadhaar.tk","bsnl: your ftth connection will be terminated. pay rs 5,000 pending bill at http://update-aadhaar.tk",en,TELECOM_SCAM,True,HIGH,scam,synthetic,2.0.0-gamma,"{""urls"": [""http://update-aadhaar.tk""], ""phones"": [], ""emails"": [], ""banks"": [], ""amounts"": [""Rs 5,000""]}",Gamma expansion variant for TELECOM_SCAM.,2026-07-30T10:24:12.366Z,2026-07-30T10:24:12.366Z
TELECOM_SCAM_0036,"BSNL: Your FTTH connection will be terminated. Pay Rs 5,000 pending bill at http://pan-verify.net","bsnl: your ftth connection will be terminated. pay rs 5,000 pending bill at http://pan-verify.net",en,TELECOM_SCAM,True,HIGH,scam,synthetic,2.0.0-gamma,"{""urls"": [""http://pan-verify.net""], ""phones"": [], ""emails"": [], ""banks"": [], ""amounts"": [""Rs 5,000""]}",Gamma expansion variant for TELECOM_SCAM.,2026-07-30T10:24:12.366Z,2026-07-30T10:24:12.366Z
TELECOM_SCAM_0037,"BSNL: Your FTTH connection will be terminated. Pay Rs 5,000 pending bill at http://bsnl-bill.tk.","bsnl: your ftth connection will be terminated. pay rs 5,000 pending bill at http://bsnl-bill.tk.",en,TELECOM_SCAM,True,HIGH,scam,synthetic,2.0.0-gamma,"{""urls"": [""http://bsnl-bill.tk.""], ""phones"": [], ""emails"": [], ""banks"": [], ""amounts"": [""Rs 5,000""]}",Gamma expansion variant for TELECOM_SCAM.,2026-07-30T10:24:12.366Z,2026-07-30T10:24:12.366Z
TELECOM_SCAM_0038,"Your mobile number won TATA Sky lottery of Rs 25,00,000. Call to claim.","your mobile number won tata sky lottery of rs 25,00,000. call to claim.",en,TELECOM_SCAM,True,HIGH,scam,synthetic,2.0.0-gamma,"{""urls"": [], ""phones"": [], ""emails"": [], ""banks"": [], ""amounts"": [""Rs 25,00,000""]}",Gamma expansion variant for TELECOM_SCAM.,2026-07-30T10:24:12.366Z,2026-07-30T10:24:12.366Z
TELECOM_SCAM_0039,"TRAI: Your SMS services will be blocked due to spam complaints. Pay Rs 3,500 penalty.","trai: your sms services will be blocked due to spam complaints. pay rs 3,500 penalty.",en,TELECOM_SCAM,True,HIGH,scam,synthetic,2.0.0-gamma,"{""urls"": [], ""phones"": [], ""emails"": [], ""banks"": [], ""amounts"": [""Rs 3,500""]}",Gamma expansion variant for TELECOM_SCAM.,2026-07-30T10:24:12.366Z,2026-07-30T10:24:12.366Z
TELECOM_SCAM_0040,"JioFiber: Your plan upgraded to 1Gbps. Rs 12,500 annual fee deducted. Dispute? Call now.","jiofiber: your plan upgraded to 1gbps. rs 12,500 annual fee deducted. dispute? call now.",en,TELECOM_SCAM,True,HIGH,scam,synthetic,2.0.0-gamma,"{""urls"": [], ""phones"": [], ""emails"": [], ""banks"": [], ""amounts"": ["" 1"", ""Rs 12,500""]}",Gamma expansion variant for TELECOM_SCAM.,2026-07-30T10:24:12.366Z,2026-07-30T10:24:12.366Z
TELECOM_SCAM_0041,"Airtel thanks: You won Rs 1,00,000 in mega draw. Claim at http://verify-uidai.xyz","airtel thanks: you won rs 1,00,000 in mega draw. claim at http://verify-uidai.xyz",en,TELECOM_SCAM,True,HIGH,scam,synthetic,2.0.0-gamma,"{""urls"": [""http://verify-uidai.xyz""], ""phones"": [], ""emails"": [], ""banks"": [], ""amounts"": [""Rs 1,00,000""]}",Gamma expansion variant for TELECOM_SCAM.,2026-07-30T10:24:12.366Z,2026-07-30T10:24:12.366Z
TELECOM_SCAM_0042,"Airtel thanks: You won Rs 1,00,000 in mega draw. Claim at http://update-aadhaar.tk","airtel thanks: you won rs 1,00,000 in mega draw. claim at http://update-aadhaar.tk",en,TELECOM_SCAM,True,HIGH,scam,synthetic,2.0.0-gamma,"{""urls"": [""http://update-aadhaar.tk""], ""phones"": [], ""emails"": [], ""banks"": [], ""amounts"": [""Rs 1,00,000""]}",Gamma expansion variant for TELECOM_SCAM.,2026-07-30T10:24:12.366Z,2026-07-30T10:24:12.366Z
TELECOM_SCAM_0043,"Airtel thanks: You won Rs 1,00,000 in mega draw. Claim at http://pan-verify.net","airtel thanks: you won rs 1,00,000 in mega draw. claim at http://pan-verify.net",en,TELECOM_SCAM,True,HIGH,scam,synthetic,2.0.0-gamma,"{""urls"": [""http://pan-verify.net""], ""phones"": [], ""emails"": [], ""banks"": [], ""amounts"": [""Rs 1,00,000""]}",Gamma expansion variant for TELECOM_SCAM.,2026-07-30T10:24:12.366Z,2026-07-30T10:24:12.366Z
TELECOM_SCAM_0044,"Airtel thanks: You won Rs 1,00,000 in mega draw. Claim at http://airtel-winner.xyz.","airtel thanks: you won rs 1,00,000 in mega draw. claim at http://airtel-winner.xyz.",en,TELECOM_SCAM,True,HIGH,scam,synthetic,2.0.0-gamma,"{""urls"": [""http://airtel-winner.xyz.""], ""phones"": [], ""emails"": [], ""banks"": [], ""amounts"": [""Rs 1,00,000""]}",Gamma expansion variant for TELECOM_SCAM.,2026-07-30T10:24:12.366Z,2026-07-30T10:24:12.366Z
TELECOM_SCAM_0045,"VI: International roaming activated on your number. Pay Rs 5,000 activation fee.","vi: international roaming activated on your number. pay rs 5,000 activation fee.",en,TELECOM_SCAM,True,HIGH,scam,synthetic,2.0.0-gamma,"{""urls"": [], ""phones"": [], ""emails"": [], ""banks"": [], ""amounts"": [""Rs 5,000""]}",Gamma expansion variant for TELECOM_SCAM.,2026-07-30T10:24:12.366Z,2026-07-30T10:24:12.366Z
TELECOM_SCAM_0046,"BSNL: Your landline number will be withdrawn. Pay Rs 2,000 reconnection fee.","bsnl: your landline number will be withdrawn. pay rs 2,000 reconnection fee.",en,TELECOM_SCAM,True,HIGH,scam,synthetic,2.0.0-gamma,"{""urls"": [], ""phones"": [], ""emails"": [], ""banks"": [], ""amounts"": [""Rs 2,000""]}",Gamma expansion variant for TELECOM_SCAM.,2026-07-30T10:24:12.366Z,2026-07-30T10:24:12.366Z
UPI_FRAUD_0050,Your GPay account accessed from new device. Block at http://verify-uidai.xyz,your gpay account accessed from new device. block at http://verify-uidai.xyz,en,UPI_FRAUD,True,HIGH,scam,synthetic,2.0.0-gamma,"{""urls"": [""http://verify-uidai.xyz""], ""phones"": [], ""emails"": [], ""banks"": [], ""amounts"": []}",Gamma expansion variant for UPI_FRAUD.,2026-07-30T10:24:12.368Z,2026-07-30T10:24:12.368Z
UPI_FRAUD_0051,Your GPay account accessed from new device. Block at http://update-aadhaar.tk,your gpay account accessed from new device. block at http://update-aadhaar.tk,en,UPI_FRAUD,True,HIGH,scam,synthetic,2.0.0-gamma,"{""urls"": [""http://update-aadhaar.tk""], ""phones"": [], ""emails"": [], ""banks"": [], ""amounts"": []}",Gamma expansion variant for UPI_FRAUD.,2026-07-30T10:24:12.368Z,2026-07-30T10:24:12.368Z
UPI_FRAUD_0052,Your GPay account accessed from new device. Block at http://pan-verify.net,your gpay account accessed from new device. block at http://pan-verify.net,en,UPI_FRAUD,True,HIGH,scam,synthetic,2.0.0-gamma,"{""urls"": [""http://pan-verify.net""], ""phones"": [], ""emails"": [], ""banks"": [], ""amounts"": []}",Gamma expansion variant for UPI_FRAUD.,2026-07-30T10:24:12.368Z,2026-07-30T10:24:12.368Z
UPI_FRAUD_0053,Your GPay account accessed from new device. Block at http://gpay-secure.xyz.,your gpay account accessed from new device. block at http://gpay-secure.xyz.,en,UPI_FRAUD,True,HIGH,scam,synthetic,2.0.0-gamma,"{""urls"": [""http://gpay-secure.xyz.""], ""phones"": [], ""emails"": [], ""banks"": [], ""amounts"": []}",Gamma expansion variant for UPI_FRAUD.,2026-07-30T10:24:12.368Z,2026-07-30T10:24:12.368Z
UPI_FRAUD_0054,"PhonePe: Rs 25,000 paid to merchant. Not you? Call 1800-425-6789 to reverse.","phonepe: rs 25,000 paid to merchant. not you? call 1800-425-6789 to reverse.",en,UPI_FRAUD,True,HIGH,scam,synthetic,2.0.0-gamma,"{""urls"": [], ""phones"": [""1800-425-6789""], ""emails"": [], ""banks"": [], ""amounts"": [""Rs 25,000"", "" 1800"", ""425"", ""6789""]}",Gamma expansion variant for UPI_FRAUD.,2026-07-30T10:24:12.368Z,2026-07-30T10:24:12.368Z
UPI_FRAUD_0055,"PhonePe: Rs 25,000 paid to merchant. Not you? Call 1800-258-3690 to reverse.","phonepe: rs 25,000 paid to merchant. not you? call 1800-258-3690 to reverse.",en,UPI_FRAUD,True,HIGH,scam,synthetic,2.0.0-gamma,"{""urls"": [], ""phones"": [""1800-258-3690""], ""emails"": [], ""banks"": [], ""amounts"": [""Rs 25,000"", "" 1800"", ""258"", ""3690""]}",Gamma expansion variant for UPI_FRAUD.,2026-07-30T10:24:12.368Z,2026-07-30T10:24:12.368Z
UPI_FRAUD_0056,"PhonePe: Rs 25,000 paid to merchant. Not you? Call 1800-123-4567 to reverse.","phonepe: rs 25,000 paid to merchant. not you? call 1800-123-4567 to reverse.",en,UPI_FRAUD,True,HIGH,scam,synthetic,2.0.0-gamma,"{""urls"": [], ""phones"": [""1800-123-4567""], ""emails"": [], ""banks"": [], ""amounts"": [""Rs 25,000"", "" 1800"", ""123"", ""4567""]}",Gamma expansion variant for UPI_FRAUD.,2026-07-30T10:24:12.369Z,2026-07-30T10:24:12.369Z
UPI_FRAUD_0057,"Paytm: UPI transaction of Rs 50,000 detected. Confirm OTP to cancel.","paytm: upi transaction of rs 50,000 detected. confirm otp to cancel.",en,UPI_FRAUD,True,HIGH,scam,synthetic,2.0.0-gamma,"{""urls"": [], ""phones"": [], ""emails"": [], ""banks"": [], ""amounts"": [""Rs 50,000""]}",Gamma expansion variant for UPI_FRAUD.,2026-07-30T10:24:12.369Z,2026-07-30T10:24:12.369Z
UPI_FRAUD_0058,"BHIM UPI: Your UPI PIN changed. If not you, click http://verify-uidai.xyz","bhim upi: your upi pin changed. if not you, click http://verify-uidai.xyz",en,UPI_FRAUD,True,HIGH,scam,synthetic,2.0.0-gamma,"{""urls"": [""http://verify-uidai.xyz""], ""phones"": [], ""emails"": [], ""banks"": [], ""amounts"": ["",""]}",Gamma expansion variant for UPI_FRAUD.,2026-07-30T10:24:12.369Z,2026-07-30T10:24:12.369Z
UPI_FRAUD_0059,"BHIM UPI: Your UPI PIN changed. If not you, click http://update-aadhaar.tk","bhim upi: your upi pin changed. if not you, click http://update-aadhaar.tk",en,UPI_FRAUD,True,HIGH,scam,synthetic,2.0.0-gamma,"{""urls"": [""http://update-aadhaar.tk""], ""phones"": [], ""emails"": [], ""banks"": [], ""amounts"": ["",""]}",Gamma expansion variant for UPI_FRAUD.,2026-07-30T10:24:12.369Z,2026-07-30T10:24:12.369Z
UPI_FRAUD_0060,"BHIM UPI: Your UPI PIN changed. If not you, click http://pan-verify.net","bhim upi: your upi pin changed. if not you, click http://pan-verify.net",en,UPI_FRAUD,True,HIGH,scam,synthetic,2.0.0-gamma,"{""urls"": [""http://pan-verify.net""], ""phones"": [], ""emails"": [], ""banks"": [], ""amounts"": ["",""]}",Gamma expansion variant for UPI_FRAUD.,2026-07-30T10:24:12.369Z,2026-07-30T10:24:12.369Z
AADHAAR_SCAM_0054,Aadhaar OTP: 374829 for updating your Aadhaar mobile number. Do not share this OTP.,aadhaar otp: 374829 for updating your aadhaar mobile number. do not share this otp.,en,AADHAAR_SCAM,True,HIGH,scam,synthetic,2.0.0-gamma,"{""urls"": [], ""phones"": [], ""emails"": [], ""banks"": [], ""amounts"": ["" 374829""]}",Gamma expansion variant for AADHAAR_SCAM.,2026-07-30T10:29:01.169Z,2026-07-30T10:29:01.169Z
AADHAAR_SCAM_0055,Your Aadhaar has been used to open a bank account in Bangalore. Not you? Call now.,your aadhaar has been used to open a bank account in bangalore. not you? call now.,en,AADHAAR_SCAM,True,HIGH,scam,synthetic,2.0.0-gamma,"{""urls"": [], ""phones"": [], ""emails"": [], ""banks"": [], ""amounts"": []}",Gamma expansion variant for AADHAAR_SCAM.,2026-07-30T10:29:01.169Z,2026-07-30T10:29:01.169Z
AADHAAR_SCAM_0056,Your Aadhaar has been used to open a bank account in Mumbai. Not you? Call now.,your aadhaar has been used to open a bank account in mumbai. not you? call now.,en,AADHAAR_SCAM,True,HIGH,scam,synthetic,2.0.0-gamma,"{""urls"": [], ""phones"": [], ""emails"": [], ""banks"": [], ""amounts"": []}",Gamma expansion variant for AADHAAR_SCAM.,2026-07-30T10:29:01.169Z,2026-07-30T10:29:01.169Z
AADHAAR_SCAM_0057,Your Aadhaar has been used to open a bank account in Delhi. Not you? Call now.,your aadhaar has been used to open a bank account in delhi. not you? call now.,en,AADHAAR_SCAM,True,HIGH,scam,synthetic,2.0.0-gamma,"{""urls"": [], ""phones"": [], ""emails"": [], ""banks"": [], ""amounts"": []}",Gamma expansion variant for AADHAAR_SCAM.,2026-07-30T10:29:01.169Z,2026-07-30T10:29:01.169Z
AADHAAR_SCAM_0058,Aadhaar download link: http://eaadhaar-download.xyz. Your Aadhaar is ready.,aadhaar download link: http://eaadhaar-download.xyz. your aadhaar is ready.,en,AADHAAR_SCAM,True,HIGH,scam,synthetic,2.0.0-gamma,"{""urls"": [""http://eaadhaar-download.xyz.""], ""phones"": [], ""emails"": [], ""banks"": [], ""amounts"": []}",Gamma expansion variant for AADHAAR_SCAM.,2026-07-30T10:29:01.169Z,2026-07-30T10:29:01.169Z
AADHAAR_SCAM_0059,Aadhaar download link: http://verify-uidai.xyz Your Aadhaar is ready.,aadhaar download link: http://verify-uidai.xyz your aadhaar is ready.,en,AADHAAR_SCAM,True,HIGH,scam,synthetic,2.0.0-gamma,"{""urls"": [""http://verify-uidai.xyz""], ""phones"": [], ""emails"": [], ""banks"": [], ""amounts"": []}",Gamma expansion variant for AADHAAR_SCAM.,2026-07-30T10:29:01.169Z,2026-07-30T10:29:01.169Z
AADHAAR_SCAM_0060,Aadhaar download link: http://update-aadhaar.tk Your Aadhaar is ready.,aadhaar download link: http://update-aadhaar.tk your aadhaar is ready.,en,AADHAAR_SCAM,True,HIGH,scam,synthetic,2.0.0-gamma,"{""urls"": [""http://update-aadhaar.tk""], ""phones"": [], ""emails"": [], ""banks"": [], ""amounts"": []}",Gamma expansion variant for AADHAAR_SCAM.,2026-07-30T10:29:01.169Z,2026-07-30T10:29:01.169Z
AADHAAR_SCAM_0061,UIDAI: Your Aadhaar biometric locked due to failed verification. Visit nearest centre.,uidai: your aadhaar biometric locked due to failed verification. visit nearest centre.,en,AADHAAR_SCAM,True,HIGH,scam,synthetic,2.0.0-gamma,"{""urls"": [], ""phones"": [], ""emails"": [], ""banks"": [], ""amounts"": []}",Gamma expansion variant for AADHAAR_SCAM.,2026-07-30T10:29:01.169Z,2026-07-30T10:29:01.169Z
AADHAAR_SCAM_0062,Your Aadhaar has been used to file fake IT returns. Verify at http://aadhaar-verify.in.,your aadhaar has been used to file fake it returns. verify at http://aadhaar-verify.in.,en,AADHAAR_SCAM,True,HIGH,scam,synthetic,2.0.0-gamma,"{""urls"": [""http://aadhaar-verify.in.""], ""phones"": [], ""emails"": [], ""banks"": [], ""amounts"": []}",Gamma expansion variant for AADHAAR_SCAM.,2026-07-30T10:29:01.169Z,2026-07-30T10:29:01.169Z
AADHAAR_SCAM_0063,Your Aadhaar has been used to file fake IT returns. Verify at http://verify-uidai.xyz,your aadhaar has been used to file fake it returns. verify at http://verify-uidai.xyz,en,AADHAAR_SCAM,True,HIGH,scam,synthetic,2.0.0-gamma,"{""urls"": [""http://verify-uidai.xyz""], ""phones"": [], ""emails"": [], ""banks"": [], ""amounts"": []}",Gamma expansion variant for AADHAAR_SCAM.,2026-07-30T10:29:01.169Z,2026-07-30T10:29:01.169Z
AADHAAR_SCAM_0064,Your Aadhaar has been used to file fake IT returns. Verify at http://update-aadhaar.tk,your aadhaar has been used to file fake it returns. verify at http://update-aadhaar.tk,en,AADHAAR_SCAM,True,HIGH,scam,synthetic,2.0.0-gamma,"{""urls"": [""http://update-aadhaar.tk""], ""phones"": [], ""emails"": [], ""banks"": [], ""amounts"": []}",Gamma expansion variant for AADHAAR_SCAM.,2026-07-30T10:29:01.170Z,2026-07-30T10:29:01.170Z
AADHAAR_SCAM_0065,Aadhaar seeding with bank incomplete. Your account transactions will be stopped.,aadhaar seeding with bank incomplete. your account transactions will be stopped.,en,AADHAAR_SCAM,True,HIGH,scam,synthetic,2.0.0-gamma,"{""urls"": [], ""phones"": [], ""emails"": [], ""banks"": [], ""amounts"": []}",Gamma expansion variant for AADHAAR_SCAM.,2026-07-30T10:29:01.170Z,2026-07-30T10:29:01.170Z
AADHAAR_SCAM_0066,Your Aadhaar is being misused in Delhi. Freeze Aadhaar at http://freeze-aadhaar.tk.,your aadhaar is being misused in delhi. freeze aadhaar at http://freeze-aadhaar.tk.,en,AADHAAR_SCAM,True,HIGH,scam,synthetic,2.0.0-gamma,"{""urls"": [""http://freeze-aadhaar.tk.""], ""phones"": [], ""emails"": [], ""banks"": [], ""amounts"": []}",Gamma expansion variant for AADHAAR_SCAM.,2026-07-30T10:29:01.170Z,2026-07-30T10:29:01.170Z
AADHAAR_SCAM_0067,Your Aadhaar is being misused in Delhi. Freeze Aadhaar at http://verify-uidai.xyz,your aadhaar is being misused in delhi. freeze aadhaar at http://verify-uidai.xyz,en,AADHAAR_SCAM,True,HIGH,scam,synthetic,2.0.0-gamma,"{""urls"": [""http://verify-uidai.xyz""], ""phones"": [], ""emails"": [], ""banks"": [], ""amounts"": []}",Gamma expansion variant for AADHAAR_SCAM.,2026-07-30T10:29:01.170Z,2026-07-30T10:29:01.170Z
AADHAAR_SCAM_0068,Your Aadhaar is being misused in Delhi. Freeze Aadhaar at http://update-aadhaar.tk,your aadhaar is being misused in delhi. freeze aadhaar at http://update-aadhaar.tk,en,AADHAAR_SCAM,True,HIGH,scam,synthetic,2.0.0-gamma,"{""urls"": [""http://update-aadhaar.tk""], ""phones"": [], ""emails"": [], ""banks"": [], ""amounts"": []}",Gamma expansion variant for AADHAAR_SCAM.,2026-07-30T10:29:01.170Z,2026-07-30T10:29:01.170Z
AADHAAR_SCAM_0069,Aadhaar update: Free PAN-Aadhaar linking camp near you. Call 1800-123-4567.,aadhaar update: free pan-aadhaar linking camp near you. call 1800-123-4567.,en,AADHAAR_SCAM,True,HIGH,scam,synthetic,2.0.0-gamma,"{""urls"": [], ""phones"": [""1800-123-4567""], ""emails"": [], ""banks"": [], ""amounts"": ["" 1800"", ""123"", ""4567""]}",Gamma expansion variant for AADHAAR_SCAM.,2026-07-30T10:29:01.170Z,2026-07-30T10:29:01.170Z
AADHAAR_SCAM_0070,Aadhaar update: Free PAN-Aadhaar linking camp near you. Call 1800-425-6789.,aadhaar update: free pan-aadhaar linking camp near you. call 1800-425-6789.,en,AADHAAR_SCAM,True,HIGH,scam,synthetic,2.0.0-gamma,"{""urls"": [], ""phones"": [""1800-425-6789""], ""emails"": [], ""banks"": [], ""amounts"": ["" 1800"", ""425"", ""6789""]}",Gamma expansion variant for AADHAAR_SCAM.,2026-07-30T10:29:01.170Z,2026-07-30T10:29:01.170Z
COURIER_SCAM_0061,"India Post: Your speed post held at sorting office. Pay Rs 5,000 storage fee.","india post: your speed post held at sorting office. pay rs 5,000 storage fee.",en,COURIER_SCAM,True,HIGH,scam,synthetic,2.0.0-gamma,"{""urls"": [], ""phones"": [], ""emails"": [], ""banks"": [], ""amounts"": [""Rs 5,000""]}",Gamma expansion variant for COURIER_SCAM.,2026-07-30T10:29:01.173Z,2026-07-30T10:29:01.173Z
COURIER_SCAM_0062,"India Post: Your speed post held at sorting office. Pay Rs 12,500 storage fee.","india post: your speed post held at sorting office. pay rs 12,500 storage fee.",en,COURIER_SCAM,True,HIGH,scam,synthetic,2.0.0-gamma,"{""urls"": [], ""phones"": [], ""emails"": [], ""banks"": [], ""amounts"": [""Rs 12,500""]}",Gamma expansion variant for COURIER_SCAM.,2026-07-30T10:29:01.173Z,2026-07-30T10:29:01.173Z
COURIER_SCAM_0063,"DTDC: Your shipment from Dubai detained by customs. Rs 25,000 clearance needed.","dtdc: your shipment from dubai detained by customs. rs 25,000 clearance needed.",en,COURIER_SCAM,True,HIGH,scam,synthetic,2.0.0-gamma,"{""urls"": [], ""phones"": [], ""emails"": [], ""banks"": [], ""amounts"": [""Rs 25,000""]}",Gamma expansion variant for COURIER_SCAM.,2026-07-30T10:29:01.173Z,2026-07-30T10:29:01.173Z
COURIER_SCAM_0064,"DTDC: Your shipment from Dubai detained by customs. Rs 5,000 clearance needed.","dtdc: your shipment from dubai detained by customs. rs 5,000 clearance needed.",en,COURIER_SCAM,True,HIGH,scam,synthetic,2.0.0-gamma,"{""urls"": [], ""phones"": [], ""emails"": [], ""banks"": [], ""amounts"": [""Rs 5,000""]}",Gamma expansion variant for COURIER_SCAM.,2026-07-30T10:29:01.173Z,2026-07-30T10:29:01.173Z
COURIER_SCAM_0065,"DTDC: Your shipment from Dubai detained by customs. Rs 12,500 clearance needed.","dtdc: your shipment from dubai detained by customs. rs 12,500 clearance needed.",en,COURIER_SCAM,True,HIGH,scam,synthetic,2.0.0-gamma,"{""urls"": [], ""phones"": [], ""emails"": [], ""banks"": [], ""amounts"": [""Rs 12,500""]}",Gamma expansion variant for COURIER_SCAM.,2026-07-30T10:29:01.173Z,2026-07-30T10:29:01.173Z
COURIER_SCAM_0066,Professional Courier: Your document parcel delayed. Track at http://professional-courier.xyz,professional courier: your document parcel delayed. track at http://professional-courier.xyz,en,COURIER_SCAM,True,HIGH,scam,synthetic,2.0.0-gamma,"{""urls"": [""http://professional-courier.xyz""], ""phones"": [], ""emails"": [], ""banks"": [], ""amounts"": []}",Gamma expansion variant for COURIER_SCAM.,2026-07-30T10:29:01.173Z,2026-07-30T10:29:01.173Z
COURIER_SCAM_0067,Professional Courier: Your document parcel delayed. Track at http://verify-uidai.xyz,professional courier: your document parcel delayed. track at http://verify-uidai.xyz,en,COURIER_SCAM,True,HIGH,scam,synthetic,2.0.0-gamma,"{""urls"": [""http://verify-uidai.xyz""], ""phones"": [], ""emails"": [], ""banks"": [], ""amounts"": []}",Gamma expansion variant for COURIER_SCAM.,2026-07-30T10:29:01.173Z,2026-07-30T10:29:01.173Z
COURIER_SCAM_0068,Professional Courier: Your document parcel delayed. Track at http://update-aadhaar.tk,professional courier: your document parcel delayed. track at http://update-aadhaar.tk,en,COURIER_SCAM,True,HIGH,scam,synthetic,2.0.0-gamma,"{""urls"": [""http://update-aadhaar.tk""], ""phones"": [], ""emails"": [], ""banks"": [], ""amounts"": []}",Gamma expansion variant for COURIER_SCAM.,2026-07-30T10:29:01.174Z,2026-07-30T10:29:01.174Z
COURIER_SCAM_0069,"Shiprocket: COD order of Rs 5,000 out for delivery. Pay at http://shiprocket-pay.tk.","shiprocket: cod order of rs 5,000 out for delivery. pay at http://shiprocket-pay.tk.",en,COURIER_SCAM,True,HIGH,scam,synthetic,2.0.0-gamma,"{""urls"": [""http://shiprocket-pay.tk.""], ""phones"": [], ""emails"": [], ""banks"": [], ""amounts"": [""Rs 5,000""]}",Gamma expansion variant for COURIER_SCAM.,2026-07-30T10:29:01.174Z,2026-07-30T10:29:01.174Z
COURIER_SCAM_0070,"Shiprocket: COD order of Rs 5,000 out for delivery. Pay at http://verify-uidai.xyz","shiprocket: cod order of rs 5,000 out for delivery. pay at http://verify-uidai.xyz",en,COURIER_SCAM,True,HIGH,scam,synthetic,2.0.0-gamma,"{""urls"": [""http://verify-uidai.xyz""], ""phones"": [], ""emails"": [], ""banks"": [], ""amounts"": [""Rs 5,000""]}",Gamma expansion variant for COURIER_SCAM.,2026-07-30T10:29:01.174Z,2026-07-30T10:29:01.174Z
CRYPTO_SCAM_0061,Defi yield farming: 200% APY on USDT. Deposit now at http://defi-yield.xyz.,defi yield farming: 200% apy on usdt. deposit now at http://defi-yield.xyz.,en,CRYPTO_SCAM,True,HIGH,scam,synthetic,2.0.0-gamma,"{""urls"": [""http://defi-yield.xyz.""], ""phones"": [], ""emails"": [], ""banks"": [], ""amounts"": ["" 200""]}",Gamma expansion variant for CRYPTO_SCAM.,2026-07-30T10:29:01.190Z,2026-07-30T10:29:01.190Z
CRYPTO_SCAM_0062,"Crypto mining pool: Rs 12,500 one-time fee, Rs 5,000 daily passive income.","crypto mining pool: rs 12,500 one-time fee, rs 5,000 daily passive income.",en,CRYPTO_SCAM,True,HIGH,scam,synthetic,2.0.0-gamma,"{""urls"": [], ""phones"": [], ""emails"": [], ""banks"": [], ""amounts"": [""Rs 12,500"", "","", ""Rs 5,000""]}",Gamma expansion variant for CRYPTO_SCAM.,2026-07-30T10:29:01.190Z,2026-07-30T10:29:01.190Z
CRYPTO_SCAM_0063,"Crypto mining pool: Rs 25,000 one-time fee, Rs 5,000 daily passive income.","crypto mining pool: rs 25,000 one-time fee, rs 5,000 daily passive income.",en,CRYPTO_SCAM,True,HIGH,scam,synthetic,2.0.0-gamma,"{""urls"": [], ""phones"": [], ""emails"": [], ""banks"": [], ""amounts"": [""Rs 25,000"", "","", ""Rs 5,000""]}",Gamma expansion variant for CRYPTO_SCAM.,2026-07-30T10:29:01.190Z,2026-07-30T10:29:01.190Z
DIGITAL_ARREST_0041,Mumbai Police: Your Aadhaar used in online fraud. Digital arrest warrant issued. Connect now.,mumbai police: your aadhaar used in online fraud. digital arrest warrant issued. connect now.,en,DIGITAL_ARREST,True,HIGH,scam,synthetic,2.0.0-gamma,"{""urls"": [], ""phones"": [], ""emails"": [], ""banks"": [], ""amounts"": []}",Gamma expansion variant for DIGITAL_ARREST.,2026-07-30T10:29:01.192Z,2026-07-30T10:29:01.192Z
DIGITAL_ARREST_0042,Bangalore Police: Your Aadhaar used in online fraud. Digital arrest warrant issued. Connect now.,bangalore police: your aadhaar used in online fraud. digital arrest warrant issued. connect now.,en,DIGITAL_ARREST,True,HIGH,scam,synthetic,2.0.0-gamma,"{""urls"": [], ""phones"": [], ""emails"": [], ""banks"": [], ""amounts"": []}",Gamma expansion variant for DIGITAL_ARREST.,2026-07-30T10:29:01.192Z,2026-07-30T10:29:01.192Z
DIGITAL_ARREST_0043,"ED: FEMA violation of Rs 5,000 crore linked to your PAN. Digital custody ordered.","ed: fema violation of rs 5,000 crore linked to your pan. digital custody ordered.",en,DIGITAL_ARREST,True,HIGH,scam,synthetic,2.0.0-gamma,"{""urls"": [], ""phones"": [], ""emails"": [], ""banks"": [], ""amounts"": [""Rs 5,000""]}",Gamma expansion variant for DIGITAL_ARREST.,2026-07-30T10:29:01.192Z,2026-07-30T10:29:01.192Z
DIGITAL_ARREST_0044,"ED: FEMA violation of Rs 12,500 crore linked to your PAN. Digital custody ordered.","ed: fema violation of rs 12,500 crore linked to your pan. digital custody ordered.",en,DIGITAL_ARREST,True,HIGH,scam,synthetic,2.0.0-gamma,"{""urls"": [], ""phones"": [], ""emails"": [], ""banks"": [], ""amounts"": [""Rs 12,500""]}",Gamma expansion variant for DIGITAL_ARREST.,2026-07-30T10:29:01.192Z,2026-07-30T10:29:01.192Z
DIGITAL_ARREST_0045,CBI Hyderabad: Rs 2 crore cyber fraud traced to your account. Digital arrest warrant executed.,cbi hyderabad: rs 2 crore cyber fraud traced to your account. digital arrest warrant executed.,en,DIGITAL_ARREST,True,HIGH,scam,synthetic,2.0.0-gamma,"{""urls"": [], ""phones"": [], ""emails"": [], ""banks"": [], ""amounts"": [""Rs 2""]}",Gamma expansion variant for DIGITAL_ARREST.,2026-07-30T10:29:01.192Z,2026-07-30T10:29:01.192Z
DIGITAL_ARREST_0046,"CBI Hyderabad: Rs 5,000 crore cyber fraud traced to your account. Digital arrest warrant executed.","cbi hyderabad: rs 5,000 crore cyber fraud traced to your account. digital arrest warrant executed.",en,DIGITAL_ARREST,True,HIGH,scam,synthetic,2.0.0-gamma,"{""urls"": [], ""phones"": [], ""emails"": [], ""banks"": [], ""amounts"": [""Rs 5,000""]}",Gamma expansion variant for DIGITAL_ARREST.,2026-07-30T10:29:01.192Z,2026-07-30T10:29:01.192Z
DIGITAL_ARREST_0047,"CBI Hyderabad: Rs 12,500 crore cyber fraud traced to your account. Digital arrest warrant executed.","cbi hyderabad: rs 12,500 crore cyber fraud traced to your account. digital arrest warrant executed.",en,DIGITAL_ARREST,True,HIGH,scam,synthetic,2.0.0-gamma,"{""urls"": [], ""phones"": [], ""emails"": [], ""banks"": [], ""amounts"": [""Rs 12,500""]}",Gamma expansion variant for DIGITAL_ARREST.,2026-07-30T10:29:01.193Z,2026-07-30T10:29:01.193Z
DIGITAL_ARREST_0048,Mumbai Police: Your images found on fake ID cards. Digital arrest. Video verification now.,mumbai police: your images found on fake id cards. digital arrest. video verification now.,en,DIGITAL_ARREST,True,HIGH,scam,synthetic,2.0.0-gamma,"{""urls"": [], ""phones"": [], ""emails"": [], ""banks"": [], ""amounts"": []}",Gamma expansion variant for DIGITAL_ARREST.,2026-07-30T10:29:01.193Z,2026-07-30T10:29:01.193Z
DIGITAL_ARREST_0049,Delhi Police: Your images found on fake ID cards. Digital arrest. Video verification now.,delhi police: your images found on fake id cards. digital arrest. video verification now.,en,DIGITAL_ARREST,True,HIGH,scam,synthetic,2.0.0-gamma,"{""urls"": [], ""phones"": [], ""emails"": [], ""banks"": [], ""amounts"": []}",Gamma expansion variant for DIGITAL_ARREST.,2026-07-30T10:29:01.193Z,2026-07-30T10:29:01.193Z
DIGITAL_ARREST_0050,Bangalore Police: Your images found on fake ID cards. Digital arrest. Video verification now.,bangalore police: your images found on fake id cards. digital arrest. video verification now.,en,DIGITAL_ARREST,True,HIGH,scam,synthetic,2.0.0-gamma,"{""urls"": [], ""phones"": [], ""emails"": [], ""banks"": [], ""amounts"": []}",Gamma expansion variant for DIGITAL_ARREST.,2026-07-30T10:29:01.193Z,2026-07-30T10:29:01.193Z
DIGITAL_ARREST_0051,NCB Delhi: Courier from Thailand containing drugs in your name. Digital arrest issued.,ncb delhi: courier from thailand containing drugs in your name. digital arrest issued.,en,DIGITAL_ARREST,True,HIGH,scam,synthetic,2.0.0-gamma,"{""urls"": [], ""phones"": [], ""emails"": [], ""banks"": [], ""amounts"": []}",Gamma expansion variant for DIGITAL_ARREST.,2026-07-30T10:29:01.193Z,2026-07-30T10:29:01.193Z
DIGITAL_ARREST_0052,NCB Mumbai: Courier from Thailand containing drugs in your name. Digital arrest issued.,ncb mumbai: courier from thailand containing drugs in your name. digital arrest issued.,en,DIGITAL_ARREST,True,HIGH,scam,synthetic,2.0.0-gamma,"{""urls"": [], ""phones"": [], ""emails"": [], ""banks"": [], ""amounts"": []}",Gamma expansion variant for DIGITAL_ARREST.,2026-07-30T10:29:01.193Z,2026-07-30T10:29:01.193Z
DIGITAL_ARREST_0053,NCB Bangalore: Courier from Thailand containing drugs in your name. Digital arrest issued.,ncb bangalore: courier from thailand containing drugs in your name. digital arrest issued.,en,DIGITAL_ARREST,True,HIGH,scam,synthetic,2.0.0-gamma,"{""urls"": [], ""phones"": [], ""emails"": [], ""banks"": [], ""amounts"": []}",Gamma expansion variant for DIGITAL_ARREST.,2026-07-30T10:29:01.193Z,2026-07-30T10:29:01.193Z
DIGITAL_ARREST_0054,RBI Cyber Cell: 47 unauthorized transactions from your account. Join video conference.,rbi cyber cell: 47 unauthorized transactions from your account. join video conference.,en,DIGITAL_ARREST,True,HIGH,scam,synthetic,2.0.0-gamma,"{""urls"": [], ""phones"": [], ""emails"": [], ""banks"": [], ""amounts"": ["" 47""]}",Gamma expansion variant for DIGITAL_ARREST.,2026-07-30T10:29:01.193Z,2026-07-30T10:29:01.193Z
DIGITAL_ARREST_0055,Kolkata Police: Your SIM used in extortion calls. Digital arrest. Stay online for inquiry.,kolkata police: your sim used in extortion calls. digital arrest. stay online for inquiry.,en,DIGITAL_ARREST,True,HIGH,scam,synthetic,2.0.0-gamma,"{""urls"": [], ""phones"": [], ""emails"": [], ""banks"": [], ""amounts"": []}",Gamma expansion variant for DIGITAL_ARREST.,2026-07-30T10:29:01.193Z,2026-07-30T10:29:01.193Z
DIGITAL_ARREST_0056,Mumbai Police: Your SIM used in extortion calls. Digital arrest. Stay online for inquiry.,mumbai police: your sim used in extortion calls. digital arrest. stay online for inquiry.,en,DIGITAL_ARREST,True,HIGH,scam,synthetic,2.0.0-gamma,"{""urls"": [], ""phones"": [], ""emails"": [], ""banks"": [], ""amounts"": []}",Gamma expansion variant for DIGITAL_ARREST.,2026-07-30T10:29:01.193Z,2026-07-30T10:29:01.193Z
DIGITAL_ARREST_0057,Delhi Police: Your SIM used in extortion calls. Digital arrest. Stay online for inquiry.,delhi police: your sim used in extortion calls. digital arrest. stay online for inquiry.,en,DIGITAL_ARREST,True,HIGH,scam,synthetic,2.0.0-gamma,"{""urls"": [], ""phones"": [], ""emails"": [], ""banks"": [], ""amounts"": []}",Gamma expansion variant for DIGITAL_ARREST.,2026-07-30T10:29:01.193Z,2026-07-30T10:29:01.193Z
DIGITAL_ARREST_0058,Cyberabad Cyber Crime: Your social media hacked for propaganda. Digital house arrest.,cyberabad cyber crime: your social media hacked for propaganda. digital house arrest.,en,DIGITAL_ARREST,True,HIGH,scam,synthetic,2.0.0-gamma,"{""urls"": [], ""phones"": [], ""emails"": [], ""banks"": [], ""amounts"": []}",Gamma expansion variant for DIGITAL_ARREST.,2026-07-30T10:29:01.193Z,2026-07-30T10:29:01.193Z
DIGITAL_ARREST_0059,ED Bangalore: Hawala transactions worth Rs 2.5 crore linked to your Aadhaar.,ed bangalore: hawala transactions worth rs 2.5 crore linked to your aadhaar.,en,DIGITAL_ARREST,True,HIGH,scam,synthetic,2.0.0-gamma,"{""urls"": [], ""phones"": [], ""emails"": [], ""banks"": [], ""amounts"": [""Rs 2.5""]}",Gamma expansion variant for DIGITAL_ARREST.,2026-07-30T10:29:01.193Z,2026-07-30T10:29:01.193Z
DIGITAL_ARREST_0060,"ED Bangalore: Hawala transactions worth Rs 5,000.5 crore linked to your Aadhaar.","ed bangalore: hawala transactions worth rs 5,000.5 crore linked to your aadhaar.",en,DIGITAL_ARREST,True,HIGH,scam,synthetic,2.0.0-gamma,"{""urls"": [], ""phones"": [], ""emails"": [], ""banks"": [], ""amounts"": [""Rs 5,000.5""]}",Gamma expansion variant for DIGITAL_ARREST.,2026-07-30T10:29:01.193Z,2026-07-30T10:29:01.193Z
DIGITAL_ARREST_0061,"ED Bangalore: Hawala transactions worth Rs 12,500.5 crore linked to your Aadhaar.","ed bangalore: hawala transactions worth rs 12,500.5 crore linked to your aadhaar.",en,DIGITAL_ARREST,True,HIGH,scam,synthetic,2.0.0-gamma,"{""urls"": [], ""phones"": [], ""emails"": [], ""banks"": [], ""amounts"": [""Rs 12,500.5""]}",Gamma expansion variant for DIGITAL_ARREST.,2026-07-30T10:29:01.193Z,2026-07-30T10:29:01.193Z
DIGITAL_ARREST_0062,CISF Mumbai Airport: Prohibited items found in baggage under your PNR. Digital arrest.,cisf mumbai airport: prohibited items found in baggage under your pnr. digital arrest.,en,DIGITAL_ARREST,True,HIGH,scam,synthetic,2.0.0-gamma,"{""urls"": [], ""phones"": [], ""emails"": [], ""banks"": [], ""amounts"": []}",Gamma expansion variant for DIGITAL_ARREST.,2026-07-30T10:29:01.193Z,2026-07-30T10:29:01.193Z
DIGITAL_ARREST_0063,CISF Delhi Airport: Prohibited items found in baggage under your PNR. Digital arrest.,cisf delhi airport: prohibited items found in baggage under your pnr. digital arrest.,en,DIGITAL_ARREST,True,HIGH,scam,synthetic,2.0.0-gamma,"{""urls"": [], ""phones"": [], ""emails"": [], ""banks"": [], ""amounts"": []}",Gamma expansion variant for DIGITAL_ARREST.,2026-07-30T10:29:01.193Z,2026-07-30T10:29:01.193Z
DIGITAL_ARREST_0064,CISF Bangalore Airport: Prohibited items found in baggage under your PNR. Digital arrest.,cisf bangalore airport: prohibited items found in baggage under your pnr. digital arrest.,en,DIGITAL_ARREST,True,HIGH,scam,synthetic,2.0.0-gamma,"{""urls"": [], ""phones"": [], ""emails"": [], ""banks"": [], ""amounts"": []}",Gamma expansion variant for DIGITAL_ARREST.,2026-07-30T10:29:01.194Z,2026-07-30T10:29:01.194Z
DIGITAL_ARREST_0065,State Intelligence: Your phone location at crime scene. Digital arrest pending inquiry.,state intelligence: your phone location at crime scene. digital arrest pending inquiry.,en,DIGITAL_ARREST,True,HIGH,scam,synthetic,2.0.0-gamma,"{""urls"": [], ""phones"": [], ""emails"": [], ""banks"": [], ""amounts"": []}",Gamma expansion variant for DIGITAL_ARREST.,2026-07-30T10:29:01.194Z,2026-07-30T10:29:01.194Z
DIGITAL_ARREST_0066,Narcotics Control Bureau: International drug shipment in your name seized. Digital detention.,narcotics control bureau: international drug shipment in your name seized. digital detention.,en,DIGITAL_ARREST,True,HIGH,scam,synthetic,2.0.0-gamma,"{""urls"": [], ""phones"": [], ""emails"": [], ""banks"": [], ""amounts"": []}",Gamma expansion variant for DIGITAL_ARREST.,2026-07-30T10:29:01.194Z,2026-07-30T10:29:01.194Z
ELECTRICITY_BILL_SCAM_0061,"APDCL: Last notice before disconnection. Pay Rs 4,500 at http://apdcl-pay.tk.","apdcl: last notice before disconnection. pay rs 4,500 at http://apdcl-pay.tk.",en,ELECTRICITY_BILL_SCAM,True,HIGH,scam,synthetic,2.0.0-gamma,"{""urls"": [""http://apdcl-pay.tk.""], ""phones"": [], ""emails"": [], ""banks"": [], ""amounts"": [""Rs 4,500""]}",Gamma expansion variant for ELECTRICITY_BILL_SCAM.,2026-07-30T10:29:01.196Z,2026-07-30T10:29:01.196Z
ELECTRICITY_BILL_SCAM_0062,"APDCL: Last notice before disconnection. Pay Rs 4,500 at http://update-aadhaar.tk","apdcl: last notice before disconnection. pay rs 4,500 at http://update-aadhaar.tk",en,ELECTRICITY_BILL_SCAM,True,HIGH,scam,synthetic,2.0.0-gamma,"{""urls"": [""http://update-aadhaar.tk""], ""phones"": [], ""emails"": [], ""banks"": [], ""amounts"": [""Rs 4,500""]}",Gamma expansion variant for ELECTRICITY_BILL_SCAM.,2026-07-30T10:29:01.196Z,2026-07-30T10:29:01.196Z
FAKE_CUSTOMER_CARE_0060,"Walmart: Your order returned. Refund of Rs 5,000 pending. Update bank details.","walmart: your order returned. refund of rs 5,000 pending. update bank details.",en,FAKE_CUSTOMER_CARE,True,HIGH,scam,synthetic,2.0.0-gamma,"{""urls"": [], ""phones"": [], ""emails"": [], ""banks"": [], ""amounts"": [""Rs 5,000""]}",Gamma expansion variant for FAKE_CUSTOMER_CARE.,2026-07-30T10:29:01.197Z,2026-07-30T10:29:01.197Z
FAKE_CUSTOMER_CARE_0061,"Walmart: Your order returned. Refund of Rs 25,000 pending. Update bank details.","walmart: your order returned. refund of rs 25,000 pending. update bank details.",en,FAKE_CUSTOMER_CARE,True,HIGH,scam,synthetic,2.0.0-gamma,"{""urls"": [], ""phones"": [], ""emails"": [], ""banks"": [], ""amounts"": [""Rs 25,000""]}",Gamma expansion variant for FAKE_CUSTOMER_CARE.,2026-07-30T10:29:01.198Z,2026-07-30T10:29:01.198Z
GOVERNMENT_IMPERSONATION_0062,"Government of India: PM Awas Yojana subsidy of Rs 5,000 approved. Pay Rs 12,500 to receive.","government of india: pm awas yojana subsidy of rs 5,000 approved. pay rs 12,500 to receive.",en,GOVERNMENT_IMPERSONATION,True,HIGH,scam,synthetic,2.0.0-gamma,"{""urls"": [], ""phones"": [], ""emails"": [], ""banks"": [], ""amounts"": [""Rs 5,000"", ""Rs 12,500""]}",Gamma expansion variant for GOVERNMENT_IMPERSONATION.,2026-07-30T10:29:01.199Z,2026-07-30T10:29:01.199Z
GOVERNMENT_IMPERSONATION_0064,"Government of India: PM Awas Yojana subsidy of Rs 25,000 approved. Pay Rs 12,500 to receive.","government of india: pm awas yojana subsidy of rs 25,000 approved. pay rs 12,500 to receive.",en,GOVERNMENT_IMPERSONATION,True,HIGH,scam,synthetic,2.0.0-gamma,"{""urls"": [], ""phones"": [], ""emails"": [], ""banks"": [], ""amounts"": [""Rs 25,000"", ""Rs 12,500""]}",Gamma expansion variant for GOVERNMENT_IMPERSONATION.,2026-07-30T10:29:01.199Z,2026-07-30T10:29:01.199Z
GOVERNMENT_IMPERSONATION_0065,"Ministry of Finance: Your PF account settlement of Rs 5,000 pending. Update KYC.","ministry of finance: your pf account settlement of rs 5,000 pending. update kyc.",en,GOVERNMENT_IMPERSONATION,True,HIGH,scam,synthetic,2.0.0-gamma,"{""urls"": [], ""phones"": [], ""emails"": [], ""banks"": [], ""amounts"": [""Rs 5,000""]}",Gamma expansion variant for GOVERNMENT_IMPERSONATION.,2026-07-30T10:29:01.199Z,2026-07-30T10:29:01.199Z
GOVERNMENT_IMPERSONATION_0066,"Ministry of Finance: Your PF account settlement of Rs 12,500 pending. Update KYC.","ministry of finance: your pf account settlement of rs 12,500 pending. update kyc.",en,GOVERNMENT_IMPERSONATION,True,HIGH,scam,synthetic,2.0.0-gamma,"{""urls"": [], ""phones"": [], ""emails"": [], ""banks"": [], ""amounts"": [""Rs 12,500""]}",Gamma expansion variant for GOVERNMENT_IMPERSONATION.,2026-07-30T10:29:01.199Z,2026-07-30T10:29:01.199Z
GOVERNMENT_IMPERSONATION_0067,"Women and Child Development: Rs 5,000 maternity benefit approved. Pay Rs 2,500 processing fee.","women and child development: rs 5,000 maternity benefit approved. pay rs 2,500 processing fee.",en,GOVERNMENT_IMPERSONATION,True,HIGH,scam,synthetic,2.0.0-gamma,"{""urls"": [], ""phones"": [], ""emails"": [], ""banks"": [], ""amounts"": [""Rs 5,000"", ""Rs 2,500""]}",Gamma expansion variant for GOVERNMENT_IMPERSONATION.,2026-07-30T10:29:01.199Z,2026-07-30T10:29:01.199Z
GOVERNMENT_IMPERSONATION_0068,"Women and Child Development: Rs 12,500 maternity benefit approved. Pay Rs 2,500 processing fee.","women and child development: rs 12,500 maternity benefit approved. pay rs 2,500 processing fee.",en,GOVERNMENT_IMPERSONATION,True,HIGH,scam,synthetic,2.0.0-gamma,"{""urls"": [], ""phones"": [], ""emails"": [], ""banks"": [], ""amounts"": [""Rs 12,500"", ""Rs 2,500""]}",Gamma expansion variant for GOVERNMENT_IMPERSONATION.,2026-07-30T10:29:01.200Z,2026-07-30T10:29:01.200Z
GOVERNMENT_IMPERSONATION_0069,"Passport Office: Your passport application requires police verification fee Rs 5,000.","passport office: your passport application requires police verification fee rs 5,000.",en,GOVERNMENT_IMPERSONATION,True,HIGH,scam,synthetic,2.0.0-gamma,"{""urls"": [], ""phones"": [], ""emails"": [], ""banks"": [], ""amounts"": [""Rs 5,000""]}",Gamma expansion variant for GOVERNMENT_IMPERSONATION.,2026-07-30T10:29:01.200Z,2026-07-30T10:29:01.200Z
GOVERNMENT_IMPERSONATION_0070,"Passport Office: Your passport application requires police verification fee Rs 12,500.","passport office: your passport application requires police verification fee rs 12,500.",en,GOVERNMENT_IMPERSONATION,True,HIGH,scam,synthetic,2.0.0-gamma,"{""urls"": [], ""phones"": [], ""emails"": [], ""banks"": [], ""amounts"": [""Rs 12,500""]}",Gamma expansion variant for GOVERNMENT_IMPERSONATION.,2026-07-30T10:29:01.200Z,2026-07-30T10:29:01.200Z
GOVERNMENT_IMPERSONATION_0071,"National Health Mission: Free health insurance of Rs 5,00,000. Click http://nhm-insurance.tk.","national health mission: free health insurance of rs 5,00,000. click http://nhm-insurance.tk.",en,GOVERNMENT_IMPERSONATION,True,HIGH,scam,synthetic,2.0.0-gamma,"{""urls"": [""http://nhm-insurance.tk.""], ""phones"": [], ""emails"": [], ""banks"": [], ""amounts"": [""Rs 5,00,000""]}",Gamma expansion variant for GOVERNMENT_IMPERSONATION.,2026-07-30T10:29:01.200Z,2026-07-30T10:29:01.200Z
GOVERNMENT_IMPERSONATION_0072,"Education Ministry: Your scholarship of Rs 25,000 approved. Pay Rs 1,500 admin fee.","education ministry: your scholarship of rs 25,000 approved. pay rs 1,500 admin fee.",en,GOVERNMENT_IMPERSONATION,True,HIGH,scam,synthetic,2.0.0-gamma,"{""urls"": [], ""phones"": [], ""emails"": [], ""banks"": [], ""amounts"": [""Rs 25,000"", ""Rs 1,500""]}",Gamma expansion variant for GOVERNMENT_IMPERSONATION.,2026-07-30T10:29:01.200Z,2026-07-30T10:29:01.200Z
INCOME_TAX_SCAM_0054,"Tax evasion notice: Rs 5,000 undisclosed income detected. Pay 50% penalty now.","tax evasion notice: rs 5,000 undisclosed income detected. pay 50% penalty now.",en,INCOME_TAX_SCAM,True,HIGH,scam,synthetic,2.0.0-gamma,"{""urls"": [], ""phones"": [], ""emails"": [], ""banks"": [], ""amounts"": [""Rs 5,000"", "" 50""]}",Gamma expansion variant for INCOME_TAX_SCAM.,2026-07-30T10:29:01.202Z,2026-07-30T10:29:01.202Z
INCOME_TAX_SCAM_0055,"Tax evasion notice: Rs 12,500 undisclosed income detected. Pay 50% penalty now.","tax evasion notice: rs 12,500 undisclosed income detected. pay 50% penalty now.",en,INCOME_TAX_SCAM,True,HIGH,scam,synthetic,2.0.0-gamma,"{""urls"": [], ""phones"": [], ""emails"": [], ""banks"": [], ""amounts"": [""Rs 12,500"", "" 50""]}",Gamma expansion variant for INCOME_TAX_SCAM.,2026-07-30T10:29:01.202Z,2026-07-30T10:29:01.202Z
INVESTMENT_SCAM_0045,"Get 10% monthly returns on US stock market investment. Minimum Rs 5,000. Call now.","get 10% monthly returns on us stock market investment. minimum rs 5,000. call now.",en,INVESTMENT_SCAM,True,HIGH,scam,synthetic,2.0.0-gamma,"{""urls"": [], ""phones"": [], ""emails"": [], ""banks"": [], ""amounts"": ["" 10"", ""Rs 5,000""]}",Gamma expansion variant for INVESTMENT_SCAM.,2026-07-30T10:29:01.206Z,2026-07-30T10:29:01.206Z
INVESTMENT_SCAM_0046,"Get 10% monthly returns on US stock market investment. Minimum Rs 12,500. Call now.","get 10% monthly returns on us stock market investment. minimum rs 12,500. call now.",en,INVESTMENT_SCAM,True,HIGH,scam,synthetic,2.0.0-gamma,"{""urls"": [], ""phones"": [], ""emails"": [], ""banks"": [], ""amounts"": ["" 10"", ""Rs 12,500""]}",Gamma expansion variant for INVESTMENT_SCAM.,2026-07-30T10:29:01.206Z,2026-07-30T10:29:01.206Z
INVESTMENT_SCAM_0047,"IPO allotment guaranteed for premium members. Invest Rs 5,000 for 5x returns.","ipo allotment guaranteed for premium members. invest rs 5,000 for 5x returns.",en,INVESTMENT_SCAM,True,HIGH,scam,synthetic,2.0.0-gamma,"{""urls"": [], ""phones"": [], ""emails"": [], ""banks"": [], ""amounts"": [""Rs 5,000"", "" 5""]}",Gamma expansion variant for INVESTMENT_SCAM.,2026-07-30T10:29:01.206Z,2026-07-30T10:29:01.206Z
INVESTMENT_SCAM_0048,"IPO allotment guaranteed for premium members. Invest Rs 12,500 for 5x returns.","ipo allotment guaranteed for premium members. invest rs 12,500 for 5x returns.",en,INVESTMENT_SCAM,True,HIGH,scam,synthetic,2.0.0-gamma,"{""urls"": [], ""phones"": [], ""emails"": [], ""banks"": [], ""amounts"": [""Rs 12,500"", "" 5""]}",Gamma expansion variant for INVESTMENT_SCAM.,2026-07-30T10:29:01.206Z,2026-07-30T10:29:01.206Z
INVESTMENT_SCAM_0049,"Real estate investment: Buy plots in Dubai for Rs 5,000. 50% returns guaranteed.","real estate investment: buy plots in dubai for rs 5,000. 50% returns guaranteed.",en,INVESTMENT_SCAM,True,HIGH,scam,synthetic,2.0.0-gamma,"{""urls"": [], ""phones"": [], ""emails"": [], ""banks"": [], ""amounts"": [""Rs 5,000"", "" 50""]}",Gamma expansion variant for INVESTMENT_SCAM.,2026-07-30T10:29:01.206Z,2026-07-30T10:29:01.206Z
INVESTMENT_SCAM_0050,"Real estate investment: Buy plots in Dubai for Rs 12,500. 50% returns guaranteed.","real estate investment: buy plots in dubai for rs 12,500. 50% returns guaranteed.",en,INVESTMENT_SCAM,True,HIGH,scam,synthetic,2.0.0-gamma,"{""urls"": [], ""phones"": [], ""emails"": [], ""banks"": [], ""amounts"": [""Rs 12,500"", "" 50""]}",Gamma expansion variant for INVESTMENT_SCAM.,2026-07-30T10:29:01.206Z,2026-07-30T10:29:01.206Z
INVESTMENT_SCAM_0051,"Mutual fund SIP with 25% annual returns. Start with Rs 5,000. Limited period offer.","mutual fund sip with 25% annual returns. start with rs 5,000. limited period offer.",en,INVESTMENT_SCAM,True,HIGH,scam,synthetic,2.0.0-gamma,"{""urls"": [], ""phones"": [], ""emails"": [], ""banks"": [], ""amounts"": ["" 25"", ""Rs 5,000""]}",Gamma expansion variant for INVESTMENT_SCAM.,2026-07-30T10:29:01.207Z,2026-07-30T10:29:01.207Z
INVESTMENT_SCAM_0052,"Mutual fund SIP with 25% annual returns. Start with Rs 12,500. Limited period offer.","mutual fund sip with 25% annual returns. start with rs 12,500. limited period offer.",en,INVESTMENT_SCAM,True,HIGH,scam,synthetic,2.0.0-gamma,"{""urls"": [], ""phones"": [], ""emails"": [], ""banks"": [], ""amounts"": ["" 25"", ""Rs 12,500""]}",Gamma expansion variant for INVESTMENT_SCAM.,2026-07-30T10:29:01.207Z,2026-07-30T10:29:01.207Z
INVESTMENT_SCAM_0053,"Forex trading masterclass: Earn Rs 5,000 per month. Pay Rs 12,500 course fee.","forex trading masterclass: earn rs 5,000 per month. pay rs 12,500 course fee.",en,INVESTMENT_SCAM,True,HIGH,scam,synthetic,2.0.0-gamma,"{""urls"": [], ""phones"": [], ""emails"": [], ""banks"": [], ""amounts"": [""Rs 5,000"", ""Rs 12,500""]}",Gamma expansion variant for INVESTMENT_SCAM.,2026-07-30T10:29:01.207Z,2026-07-30T10:29:01.207Z
INVESTMENT_SCAM_0054,"Forex trading masterclass: Earn Rs 25,000 per month. Pay Rs 12,500 course fee.","forex trading masterclass: earn rs 25,000 per month. pay rs 12,500 course fee.",en,INVESTMENT_SCAM,True,HIGH,scam,synthetic,2.0.0-gamma,"{""urls"": [], ""phones"": [], ""emails"": [], ""banks"": [], ""amounts"": [""Rs 25,000"", ""Rs 12,500""]}",Gamma expansion variant for INVESTMENT_SCAM.,2026-07-30T10:29:01.207Z,2026-07-30T10:29:01.207Z
INVESTMENT_SCAM_0055,"Gold savings scheme: Pay Rs 12,500 monthly for 11 months, get 12th month free.","gold savings scheme: pay rs 12,500 monthly for 11 months, get 12th month free.",en,INVESTMENT_SCAM,True,HIGH,scam,synthetic,2.0.0-gamma,"{""urls"": [], ""phones"": [], ""emails"": [], ""banks"": [], ""amounts"": [""Rs 12,500"", "" 11"", "","", "" 12""]}",Gamma expansion variant for INVESTMENT_SCAM.,2026-07-30T10:29:01.207Z,2026-07-30T10:29:01.207Z
INVESTMENT_SCAM_0056,"Gold savings scheme: Pay Rs 25,000 monthly for 11 months, get 12th month free.","gold savings scheme: pay rs 25,000 monthly for 11 months, get 12th month free.",en,INVESTMENT_SCAM,True,HIGH,scam,synthetic,2.0.0-gamma,"{""urls"": [], ""phones"": [], ""emails"": [], ""banks"": [], ""amounts"": [""Rs 25,000"", "" 11"", "","", "" 12""]}",Gamma expansion variant for INVESTMENT_SCAM.,2026-07-30T10:29:01.207Z,2026-07-30T10:29:01.207Z
INVESTMENT_SCAM_0057,"Your old investment matured: Rs 12,500 ready for withdrawal. Pay Rs 5,000 admin fee.","your old investment matured: rs 12,500 ready for withdrawal. pay rs 5,000 admin fee.",en,INVESTMENT_SCAM,True,HIGH,scam,synthetic,2.0.0-gamma,"{""urls"": [], ""phones"": [], ""emails"": [], ""banks"": [], ""amounts"": [""Rs 12,500"", ""Rs 5,000""]}",Gamma expansion variant for INVESTMENT_SCAM.,2026-07-30T10:29:01.207Z,2026-07-30T10:29:01.207Z
INVESTMENT_SCAM_0058,"Your old investment matured: Rs 25,000 ready for withdrawal. Pay Rs 5,000 admin fee.","your old investment matured: rs 25,000 ready for withdrawal. pay rs 5,000 admin fee.",en,INVESTMENT_SCAM,True,HIGH,scam,synthetic,2.0.0-gamma,"{""urls"": [], ""phones"": [], ""emails"": [], ""banks"": [], ""amounts"": [""Rs 25,000"", ""Rs 5,000""]}",Gamma expansion variant for INVESTMENT_SCAM.,2026-07-30T10:29:01.207Z,2026-07-30T10:29:01.207Z
INVESTMENT_SCAM_0059,Ponzi scheme alert: 1000% returns in 7 days. Limited slots. Invest now at http://get-rich.xyz.,ponzi scheme alert: 1000% returns in 7 days. limited slots. invest now at http://get-rich.xyz.,en,INVESTMENT_SCAM,True,HIGH,scam,synthetic,2.0.0-gamma,"{""urls"": [""http://get-rich.xyz.""], ""phones"": [], ""emails"": [], ""banks"": [], ""amounts"": ["" 1000"", "" 7""]}",Gamma expansion variant for INVESTMENT_SCAM.,2026-07-30T10:29:01.207Z,2026-07-30T10:29:01.207Z
INVESTMENT_SCAM_0060,Ponzi scheme alert: 1000% returns in 7 days. Limited slots. Invest now at http://verify-uidai.xyz,ponzi scheme alert: 1000% returns in 7 days. limited slots. invest now at http://verify-uidai.xyz,en,INVESTMENT_SCAM,True,HIGH,scam,synthetic,2.0.0-gamma,"{""urls"": [""http://verify-uidai.xyz""], ""phones"": [], ""emails"": [], ""banks"": [], ""amounts"": ["" 1000"", "" 7""]}",Gamma expansion variant for INVESTMENT_SCAM.,2026-07-30T10:29:01.207Z,2026-07-30T10:29:01.207Z
INVESTMENT_SCAM_0061,Ponzi scheme alert: 1000% returns in 7 days. Limited slots. Invest now at http://update-aadhaar.tk,ponzi scheme alert: 1000% returns in 7 days. limited slots. invest now at http://update-aadhaar.tk,en,INVESTMENT_SCAM,True,HIGH,scam,synthetic,2.0.0-gamma,"{""urls"": [""http://update-aadhaar.tk""], ""phones"": [], ""emails"": [], ""banks"": [], ""amounts"": ["" 1000"", "" 7""]}",Gamma expansion variant for INVESTMENT_SCAM.,2026-07-30T10:29:01.207Z,2026-07-30T10:29:01.207Z
INVESTMENT_SCAM_0062,"Franchise opportunity: Own a Rs 5 crore business for just Rs 50,000 investment today.","franchise opportunity: own a rs 5 crore business for just rs 50,000 investment today.",en,INVESTMENT_SCAM,True,HIGH,scam,synthetic,2.0.0-gamma,"{""urls"": [], ""phones"": [], ""emails"": [], ""banks"": [], ""amounts"": [""Rs 5"", ""Rs 50,000""]}",Gamma expansion variant for INVESTMENT_SCAM.,2026-07-30T10:29:01.207Z,2026-07-30T10:29:01.207Z
INVESTMENT_SCAM_0063,"Franchise opportunity: Own a Rs 5,000 crore business for just Rs 5,0000,000 investment today.","franchise opportunity: own a rs 5,000 crore business for just rs 5,0000,000 investment today.",en,INVESTMENT_SCAM,True,HIGH,scam,synthetic,2.0.0-gamma,"{""urls"": [], ""phones"": [], ""emails"": [], ""banks"": [], ""amounts"": [""Rs 5,000"", ""Rs 5,0000,000""]}",Gamma expansion variant for INVESTMENT_SCAM.,2026-07-30T10:29:01.208Z,2026-07-30T10:29:01.208Z
INVESTMENT_SCAM_0064,"Franchise opportunity: Own a Rs 12,500 crore business for just Rs 12,5000,000 investment today.","franchise opportunity: own a rs 12,500 crore business for just rs 12,5000,000 investment today.",en,INVESTMENT_SCAM,True,HIGH,scam,synthetic,2.0.0-gamma,"{""urls"": [], ""phones"": [], ""emails"": [], ""banks"": [], ""amounts"": [""Rs 12,500"", ""Rs 12,5000,000""]}",Gamma expansion variant for INVESTMENT_SCAM.,2026-07-30T10:29:01.208Z,2026-07-30T10:29:01.208Z
INVESTMENT_SCAM_0065,"Tea trading from Assam: 35% profit guaranteed. Invest Rs 25,000, earn Rs 8,750 monthly.","tea trading from assam: 35% profit guaranteed. invest rs 25,000, earn rs 8,750 monthly.",en,INVESTMENT_SCAM,True,HIGH,scam,synthetic,2.0.0-gamma,"{""urls"": [], ""phones"": [], ""emails"": [], ""banks"": [], ""amounts"": ["" 35"", ""Rs 25,000,"", ""Rs 8,750""]}",Gamma expansion variant for INVESTMENT_SCAM.,2026-07-30T10:29:01.208Z,2026-07-30T10:29:01.208Z
INVESTMENT_SCAM_0066,"Tea trading from Assam: 35% profit guaranteed. Invest Rs 5,000 earn Rs 8,750 monthly.","tea trading from assam: 35% profit guaranteed. invest rs 5,000 earn rs 8,750 monthly.",en,INVESTMENT_SCAM,True,HIGH,scam,synthetic,2.0.0-gamma,"{""urls"": [], ""phones"": [], ""emails"": [], ""banks"": [], ""amounts"": ["" 35"", ""Rs 5,000"", ""Rs 8,750""]}",Gamma expansion variant for INVESTMENT_SCAM.,2026-07-30T10:29:01.208Z,2026-07-30T10:29:01.208Z
INVESTMENT_SCAM_0067,"Tea trading from Assam: 35% profit guaranteed. Invest Rs 12,500 earn Rs 8,750 monthly.","tea trading from assam: 35% profit guaranteed. invest rs 12,500 earn rs 8,750 monthly.",en,INVESTMENT_SCAM,True,HIGH,scam,synthetic,2.0.0-gamma,"{""urls"": [], ""phones"": [], ""emails"": [], ""banks"": [], ""amounts"": ["" 35"", ""Rs 12,500"", ""Rs 8,750""]}",Gamma expansion variant for INVESTMENT_SCAM.,2026-07-30T10:29:01.208Z,2026-07-30T10:29:01.208Z
INVESTMENT_SCAM_0068,Government bond scam: Special discount for senior citizens. 15% tax-free returns.,government bond scam: special discount for senior citizens. 15% tax-free returns.,en,INVESTMENT_SCAM,True,HIGH,scam,synthetic,2.0.0-gamma,"{""urls"": [], ""phones"": [], ""emails"": [], ""banks"": [], ""amounts"": ["" 15""]}",Gamma expansion variant for INVESTMENT_SCAM.,2026-07-30T10:29:01.208Z,2026-07-30T10:29:01.208Z
INVESTMENT_SCAM_0069,"Diamond investment: Buy diamonds at wholesale, guaranteed buyback at 150% in 1 year.","diamond investment: buy diamonds at wholesale, guaranteed buyback at 150% in 1 year.",en,INVESTMENT_SCAM,True,HIGH,scam,synthetic,2.0.0-gamma,"{""urls"": [], ""phones"": [], ""emails"": [], ""banks"": [], ""amounts"": ["","", "" 150"", "" 1""]}",Gamma expansion variant for INVESTMENT_SCAM.,2026-07-30T10:29:01.208Z,2026-07-30T10:29:01.208Z
INVESTMENT_SCAM_0070,"Penny stock tips: 10 baggers in 6 months. Rs 12,500 lifetime membership fee.","penny stock tips: 10 baggers in 6 months. rs 12,500 lifetime membership fee.",en,INVESTMENT_SCAM,True,HIGH,scam,synthetic,2.0.0-gamma,"{""urls"": [], ""phones"": [], ""emails"": [], ""banks"": [], ""amounts"": ["" 10"", "" 6"", ""Rs 12,500""]}",Gamma expansion variant for INVESTMENT_SCAM.,2026-07-30T10:29:01.208Z,2026-07-30T10:29:01.208Z
INVESTMENT_SCAM_0071,"Penny stock tips: 10 baggers in 6 months. Rs 5,000 lifetime membership fee.","penny stock tips: 10 baggers in 6 months. rs 5,000 lifetime membership fee.",en,INVESTMENT_SCAM,True,HIGH,scam,synthetic,2.0.0-gamma,"{""urls"": [], ""phones"": [], ""emails"": [], ""banks"": [], ""amounts"": ["" 10"", "" 6"", ""Rs 5,000""]}",Gamma expansion variant for INVESTMENT_SCAM.,2026-07-30T10:29:01.208Z,2026-07-30T10:29:01.208Z
JOB_SCAM_0061,"Work from home: Data entry operator. Earn Rs 5,000/month. Pay Rs 2,500 registration fee.","work from home: data entry operator. earn rs 5,000/month. pay rs 2,500 registration fee.",en,JOB_SCAM,True,HIGH,scam,synthetic,2.0.0-gamma,"{""urls"": [], ""phones"": [], ""emails"": [], ""banks"": [], ""amounts"": [""Rs 5,000"", ""Rs 2,500""]}",Gamma expansion variant for JOB_SCAM.,2026-07-30T10:29:01.210Z,2026-07-30T10:29:01.210Z
JOB_SCAM_0062,"Work from home: Data entry operator. Earn Rs 12,500/month. Pay Rs 2,500 registration fee.","work from home: data entry operator. earn rs 12,500/month. pay rs 2,500 registration fee.",en,JOB_SCAM,True,HIGH,scam,synthetic,2.0.0-gamma,"{""urls"": [], ""phones"": [], ""emails"": [], ""banks"": [], ""amounts"": [""Rs 12,500"", ""Rs 2,500""]}",Gamma expansion variant for JOB_SCAM.,2026-07-30T10:29:01.211Z,2026-07-30T10:29:01.211Z
JOB_SCAM_0063,"Amazon work from home: Rs 12,500 salary. Submit Rs 5,000 for background verification.","amazon work from home: rs 12,500 salary. submit rs 5,000 for background verification.",en,JOB_SCAM,True,HIGH,scam,synthetic,2.0.0-gamma,"{""urls"": [], ""phones"": [], ""emails"": [], ""banks"": [], ""amounts"": [""Rs 12,500"", ""Rs 5,000""]}",Gamma expansion variant for JOB_SCAM.,2026-07-30T10:29:01.211Z,2026-07-30T10:29:01.211Z
JOB_SCAM_0064,"Amazon work from home: Rs 25,000 salary. Submit Rs 5,000 for background verification.","amazon work from home: rs 25,000 salary. submit rs 5,000 for background verification.",en,JOB_SCAM,True,HIGH,scam,synthetic,2.0.0-gamma,"{""urls"": [], ""phones"": [], ""emails"": [], ""banks"": [], ""amounts"": [""Rs 25,000"", ""Rs 5,000""]}",Gamma expansion variant for JOB_SCAM.,2026-07-30T10:29:01.211Z,2026-07-30T10:29:01.211Z
JOB_SCAM_0065,"Airhostess job: International flights. Rs 5,000 training fee required. Apply now.","airhostess job: international flights. rs 5,000 training fee required. apply now.",en,JOB_SCAM,True,HIGH,scam,synthetic,2.0.0-gamma,"{""urls"": [], ""phones"": [], ""emails"": [], ""banks"": [], ""amounts"": [""Rs 5,000""]}",Gamma expansion variant for JOB_SCAM.,2026-07-30T10:29:01.211Z,2026-07-30T10:29:01.211Z
JOB_SCAM_0066,"Airhostess job: International flights. Rs 25,000 training fee required. Apply now.","airhostess job: international flights. rs 25,000 training fee required. apply now.",en,JOB_SCAM,True,HIGH,scam,synthetic,2.0.0-gamma,"{""urls"": [], ""phones"": [], ""emails"": [], ""banks"": [], ""amounts"": [""Rs 25,000""]}",Gamma expansion variant for JOB_SCAM.,2026-07-30T10:29:01.211Z,2026-07-30T10:29:01.211Z
JOB_SCAM_0067,"Government job: SSC, Bank PO, Railway. Guaranteed selection. Pay Rs 5,000 coaching fee.","government job: ssc, bank po, railway. guaranteed selection. pay rs 5,000 coaching fee.",en,JOB_SCAM,True,HIGH,scam,synthetic,2.0.0-gamma,"{""urls"": [], ""phones"": [], ""emails"": [], ""banks"": [], ""amounts"": ["","", "","", ""Rs 5,000""]}",Gamma expansion variant for JOB_SCAM.,2026-07-30T10:29:01.211Z,2026-07-30T10:29:01.211Z
JOB_SCAM_0068,"Government job: SSC, Bank PO, Railway. Guaranteed selection. Pay Rs 12,500 coaching fee.","government job: ssc, bank po, railway. guaranteed selection. pay rs 12,500 coaching fee.",en,JOB_SCAM,True,HIGH,scam,synthetic,2.0.0-gamma,"{""urls"": [], ""phones"": [], ""emails"": [], ""banks"": [], ""amounts"": ["","", "","", ""Rs 12,500""]}",Gamma expansion variant for JOB_SCAM.,2026-07-30T10:29:01.211Z,2026-07-30T10:29:01.211Z
JOB_SCAM_0069,"Call centre job: International voice process. Rs 5,000 salary. Training fee Rs 3,500.","call centre job: international voice process. rs 5,000 salary. training fee rs 3,500.",en,JOB_SCAM,True,HIGH,scam,synthetic,2.0.0-gamma,"{""urls"": [], ""phones"": [], ""emails"": [], ""banks"": [], ""amounts"": [""Rs 5,000"", ""Rs 3,500""]}",Gamma expansion variant for JOB_SCAM.,2026-07-30T10:29:01.211Z,2026-07-30T10:29:01.211Z
JOB_SCAM_0070,"Call centre job: International voice process. Rs 12,500 salary. Training fee Rs 3,500.","call centre job: international voice process. rs 12,500 salary. training fee rs 3,500.",en,JOB_SCAM,True,HIGH,scam,synthetic,2.0.0-gamma,"{""urls"": [], ""phones"": [], ""emails"": [], ""banks"": [], ""amounts"": [""Rs 12,500"", ""Rs 3,500""]}",Gamma expansion variant for JOB_SCAM.,2026-07-30T10:29:01.211Z,2026-07-30T10:29:01.211Z
KYC_SCAM_0061,Your demat account KYC pending. Shares will be frozen. Update at http://kyc-verify.in,your demat account kyc pending. shares will be frozen. update at http://kyc-verify.in,en,KYC_SCAM,True,HIGH,scam,synthetic,2.0.0-gamma,"{""urls"": [""http://kyc-verify.in""], ""phones"": [], ""emails"": [], ""banks"": [], ""amounts"": []}",Gamma expansion variant for KYC_SCAM.,2026-07-30T10:29:01.213Z,2026-07-30T10:29:01.213Z
KYC_SCAM_0062,RBI mandate: All bank accounts need Aadhaar-based KYC by March 31. Do now at http://kyc-aadhaar.xyz,rbi mandate: all bank accounts need aadhaar-based kyc by march 31. do now at http://kyc-aadhaar.xyz,en,KYC_SCAM,True,HIGH,scam,synthetic,2.0.0-gamma,"{""urls"": [""http://kyc-aadhaar.xyz""], ""phones"": [], ""emails"": [], ""banks"": [], ""amounts"": ["" 31""]}",Gamma expansion variant for KYC_SCAM.,2026-07-30T10:29:01.213Z,2026-07-30T10:29:01.213Z
KYC_SCAM_0063,RBI mandate: All bank accounts need Aadhaar-based KYC by March 31. Do now at http://verify-uidai.xyz,rbi mandate: all bank accounts need aadhaar-based kyc by march 31. do now at http://verify-uidai.xyz,en,KYC_SCAM,True,HIGH,scam,synthetic,2.0.0-gamma,"{""urls"": [""http://verify-uidai.xyz""], ""phones"": [], ""emails"": [], ""banks"": [], ""amounts"": ["" 31""]}",Gamma expansion variant for KYC_SCAM.,2026-07-30T10:29:01.213Z,2026-07-30T10:29:01.213Z
KYC_SCAM_0064,RBI mandate: All bank accounts need Aadhaar-based KYC by March 31. Do now at http://update-aadhaar.tk,rbi mandate: all bank accounts need aadhaar-based kyc by march 31. do now at http://update-aadhaar.tk,en,KYC_SCAM,True,HIGH,scam,synthetic,2.0.0-gamma,"{""urls"": [""http://update-aadhaar.tk""], ""phones"": [], ""emails"": [], ""banks"": [], ""amounts"": ["" 31""]}",Gamma expansion variant for KYC_SCAM.,2026-07-30T10:29:01.213Z,2026-07-30T10:29:01.213Z
KYC_SCAM_0065,TRAI: Your mobile SIM KYC expired. Re-verify at http://sim-kyc.tk or line will be disconnected.,trai: your mobile sim kyc expired. re-verify at http://sim-kyc.tk or line will be disconnected.,en,KYC_SCAM,True,HIGH,scam,synthetic,2.0.0-gamma,"{""urls"": [""http://sim-kyc.tk""], ""phones"": [], ""emails"": [], ""banks"": [], ""amounts"": []}",Gamma expansion variant for KYC_SCAM.,2026-07-30T10:29:01.213Z,2026-07-30T10:29:01.213Z
KYC_SCAM_0066,TRAI: Your mobile SIM KYC expired. Re-verify at http://verify-uidai.xyz or line will be disconnected.,trai: your mobile sim kyc expired. re-verify at http://verify-uidai.xyz or line will be disconnected.,en,KYC_SCAM,True,HIGH,scam,synthetic,2.0.0-gamma,"{""urls"": [""http://verify-uidai.xyz""], ""phones"": [], ""emails"": [], ""banks"": [], ""amounts"": []}",Gamma expansion variant for KYC_SCAM.,2026-07-30T10:29:01.214Z,2026-07-30T10:29:01.214Z
KYC_SCAM_0067,TRAI: Your mobile SIM KYC expired. Re-verify at http://update-aadhaar.tk or line will be disconnected.,trai: your mobile sim kyc expired. re-verify at http://update-aadhaar.tk or line will be disconnected.,en,KYC_SCAM,True,HIGH,scam,synthetic,2.0.0-gamma,"{""urls"": [""http://update-aadhaar.tk""], ""phones"": [], ""emails"": [], ""banks"": [], ""amounts"": []}",Gamma expansion variant for KYC_SCAM.,2026-07-30T10:29:01.214Z,2026-07-30T10:29:01.214Z
KYC_SCAM_0068,Paytm KYC incomplete. Your wallet will be blocked. Complete at http://paytm-kyc.xyz.,paytm kyc incomplete. your wallet will be blocked. complete at http://paytm-kyc.xyz.,en,KYC_SCAM,True,HIGH,scam,synthetic,2.0.0-gamma,"{""urls"": [""http://paytm-kyc.xyz.""], ""phones"": [], ""emails"": [], ""banks"": [], ""amounts"": []}",Gamma expansion variant for KYC_SCAM.,2026-07-30T10:29:01.214Z,2026-07-30T10:29:01.214Z
KYC_SCAM_0069,Paytm KYC incomplete. Your wallet will be blocked. Complete at http://verify-uidai.xyz,paytm kyc incomplete. your wallet will be blocked. complete at http://verify-uidai.xyz,en,KYC_SCAM,True,HIGH,scam,synthetic,2.0.0-gamma,"{""urls"": [""http://verify-uidai.xyz""], ""phones"": [], ""emails"": [], ""banks"": [], ""amounts"": []}",Gamma expansion variant for KYC_SCAM.,2026-07-30T10:29:01.214Z,2026-07-30T10:29:01.214Z
KYC_SCAM_0070,Paytm KYC incomplete. Your wallet will be blocked. Complete at http://update-aadhaar.tk,paytm kyc incomplete. your wallet will be blocked. complete at http://update-aadhaar.tk,en,KYC_SCAM,True,HIGH,scam,synthetic,2.0.0-gamma,"{""urls"": [""http://update-aadhaar.tk""], ""phones"": [], ""emails"": [], ""banks"": [], ""amounts"": []}",Gamma expansion variant for KYC_SCAM.,2026-07-30T10:29:01.214Z,2026-07-30T10:29:01.214Z
LEGITIMATE_BANKING_0036,"Dear customer, your SBI account XXX1234 is credited with Rs 5,000 on 15-07-2026.","dear customer, your sbi account xxx1234 is credited with rs 5,000 on 15-07-2026.",en,LEGITIMATE_BANKING,False,NONE,legitimate,synthetic,2.0.0-gamma,"{""urls"": [], ""phones"": [], ""emails"": [], ""banks"": [""SBI""], ""amounts"": ["","", ""1234"", ""Rs 5,000"", "" 15"", ""07"", ""2026""]}",Gamma expansion variant for LEGITIMATE_BANKING.,2026-07-30T10:29:01.216Z,2026-07-30T10:29:01.216Z
LEGITIMATE_BANKING_0037,"Dear customer, your SBI account XXX1234 is credited with Rs 12,500 on 15-07-2026.","dear customer, your sbi account xxx1234 is credited with rs 12,500 on 15-07-2026.",en,LEGITIMATE_BANKING,False,NONE,legitimate,synthetic,2.0.0-gamma,"{""urls"": [], ""phones"": [], ""emails"": [], ""banks"": [""SBI""], ""amounts"": ["","", ""1234"", ""Rs 12,500"", "" 15"", ""07"", ""2026""]}",Gamma expansion variant for LEGITIMATE_BANKING.,2026-07-30T10:29:01.217Z,2026-07-30T10:29:01.217Z
LEGITIMATE_BANKING_0038,"HDFC Bank: Your card XXX5678 used at Amazon for Rs 5,000 on 14-07-2026.","hdfc bank: your card xxx5678 used at amazon for rs 5,000 on 14-07-2026.",en,LEGITIMATE_BANKING,False,NONE,legitimate,synthetic,2.0.0-gamma,"{""urls"": [], ""phones"": [], ""emails"": [], ""banks"": [""HDFC""], ""amounts"": [""5678"", ""Rs 5,000"", "" 14"", ""07"", ""2026""]}",Gamma expansion variant for LEGITIMATE_BANKING.,2026-07-30T10:29:01.217Z,2026-07-30T10:29:01.217Z
LEGITIMATE_BANKING_0039,"HDFC Bank: Your card XXX5678 used at Amazon for Rs 12,500 on 14-07-2026.","hdfc bank: your card xxx5678 used at amazon for rs 12,500 on 14-07-2026.",en,LEGITIMATE_BANKING,False,NONE,legitimate,synthetic,2.0.0-gamma,"{""urls"": [], ""phones"": [], ""emails"": [], ""banks"": [""HDFC""], ""amounts"": [""5678"", ""Rs 12,500"", "" 14"", ""07"", ""2026""]}",Gamma expansion variant for LEGITIMATE_BANKING.,2026-07-30T10:29:01.217Z,2026-07-30T10:29:01.217Z
LEGITIMATE_BANKING_0040,"ICICI Bank: Monthly salary of Rs 5,000 credited to your account. Thank you.","icici bank: monthly salary of rs 5,000 credited to your account. thank you.",en,LEGITIMATE_BANKING,False,NONE,legitimate,synthetic,2.0.0-gamma,"{""urls"": [], ""phones"": [], ""emails"": [], ""banks"": [""ICICI""], ""amounts"": [""Rs 5,000""]}",Gamma expansion variant for LEGITIMATE_BANKING.,2026-07-30T10:29:01.217Z,2026-07-30T10:29:01.217Z
LEGITIMATE_BANKING_0041,"ICICI Bank: Monthly salary of Rs 12,500 credited to your account. Thank you.","icici bank: monthly salary of rs 12,500 credited to your account. thank you.",en,LEGITIMATE_BANKING,False,NONE,legitimate,synthetic,2.0.0-gamma,"{""urls"": [], ""phones"": [], ""emails"": [], ""banks"": [""ICICI""], ""amounts"": [""Rs 12,500""]}",Gamma expansion variant for LEGITIMATE_BANKING.,2026-07-30T10:29:01.217Z,2026-07-30T10:29:01.217Z
LEGITIMATE_BANKING_0042,"Axis Bank alert: Bill payment of Rs 5,000 to Tata Power successful.","axis bank alert: bill payment of rs 5,000 to tata power successful.",en,LEGITIMATE_BANKING,False,NONE,legitimate,synthetic,2.0.0-gamma,"{""urls"": [], ""phones"": [], ""emails"": [], ""banks"": [""AXIS""], ""amounts"": [""Rs 5,000""]}",Gamma expansion variant for LEGITIMATE_BANKING.,2026-07-30T10:29:01.217Z,2026-07-30T10:29:01.217Z
LEGITIMATE_BANKING_0043,"Axis Bank alert: Bill payment of Rs 12,500 to Tata Power successful.","axis bank alert: bill payment of rs 12,500 to tata power successful.",en,LEGITIMATE_BANKING,False,NONE,legitimate,synthetic,2.0.0-gamma,"{""urls"": [], ""phones"": [], ""emails"": [], ""banks"": [""AXIS""], ""amounts"": [""Rs 12,500""]}",Gamma expansion variant for LEGITIMATE_BANKING.,2026-07-30T10:29:01.217Z,2026-07-30T10:29:01.217Z
LEGITIMATE_BANKING_0044,Your SBI account statement for June 2026 is ready. Download from net banking.,your sbi account statement for june 2026 is ready. download from net banking.,en,LEGITIMATE_BANKING,False,NONE,legitimate,synthetic,2.0.0-gamma,"{""urls"": [], ""phones"": [], ""emails"": [], ""banks"": [""SBI""], ""amounts"": ["" 2026""]}",Gamma expansion variant for LEGITIMATE_BANKING.,2026-07-30T10:29:01.218Z,2026-07-30T10:29:01.218Z
LEGITIMATE_BANKING_0045,Your HDFC account statement for June 2026 is ready. Download from net banking.,your hdfc account statement for june 2026 is ready. download from net banking.,en,LEGITIMATE_BANKING,False,NONE,legitimate,synthetic,2.0.0-gamma,"{""urls"": [], ""phones"": [], ""emails"": [], ""banks"": [""HDFC""], ""amounts"": ["" 2026""]}",Gamma expansion variant for LEGITIMATE_BANKING.,2026-07-30T10:29:01.218Z,2026-07-30T10:29:01.218Z
LEGITIMATE_BANKING_0046,"Your fixed deposit of Rs 5,000 matured. Renewed for 1 year at 7.2% p.a.","your fixed deposit of rs 5,000 matured. renewed for 1 year at 7.2% p.a.",en,LEGITIMATE_BANKING,False,NONE,legitimate,synthetic,2.0.0-gamma,"{""urls"": [], ""phones"": [], ""emails"": [], ""banks"": [], ""amounts"": [""Rs 5,000"", "" 1"", "" 7.2""]}",Gamma expansion variant for LEGITIMATE_BANKING.,2026-07-30T10:29:01.218Z,2026-07-30T10:29:01.218Z
LEGITIMATE_BANKING_0047,"Your fixed deposit of Rs 12,500 matured. Renewed for 1 year at 7.2% p.a.","your fixed deposit of rs 12,500 matured. renewed for 1 year at 7.2% p.a.",en,LEGITIMATE_BANKING,False,NONE,legitimate,synthetic,2.0.0-gamma,"{""urls"": [], ""phones"": [], ""emails"": [], ""banks"": [], ""amounts"": [""Rs 12,500"", "" 1"", "" 7.2""]}",Gamma expansion variant for LEGITIMATE_BANKING.,2026-07-30T10:29:01.218Z,2026-07-30T10:29:01.218Z
LEGITIMATE_BANKING_0048,"Kotak: Your cheque no. 123456 of Rs 5,000 cleared on 13-07-2026.","kotak: your cheque no. 123456 of rs 5,000 cleared on 13-07-2026.",en,LEGITIMATE_BANKING,False,NONE,legitimate,synthetic,2.0.0-gamma,"{""urls"": [], ""phones"": [], ""emails"": [], ""banks"": [""KOTAK""], ""amounts"": ["" 123456"", ""Rs 5,000"", "" 13"", ""07"", ""2026""]}",Gamma expansion variant for LEGITIMATE_BANKING.,2026-07-30T10:29:01.218Z,2026-07-30T10:29:01.218Z
LEGITIMATE_BANKING_0049,"Kotak: Your cheque no. 123456 of Rs 12,500 cleared on 13-07-2026.","kotak: your cheque no. 123456 of rs 12,500 cleared on 13-07-2026.",en,LEGITIMATE_BANKING,False,NONE,legitimate,synthetic,2.0.0-gamma,"{""urls"": [], ""phones"": [], ""emails"": [], ""banks"": [""KOTAK""], ""amounts"": ["" 123456"", ""Rs 12,500"", "" 13"", ""07"", ""2026""]}",Gamma expansion variant for LEGITIMATE_BANKING.,2026-07-30T10:29:01.218Z,2026-07-30T10:29:01.218Z
LEGITIMATE_BANKING_0050,"Auto-debit of Rs 5,000 for LIC premium successful from your account.","auto-debit of rs 5,000 for lic premium successful from your account.",en,LEGITIMATE_BANKING,False,NONE,legitimate,synthetic,2.0.0-gamma,"{""urls"": [], ""phones"": [], ""emails"": [], ""banks"": [], ""amounts"": [""Rs 5,000""]}",Gamma expansion variant for LEGITIMATE_BANKING.,2026-07-30T10:29:01.218Z,2026-07-30T10:29:01.218Z
LEGITIMATE_BANKING_0051,"Auto-debit of Rs 25,000 for LIC premium successful from your account.","auto-debit of rs 25,000 for lic premium successful from your account.",en,LEGITIMATE_BANKING,False,NONE,legitimate,synthetic,2.0.0-gamma,"{""urls"": [], ""phones"": [], ""emails"": [], ""banks"": [], ""amounts"": [""Rs 25,000""]}",Gamma expansion variant for LEGITIMATE_BANKING.,2026-07-30T10:29:01.218Z,2026-07-30T10:29:01.218Z
LEGITIMATE_BANKING_0052,"Your EMI of Rs 5,000 for home loan account XX7890 deducted successfully.","your emi of rs 5,000 for home loan account xx7890 deducted successfully.",en,LEGITIMATE_BANKING,False,NONE,legitimate,synthetic,2.0.0-gamma,"{""urls"": [], ""phones"": [], ""emails"": [], ""banks"": [], ""amounts"": [""Rs 5,000"", ""7890""]}",Gamma expansion variant for LEGITIMATE_BANKING.,2026-07-30T10:29:01.218Z,2026-07-30T10:29:01.218Z
LEGITIMATE_BANKING_0053,"Your EMI of Rs 12,500 for home loan account XX7890 deducted successfully.","your emi of rs 12,500 for home loan account xx7890 deducted successfully.",en,LEGITIMATE_BANKING,False,NONE,legitimate,synthetic,2.0.0-gamma,"{""urls"": [], ""phones"": [], ""emails"": [], ""banks"": [], ""amounts"": [""Rs 12,500"", ""7890""]}",Gamma expansion variant for LEGITIMATE_BANKING.,2026-07-30T10:29:01.218Z,2026-07-30T10:29:01.218Z
LEGITIMATE_COURIER_0039,Mumbaivery: Your parcel from Flipkart will be delivered today between 2-5 PM.,mumbaivery: your parcel from flipkart will be delivered today between 2-5 pm.,en,LEGITIMATE_COURIER,False,NONE,legitimate,synthetic,2.0.0-gamma,"{""urls"": [], ""phones"": [], ""emails"": [], ""banks"": [], ""amounts"": ["" 2"", ""5""]}",Gamma expansion variant for LEGITIMATE_COURIER.,2026-07-30T10:29:01.221Z,2026-07-30T10:29:01.221Z
LEGITIMATE_COURIER_0040,Bangalorevery: Your parcel from Flipkart will be delivered today between 2-5 PM.,bangalorevery: your parcel from flipkart will be delivered today between 2-5 pm.,en,LEGITIMATE_COURIER,False,NONE,legitimate,synthetic,2.0.0-gamma,"{""urls"": [], ""phones"": [], ""emails"": [], ""banks"": [], ""amounts"": ["" 2"", ""5""]}",Gamma expansion variant for LEGITIMATE_COURIER.,2026-07-30T10:29:01.221Z,2026-07-30T10:29:01.221Z
LEGITIMATE_COURIER_0041,Blue Dart: Shipment dispatched from Delhi hub. Expected delivery: 18 July.,blue dart: shipment dispatched from delhi hub. expected delivery: 18 july.,en,LEGITIMATE_COURIER,False,NONE,legitimate,synthetic,2.0.0-gamma,"{""urls"": [], ""phones"": [], ""emails"": [], ""banks"": [], ""amounts"": ["" 18""]}",Gamma expansion variant for LEGITIMATE_COURIER.,2026-07-30T10:29:01.221Z,2026-07-30T10:29:01.221Z
LEGITIMATE_COURIER_0042,Blue Dart: Shipment dispatched from Bangalore hub. Expected delivery: 18 July.,blue dart: shipment dispatched from bangalore hub. expected delivery: 18 july.,en,LEGITIMATE_COURIER,False,NONE,legitimate,synthetic,2.0.0-gamma,"{""urls"": [], ""phones"": [], ""emails"": [], ""banks"": [], ""amounts"": ["" 18""]}",Gamma expansion variant for LEGITIMATE_COURIER.,2026-07-30T10:29:01.221Z,2026-07-30T10:29:01.221Z
LEGITIMATE_COURIER_0043,DTDC: Your documents courier delivered to Mumbai on 14-07-2026.,dtdc: your documents courier delivered to mumbai on 14-07-2026.,en,LEGITIMATE_COURIER,False,NONE,legitimate,synthetic,2.0.0-gamma,"{""urls"": [], ""phones"": [], ""emails"": [], ""banks"": [], ""amounts"": ["" 14"", ""07"", ""2026""]}",Gamma expansion variant for LEGITIMATE_COURIER.,2026-07-30T10:29:01.221Z,2026-07-30T10:29:01.221Z
LEGITIMATE_COURIER_0044,DTDC: Your documents courier delivered to Delhi on 14-07-2026.,dtdc: your documents courier delivered to delhi on 14-07-2026.,en,LEGITIMATE_COURIER,False,NONE,legitimate,synthetic,2.0.0-gamma,"{""urls"": [], ""phones"": [], ""emails"": [], ""banks"": [], ""amounts"": ["" 14"", ""07"", ""2026""]}",Gamma expansion variant for LEGITIMATE_COURIER.,2026-07-30T10:29:01.221Z,2026-07-30T10:29:01.221Z
LEGITIMATE_GOVERNMENT_0038,"PM Kisan: 18th installment of Rs 5,000 credited to your Aadhaar-linked account.","pm kisan: 18th installment of rs 5,000 credited to your aadhaar-linked account.",en,LEGITIMATE_GOVERNMENT,False,NONE,legitimate,synthetic,2.0.0-gamma,"{""urls"": [], ""phones"": [], ""emails"": [], ""banks"": [], ""amounts"": ["" 18"", ""Rs 5,000""]}",Gamma expansion variant for LEGITIMATE_GOVERNMENT.,2026-07-30T10:29:01.223Z,2026-07-30T10:29:01.223Z
LEGITIMATE_GOVERNMENT_0039,"PM Kisan: 18th installment of Rs 12,500 credited to your Aadhaar-linked account.","pm kisan: 18th installment of rs 12,500 credited to your aadhaar-linked account.",en,LEGITIMATE_GOVERNMENT,False,NONE,legitimate,synthetic,2.0.0-gamma,"{""urls"": [], ""phones"": [], ""emails"": [], ""banks"": [], ""amounts"": ["" 18"", ""Rs 12,500""]}",Gamma expansion variant for LEGITIMATE_GOVERNMENT.,2026-07-30T10:29:01.224Z,2026-07-30T10:29:01.224Z
LEGITIMATE_GOVERNMENT_0040,"EPFO: Your PF claim of Rs 5,000 settled. Amount credited to your account.","epfo: your pf claim of rs 5,000 settled. amount credited to your account.",en,LEGITIMATE_GOVERNMENT,False,NONE,legitimate,synthetic,2.0.0-gamma,"{""urls"": [], ""phones"": [], ""emails"": [], ""banks"": [], ""amounts"": [""Rs 5,000""]}",Gamma expansion variant for LEGITIMATE_GOVERNMENT.,2026-07-30T10:29:01.224Z,2026-07-30T10:29:01.224Z
LEGITIMATE_GOVERNMENT_0041,"EPFO: Your PF claim of Rs 12,500 settled. Amount credited to your account.","epfo: your pf claim of rs 12,500 settled. amount credited to your account.",en,LEGITIMATE_GOVERNMENT,False,NONE,legitimate,synthetic,2.0.0-gamma,"{""urls"": [], ""phones"": [], ""emails"": [], ""banks"": [], ""amounts"": [""Rs 12,500""]}",Gamma expansion variant for LEGITIMATE_GOVERNMENT.,2026-07-30T10:29:01.224Z,2026-07-30T10:29:01.224Z
LEGITIMATE_GOVERNMENT_0042,"NPS: Your Tier-1 account balance updated. Total corpus Rs 5,000.","nps: your tier-1 account balance updated. total corpus rs 5,000.",en,LEGITIMATE_GOVERNMENT,False,NONE,legitimate,synthetic,2.0.0-gamma,"{""urls"": [], ""phones"": [], ""emails"": [], ""banks"": [], ""amounts"": [""1"", ""Rs 5,000""]}",Gamma expansion variant for LEGITIMATE_GOVERNMENT.,2026-07-30T10:29:01.224Z,2026-07-30T10:29:01.224Z
LEGITIMATE_GOVERNMENT_0043,"NPS: Your Tier-1 account balance updated. Total corpus Rs 12,500.","nps: your tier-1 account balance updated. total corpus rs 12,500.",en,LEGITIMATE_GOVERNMENT,False,NONE,legitimate,synthetic,2.0.0-gamma,"{""urls"": [], ""phones"": [], ""emails"": [], ""banks"": [], ""amounts"": [""1"", ""Rs 12,500""]}",Gamma expansion variant for LEGITIMATE_GOVERNMENT.,2026-07-30T10:29:01.224Z,2026-07-30T10:29:01.224Z
LEGITIMATE_GOVERNMENT_0044,"State Govt: Rs 5,000 subsidy for tractor purchase credited to your account.","state govt: rs 5,000 subsidy for tractor purchase credited to your account.",en,LEGITIMATE_GOVERNMENT,False,NONE,legitimate,synthetic,2.0.0-gamma,"{""urls"": [], ""phones"": [], ""emails"": [], ""banks"": [], ""amounts"": [""Rs 5,000""]}",Gamma expansion variant for LEGITIMATE_GOVERNMENT.,2026-07-30T10:29:01.225Z,2026-07-30T10:29:01.225Z
LEGITIMATE_GOVERNMENT_0045,"State Govt: Rs 25,000 subsidy for tractor purchase credited to your account.","state govt: rs 25,000 subsidy for tractor purchase credited to your account.",en,LEGITIMATE_GOVERNMENT,False,NONE,legitimate,synthetic,2.0.0-gamma,"{""urls"": [], ""phones"": [], ""emails"": [], ""banks"": [], ""amounts"": [""Rs 25,000""]}",Gamma expansion variant for LEGITIMATE_GOVERNMENT.,2026-07-30T10:29:01.225Z,2026-07-30T10:29:01.225Z
LEGITIMATE_GOVERNMENT_0046,"Property tax receipt for FY 2025-26: Rs 5,000 paid successfully.","property tax receipt for fy 2025-26: rs 5,000 paid successfully.",en,LEGITIMATE_GOVERNMENT,False,NONE,legitimate,synthetic,2.0.0-gamma,"{""urls"": [], ""phones"": [], ""emails"": [], ""banks"": [], ""amounts"": ["" 2025"", ""26"", ""Rs 5,000""]}",Gamma expansion variant for LEGITIMATE_GOVERNMENT.,2026-07-30T10:29:01.225Z,2026-07-30T10:29:01.225Z
LEGITIMATE_GOVERNMENT_0047,"Property tax receipt for FY 2025-26: Rs 12,500 paid successfully.","property tax receipt for fy 2025-26: rs 12,500 paid successfully.",en,LEGITIMATE_GOVERNMENT,False,NONE,legitimate,synthetic,2.0.0-gamma,"{""urls"": [], ""phones"": [], ""emails"": [], ""banks"": [], ""amounts"": ["" 2025"", ""26"", ""Rs 12,500""]}",Gamma expansion variant for LEGITIMATE_GOVERNMENT.,2026-07-30T10:29:01.225Z,2026-07-30T10:29:01.225Z
LEGITIMATE_OTHER_0061,"Your Netflix subscription renewed for Rs 5,000/month. Next billing 14 Aug 2026.","your netflix subscription renewed for rs 5,000/month. next billing 14 aug 2026.",en,LEGITIMATE_OTHER,False,NONE,legitimate,synthetic,2.0.0-gamma,"{""urls"": [], ""phones"": [], ""emails"": [], ""banks"": [], ""amounts"": [""Rs 5,000"", "" 14"", "" 2026""]}",Gamma expansion variant for LEGITIMATE_OTHER.,2026-07-30T10:29:01.227Z,2026-07-30T10:29:01.227Z
LEGITIMATE_OTHER_0062,"Your Netflix subscription renewed for Rs 12,500/month. Next billing 14 Aug 2026.","your netflix subscription renewed for rs 12,500/month. next billing 14 aug 2026.",en,LEGITIMATE_OTHER,False,NONE,legitimate,synthetic,2.0.0-gamma,"{""urls"": [], ""phones"": [], ""emails"": [], ""banks"": [], ""amounts"": [""Rs 12,500"", "" 14"", "" 2026""]}",Gamma expansion variant for LEGITIMATE_OTHER.,2026-07-30T10:29:01.227Z,2026-07-30T10:29:01.227Z
LEGITIMATE_OTHER_0063,"Amazon Prime membership renewed for Rs 5,000/year. Valid till 15-07-2027.","amazon prime membership renewed for rs 5,000/year. valid till 15-07-2027.",en,LEGITIMATE_OTHER,False,NONE,legitimate,synthetic,2.0.0-gamma,"{""urls"": [], ""phones"": [], ""emails"": [], ""banks"": [], ""amounts"": [""Rs 5,000"", "" 15"", ""07"", ""2027""]}",Gamma expansion variant for LEGITIMATE_OTHER.,2026-07-30T10:29:01.227Z,2026-07-30T10:29:01.227Z
LEGITIMATE_OTHER_0064,"Amazon Prime membership renewed for Rs 12,500/year. Valid till 15-07-2027.","amazon prime membership renewed for rs 12,500/year. valid till 15-07-2027.",en,LEGITIMATE_OTHER,False,NONE,legitimate,synthetic,2.0.0-gamma,"{""urls"": [], ""phones"": [], ""emails"": [], ""banks"": [], ""amounts"": [""Rs 12,500"", "" 15"", ""07"", ""2027""]}",Gamma expansion variant for LEGITIMATE_OTHER.,2026-07-30T10:29:01.227Z,2026-07-30T10:29:01.227Z
LEGITIMATE_OTHER_0065,"Your water bill for June: Rs 5,000. Pay before 25th to avoid late fee.","your water bill for june: rs 5,000. pay before 25th to avoid late fee.",en,LEGITIMATE_OTHER,False,NONE,legitimate,synthetic,2.0.0-gamma,"{""urls"": [], ""phones"": [], ""emails"": [], ""banks"": [], ""amounts"": [""Rs 5,000"", "" 25""]}",Gamma expansion variant for LEGITIMATE_OTHER.,2026-07-30T10:29:01.227Z,2026-07-30T10:29:01.227Z
LEGITIMATE_OTHER_0066,"Your water bill for June: Rs 12,500. Pay before 25th to avoid late fee.","your water bill for june: rs 12,500. pay before 25th to avoid late fee.",en,LEGITIMATE_OTHER,False,NONE,legitimate,synthetic,2.0.0-gamma,"{""urls"": [], ""phones"": [], ""emails"": [], ""banks"": [], ""amounts"": [""Rs 12,500"", "" 25""]}",Gamma expansion variant for LEGITIMATE_OTHER.,2026-07-30T10:29:01.227Z,2026-07-30T10:29:01.227Z
LEGITIMATE_OTHER_0067,"School fee payment of Rs 5,000 for term 2 successful. Receipt: FEE123456.","school fee payment of rs 5,000 for term 2 successful. receipt: fee123456.",en,LEGITIMATE_OTHER,False,NONE,legitimate,synthetic,2.0.0-gamma,"{""urls"": [], ""phones"": [], ""emails"": [], ""banks"": [], ""amounts"": [""Rs 5,000"", "" 2"", ""123456""]}",Gamma expansion variant for LEGITIMATE_OTHER.,2026-07-30T10:29:01.227Z,2026-07-30T10:29:01.227Z
LEGITIMATE_OTHER_0068,"School fee payment of Rs 12,500 for term 2 successful. Receipt: FEE123456.","school fee payment of rs 12,500 for term 2 successful. receipt: fee123456.",en,LEGITIMATE_OTHER,False,NONE,legitimate,synthetic,2.0.0-gamma,"{""urls"": [], ""phones"": [], ""emails"": [], ""banks"": [], ""amounts"": [""Rs 12,500"", "" 2"", ""123456""]}",Gamma expansion variant for LEGITIMATE_OTHER.,2026-07-30T10:29:01.227Z,2026-07-30T10:29:01.227Z
LEGITIMATE_OTHER_0069,"Housing society maintenance bill for July: Rs 5,000. Pay via app.","housing society maintenance bill for july: rs 5,000. pay via app.",en,LEGITIMATE_OTHER,False,NONE,legitimate,synthetic,2.0.0-gamma,"{""urls"": [], ""phones"": [], ""emails"": [], ""banks"": [], ""amounts"": [""Rs 5,000""]}",Gamma expansion variant for LEGITIMATE_OTHER.,2026-07-30T10:29:01.266Z,2026-07-30T10:29:01.266Z
LEGITIMATE_OTHER_0070,"Housing society maintenance bill for July: Rs 12,500. Pay via app.","housing society maintenance bill for july: rs 12,500. pay via app.",en,LEGITIMATE_OTHER,False,NONE,legitimate,synthetic,2.0.0-gamma,"{""urls"": [], ""phones"": [], ""emails"": [], ""banks"": [], ""amounts"": [""Rs 12,500""]}",Gamma expansion variant for LEGITIMATE_OTHER.,2026-07-30T10:29:01.266Z,2026-07-30T10:29:01.266Z
LEGITIMATE_OTP_0041,Your OTP for HDFC transaction is 543210. Valid for 5 minutes. Do not share.,your otp for hdfc transaction is 543210. valid for 5 minutes. do not share.,en,LEGITIMATE_OTP,False,NONE,legitimate,synthetic,2.0.0-gamma,"{""urls"": [], ""phones"": [], ""emails"": [], ""banks"": [""HDFC""], ""amounts"": ["" 543210"", "" 5""]}",Gamma expansion variant for LEGITIMATE_OTP.,2026-07-30T10:29:01.268Z,2026-07-30T10:29:01.268Z
LEGITIMATE_OTP_0042,Your OTP for ICICI transaction is 543210. Valid for 5 minutes. Do not share.,your otp for icici transaction is 543210. valid for 5 minutes. do not share.,en,LEGITIMATE_OTP,False,NONE,legitimate,synthetic,2.0.0-gamma,"{""urls"": [], ""phones"": [], ""emails"": [], ""banks"": [""ICICI""], ""amounts"": ["" 543210"", "" 5""]}",Gamma expansion variant for LEGITIMATE_OTP.,2026-07-30T10:29:01.268Z,2026-07-30T10:29:01.268Z
LEGITIMATE_OTP_0043,"HDFC Bank OTP: 864209 for fund transfer of Rs 5,000 to XX1234.","hdfc bank otp: 864209 for fund transfer of rs 5,000 to xx1234.",en,LEGITIMATE_OTP,False,NONE,legitimate,synthetic,2.0.0-gamma,"{""urls"": [], ""phones"": [], ""emails"": [], ""banks"": [""HDFC""], ""amounts"": ["" 864209"", ""Rs 5,000"", ""1234""]}",Gamma expansion variant for LEGITIMATE_OTP.,2026-07-30T10:29:01.268Z,2026-07-30T10:29:01.268Z
LEGITIMATE_OTP_0044,"HDFC Bank OTP: 864209 for fund transfer of Rs 25,000 to XX1234.","hdfc bank otp: 864209 for fund transfer of rs 25,000 to xx1234.",en,LEGITIMATE_OTP,False,NONE,legitimate,synthetic,2.0.0-gamma,"{""urls"": [], ""phones"": [], ""emails"": [], ""banks"": [""HDFC""], ""amounts"": ["" 864209"", ""Rs 25,000"", ""1234""]}",Gamma expansion variant for LEGITIMATE_OTP.,2026-07-30T10:29:01.268Z,2026-07-30T10:29:01.268Z
LEGITIMATE_UPI_0040,"Rs 5,000 received from Swiggy Zomato order refund via PhonePe. Ref: PAY12345.","rs 5,000 received from swiggy zomato order refund via phonepe. ref: pay12345.",en,LEGITIMATE_UPI,False,NONE,legitimate,synthetic,2.0.0-gamma,"{""urls"": [], ""phones"": [], ""emails"": [], ""banks"": [], ""amounts"": [""Rs 5,000"", ""12345""]}",Gamma expansion variant for LEGITIMATE_UPI.,2026-07-30T10:29:01.270Z,2026-07-30T10:29:01.270Z
LEGITIMATE_UPI_0041,"Rs 12,500 received from Swiggy Zomato order refund via PhonePe. Ref: PAY12345.","rs 12,500 received from swiggy zomato order refund via phonepe. ref: pay12345.",en,LEGITIMATE_UPI,False,NONE,legitimate,synthetic,2.0.0-gamma,"{""urls"": [], ""phones"": [], ""emails"": [], ""banks"": [], ""amounts"": [""Rs 12,500"", ""12345""]}",Gamma expansion variant for LEGITIMATE_UPI.,2026-07-30T10:29:01.270Z,2026-07-30T10:29:01.270Z
LEGITIMATE_UPI_0042,"UPI payment of Rs 5,000 made to Metro Card recharge successful via Paytm.","upi payment of rs 5,000 made to metro card recharge successful via paytm.",en,LEGITIMATE_UPI,False,NONE,legitimate,synthetic,2.0.0-gamma,"{""urls"": [], ""phones"": [], ""emails"": [], ""banks"": [], ""amounts"": [""Rs 5,000""]}",Gamma expansion variant for LEGITIMATE_UPI.,2026-07-30T10:29:01.270Z,2026-07-30T10:29:01.270Z
LEGITIMATE_UPI_0043,"UPI payment of Rs 12,500 made to Metro Card recharge successful via Paytm.","upi payment of rs 12,500 made to metro card recharge successful via paytm.",en,LEGITIMATE_UPI,False,NONE,legitimate,synthetic,2.0.0-gamma,"{""urls"": [], ""phones"": [], ""emails"": [], ""banks"": [], ""amounts"": [""Rs 12,500""]}",Gamma expansion variant for LEGITIMATE_UPI.,2026-07-30T10:29:01.270Z,2026-07-30T10:29:01.270Z
LEGITIMATE_UPI_0044,"Rs 5,000 transferred to SBI account XXXXX1234 via BHIM UPI. Ref: BHIM67890.","rs 5,000 transferred to sbi account xxxxx1234 via bhim upi. ref: bhim67890.",en,LEGITIMATE_UPI,False,NONE,legitimate,synthetic,2.0.0-gamma,"{""urls"": [], ""phones"": [], ""emails"": [], ""banks"": [""SBI""], ""amounts"": [""Rs 5,000"", ""1234"", ""67890""]}",Gamma expansion variant for LEGITIMATE_UPI.,2026-07-30T10:29:01.270Z,2026-07-30T10:29:01.270Z
LEGITIMATE_UPI_0045,"Rs 12,500 transferred to SBI account XXXXX1234 via BHIM UPI. Ref: BHIM67890.","rs 12,500 transferred to sbi account xxxxx1234 via bhim upi. ref: bhim67890.",en,LEGITIMATE_UPI,False,NONE,legitimate,synthetic,2.0.0-gamma,"{""urls"": [], ""phones"": [], ""emails"": [], ""banks"": [""SBI""], ""amounts"": [""Rs 12,500"", ""1234"", ""67890""]}",Gamma expansion variant for LEGITIMATE_UPI.,2026-07-30T10:29:01.270Z,2026-07-30T10:29:01.270Z
LEGITIMATE_UPI_0046,"Amazon Pay: Rs 5,000 refund credited to your UPI account. Ref: REFUND001.","amazon pay: rs 5,000 refund credited to your upi account. ref: refund001.",en,LEGITIMATE_UPI,False,NONE,legitimate,synthetic,2.0.0-gamma,"{""urls"": [], ""phones"": [], ""emails"": [], ""banks"": [], ""amounts"": [""Rs 5,000"", ""001""]}",Gamma expansion variant for LEGITIMATE_UPI.,2026-07-30T10:29:01.270Z,2026-07-30T10:29:01.270Z
LEGITIMATE_UPI_0047,"Amazon Pay: Rs 12,500 refund credited to your UPI account. Ref: REFUND001.","amazon pay: rs 12,500 refund credited to your upi account. ref: refund001.",en,LEGITIMATE_UPI,False,NONE,legitimate,synthetic,2.0.0-gamma,"{""urls"": [], ""phones"": [], ""emails"": [], ""banks"": [], ""amounts"": [""Rs 12,500"", ""001""]}",Gamma expansion variant for LEGITIMATE_UPI.,2026-07-30T10:29:01.270Z,2026-07-30T10:29:01.270Z
LEGITIMATE_UPI_0048,"UPI collect from Flipkart for order OD1234567890: Rs 5,000. Pay via any UPI app.","upi collect from flipkart for order od1234567890: rs 5,000. pay via any upi app.",en,LEGITIMATE_UPI,False,NONE,legitimate,synthetic,2.0.0-gamma,"{""urls"": [], ""phones"": [], ""emails"": [], ""banks"": [], ""amounts"": [""1234567890"", ""Rs 5,000""]}",Gamma expansion variant for LEGITIMATE_UPI.,2026-07-30T10:29:01.270Z,2026-07-30T10:29:01.270Z
LEGITIMATE_UPI_0049,"UPI collect from Flipkart for order OD1234567890: Rs 12,500. Pay via any UPI app.","upi collect from flipkart for order od1234567890: rs 12,500. pay via any upi app.",en,LEGITIMATE_UPI,False,NONE,legitimate,synthetic,2.0.0-gamma,"{""urls"": [], ""phones"": [], ""emails"": [], ""banks"": [], ""amounts"": [""1234567890"", ""Rs 12,500""]}",Gamma expansion variant for LEGITIMATE_UPI.,2026-07-30T10:29:01.270Z,2026-07-30T10:29:01.270Z
LEGITIMATE_UPI_0050,"Your daily UPI transaction limit increased to Rs 5,000. Set in your UPI app.","your daily upi transaction limit increased to rs 5,000. set in your upi app.",en,LEGITIMATE_UPI,False,NONE,legitimate,synthetic,2.0.0-gamma,"{""urls"": [], ""phones"": [], ""emails"": [], ""banks"": [], ""amounts"": [""Rs 5,000""]}",Gamma expansion variant for LEGITIMATE_UPI.,2026-07-30T10:29:01.270Z,2026-07-30T10:29:01.270Z
LEGITIMATE_UPI_0051,"Your daily UPI transaction limit increased to Rs 12,500. Set in your UPI app.","your daily upi transaction limit increased to rs 12,500. set in your upi app.",en,LEGITIMATE_UPI,False,NONE,legitimate,synthetic,2.0.0-gamma,"{""urls"": [], ""phones"": [], ""emails"": [], ""banks"": [], ""amounts"": [""Rs 12,500""]}",Gamma expansion variant for LEGITIMATE_UPI.,2026-07-30T10:29:01.271Z,2026-07-30T10:29:01.271Z
LEGITIMATE_UPI_0052,"QR payment of Rs 5,000 at BigBasket confirmed via BHIM UPI.","qr payment of rs 5,000 at bigbasket confirmed via bhim upi.",en,LEGITIMATE_UPI,False,NONE,legitimate,synthetic,2.0.0-gamma,"{""urls"": [], ""phones"": [], ""emails"": [], ""banks"": [], ""amounts"": [""Rs 5,000""]}",Gamma expansion variant for LEGITIMATE_UPI.,2026-07-30T10:29:01.271Z,2026-07-30T10:29:01.271Z
LEGITIMATE_UPI_0053,"QR payment of Rs 12,500 at BigBasket confirmed via BHIM UPI.","qr payment of rs 12,500 at bigbasket confirmed via bhim upi.",en,LEGITIMATE_UPI,False,NONE,legitimate,synthetic,2.0.0-gamma,"{""urls"": [], ""phones"": [], ""emails"": [], ""banks"": [], ""amounts"": [""Rs 12,500""]}",Gamma expansion variant for LEGITIMATE_UPI.,2026-07-30T10:29:01.271Z,2026-07-30T10:29:01.271Z
LEGITIMATE_UPI_0054,"Rs 5,000 received from Paytm wallet transfer via UPI. Available balance Rs 5,678.","rs 5,000 received from paytm wallet transfer via upi. available balance rs 5,678.",en,LEGITIMATE_UPI,False,NONE,legitimate,synthetic,2.0.0-gamma,"{""urls"": [], ""phones"": [], ""emails"": [], ""banks"": [], ""amounts"": [""Rs 5,000"", ""Rs 5,678""]}",Gamma expansion variant for LEGITIMATE_UPI.,2026-07-30T10:29:01.271Z,2026-07-30T10:29:01.271Z
LEGITIMATE_UPI_0055,"Rs 12,500 received from Paytm wallet transfer via UPI. Available balance Rs 5,678.","rs 12,500 received from paytm wallet transfer via upi. available balance rs 5,678.",en,LEGITIMATE_UPI,False,NONE,legitimate,synthetic,2.0.0-gamma,"{""urls"": [], ""phones"": [], ""emails"": [], ""banks"": [], ""amounts"": [""Rs 12,500"", ""Rs 5,678""]}",Gamma expansion variant for LEGITIMATE_UPI.,2026-07-30T10:29:01.271Z,2026-07-30T10:29:01.271Z
LEGITIMATE_UPI_0056,"UPI mandate for Rs 5,000 monthly to JioFiber set up successfully.","upi mandate for rs 5,000 monthly to jiofiber set up successfully.",en,LEGITIMATE_UPI,False,NONE,legitimate,synthetic,2.0.0-gamma,"{""urls"": [], ""phones"": [], ""emails"": [], ""banks"": [], ""amounts"": [""Rs 5,000""]}",Gamma expansion variant for LEGITIMATE_UPI.,2026-07-30T10:29:01.271Z,2026-07-30T10:29:01.271Z
LEGITIMATE_UPI_0057,"UPI mandate for Rs 12,500 monthly to JioFiber set up successfully.","upi mandate for rs 12,500 monthly to jiofiber set up successfully.",en,LEGITIMATE_UPI,False,NONE,legitimate,synthetic,2.0.0-gamma,"{""urls"": [], ""phones"": [], ""emails"": [], ""banks"": [], ""amounts"": [""Rs 12,500""]}",Gamma expansion variant for LEGITIMATE_UPI.,2026-07-30T10:29:01.271Z,2026-07-30T10:29:01.271Z
LOAN_SCAM_0051,"Your loan of Rs 5,000 pre-approved. Pay Rs 2,500 processing fee to disburse.","your loan of rs 5,000 pre-approved. pay rs 2,500 processing fee to disburse.",en,LOAN_SCAM,True,HIGH,scam,synthetic,2.0.0-gamma,"{""urls"": [], ""phones"": [], ""emails"": [], ""banks"": [], ""amounts"": [""Rs 5,000"", ""Rs 2,500""]}",Gamma expansion variant for LOAN_SCAM.,2026-07-30T10:29:01.273Z,2026-07-30T10:29:01.273Z
LOAN_SCAM_0052,"Your loan of Rs 12,500 pre-approved. Pay Rs 2,500 processing fee to disburse.","your loan of rs 12,500 pre-approved. pay rs 2,500 processing fee to disburse.",en,LOAN_SCAM,True,HIGH,scam,synthetic,2.0.0-gamma,"{""urls"": [], ""phones"": [], ""emails"": [], ""banks"": [], ""amounts"": [""Rs 12,500"", ""Rs 2,500""]}",Gamma expansion variant for LOAN_SCAM.,2026-07-30T10:29:01.273Z,2026-07-30T10:29:01.273Z
LOAN_SCAM_0053,"Loan EMI default! Your loan account will be closed. Pay Rs 5,000 immediately or legal notice.","loan emi default! your loan account will be closed. pay rs 5,000 immediately or legal notice.",en,LOAN_SCAM,True,HIGH,scam,synthetic,2.0.0-gamma,"{""urls"": [], ""phones"": [], ""emails"": [], ""banks"": [], ""amounts"": [""Rs 5,000""]}",Gamma expansion variant for LOAN_SCAM.,2026-07-30T10:29:01.273Z,2026-07-30T10:29:01.273Z
LOAN_SCAM_0054,"Loan EMI default! Your loan account will be closed. Pay Rs 12,500 immediately or legal notice.","loan emi default! your loan account will be closed. pay rs 12,500 immediately or legal notice.",en,LOAN_SCAM,True,HIGH,scam,synthetic,2.0.0-gamma,"{""urls"": [], ""phones"": [], ""emails"": [], ""banks"": [], ""amounts"": [""Rs 12,500""]}",Gamma expansion variant for LOAN_SCAM.,2026-07-30T10:29:01.273Z,2026-07-30T10:29:01.273Z
LOAN_SCAM_0055,"Gold loan: 80% of gold value. Minimum 10g. Rs 5,000 documentation fee.","gold loan: 80% of gold value. minimum 10g. rs 5,000 documentation fee.",en,LOAN_SCAM,True,HIGH,scam,synthetic,2.0.0-gamma,"{""urls"": [], ""phones"": [], ""emails"": [], ""banks"": [], ""amounts"": ["" 80"", "" 10"", ""Rs 5,000""]}",Gamma expansion variant for LOAN_SCAM.,2026-07-30T10:29:01.273Z,2026-07-30T10:29:01.273Z
LOAN_SCAM_0056,"Gold loan: 80% of gold value. Minimum 10g. Rs 12,500 documentation fee.","gold loan: 80% of gold value. minimum 10g. rs 12,500 documentation fee.",en,LOAN_SCAM,True,HIGH,scam,synthetic,2.0.0-gamma,"{""urls"": [], ""phones"": [], ""emails"": [], ""banks"": [], ""amounts"": ["" 80"", "" 10"", ""Rs 12,500""]}",Gamma expansion variant for LOAN_SCAM.,2026-07-30T10:29:01.273Z,2026-07-30T10:29:01.273Z
LOAN_SCAM_0057,"Your loan application approved. Pay Rs 12,500 insurance fee to release funds.","your loan application approved. pay rs 12,500 insurance fee to release funds.",en,LOAN_SCAM,True,HIGH,scam,synthetic,2.0.0-gamma,"{""urls"": [], ""phones"": [], ""emails"": [], ""banks"": [], ""amounts"": [""Rs 12,500""]}",Gamma expansion variant for LOAN_SCAM.,2026-07-30T10:29:01.273Z,2026-07-30T10:29:01.273Z
LOAN_SCAM_0058,"Your loan application approved. Pay Rs 25,000 insurance fee to release funds.","your loan application approved. pay rs 25,000 insurance fee to release funds.",en,LOAN_SCAM,True,HIGH,scam,synthetic,2.0.0-gamma,"{""urls"": [], ""phones"": [], ""emails"": [], ""banks"": [], ""amounts"": [""Rs 25,000""]}",Gamma expansion variant for LOAN_SCAM.,2026-07-30T10:29:01.273Z,2026-07-30T10:29:01.273Z
LOAN_SCAM_0059,"Credit card loan: 10x your limit at 2% monthly. Rs 2,500 processing fee at http://card-loan.xyz.","credit card loan: 10x your limit at 2% monthly. rs 2,500 processing fee at http://card-loan.xyz.",en,LOAN_SCAM,True,HIGH,scam,synthetic,2.0.0-gamma,"{""urls"": [""http://card-loan.xyz.""], ""phones"": [], ""emails"": [], ""banks"": [], ""amounts"": ["" 10"", "" 2"", ""Rs 2,500""]}",Gamma expansion variant for LOAN_SCAM.,2026-07-30T10:29:01.273Z,2026-07-30T10:29:01.273Z
LOAN_SCAM_0060,"Credit card loan: 10x your limit at 2% monthly. Rs 2,500 processing fee at http://verify-uidai.xyz","credit card loan: 10x your limit at 2% monthly. rs 2,500 processing fee at http://verify-uidai.xyz",en,LOAN_SCAM,True,HIGH,scam,synthetic,2.0.0-gamma,"{""urls"": [""http://verify-uidai.xyz""], ""phones"": [], ""emails"": [], ""banks"": [], ""amounts"": ["" 10"", "" 2"", ""Rs 2,500""]}",Gamma expansion variant for LOAN_SCAM.,2026-07-30T10:29:01.273Z,2026-07-30T10:29:01.273Z
LOAN_SCAM_0061,"Credit card loan: 10x your limit at 2% monthly. Rs 2,500 processing fee at http://update-aadhaar.tk","credit card loan: 10x your limit at 2% monthly. rs 2,500 processing fee at http://update-aadhaar.tk",en,LOAN_SCAM,True,HIGH,scam,synthetic,2.0.0-gamma,"{""urls"": [""http://update-aadhaar.tk""], ""phones"": [], ""emails"": [], ""banks"": [], ""amounts"": ["" 10"", "" 2"", ""Rs 2,500""]}",Gamma expansion variant for LOAN_SCAM.,2026-07-30T10:29:01.273Z,2026-07-30T10:29:01.273Z
LOAN_SCAM_0062,"Education loan: Rs 50,00,000 for abroad studies at 4% interest. Block processing fee Rs 5,000.","education loan: rs 50,00,000 for abroad studies at 4% interest. block processing fee rs 5,000.",en,LOAN_SCAM,True,HIGH,scam,synthetic,2.0.0-gamma,"{""urls"": [], ""phones"": [], ""emails"": [], ""banks"": [], ""amounts"": [""Rs 50,00,000"", "" 4"", ""Rs 5,000""]}",Gamma expansion variant for LOAN_SCAM.,2026-07-30T10:29:01.274Z,2026-07-30T10:29:01.274Z
LOAN_SCAM_0063,"Education loan: Rs 12,500 for abroad studies at 4% interest. Block processing fee Rs 5,000.","education loan: rs 12,500 for abroad studies at 4% interest. block processing fee rs 5,000.",en,LOAN_SCAM,True,HIGH,scam,synthetic,2.0.0-gamma,"{""urls"": [], ""phones"": [], ""emails"": [], ""banks"": [], ""amounts"": [""Rs 12,500"", "" 4"", ""Rs 5,000""]}",Gamma expansion variant for LOAN_SCAM.,2026-07-30T10:29:01.274Z,2026-07-30T10:29:01.274Z
LOAN_SCAM_0064,"Education loan: Rs 25,000 for abroad studies at 4% interest. Block processing fee Rs 5,000.","education loan: rs 25,000 for abroad studies at 4% interest. block processing fee rs 5,000.",en,LOAN_SCAM,True,HIGH,scam,synthetic,2.0.0-gamma,"{""urls"": [], ""phones"": [], ""emails"": [], ""banks"": [], ""amounts"": [""Rs 25,000"", "" 4"", ""Rs 5,000""]}",Gamma expansion variant for LOAN_SCAM.,2026-07-30T10:29:01.274Z,2026-07-30T10:29:01.274Z
LOAN_SCAM_0065,"Loan repayment issue: Your EMI cheque bounced. Legal notice issued. Pay Rs 12,500 penalty.","loan repayment issue: your emi cheque bounced. legal notice issued. pay rs 12,500 penalty.",en,LOAN_SCAM,True,HIGH,scam,synthetic,2.0.0-gamma,"{""urls"": [], ""phones"": [], ""emails"": [], ""banks"": [], ""amounts"": [""Rs 12,500""]}",Gamma expansion variant for LOAN_SCAM.,2026-07-30T10:29:01.274Z,2026-07-30T10:29:01.274Z
LOAN_SCAM_0066,"Loan repayment issue: Your EMI cheque bounced. Legal notice issued. Pay Rs 5,000 penalty.","loan repayment issue: your emi cheque bounced. legal notice issued. pay rs 5,000 penalty.",en,LOAN_SCAM,True,HIGH,scam,synthetic,2.0.0-gamma,"{""urls"": [], ""phones"": [], ""emails"": [], ""banks"": [], ""amounts"": [""Rs 5,000""]}",Gamma expansion variant for LOAN_SCAM.,2026-07-30T10:29:01.274Z,2026-07-30T10:29:01.274Z
LOAN_SCAM_0067,"Loan repayment issue: Your EMI cheque bounced. Legal notice issued. Pay Rs 25,000 penalty.","loan repayment issue: your emi cheque bounced. legal notice issued. pay rs 25,000 penalty.",en,LOAN_SCAM,True,HIGH,scam,synthetic,2.0.0-gamma,"{""urls"": [], ""phones"": [], ""emails"": [], ""banks"": [], ""amounts"": [""Rs 25,000""]}",Gamma expansion variant for LOAN_SCAM.,2026-07-30T10:29:01.274Z,2026-07-30T10:29:01.274Z
LOAN_SCAM_0068,"Payday loan: Rs 5,000 today, repay Rs 5,500 tomorrow. Instant approval at http://payday-loan.tk.","payday loan: rs 5,000 today, repay rs 5,500 tomorrow. instant approval at http://payday-loan.tk.",en,LOAN_SCAM,True,HIGH,scam,synthetic,2.0.0-gamma,"{""urls"": [""http://payday-loan.tk.""], ""phones"": [], ""emails"": [], ""banks"": [], ""amounts"": [""Rs 5,000"", "","", ""Rs 5,500""]}",Gamma expansion variant for LOAN_SCAM.,2026-07-30T10:29:01.274Z,2026-07-30T10:29:01.274Z
LOAN_SCAM_0069,"Payday loan: Rs 5,000 today, repay Rs 5,500 tomorrow. Instant approval at http://verify-uidai.xyz","payday loan: rs 5,000 today, repay rs 5,500 tomorrow. instant approval at http://verify-uidai.xyz",en,LOAN_SCAM,True,HIGH,scam,synthetic,2.0.0-gamma,"{""urls"": [""http://verify-uidai.xyz""], ""phones"": [], ""emails"": [], ""banks"": [], ""amounts"": [""Rs 5,000"", "","", ""Rs 5,500""]}",Gamma expansion variant for LOAN_SCAM.,2026-07-30T10:29:01.274Z,2026-07-30T10:29:01.274Z
LOAN_SCAM_0070,"Payday loan: Rs 5,000 today, repay Rs 5,500 tomorrow. Instant approval at http://update-aadhaar.tk","payday loan: rs 5,000 today, repay rs 5,500 tomorrow. instant approval at http://update-aadhaar.tk",en,LOAN_SCAM,True,HIGH,scam,synthetic,2.0.0-gamma,"{""urls"": [""http://update-aadhaar.tk""], ""phones"": [], ""emails"": [], ""banks"": [], ""amounts"": [""Rs 5,000"", "","", ""Rs 5,500""]}",Gamma expansion variant for LOAN_SCAM.,2026-07-30T10:29:01.274Z,2026-07-30T10:29:01.274Z
LOTTERY_SCAM_0056,"You won Toyota Fortuner in Amazon Festive Giveaway. Pay Rs 5,000 processing fee.","you won toyota fortuner in amazon festive giveaway. pay rs 5,000 processing fee.",en,LOTTERY_SCAM,True,HIGH,scam,synthetic,2.0.0-gamma,"{""urls"": [], ""phones"": [], ""emails"": [], ""banks"": [], ""amounts"": [""Rs 5,000""]}",Gamma expansion variant for LOTTERY_SCAM.,2026-07-30T10:29:01.277Z,2026-07-30T10:29:01.277Z
LOTTERY_SCAM_0057,"You won Toyota Fortuner in Amazon Festive Giveaway. Pay Rs 25,000 processing fee.","you won toyota fortuner in amazon festive giveaway. pay rs 25,000 processing fee.",en,LOTTERY_SCAM,True,HIGH,scam,synthetic,2.0.0-gamma,"{""urls"": [], ""phones"": [], ""emails"": [], ""banks"": [], ""amounts"": [""Rs 25,000""]}",Gamma expansion variant for LOTTERY_SCAM.,2026-07-30T10:29:01.277Z,2026-07-30T10:29:01.277Z
LOTTERY_SCAM_0058,"Google Pay Tez: You won Rs 5,000 as scratch card reward. Pay Rs 2,500 release fee.","google pay tez: you won rs 5,000 as scratch card reward. pay rs 2,500 release fee.",en,LOTTERY_SCAM,True,HIGH,scam,synthetic,2.0.0-gamma,"{""urls"": [], ""phones"": [], ""emails"": [], ""banks"": [], ""amounts"": [""Rs 5,000"", ""Rs 2,500""]}",Gamma expansion variant for LOTTERY_SCAM.,2026-07-30T10:29:01.277Z,2026-07-30T10:29:01.277Z
LOTTERY_SCAM_0059,"Google Pay Tez: You won Rs 12,500 as scratch card reward. Pay Rs 2,500 release fee.","google pay tez: you won rs 12,500 as scratch card reward. pay rs 2,500 release fee.",en,LOTTERY_SCAM,True,HIGH,scam,synthetic,2.0.0-gamma,"{""urls"": [], ""phones"": [], ""emails"": [], ""banks"": [], ""amounts"": [""Rs 12,500"", ""Rs 2,500""]}",Gamma expansion variant for LOTTERY_SCAM.,2026-07-30T10:29:01.277Z,2026-07-30T10:29:01.277Z
LOTTERY_SCAM_0060,"You won 7 nights Dubai trip in MakeMyTrip contest. Pay Rs 5,000 registration fee.","you won 7 nights dubai trip in makemytrip contest. pay rs 5,000 registration fee.",en,LOTTERY_SCAM,True,HIGH,scam,synthetic,2.0.0-gamma,"{""urls"": [], ""phones"": [], ""emails"": [], ""banks"": [], ""amounts"": ["" 7"", ""Rs 5,000""]}",Gamma expansion variant for LOTTERY_SCAM.,2026-07-30T10:29:01.277Z,2026-07-30T10:29:01.277Z
LOTTERY_SCAM_0061,"You won 7 nights Dubai trip in MakeMyTrip contest. Pay Rs 25,000 registration fee.","you won 7 nights dubai trip in makemytrip contest. pay rs 25,000 registration fee.",en,LOTTERY_SCAM,True,HIGH,scam,synthetic,2.0.0-gamma,"{""urls"": [], ""phones"": [], ""emails"": [], ""banks"": [], ""amounts"": ["" 7"", ""Rs 25,000""]}",Gamma expansion variant for LOTTERY_SCAM.,2026-07-30T10:29:01.277Z,2026-07-30T10:29:01.277Z
LOTTERY_SCAM_0062,"You won gold coin in HDFC Diwali contest. Pay Rs 5,000 delivery charges.","you won gold coin in hdfc diwali contest. pay rs 5,000 delivery charges.",en,LOTTERY_SCAM,True,HIGH,scam,synthetic,2.0.0-gamma,"{""urls"": [], ""phones"": [], ""emails"": [], ""banks"": [""HDFC""], ""amounts"": [""Rs 5,000""]}",Gamma expansion variant for LOTTERY_SCAM.,2026-07-30T10:29:01.277Z,2026-07-30T10:29:01.277Z
LOTTERY_SCAM_0063,"You won gold coin in HDFC Diwali contest. Pay Rs 12,500 delivery charges.","you won gold coin in hdfc diwali contest. pay rs 12,500 delivery charges.",en,LOTTERY_SCAM,True,HIGH,scam,synthetic,2.0.0-gamma,"{""urls"": [], ""phones"": [], ""emails"": [], ""banks"": [""HDFC""], ""amounts"": [""Rs 12,500""]}",Gamma expansion variant for LOTTERY_SCAM.,2026-07-30T10:29:01.278Z,2026-07-30T10:29:01.278Z
PAN_SCAM_0026,Your PAN card will be blocked by IT Department. Update immediately at http://pan-update.xyz.,your pan card will be blocked by it department. update immediately at http://pan-update.xyz.,en,PAN_SCAM,True,HIGH,scam,synthetic,2.0.0-gamma,"{""urls"": [""http://pan-update.xyz.""], ""phones"": [], ""emails"": [], ""banks"": [], ""amounts"": []}",Gamma expansion variant for PAN_SCAM.,2026-07-30T10:29:01.280Z,2026-07-30T10:29:01.280Z
PAN_SCAM_0027,Your PAN card will be blocked by IT Department. Update immediately at http://verify-uidai.xyz,your pan card will be blocked by it department. update immediately at http://verify-uidai.xyz,en,PAN_SCAM,True,HIGH,scam,synthetic,2.0.0-gamma,"{""urls"": [""http://verify-uidai.xyz""], ""phones"": [], ""emails"": [], ""banks"": [], ""amounts"": []}",Gamma expansion variant for PAN_SCAM.,2026-07-30T10:29:01.280Z,2026-07-30T10:29:01.280Z
PAN_SCAM_0028,Your PAN card will be blocked by IT Department. Update immediately at http://update-aadhaar.tk,your pan card will be blocked by it department. update immediately at http://update-aadhaar.tk,en,PAN_SCAM,True,HIGH,scam,synthetic,2.0.0-gamma,"{""urls"": [""http://update-aadhaar.tk""], ""phones"": [], ""emails"": [], ""banks"": [], ""amounts"": []}",Gamma expansion variant for PAN_SCAM.,2026-07-30T10:29:01.280Z,2026-07-30T10:29:01.280Z
PAN_SCAM_0029,PAN Aadhaar link pending! Link now or your PAN will become inoperative.,pan aadhaar link pending! link now or your pan will become inoperative.,en,PAN_SCAM,True,HIGH,scam,synthetic,2.0.0-gamma,"{""urls"": [], ""phones"": [], ""emails"": [], ""banks"": [], ""amounts"": []}",Gamma expansion variant for PAN_SCAM.,2026-07-30T10:29:01.280Z,2026-07-30T10:29:01.280Z
PAN_SCAM_0030,"Income Tax: Rs 45,000 refund against PAN ABCDE1234F approved. Claim at http://refund-pan.tk.","income tax: rs 45,000 refund against pan abcde1234f approved. claim at http://refund-pan.tk.",en,PAN_SCAM,True,HIGH,scam,synthetic,2.0.0-gamma,"{""urls"": [""http://refund-pan.tk.""], ""phones"": [], ""emails"": [], ""banks"": [], ""amounts"": [""Rs 45,000"", ""1234""]}",Gamma expansion variant for PAN_SCAM.,2026-07-30T10:29:01.281Z,2026-07-30T10:29:01.281Z
PAN_SCAM_0031,"Income Tax: Rs 45,000 refund against PAN ABCDE1234F approved. Claim at http://verify-uidai.xyz","income tax: rs 45,000 refund against pan abcde1234f approved. claim at http://verify-uidai.xyz",en,PAN_SCAM,True,HIGH,scam,synthetic,2.0.0-gamma,"{""urls"": [""http://verify-uidai.xyz""], ""phones"": [], ""emails"": [], ""banks"": [], ""amounts"": [""Rs 45,000"", ""1234""]}",Gamma expansion variant for PAN_SCAM.,2026-07-30T10:29:01.281Z,2026-07-30T10:29:01.281Z
PAN_SCAM_0032,"Income Tax: Rs 45,000 refund against PAN ABCDE1234F approved. Claim at http://update-aadhaar.tk","income tax: rs 45,000 refund against pan abcde1234f approved. claim at http://update-aadhaar.tk",en,PAN_SCAM,True,HIGH,scam,synthetic,2.0.0-gamma,"{""urls"": [""http://update-aadhaar.tk""], ""phones"": [], ""emails"": [], ""banks"": [], ""amounts"": [""Rs 45,000"", ""1234""]}",Gamma expansion variant for PAN_SCAM.,2026-07-30T10:29:01.281Z,2026-07-30T10:29:01.281Z
PAN_SCAM_0033,"Your PAN has been used in fraudulent transactions worth Rs 5,00,000. File complaint at 1800-123-4567.","your pan has been used in fraudulent transactions worth rs 5,00,000. file complaint at 1800-123-4567.",en,PAN_SCAM,True,HIGH,scam,synthetic,2.0.0-gamma,"{""urls"": [], ""phones"": [""1800-123-4567""], ""emails"": [], ""banks"": [], ""amounts"": [""Rs 5,00,000"", "" 1800"", ""123"", ""4567""]}",Gamma expansion variant for PAN_SCAM.,2026-07-30T10:29:01.281Z,2026-07-30T10:29:01.281Z
PAN_SCAM_0034,"Your PAN has been used in fraudulent transactions worth Rs 5,00,000. File complaint at 1800-425-6789.","your pan has been used in fraudulent transactions worth rs 5,00,000. file complaint at 1800-425-6789.",en,PAN_SCAM,True,HIGH,scam,synthetic,2.0.0-gamma,"{""urls"": [], ""phones"": [""1800-425-6789""], ""emails"": [], ""banks"": [], ""amounts"": [""Rs 5,00,000"", "" 1800"", ""425"", ""6789""]}",Gamma expansion variant for PAN_SCAM.,2026-07-30T10:29:01.281Z,2026-07-30T10:29:01.281Z
PAN_SCAM_0035,"Your PAN has been used in fraudulent transactions worth Rs 5,00,000. File complaint at 1800-258-3690.","your pan has been used in fraudulent transactions worth rs 5,00,000. file complaint at 1800-258-3690.",en,PAN_SCAM,True,HIGH,scam,synthetic,2.0.0-gamma,"{""urls"": [], ""phones"": [""1800-258-3690""], ""emails"": [], ""banks"": [], ""amounts"": [""Rs 5,00,000"", "" 1800"", ""258"", ""3690""]}",Gamma expansion variant for PAN_SCAM.,2026-07-30T10:29:01.281Z,2026-07-30T10:29:01.281Z
PAN_SCAM_0036,"PAN card upgrade mandatory. Pay Rs 2,500 fee at http://pan-upgrade.xyz.","pan card upgrade mandatory. pay rs 2,500 fee at http://pan-upgrade.xyz.",en,PAN_SCAM,True,HIGH,scam,synthetic,2.0.0-gamma,"{""urls"": [""http://pan-upgrade.xyz.""], ""phones"": [], ""emails"": [], ""banks"": [], ""amounts"": [""Rs 2,500""]}",Gamma expansion variant for PAN_SCAM.,2026-07-30T10:29:01.281Z,2026-07-30T10:29:01.281Z
PAN_SCAM_0037,"PAN card upgrade mandatory. Pay Rs 2,500 fee at http://verify-uidai.xyz","pan card upgrade mandatory. pay rs 2,500 fee at http://verify-uidai.xyz",en,PAN_SCAM,True,HIGH,scam,synthetic,2.0.0-gamma,"{""urls"": [""http://verify-uidai.xyz""], ""phones"": [], ""emails"": [], ""banks"": [], ""amounts"": [""Rs 2,500""]}",Gamma expansion variant for PAN_SCAM.,2026-07-30T10:29:01.281Z,2026-07-30T10:29:01.281Z
PAN_SCAM_0038,"PAN card upgrade mandatory. Pay Rs 2,500 fee at http://update-aadhaar.tk","pan card upgrade mandatory. pay rs 2,500 fee at http://update-aadhaar.tk",en,PAN_SCAM,True,HIGH,scam,synthetic,2.0.0-gamma,"{""urls"": [""http://update-aadhaar.tk""], ""phones"": [], ""emails"": [], ""banks"": [], ""amounts"": [""Rs 2,500""]}",Gamma expansion variant for PAN_SCAM.,2026-07-30T10:29:01.281Z,2026-07-30T10:29:01.281Z
PAN_SCAM_0039,Your PAN has been suspended due to non-linking with Aadhaar. Link at http://link-pan-aadhaar.in.,your pan has been suspended due to non-linking with aadhaar. link at http://link-pan-aadhaar.in.,en,PAN_SCAM,True,HIGH,scam,synthetic,2.0.0-gamma,"{""urls"": [""http://link-pan-aadhaar.in.""], ""phones"": [], ""emails"": [], ""banks"": [], ""amounts"": []}",Gamma expansion variant for PAN_SCAM.,2026-07-30T10:29:01.281Z,2026-07-30T10:29:01.281Z
PAN_SCAM_0040,Your PAN has been suspended due to non-linking with Aadhaar. Link at http://verify-uidai.xyz,your pan has been suspended due to non-linking with aadhaar. link at http://verify-uidai.xyz,en,PAN_SCAM,True,HIGH,scam,synthetic,2.0.0-gamma,"{""urls"": [""http://verify-uidai.xyz""], ""phones"": [], ""emails"": [], ""banks"": [], ""amounts"": []}",Gamma expansion variant for PAN_SCAM.,2026-07-30T10:29:01.281Z,2026-07-30T10:29:01.281Z
PAN_SCAM_0041,Your PAN has been suspended due to non-linking with Aadhaar. Link at http://update-aadhaar.tk,your pan has been suspended due to non-linking with aadhaar. link at http://update-aadhaar.tk,en,PAN_SCAM,True,HIGH,scam,synthetic,2.0.0-gamma,"{""urls"": [""http://update-aadhaar.tk""], ""phones"": [], ""emails"": [], ""banks"": [], ""amounts"": []}",Gamma expansion variant for PAN_SCAM.,2026-07-30T10:29:01.281Z,2026-07-30T10:29:01.281Z
PAN_SCAM_0042,Tax notice: Your PAN linked to undisclosed foreign bank account. Respond within 15 days.,tax notice: your pan linked to undisclosed foreign bank account. respond within 15 days.,en,PAN_SCAM,True,HIGH,scam,synthetic,2.0.0-gamma,"{""urls"": [], ""phones"": [], ""emails"": [], ""banks"": [], ""amounts"": ["" 15""]}",Gamma expansion variant for PAN_SCAM.,2026-07-30T10:29:01.281Z,2026-07-30T10:29:01.281Z
PAN_SCAM_0043,PAN card fraud alert: Your PAN used to open 2 companies in Delhi. Call for verification.,pan card fraud alert: your pan used to open 2 companies in delhi. call for verification.,en,PAN_SCAM,True,HIGH,scam,synthetic,2.0.0-gamma,"{""urls"": [], ""phones"": [], ""emails"": [], ""banks"": [], ""amounts"": ["" 2""]}",Gamma expansion variant for PAN_SCAM.,2026-07-30T10:29:01.281Z,2026-07-30T10:29:01.281Z
PAN_SCAM_0044,PAN card fraud alert: Your PAN used to open 2 companies in Mumbai. Call for verification.,pan card fraud alert: your pan used to open 2 companies in mumbai. call for verification.,en,PAN_SCAM,True,HIGH,scam,synthetic,2.0.0-gamma,"{""urls"": [], ""phones"": [], ""emails"": [], ""banks"": [], ""amounts"": ["" 2""]}",Gamma expansion variant for PAN_SCAM.,2026-07-30T10:29:01.281Z,2026-07-30T10:29:01.281Z
PAN_SCAM_0045,PAN card fraud alert: Your PAN used to open 2 companies in Bangalore. Call for verification.,pan card fraud alert: your pan used to open 2 companies in bangalore. call for verification.,en,PAN_SCAM,True,HIGH,scam,synthetic,2.0.0-gamma,"{""urls"": [], ""phones"": [], ""emails"": [], ""banks"": [], ""amounts"": ["" 2""]}",Gamma expansion variant for PAN_SCAM.,2026-07-30T10:29:01.281Z,2026-07-30T10:29:01.281Z
PAN_SCAM_0046,Your PAN e-KYC is incomplete. Your PAN will be deactivated. Complete at http://pan-ekyc.xyz.,your pan e-kyc is incomplete. your pan will be deactivated. complete at http://pan-ekyc.xyz.,en,PAN_SCAM,True,HIGH,scam,synthetic,2.0.0-gamma,"{""urls"": [""http://pan-ekyc.xyz.""], ""phones"": [], ""emails"": [], ""banks"": [], ""amounts"": []}",Gamma expansion variant for PAN_SCAM.,2026-07-30T10:29:01.282Z,2026-07-30T10:29:01.282Z
PAN_SCAM_0047,Your PAN e-KYC is incomplete. Your PAN will be deactivated. Complete at http://verify-uidai.xyz,your pan e-kyc is incomplete. your pan will be deactivated. complete at http://verify-uidai.xyz,en,PAN_SCAM,True,HIGH,scam,synthetic,2.0.0-gamma,"{""urls"": [""http://verify-uidai.xyz""], ""phones"": [], ""emails"": [], ""banks"": [], ""amounts"": []}",Gamma expansion variant for PAN_SCAM.,2026-07-30T10:29:01.282Z,2026-07-30T10:29:01.282Z
PAN_SCAM_0048,Your PAN e-KYC is incomplete. Your PAN will be deactivated. Complete at http://update-aadhaar.tk,your pan e-kyc is incomplete. your pan will be deactivated. complete at http://update-aadhaar.tk,en,PAN_SCAM,True,HIGH,scam,synthetic,2.0.0-gamma,"{""urls"": [""http://update-aadhaar.tk""], ""phones"": [], ""emails"": [], ""banks"": [], ""amounts"": []}",Gamma expansion variant for PAN_SCAM.,2026-07-30T10:29:01.282Z,2026-07-30T10:29:01.282Z
PAN_SCAM_0049,PAN verification failed: Mismatch in name and DOB. Correct at http://pan-correction.tk.,pan verification failed: mismatch in name and dob. correct at http://pan-correction.tk.,en,PAN_SCAM,True,HIGH,scam,synthetic,2.0.0-gamma,"{""urls"": [""http://pan-correction.tk.""], ""phones"": [], ""emails"": [], ""banks"": [], ""amounts"": []}",Gamma expansion variant for PAN_SCAM.,2026-07-30T10:29:01.282Z,2026-07-30T10:29:01.282Z
PAN_SCAM_0050,PAN verification failed: Mismatch in name and DOB. Correct at http://verify-uidai.xyz,pan verification failed: mismatch in name and dob. correct at http://verify-uidai.xyz,en,PAN_SCAM,True,HIGH,scam,synthetic,2.0.0-gamma,"{""urls"": [""http://verify-uidai.xyz""], ""phones"": [], ""emails"": [], ""banks"": [], ""amounts"": []}",Gamma expansion variant for PAN_SCAM.,2026-07-30T10:29:01.282Z,2026-07-30T10:29:01.282Z
PAN_SCAM_0051,PAN verification failed: Mismatch in name and DOB. Correct at http://update-aadhaar.tk,pan verification failed: mismatch in name and dob. correct at http://update-aadhaar.tk,en,PAN_SCAM,True,HIGH,scam,synthetic,2.0.0-gamma,"{""urls"": [""http://update-aadhaar.tk""], ""phones"": [], ""emails"": [], ""banks"": [], ""amounts"": []}",Gamma expansion variant for PAN_SCAM.,2026-07-30T10:29:01.282Z,2026-07-30T10:29:01.282Z
QR_SCAM_0061,Hotel booking QR: http://hotel-qr.in. Scan for Rs 500 discount.,hotel booking qr: http://hotel-qr.in. scan for rs 500 discount.,en,QR_SCAM,True,HIGH,scam,synthetic,2.0.0-gamma,"{""urls"": [""http://hotel-qr.in.""], ""phones"": [], ""emails"": [], ""banks"": [], ""amounts"": [""Rs 500""]}",Gamma expansion variant for QR_SCAM.,2026-07-30T10:29:01.285Z,2026-07-30T10:29:01.285Z
QR_SCAM_0062,"Insurance premium QR: http://lic-qr.tk. Pay Rs 12,500 now.","insurance premium qr: http://lic-qr.tk. pay rs 12,500 now.",en,QR_SCAM,True,HIGH,scam,synthetic,2.0.0-gamma,"{""urls"": [""http://lic-qr.tk.""], ""phones"": [], ""emails"": [], ""banks"": [], ""amounts"": [""Rs 12,500""]}",Gamma expansion variant for QR_SCAM.,2026-07-30T10:29:01.285Z,2026-07-30T10:29:01.285Z
QR_SCAM_0063,"Insurance premium QR: http://verify-uidai.xyz Pay Rs 12,500 now.","insurance premium qr: http://verify-uidai.xyz pay rs 12,500 now.",en,QR_SCAM,True,HIGH,scam,synthetic,2.0.0-gamma,"{""urls"": [""http://verify-uidai.xyz""], ""phones"": [], ""emails"": [], ""banks"": [], ""amounts"": [""Rs 12,500""]}",Gamma expansion variant for QR_SCAM.,2026-07-30T10:29:01.285Z,2026-07-30T10:29:01.285Z
QR_SCAM_0064,"Insurance premium QR: http://update-aadhaar.tk Pay Rs 12,500 now.","insurance premium qr: http://update-aadhaar.tk pay rs 12,500 now.",en,QR_SCAM,True,HIGH,scam,synthetic,2.0.0-gamma,"{""urls"": [""http://update-aadhaar.tk""], ""phones"": [], ""emails"": [], ""banks"": [], ""amounts"": [""Rs 12,500""]}",Gamma expansion variant for QR_SCAM.,2026-07-30T10:29:01.285Z,2026-07-30T10:29:01.285Z
ROMANCE_SCAM_0036,"I am US Army captain in Syria. I want to send you gold. Pay Rs 5,000 customs fee.","i am us army captain in syria. i want to send you gold. pay rs 5,000 customs fee.",en,ROMANCE_SCAM,True,HIGH,scam,synthetic,2.0.0-gamma,"{""urls"": [], ""phones"": [], ""emails"": [], ""banks"": [], ""amounts"": [""Rs 5,000""]}",Gamma expansion variant for ROMANCE_SCAM.,2026-07-30T10:29:01.287Z,2026-07-30T10:29:01.287Z
ROMANCE_SCAM_0037,"I am US Army captain in Syria. I want to send you gold. Pay Rs 12,500 customs fee.","i am us army captain in syria. i want to send you gold. pay rs 12,500 customs fee.",en,ROMANCE_SCAM,True,HIGH,scam,synthetic,2.0.0-gamma,"{""urls"": [], ""phones"": [], ""emails"": [], ""banks"": [], ""amounts"": [""Rs 12,500""]}",Gamma expansion variant for ROMANCE_SCAM.,2026-07-30T10:29:01.287Z,2026-07-30T10:29:01.287Z
ROMANCE_SCAM_0038,"My father died leaving me Rs 5,000 crore inheritance. I need Rs 50,000 for legal fees.","my father died leaving me rs 5,000 crore inheritance. i need rs 50,000 for legal fees.",en,ROMANCE_SCAM,True,HIGH,scam,synthetic,2.0.0-gamma,"{""urls"": [], ""phones"": [], ""emails"": [], ""banks"": [], ""amounts"": [""Rs 5,000"", ""Rs 50,000""]}",Gamma expansion variant for ROMANCE_SCAM.,2026-07-30T10:29:01.287Z,2026-07-30T10:29:01.287Z
ROMANCE_SCAM_0039,"My father died leaving me Rs 12,500 crore inheritance. I need Rs 50,000 for legal fees.","my father died leaving me rs 12,500 crore inheritance. i need rs 50,000 for legal fees.",en,ROMANCE_SCAM,True,HIGH,scam,synthetic,2.0.0-gamma,"{""urls"": [], ""phones"": [], ""emails"": [], ""banks"": [], ""amounts"": [""Rs 12,500"", ""Rs 50,000""]}",Gamma expansion variant for ROMANCE_SCAM.,2026-07-30T10:29:01.287Z,2026-07-30T10:29:01.287Z
ROMANCE_SCAM_0040,"I love you. I want to come to India but my visa is stuck. Send Rs 5,000 for agent fees.","i love you. i want to come to india but my visa is stuck. send rs 5,000 for agent fees.",en,ROMANCE_SCAM,True,HIGH,scam,synthetic,2.0.0-gamma,"{""urls"": [], ""phones"": [], ""emails"": [], ""banks"": [], ""amounts"": [""Rs 5,000""]}",Gamma expansion variant for ROMANCE_SCAM.,2026-07-30T10:29:01.287Z,2026-07-30T10:29:01.287Z
ROMANCE_SCAM_0041,"I love you. I want to come to India but my visa is stuck. Send Rs 12,500 for agent fees.","i love you. i want to come to india but my visa is stuck. send rs 12,500 for agent fees.",en,ROMANCE_SCAM,True,HIGH,scam,synthetic,2.0.0-gamma,"{""urls"": [], ""phones"": [], ""emails"": [], ""banks"": [], ""amounts"": [""Rs 12,500""]}",Gamma expansion variant for ROMANCE_SCAM.,2026-07-30T10:29:01.287Z,2026-07-30T10:29:01.287Z
ROMANCE_SCAM_0042,"I am a model from Russia. I want to marry you. My agency needs Rs 5,000 release fee.","i am a model from russia. i want to marry you. my agency needs rs 5,000 release fee.",en,ROMANCE_SCAM,True,HIGH,scam,synthetic,2.0.0-gamma,"{""urls"": [], ""phones"": [], ""emails"": [], ""banks"": [], ""amounts"": [""Rs 5,000""]}",Gamma expansion variant for ROMANCE_SCAM.,2026-07-30T10:29:01.288Z,2026-07-30T10:29:01.288Z
ROMANCE_SCAM_0043,"I am a model from Russia. I want to marry you. My agency needs Rs 12,500 release fee.","i am a model from russia. i want to marry you. my agency needs rs 12,500 release fee.",en,ROMANCE_SCAM,True,HIGH,scam,synthetic,2.0.0-gamma,"{""urls"": [], ""phones"": [], ""emails"": [], ""banks"": [], ""amounts"": [""Rs 12,500""]}",Gamma expansion variant for ROMANCE_SCAM.,2026-07-30T10:29:01.288Z,2026-07-30T10:29:01.288Z
ROMANCE_SCAM_0044,"You won my heart. I am a rich widow with Rs 5,000 crore property. Help me transfer money.","you won my heart. i am a rich widow with rs 5,000 crore property. help me transfer money.",en,ROMANCE_SCAM,True,HIGH,scam,synthetic,2.0.0-gamma,"{""urls"": [], ""phones"": [], ""emails"": [], ""banks"": [], ""amounts"": [""Rs 5,000""]}",Gamma expansion variant for ROMANCE_SCAM.,2026-07-30T10:29:01.288Z,2026-07-30T10:29:01.288Z
ROMANCE_SCAM_0045,"You won my heart. I am a rich widow with Rs 12,500 crore property. Help me transfer money.","you won my heart. i am a rich widow with rs 12,500 crore property. help me transfer money.",en,ROMANCE_SCAM,True,HIGH,scam,synthetic,2.0.0-gamma,"{""urls"": [], ""phones"": [], ""emails"": [], ""banks"": [], ""amounts"": [""Rs 12,500""]}",Gamma expansion variant for ROMANCE_SCAM.,2026-07-30T10:29:01.288Z,2026-07-30T10:29:01.288Z
ROMANCE_SCAM_0046,"My shipping company CEO. My ship stuck in Somalia. Send Rs 5,000 for crew rescue.","my shipping company ceo. my ship stuck in somalia. send rs 5,000 for crew rescue.",en,ROMANCE_SCAM,True,HIGH,scam,synthetic,2.0.0-gamma,"{""urls"": [], ""phones"": [], ""emails"": [], ""banks"": [], ""amounts"": [""Rs 5,000""]}",Gamma expansion variant for ROMANCE_SCAM.,2026-07-30T10:29:01.288Z,2026-07-30T10:29:01.288Z
ROMANCE_SCAM_0047,"My shipping company CEO. My ship stuck in Somalia. Send Rs 12,500 for crew rescue.","my shipping company ceo. my ship stuck in somalia. send rs 12,500 for crew rescue.",en,ROMANCE_SCAM,True,HIGH,scam,synthetic,2.0.0-gamma,"{""urls"": [], ""phones"": [], ""emails"": [], ""banks"": [], ""amounts"": [""Rs 12,500""]}",Gamma expansion variant for ROMANCE_SCAM.,2026-07-30T10:29:01.288Z,2026-07-30T10:29:01.288Z
ROMANCE_SCAM_0048,"I am pregnant with your child. I need Rs 5,000 for medical expenses. Please help.","i am pregnant with your child. i need rs 5,000 for medical expenses. please help.",en,ROMANCE_SCAM,True,HIGH,scam,synthetic,2.0.0-gamma,"{""urls"": [], ""phones"": [], ""emails"": [], ""banks"": [], ""amounts"": [""Rs 5,000""]}",Gamma expansion variant for ROMANCE_SCAM.,2026-07-30T10:29:01.288Z,2026-07-30T10:29:01.288Z
ROMANCE_SCAM_0049,"I am pregnant with your child. I need Rs 12,500 for medical expenses. Please help.","i am pregnant with your child. i need rs 12,500 for medical expenses. please help.",en,ROMANCE_SCAM,True,HIGH,scam,synthetic,2.0.0-gamma,"{""urls"": [], ""phones"": [], ""emails"": [], ""banks"": [], ""amounts"": [""Rs 12,500""]}",Gamma expansion variant for ROMANCE_SCAM.,2026-07-30T10:29:01.288Z,2026-07-30T10:29:01.288Z
ROMANCE_SCAM_0050,"UN worker in Afghanistan. My life in danger. Send Rs 5,000 for emergency evacuation.","un worker in afghanistan. my life in danger. send rs 5,000 for emergency evacuation.",en,ROMANCE_SCAM,True,HIGH,scam,synthetic,2.0.0-gamma,"{""urls"": [], ""phones"": [], ""emails"": [], ""banks"": [], ""amounts"": [""Rs 5,000""]}",Gamma expansion variant for ROMANCE_SCAM.,2026-07-30T10:29:01.288Z,2026-07-30T10:29:01.288Z
ROMANCE_SCAM_0051,"UN worker in Afghanistan. My life in danger. Send Rs 12,500 for emergency evacuation.","un worker in afghanistan. my life in danger. send rs 12,500 for emergency evacuation.",en,ROMANCE_SCAM,True,HIGH,scam,synthetic,2.0.0-gamma,"{""urls"": [], ""phones"": [], ""emails"": [], ""banks"": [], ""amounts"": [""Rs 12,500""]}",Gamma expansion variant for ROMANCE_SCAM.,2026-07-30T10:29:01.288Z,2026-07-30T10:29:01.288Z
ROMANCE_SCAM_0052,"Oil rig engineer from Texas. I have gold bars worth Rs 5,000. Ship to you. Pay shipping.","oil rig engineer from texas. i have gold bars worth rs 5,000. ship to you. pay shipping.",en,ROMANCE_SCAM,True,HIGH,scam,synthetic,2.0.0-gamma,"{""urls"": [], ""phones"": [], ""emails"": [], ""banks"": [], ""amounts"": [""Rs 5,000""]}",Gamma expansion variant for ROMANCE_SCAM.,2026-07-30T10:29:01.288Z,2026-07-30T10:29:01.288Z
ROMANCE_SCAM_0053,"Oil rig engineer from Texas. I have gold bars worth Rs 12,500. Ship to you. Pay shipping.","oil rig engineer from texas. i have gold bars worth rs 12,500. ship to you. pay shipping.",en,ROMANCE_SCAM,True,HIGH,scam,synthetic,2.0.0-gamma,"{""urls"": [], ""phones"": [], ""emails"": [], ""banks"": [], ""amounts"": [""Rs 12,500""]}",Gamma expansion variant for ROMANCE_SCAM.,2026-07-30T10:29:01.289Z,2026-07-30T10:29:01.289Z
ROMANCE_SCAM_0054,"Doctor in UK. My bank account frozen. Need Rs 5,000 to release my funds for our future.","doctor in uk. my bank account frozen. need rs 5,000 to release my funds for our future.",en,ROMANCE_SCAM,True,HIGH,scam,synthetic,2.0.0-gamma,"{""urls"": [], ""phones"": [], ""emails"": [], ""banks"": [], ""amounts"": [""Rs 5,000""]}",Gamma expansion variant for ROMANCE_SCAM.,2026-07-30T10:29:01.289Z,2026-07-30T10:29:01.289Z
ROMANCE_SCAM_0055,"Doctor in UK. My bank account frozen. Need Rs 12,500 to release my funds for our future.","doctor in uk. my bank account frozen. need rs 12,500 to release my funds for our future.",en,ROMANCE_SCAM,True,HIGH,scam,synthetic,2.0.0-gamma,"{""urls"": [], ""phones"": [], ""emails"": [], ""banks"": [], ""amounts"": [""Rs 12,500""]}",Gamma expansion variant for ROMANCE_SCAM.,2026-07-30T10:29:01.289Z,2026-07-30T10:29:01.289Z
ROMANCE_SCAM_0056,"British Army nurse in Yemen. I love you deeply. Send Rs 35,000 for my discharge papers.","british army nurse in yemen. i love you deeply. send rs 35,000 for my discharge papers.",en,ROMANCE_SCAM,True,HIGH,scam,synthetic,2.0.0-gamma,"{""urls"": [], ""phones"": [], ""emails"": [], ""banks"": [], ""amounts"": [""Rs 35,000""]}",Gamma expansion variant for ROMANCE_SCAM.,2026-07-30T10:29:01.289Z,2026-07-30T10:29:01.289Z
ROMANCE_SCAM_0057,"British Army nurse in Yemen. I love you deeply. Send Rs 5,000 for my discharge papers.","british army nurse in yemen. i love you deeply. send rs 5,000 for my discharge papers.",en,ROMANCE_SCAM,True,HIGH,scam,synthetic,2.0.0-gamma,"{""urls"": [], ""phones"": [], ""emails"": [], ""banks"": [], ""amounts"": [""Rs 5,000""]}",Gamma expansion variant for ROMANCE_SCAM.,2026-07-30T10:29:01.289Z,2026-07-30T10:29:01.289Z
ROMANCE_SCAM_0058,"British Army nurse in Yemen. I love you deeply. Send Rs 12,500 for my discharge papers.","british army nurse in yemen. i love you deeply. send rs 12,500 for my discharge papers.",en,ROMANCE_SCAM,True,HIGH,scam,synthetic,2.0.0-gamma,"{""urls"": [], ""phones"": [], ""emails"": [], ""banks"": [], ""amounts"": [""Rs 12,500""]}",Gamma expansion variant for ROMANCE_SCAM.,2026-07-30T10:29:01.289Z,2026-07-30T10:29:01.289Z
ROMANCE_SCAM_0059,"Hello dear, I am a French artist. Your Facebook profile touched my heart. Need Rs 25,000 for visa.","hello dear, i am a french artist. your facebook profile touched my heart. need rs 25,000 for visa.",en,ROMANCE_SCAM,True,HIGH,scam,synthetic,2.0.0-gamma,"{""urls"": [], ""phones"": [], ""emails"": [], ""banks"": [], ""amounts"": ["","", ""Rs 25,000""]}",Gamma expansion variant for ROMANCE_SCAM.,2026-07-30T10:29:01.289Z,2026-07-30T10:29:01.289Z
ROMANCE_SCAM_0060,"Hello dear, I am a French artist. Your Facebook profile touched my heart. Need Rs 5,000 for visa.","hello dear, i am a french artist. your facebook profile touched my heart. need rs 5,000 for visa.",en,ROMANCE_SCAM,True,HIGH,scam,synthetic,2.0.0-gamma,"{""urls"": [], ""phones"": [], ""emails"": [], ""banks"": [], ""amounts"": ["","", ""Rs 5,000""]}",Gamma expansion variant for ROMANCE_SCAM.,2026-07-30T10:29:01.289Z,2026-07-30T10:29:01.289Z
ROMANCE_SCAM_0061,"Hello dear, I am a French artist. Your Facebook profile touched my heart. Need Rs 12,500 for visa.","hello dear, i am a french artist. your facebook profile touched my heart. need rs 12,500 for visa.",en,ROMANCE_SCAM,True,HIGH,scam,synthetic,2.0.0-gamma,"{""urls"": [], ""phones"": [], ""emails"": [], ""banks"": [], ""amounts"": ["","", ""Rs 12,500""]}",Gamma expansion variant for ROMANCE_SCAM.,2026-07-30T10:29:01.289Z,2026-07-30T10:29:01.289Z
ROMANCE_SCAM_0062,"Rich businessman from Dubai wants to marry you. Send Rs 50,000 for mehandi function expenses.","rich businessman from dubai wants to marry you. send rs 50,000 for mehandi function expenses.",en,ROMANCE_SCAM,True,HIGH,scam,synthetic,2.0.0-gamma,"{""urls"": [], ""phones"": [], ""emails"": [], ""banks"": [], ""amounts"": [""Rs 50,000""]}",Gamma expansion variant for ROMANCE_SCAM.,2026-07-30T10:29:01.289Z,2026-07-30T10:29:01.289Z
ROMANCE_SCAM_0063,"Rich businessman from Dubai wants to marry you. Send Rs 5,000 for mehandi function expenses.","rich businessman from dubai wants to marry you. send rs 5,000 for mehandi function expenses.",en,ROMANCE_SCAM,True,HIGH,scam,synthetic,2.0.0-gamma,"{""urls"": [], ""phones"": [], ""emails"": [], ""banks"": [], ""amounts"": [""Rs 5,000""]}",Gamma expansion variant for ROMANCE_SCAM.,2026-07-30T10:29:01.289Z,2026-07-30T10:29:01.289Z
ROMANCE_SCAM_0064,"Rich businessman from Dubai wants to marry you. Send Rs 12,500 for mehandi function expenses.","rich businessman from dubai wants to marry you. send rs 12,500 for mehandi function expenses.",en,ROMANCE_SCAM,True,HIGH,scam,synthetic,2.0.0-gamma,"{""urls"": [], ""phones"": [], ""emails"": [], ""banks"": [], ""amounts"": [""Rs 12,500""]}",Gamma expansion variant for ROMANCE_SCAM.,2026-07-30T10:29:01.289Z,2026-07-30T10:29:01.289Z
ROMANCE_SCAM_0065,"I am working on cruise ship in Mediterranean. My wallet stolen. Need $1,200 for flight home.","i am working on cruise ship in mediterranean. my wallet stolen. need $1,200 for flight home.",en,ROMANCE_SCAM,True,HIGH,scam,synthetic,2.0.0-gamma,"{""urls"": [], ""phones"": [], ""emails"": [], ""banks"": [], ""amounts"": [""1,200""]}",Gamma expansion variant for ROMANCE_SCAM.,2026-07-30T10:29:01.289Z,2026-07-30T10:29:01.289Z
ROMANCE_SCAM_0066,"I am working on cruise ship in Mediterranean. My wallet stolen. Need Rs 5,000 for flight home.","i am working on cruise ship in mediterranean. my wallet stolen. need rs 5,000 for flight home.",en,ROMANCE_SCAM,True,HIGH,scam,synthetic,2.0.0-gamma,"{""urls"": [], ""phones"": [], ""emails"": [], ""banks"": [], ""amounts"": [""Rs 5,000""]}",Gamma expansion variant for ROMANCE_SCAM.,2026-07-30T10:29:01.289Z,2026-07-30T10:29:01.289Z
ROMANCE_SCAM_0067,"I am working on cruise ship in Mediterranean. My wallet stolen. Need Rs 12,500 for flight home.","i am working on cruise ship in mediterranean. my wallet stolen. need rs 12,500 for flight home.",en,ROMANCE_SCAM,True,HIGH,scam,synthetic,2.0.0-gamma,"{""urls"": [], ""phones"": [], ""emails"": [], ""banks"": [], ""amounts"": [""Rs 12,500""]}",Gamma expansion variant for ROMANCE_SCAM.,2026-07-30T10:29:01.289Z,2026-07-30T10:29:01.289Z
ROMANCE_SCAM_0068,"NRI from Canada. I want to retire in your city. Help me transfer Rs 2 crore. Pay Rs 45,000 tax.","nri from canada. i want to retire in your city. help me transfer rs 2 crore. pay rs 45,000 tax.",en,ROMANCE_SCAM,True,HIGH,scam,synthetic,2.0.0-gamma,"{""urls"": [], ""phones"": [], ""emails"": [], ""banks"": [], ""amounts"": [""Rs 2"", ""Rs 45,000""]}",Gamma expansion variant for ROMANCE_SCAM.,2026-07-30T10:29:01.289Z,2026-07-30T10:29:01.289Z
ROMANCE_SCAM_0069,"NRI from Canada. I want to retire in your city. Help me transfer Rs 5,000 crore. Pay Rs 45,000 tax.","nri from canada. i want to retire in your city. help me transfer rs 5,000 crore. pay rs 45,000 tax.",en,ROMANCE_SCAM,True,HIGH,scam,synthetic,2.0.0-gamma,"{""urls"": [], ""phones"": [], ""emails"": [], ""banks"": [], ""amounts"": [""Rs 5,000"", ""Rs 45,000""]}",Gamma expansion variant for ROMANCE_SCAM.,2026-07-30T10:29:01.290Z,2026-07-30T10:29:01.290Z
ROMANCE_SCAM_0070,"NRI from Canada. I want to retire in your city. Help me transfer Rs 12,500 crore. Pay Rs 45,000 tax.","nri from canada. i want to retire in your city. help me transfer rs 12,500 crore. pay rs 45,000 tax.",en,ROMANCE_SCAM,True,HIGH,scam,synthetic,2.0.0-gamma,"{""urls"": [], ""phones"": [], ""emails"": [], ""banks"": [], ""amounts"": [""Rs 12,500"", ""Rs 45,000""]}",Gamma expansion variant for ROMANCE_SCAM.,2026-07-30T10:29:01.290Z,2026-07-30T10:29:01.290Z
TELECOM_SCAM_0047,"Airtel: Your number used for spam calls. Line will be disconnected. Pay Rs 5,000 fine.","airtel: your number used for spam calls. line will be disconnected. pay rs 5,000 fine.",en,TELECOM_SCAM,True,HIGH,scam,synthetic,2.0.0-gamma,"{""urls"": [], ""phones"": [], ""emails"": [], ""banks"": [], ""amounts"": [""Rs 5,000""]}",Gamma expansion variant for TELECOM_SCAM.,2026-07-30T10:29:01.291Z,2026-07-30T10:29:01.291Z
TELECOM_SCAM_0048,"Airtel: Your number used for spam calls. Line will be disconnected. Pay Rs 12,500 fine.","airtel: your number used for spam calls. line will be disconnected. pay rs 12,500 fine.",en,TELECOM_SCAM,True,HIGH,scam,synthetic,2.0.0-gamma,"{""urls"": [], ""phones"": [], ""emails"": [], ""banks"": [], ""amounts"": [""Rs 12,500""]}",Gamma expansion variant for TELECOM_SCAM.,2026-07-30T10:29:01.292Z,2026-07-30T10:29:01.292Z
TELECOM_SCAM_0049,"Your mobile number won TATA Sky lottery of Rs 5,000. Call to claim.","your mobile number won tata sky lottery of rs 5,000. call to claim.",en,TELECOM_SCAM,True,HIGH,scam,synthetic,2.0.0-gamma,"{""urls"": [], ""phones"": [], ""emails"": [], ""banks"": [], ""amounts"": [""Rs 5,000""]}",Gamma expansion variant for TELECOM_SCAM.,2026-07-30T10:29:01.292Z,2026-07-30T10:29:01.292Z
TELECOM_SCAM_0050,"Your mobile number won TATA Sky lottery of Rs 12,500. Call to claim.","your mobile number won tata sky lottery of rs 12,500. call to claim.",en,TELECOM_SCAM,True,HIGH,scam,synthetic,2.0.0-gamma,"{""urls"": [], ""phones"": [], ""emails"": [], ""banks"": [], ""amounts"": [""Rs 12,500""]}",Gamma expansion variant for TELECOM_SCAM.,2026-07-30T10:29:01.292Z,2026-07-30T10:29:01.292Z
TELECOM_SCAM_0051,"TRAI: Your SMS services will be blocked due to spam complaints. Pay Rs 5,000 penalty.","trai: your sms services will be blocked due to spam complaints. pay rs 5,000 penalty.",en,TELECOM_SCAM,True,HIGH,scam,synthetic,2.0.0-gamma,"{""urls"": [], ""phones"": [], ""emails"": [], ""banks"": [], ""amounts"": [""Rs 5,000""]}",Gamma expansion variant for TELECOM_SCAM.,2026-07-30T10:29:01.292Z,2026-07-30T10:29:01.292Z
TELECOM_SCAM_0052,"TRAI: Your SMS services will be blocked due to spam complaints. Pay Rs 12,500 penalty.","trai: your sms services will be blocked due to spam complaints. pay rs 12,500 penalty.",en,TELECOM_SCAM,True,HIGH,scam,synthetic,2.0.0-gamma,"{""urls"": [], ""phones"": [], ""emails"": [], ""banks"": [], ""amounts"": [""Rs 12,500""]}",Gamma expansion variant for TELECOM_SCAM.,2026-07-30T10:29:01.292Z,2026-07-30T10:29:01.292Z
TELECOM_SCAM_0053,"JioFiber: Your plan upgraded to 1Gbps. Rs 5,000 annual fee deducted. Dispute? Call now.","jiofiber: your plan upgraded to 1gbps. rs 5,000 annual fee deducted. dispute? call now.",en,TELECOM_SCAM,True,HIGH,scam,synthetic,2.0.0-gamma,"{""urls"": [], ""phones"": [], ""emails"": [], ""banks"": [], ""amounts"": ["" 1"", ""Rs 5,000""]}",Gamma expansion variant for TELECOM_SCAM.,2026-07-30T10:29:01.292Z,2026-07-30T10:29:01.292Z
TELECOM_SCAM_0054,"JioFiber: Your plan upgraded to 1Gbps. Rs 25,000 annual fee deducted. Dispute? Call now.","jiofiber: your plan upgraded to 1gbps. rs 25,000 annual fee deducted. dispute? call now.",en,TELECOM_SCAM,True,HIGH,scam,synthetic,2.0.0-gamma,"{""urls"": [], ""phones"": [], ""emails"": [], ""banks"": [], ""amounts"": ["" 1"", ""Rs 25,000""]}",Gamma expansion variant for TELECOM_SCAM.,2026-07-30T10:29:01.292Z,2026-07-30T10:29:01.292Z
TELECOM_SCAM_0055,"VI: International roaming activated on your number. Pay Rs 12,500 activation fee.","vi: international roaming activated on your number. pay rs 12,500 activation fee.",en,TELECOM_SCAM,True,HIGH,scam,synthetic,2.0.0-gamma,"{""urls"": [], ""phones"": [], ""emails"": [], ""banks"": [], ""amounts"": [""Rs 12,500""]}",Gamma expansion variant for TELECOM_SCAM.,2026-07-30T10:29:01.292Z,2026-07-30T10:29:01.292Z
TELECOM_SCAM_0056,"VI: International roaming activated on your number. Pay Rs 25,000 activation fee.","vi: international roaming activated on your number. pay rs 25,000 activation fee.",en,TELECOM_SCAM,True,HIGH,scam,synthetic,2.0.0-gamma,"{""urls"": [], ""phones"": [], ""emails"": [], ""banks"": [], ""amounts"": [""Rs 25,000""]}",Gamma expansion variant for TELECOM_SCAM.,2026-07-30T10:29:01.292Z,2026-07-30T10:29:01.292Z
TELECOM_SCAM_0057,"BSNL: Your landline number will be withdrawn. Pay Rs 5,000 reconnection fee.","bsnl: your landline number will be withdrawn. pay rs 5,000 reconnection fee.",en,TELECOM_SCAM,True,HIGH,scam,synthetic,2.0.0-gamma,"{""urls"": [], ""phones"": [], ""emails"": [], ""banks"": [], ""amounts"": [""Rs 5,000""]}",Gamma expansion variant for TELECOM_SCAM.,2026-07-30T10:29:01.292Z,2026-07-30T10:29:01.292Z
TELECOM_SCAM_0058,"BSNL: Your landline number will be withdrawn. Pay Rs 12,500 reconnection fee.","bsnl: your landline number will be withdrawn. pay rs 12,500 reconnection fee.",en,TELECOM_SCAM,True,HIGH,scam,synthetic,2.0.0-gamma,"{""urls"": [], ""phones"": [], ""emails"": [], ""banks"": [], ""amounts"": [""Rs 12,500""]}",Gamma expansion variant for TELECOM_SCAM.,2026-07-30T10:29:01.292Z,2026-07-30T10:29:01.292Z
UPI_FRAUD_0061,"Paytm: UPI transaction of Rs 5,000 detected. Confirm OTP to cancel.","paytm: upi transaction of rs 5,000 detected. confirm otp to cancel.",en,UPI_FRAUD,True,HIGH,scam,synthetic,2.0.0-gamma,"{""urls"": [], ""phones"": [], ""emails"": [], ""banks"": [], ""amounts"": [""Rs 5,000""]}",Gamma expansion variant for UPI_FRAUD.,2026-07-30T10:29:01.294Z,2026-07-30T10:29:01.294Z
UPI_FRAUD_0062,"Paytm: UPI transaction of Rs 12,500 detected. Confirm OTP to cancel.","paytm: upi transaction of rs 12,500 detected. confirm otp to cancel.",en,UPI_FRAUD,True,HIGH,scam,synthetic,2.0.0-gamma,"{""urls"": [], ""phones"": [], ""emails"": [], ""banks"": [], ""amounts"": [""Rs 12,500""]}",Gamma expansion variant for UPI_FRAUD.,2026-07-30T10:29:01.295Z,2026-07-30T10:29:01.295Z
UPI_FRAUD_0063,"BHIM UPI: Your UPI PIN changed. If not you, click http://bhim-block.xyz.","bhim upi: your upi pin changed. if not you, click http://bhim-block.xyz.",en,UPI_FRAUD,True,HIGH,scam,synthetic,2.0.0-gamma,"{""urls"": [""http://bhim-block.xyz.""], ""phones"": [], ""emails"": [], ""banks"": [], ""amounts"": ["",""]}",Gamma expansion variant for UPI_FRAUD.,2026-07-30T10:29:01.295Z,2026-07-30T10:29:01.295Z
UPI_FRAUD_0064,"Amazon Pay UPI: Rs 12,500 refund initiated. Click to accept: http://amazon-upi-refund.tk.","amazon pay upi: rs 12,500 refund initiated. click to accept: http://amazon-upi-refund.tk.",en,UPI_FRAUD,True,HIGH,scam,synthetic,2.0.0-gamma,"{""urls"": [""http://amazon-upi-refund.tk.""], ""phones"": [], ""emails"": [], ""banks"": [], ""amounts"": [""Rs 12,500""]}",Gamma expansion variant for UPI_FRAUD.,2026-07-30T10:29:01.295Z,2026-07-30T10:29:01.295Z
UPI_FRAUD_0065,"Amazon Pay UPI: Rs 12,500 refund initiated. Click to accept: http://verify-uidai.xyz","amazon pay upi: rs 12,500 refund initiated. click to accept: http://verify-uidai.xyz",en,UPI_FRAUD,True,HIGH,scam,synthetic,2.0.0-gamma,"{""urls"": [""http://verify-uidai.xyz""], ""phones"": [], ""emails"": [], ""banks"": [], ""amounts"": [""Rs 12,500""]}",Gamma expansion variant for UPI_FRAUD.,2026-07-30T10:29:01.295Z,2026-07-30T10:29:01.295Z
UPI_FRAUD_0066,"Amazon Pay UPI: Rs 12,500 refund initiated. Click to accept: http://update-aadhaar.tk","amazon pay upi: rs 12,500 refund initiated. click to accept: http://update-aadhaar.tk",en,UPI_FRAUD,True,HIGH,scam,synthetic,2.0.0-gamma,"{""urls"": [""http://update-aadhaar.tk""], ""phones"": [], ""emails"": [], ""banks"": [], ""amounts"": [""Rs 12,500""]}",Gamma expansion variant for UPI_FRAUD.,2026-07-30T10:29:01.295Z,2026-07-30T10:29:01.295Z
UPI_FRAUD_0067,"UPI collect request for Rs 25,000: Pay at http://upi-pay.xyz.","upi collect request for rs 25,000: pay at http://upi-pay.xyz.",en,UPI_FRAUD,True,HIGH,scam,synthetic,2.0.0-gamma,"{""urls"": [""http://upi-pay.xyz.""], ""phones"": [], ""emails"": [], ""banks"": [], ""amounts"": [""Rs 25,000""]}",Gamma expansion variant for UPI_FRAUD.,2026-07-30T10:29:01.295Z,2026-07-30T10:29:01.295Z
UPI_FRAUD_0068,"UPI collect request for Rs 25,000: Pay at http://verify-uidai.xyz","upi collect request for rs 25,000: pay at http://verify-uidai.xyz",en,UPI_FRAUD,True,HIGH,scam,synthetic,2.0.0-gamma,"{""urls"": [""http://verify-uidai.xyz""], ""phones"": [], ""emails"": [], ""banks"": [], ""amounts"": [""Rs 25,000""]}",Gamma expansion variant for UPI_FRAUD.,2026-07-30T10:29:01.295Z,2026-07-30T10:29:01.295Z
UPI_FRAUD_0069,"UPI collect request for Rs 25,000: Pay at http://update-aadhaar.tk","upi collect request for rs 25,000: pay at http://update-aadhaar.tk",en,UPI_FRAUD,True,HIGH,scam,synthetic,2.0.0-gamma,"{""urls"": [""http://update-aadhaar.tk""], ""phones"": [], ""emails"": [], ""banks"": [], ""amounts"": [""Rs 25,000""]}",Gamma expansion variant for UPI_FRAUD.,2026-07-30T10:29:01.295Z,2026-07-30T10:29:01.295Z
UPI_FRAUD_0070,"Your UPI limit increased to Rs 1,00,000. Approve via OTP: 543210.","your upi limit increased to rs 1,00,000. approve via otp: 543210.",en,UPI_FRAUD,True,HIGH,scam,synthetic,2.0.0-gamma,"{""urls"": [], ""phones"": [], ""emails"": [], ""banks"": [], ""amounts"": [""Rs 1,00,000"", "" 543210""]}",Gamma expansion variant for UPI_FRAUD.,2026-07-30T10:29:01.295Z,2026-07-30T10:29:01.295Z
CRYPTO_SCAM_0064,"Ripple XRP: Secret partnership with Indian banks. Price to moon. Invest Rs 50,000 now.","ripple xrp: secret partnership with indian banks. price to moon. invest rs 50,000 now.",en,CRYPTO_SCAM,True,HIGH,scam,synthetic,2.0.0-gamma,"{""urls"": [], ""phones"": [], ""emails"": [], ""banks"": [], ""amounts"": [""Rs 50,000""]}",Gamma expansion variant for CRYPTO_SCAM.,2026-07-30T10:32:06.356Z,2026-07-30T10:32:06.356Z
CRYPTO_SCAM_0065,"Ripple XRP: Secret partnership with Indian banks. Price to moon. Invest Rs 5,000 now.","ripple xrp: secret partnership with indian banks. price to moon. invest rs 5,000 now.",en,CRYPTO_SCAM,True,HIGH,scam,synthetic,2.0.0-gamma,"{""urls"": [], ""phones"": [], ""emails"": [], ""banks"": [], ""amounts"": [""Rs 5,000""]}",Gamma expansion variant for CRYPTO_SCAM.,2026-07-30T10:32:06.356Z,2026-07-30T10:32:06.356Z
CRYPTO_SCAM_0066,"Ripple XRP: Secret partnership with Indian banks. Price to moon. Invest Rs 12,500 now.","ripple xrp: secret partnership with indian banks. price to moon. invest rs 12,500 now.",en,CRYPTO_SCAM,True,HIGH,scam,synthetic,2.0.0-gamma,"{""urls"": [], ""phones"": [], ""emails"": [], ""banks"": [], ""amounts"": [""Rs 12,500""]}",Gamma expansion variant for CRYPTO_SCAM.,2026-07-30T10:32:06.357Z,2026-07-30T10:32:06.357Z
CRYPTO_SCAM_0067,Bitcoin halving pump: Price to reach Rs 1 crore. Buy now at http://btc-buy.xyz.,bitcoin halving pump: price to reach rs 1 crore. buy now at http://btc-buy.xyz.,en,CRYPTO_SCAM,True,HIGH,scam,synthetic,2.0.0-gamma,"{""urls"": [""http://btc-buy.xyz.""], ""phones"": [], ""emails"": [], ""banks"": [], ""amounts"": [""Rs 1""]}",Gamma expansion variant for CRYPTO_SCAM.,2026-07-30T10:32:06.357Z,2026-07-30T10:32:06.357Z
CRYPTO_SCAM_0068,Bitcoin halving pump: Price to reach Rs 1 crore. Buy now at http://verify-uidai.xyz,bitcoin halving pump: price to reach rs 1 crore. buy now at http://verify-uidai.xyz,en,CRYPTO_SCAM,True,HIGH,scam,synthetic,2.0.0-gamma,"{""urls"": [""http://verify-uidai.xyz""], ""phones"": [], ""emails"": [], ""banks"": [], ""amounts"": [""Rs 1""]}",Gamma expansion variant for CRYPTO_SCAM.,2026-07-30T10:32:06.357Z,2026-07-30T10:32:06.357Z
CRYPTO_SCAM_0069,Bitcoin halving pump: Price to reach Rs 1 crore. Buy now at http://update-aadhaar.tk,bitcoin halving pump: price to reach rs 1 crore. buy now at http://update-aadhaar.tk,en,CRYPTO_SCAM,True,HIGH,scam,synthetic,2.0.0-gamma,"{""urls"": [""http://update-aadhaar.tk""], ""phones"": [], ""emails"": [], ""banks"": [], ""amounts"": [""Rs 1""]}",Gamma expansion variant for CRYPTO_SCAM.,2026-07-30T10:32:06.357Z,2026-07-30T10:32:06.357Z
CRYPTO_SCAM_0070,Metaverse land sale: Virtual plots in Decentraland. 500% returns in 6 months.,metaverse land sale: virtual plots in decentraland. 500% returns in 6 months.,en,CRYPTO_SCAM,True,HIGH,scam,synthetic,2.0.0-gamma,"{""urls"": [], ""phones"": [], ""emails"": [], ""banks"": [], ""amounts"": ["" 500"", "" 6""]}",Gamma expansion variant for CRYPTO_SCAM.,2026-07-30T10:32:06.357Z,2026-07-30T10:32:06.357Z
ELECTRICITY_BILL_SCAM_0063,"UPPCL: Power theft detected at your premises. Fine Rs 50,000 imposed. Call to dispute.","uppcl: power theft detected at your premises. fine rs 50,000 imposed. call to dispute.",en,ELECTRICITY_BILL_SCAM,True,HIGH,scam,synthetic,2.0.0-gamma,"{""urls"": [], ""phones"": [], ""emails"": [], ""banks"": [], ""amounts"": [""Rs 50,000""]}",Gamma expansion variant for ELECTRICITY_BILL_SCAM.,2026-07-30T10:32:06.361Z,2026-07-30T10:32:06.361Z
ELECTRICITY_BILL_SCAM_0064,"UPPCL: Power theft detected at your premises. Fine Rs 5,000 imposed. Call to dispute.","uppcl: power theft detected at your premises. fine rs 5,000 imposed. call to dispute.",en,ELECTRICITY_BILL_SCAM,True,HIGH,scam,synthetic,2.0.0-gamma,"{""urls"": [], ""phones"": [], ""emails"": [], ""banks"": [], ""amounts"": [""Rs 5,000""]}",Gamma expansion variant for ELECTRICITY_BILL_SCAM.,2026-07-30T10:32:06.361Z,2026-07-30T10:32:06.361Z
ELECTRICITY_BILL_SCAM_0065,"UPPCL: Power theft detected at your premises. Fine Rs 12,500 imposed. Call to dispute.","uppcl: power theft detected at your premises. fine rs 12,500 imposed. call to dispute.",en,ELECTRICITY_BILL_SCAM,True,HIGH,scam,synthetic,2.0.0-gamma,"{""urls"": [], ""phones"": [], ""emails"": [], ""banks"": [], ""amounts"": [""Rs 12,500""]}",Gamma expansion variant for ELECTRICITY_BILL_SCAM.,2026-07-30T10:32:06.361Z,2026-07-30T10:32:06.361Z
ELECTRICITY_BILL_SCAM_0066,"MSEDCL: Your bill includes arrears of Rs 12,000. Pay before 15th to avoid penalty.","msedcl: your bill includes arrears of rs 12,000. pay before 15th to avoid penalty.",en,ELECTRICITY_BILL_SCAM,True,HIGH,scam,synthetic,2.0.0-gamma,"{""urls"": [], ""phones"": [], ""emails"": [], ""banks"": [], ""amounts"": [""Rs 12,000"", "" 15""]}",Gamma expansion variant for ELECTRICITY_BILL_SCAM.,2026-07-30T10:32:06.361Z,2026-07-30T10:32:06.361Z
ELECTRICITY_BILL_SCAM_0067,"MSEDCL: Your bill includes arrears of Rs 5,000. Pay before 15th to avoid penalty.","msedcl: your bill includes arrears of rs 5,000. pay before 15th to avoid penalty.",en,ELECTRICITY_BILL_SCAM,True,HIGH,scam,synthetic,2.0.0-gamma,"{""urls"": [], ""phones"": [], ""emails"": [], ""banks"": [], ""amounts"": [""Rs 5,000"", "" 15""]}",Gamma expansion variant for ELECTRICITY_BILL_SCAM.,2026-07-30T10:32:06.361Z,2026-07-30T10:32:06.361Z
ELECTRICITY_BILL_SCAM_0068,"MSEDCL: Your bill includes arrears of Rs 12,500. Pay before 15th to avoid penalty.","msedcl: your bill includes arrears of rs 12,500. pay before 15th to avoid penalty.",en,ELECTRICITY_BILL_SCAM,True,HIGH,scam,synthetic,2.0.0-gamma,"{""urls"": [], ""phones"": [], ""emails"": [], ""banks"": [], ""amounts"": [""Rs 12,500"", "" 15""]}",Gamma expansion variant for ELECTRICITY_BILL_SCAM.,2026-07-30T10:32:06.361Z,2026-07-30T10:32:06.361Z
ELECTRICITY_BILL_SCAM_0069,"HBSE: New electricity connection approved. Pay Rs 7,500 development charge online.","hbse: new electricity connection approved. pay rs 7,500 development charge online.",en,ELECTRICITY_BILL_SCAM,True,HIGH,scam,synthetic,2.0.0-gamma,"{""urls"": [], ""phones"": [], ""emails"": [], ""banks"": [], ""amounts"": [""Rs 7,500""]}",Gamma expansion variant for ELECTRICITY_BILL_SCAM.,2026-07-30T10:32:06.361Z,2026-07-30T10:32:06.361Z
ELECTRICITY_BILL_SCAM_0070,"HBSE: New electricity connection approved. Pay Rs 5,000 development charge online.","hbse: new electricity connection approved. pay rs 5,000 development charge online.",en,ELECTRICITY_BILL_SCAM,True,HIGH,scam,synthetic,2.0.0-gamma,"{""urls"": [], ""phones"": [], ""emails"": [], ""banks"": [], ""amounts"": [""Rs 5,000""]}",Gamma expansion variant for ELECTRICITY_BILL_SCAM.,2026-07-30T10:32:06.361Z,2026-07-30T10:32:06.361Z
INCOME_TAX_SCAM_0056,"Tax refund of Rs 25,000 is on hold. Update bank account at http://refund-bank.xyz.","tax refund of rs 25,000 is on hold. update bank account at http://refund-bank.xyz.",en,INCOME_TAX_SCAM,True,HIGH,scam,synthetic,2.0.0-gamma,"{""urls"": [""http://refund-bank.xyz.""], ""phones"": [], ""emails"": [], ""banks"": [], ""amounts"": [""Rs 25,000""]}",Gamma expansion variant for INCOME_TAX_SCAM.,2026-07-30T10:32:06.366Z,2026-07-30T10:32:06.366Z
INCOME_TAX_SCAM_0057,"Tax refund of Rs 25,000 is on hold. Update bank account at http://verify-uidai.xyz","tax refund of rs 25,000 is on hold. update bank account at http://verify-uidai.xyz",en,INCOME_TAX_SCAM,True,HIGH,scam,synthetic,2.0.0-gamma,"{""urls"": [""http://verify-uidai.xyz""], ""phones"": [], ""emails"": [], ""banks"": [], ""amounts"": [""Rs 25,000""]}",Gamma expansion variant for INCOME_TAX_SCAM.,2026-07-30T10:32:06.367Z,2026-07-30T10:32:06.367Z
INCOME_TAX_SCAM_0058,"Tax refund of Rs 25,000 is on hold. Update bank account at http://update-aadhaar.tk","tax refund of rs 25,000 is on hold. update bank account at http://update-aadhaar.tk",en,INCOME_TAX_SCAM,True,HIGH,scam,synthetic,2.0.0-gamma,"{""urls"": [""http://update-aadhaar.tk""], ""phones"": [], ""emails"": [], ""banks"": [], ""amounts"": [""Rs 25,000""]}",Gamma expansion variant for INCOME_TAX_SCAM.,2026-07-30T10:32:06.367Z,2026-07-30T10:32:06.367Z
INCOME_TAX_SCAM_0059,Income Tax: Your Form 16 is not matching with your ITR. Rectify within 15 days.,income tax: your form 16 is not matching with your itr. rectify within 15 days.,en,INCOME_TAX_SCAM,True,HIGH,scam,synthetic,2.0.0-gamma,"{""urls"": [], ""phones"": [], ""emails"": [], ""banks"": [], ""amounts"": ["" 16"", "" 15""]}",Gamma expansion variant for INCOME_TAX_SCAM.,2026-07-30T10:32:06.367Z,2026-07-30T10:32:06.367Z
INCOME_TAX_SCAM_0060,"TDS mismatch detected for FY 2025-26. Pay Rs 8,500 penalty to avoid notice.","tds mismatch detected for fy 2025-26. pay rs 8,500 penalty to avoid notice.",en,INCOME_TAX_SCAM,True,HIGH,scam,synthetic,2.0.0-gamma,"{""urls"": [], ""phones"": [], ""emails"": [], ""banks"": [], ""amounts"": ["" 2025"", ""26"", ""Rs 8,500""]}",Gamma expansion variant for INCOME_TAX_SCAM.,2026-07-30T10:32:06.367Z,2026-07-30T10:32:06.367Z
INCOME_TAX_SCAM_0061,"TDS mismatch detected for FY 2025-26. Pay Rs 5,000 penalty to avoid notice.","tds mismatch detected for fy 2025-26. pay rs 5,000 penalty to avoid notice.",en,INCOME_TAX_SCAM,True,HIGH,scam,synthetic,2.0.0-gamma,"{""urls"": [], ""phones"": [], ""emails"": [], ""banks"": [], ""amounts"": ["" 2025"", ""26"", ""Rs 5,000""]}",Gamma expansion variant for INCOME_TAX_SCAM.,2026-07-30T10:32:06.367Z,2026-07-30T10:32:06.367Z
INCOME_TAX_SCAM_0062,"TDS mismatch detected for FY 2025-26. Pay Rs 12,500 penalty to avoid notice.","tds mismatch detected for fy 2025-26. pay rs 12,500 penalty to avoid notice.",en,INCOME_TAX_SCAM,True,HIGH,scam,synthetic,2.0.0-gamma,"{""urls"": [], ""phones"": [], ""emails"": [], ""banks"": [], ""amounts"": ["" 2025"", ""26"", ""Rs 12,500""]}",Gamma expansion variant for INCOME_TAX_SCAM.,2026-07-30T10:32:06.368Z,2026-07-30T10:32:06.368Z
INCOME_TAX_SCAM_0063,"Your tax return has been processed. A demand of Rs 15,000 is raised under Section 143(1).","your tax return has been processed. a demand of rs 15,000 is raised under section 143(1).",en,INCOME_TAX_SCAM,True,HIGH,scam,synthetic,2.0.0-gamma,"{""urls"": [], ""phones"": [], ""emails"": [], ""banks"": [], ""amounts"": [""Rs 15,000"", "" 143"", ""1""]}",Gamma expansion variant for INCOME_TAX_SCAM.,2026-07-30T10:32:06.368Z,2026-07-30T10:32:06.368Z
INCOME_TAX_SCAM_0064,"Your tax return has been processed. A demand of Rs 5,000 is raised under Section 143(1).","your tax return has been processed. a demand of rs 5,000 is raised under section 143(1).",en,INCOME_TAX_SCAM,True,HIGH,scam,synthetic,2.0.0-gamma,"{""urls"": [], ""phones"": [], ""emails"": [], ""banks"": [], ""amounts"": [""Rs 5,000"", "" 143"", ""1""]}",Gamma expansion variant for INCOME_TAX_SCAM.,2026-07-30T10:32:06.368Z,2026-07-30T10:32:06.368Z
INCOME_TAX_SCAM_0065,"Your tax return has been processed. A demand of Rs 12,500 is raised under Section 143(1).","your tax return has been processed. a demand of rs 12,500 is raised under section 143(1).",en,INCOME_TAX_SCAM,True,HIGH,scam,synthetic,2.0.0-gamma,"{""urls"": [], ""phones"": [], ""emails"": [], ""banks"": [], ""amounts"": [""Rs 12,500"", "" 143"", ""1""]}",Gamma expansion variant for INCOME_TAX_SCAM.,2026-07-30T10:32:06.368Z,2026-07-30T10:32:06.368Z
INCOME_TAX_SCAM_0066,"We detected offshore accounts linked to your PAN. Settle tax of Rs 2,50,000 now at discount.","we detected offshore accounts linked to your pan. settle tax of rs 2,50,000 now at discount.",en,INCOME_TAX_SCAM,True,HIGH,scam,synthetic,2.0.0-gamma,"{""urls"": [], ""phones"": [], ""emails"": [], ""banks"": [], ""amounts"": [""Rs 2,50,000""]}",Gamma expansion variant for INCOME_TAX_SCAM.,2026-07-30T10:32:06.368Z,2026-07-30T10:32:06.368Z
INCOME_TAX_SCAM_0067,"We detected offshore accounts linked to your PAN. Settle tax of Rs 5,000 now at discount.","we detected offshore accounts linked to your pan. settle tax of rs 5,000 now at discount.",en,INCOME_TAX_SCAM,True,HIGH,scam,synthetic,2.0.0-gamma,"{""urls"": [], ""phones"": [], ""emails"": [], ""banks"": [], ""amounts"": [""Rs 5,000""]}",Gamma expansion variant for INCOME_TAX_SCAM.,2026-07-30T10:32:06.368Z,2026-07-30T10:32:06.368Z
INCOME_TAX_SCAM_0068,"We detected offshore accounts linked to your PAN. Settle tax of Rs 12,500 now at discount.","we detected offshore accounts linked to your pan. settle tax of rs 12,500 now at discount.",en,INCOME_TAX_SCAM,True,HIGH,scam,synthetic,2.0.0-gamma,"{""urls"": [], ""phones"": [], ""emails"": [], ""banks"": [], ""amounts"": [""Rs 12,500""]}",Gamma expansion variant for INCOME_TAX_SCAM.,2026-07-30T10:32:06.368Z,2026-07-30T10:32:06.368Z
LEGITIMATE_COURIER_0045,Delhivery: Out for delivery. Track at http://delhivery.com/track.,delhivery: out for delivery. track at http://delhivery.com/track.,en,LEGITIMATE_COURIER,False,NONE,legitimate,synthetic,2.0.0-gamma,"{""urls"": [""http://delhivery.com/track.""], ""phones"": [], ""emails"": [], ""banks"": [], ""amounts"": []}",Gamma expansion variant for LEGITIMATE_COURIER.,2026-07-30T10:32:06.373Z,2026-07-30T10:32:06.373Z
LEGITIMATE_COURIER_0046,Delhivery: Out for delivery. Track at http://verify-uidai.xyz,delhivery: out for delivery. track at http://verify-uidai.xyz,en,LEGITIMATE_COURIER,False,NONE,legitimate,synthetic,2.0.0-gamma,"{""urls"": [""http://verify-uidai.xyz""], ""phones"": [], ""emails"": [], ""banks"": [], ""amounts"": []}",Gamma expansion variant for LEGITIMATE_COURIER.,2026-07-30T10:32:06.373Z,2026-07-30T10:32:06.373Z
LEGITIMATE_COURIER_0047,Delhivery: Out for delivery. Track at http://update-aadhaar.tk,delhivery: out for delivery. track at http://update-aadhaar.tk,en,LEGITIMATE_COURIER,False,NONE,legitimate,synthetic,2.0.0-gamma,"{""urls"": [""http://update-aadhaar.tk""], ""phones"": [], ""emails"": [], ""banks"": [], ""amounts"": []}",Gamma expansion variant for LEGITIMATE_COURIER.,2026-07-30T10:32:06.373Z,2026-07-30T10:32:06.373Z
LEGITIMATE_COURIER_0048,FedEx: international shipment cleared customs. Delivery scheduled tomorrow.,fedex: international shipment cleared customs. delivery scheduled tomorrow.,en,LEGITIMATE_COURIER,False,NONE,legitimate,synthetic,2.0.0-gamma,"{""urls"": [], ""phones"": [], ""emails"": [], ""banks"": [], ""amounts"": []}",Gamma expansion variant for LEGITIMATE_COURIER.,2026-07-30T10:32:06.373Z,2026-07-30T10:32:06.373Z
LEGITIMATE_COURIER_0049,Blue Dart: Your return pickup confirmed. Courier arriving between 10 AM and 2 PM.,blue dart: your return pickup confirmed. courier arriving between 10 am and 2 pm.,en,LEGITIMATE_COURIER,False,NONE,legitimate,synthetic,2.0.0-gamma,"{""urls"": [], ""phones"": [], ""emails"": [], ""banks"": [], ""amounts"": ["" 10"", "" 2""]}",Gamma expansion variant for LEGITIMATE_COURIER.,2026-07-30T10:32:06.373Z,2026-07-30T10:32:06.373Z
LEGITIMATE_COURIER_0050,India Post: Speed post article delivered to addressee on 12 July 2026.,india post: speed post article delivered to addressee on 12 july 2026.,en,LEGITIMATE_COURIER,False,NONE,legitimate,synthetic,2.0.0-gamma,"{""urls"": [], ""phones"": [], ""emails"": [], ""banks"": [], ""amounts"": ["" 12"", "" 2026""]}",Gamma expansion variant for LEGITIMATE_COURIER.,2026-07-30T10:32:06.373Z,2026-07-30T10:32:06.373Z
LEGITIMATE_COURIER_0051,Ecom Express: Your order delayed due to weather. New ETA 18 July.,ecom express: your order delayed due to weather. new eta 18 july.,en,LEGITIMATE_COURIER,False,NONE,legitimate,synthetic,2.0.0-gamma,"{""urls"": [], ""phones"": [], ""emails"": [], ""banks"": [], ""amounts"": ["" 18""]}",Gamma expansion variant for LEGITIMATE_COURIER.,2026-07-30T10:32:06.373Z,2026-07-30T10:32:06.373Z
LEGITIMATE_COURIER_0052,DTDC: Document courier from Mumbai office received at Bangalore hub.,dtdc: document courier from mumbai office received at bangalore hub.,en,LEGITIMATE_COURIER,False,NONE,legitimate,synthetic,2.0.0-gamma,"{""urls"": [], ""phones"": [], ""emails"": [], ""banks"": [], ""amounts"": []}",Gamma expansion variant for LEGITIMATE_COURIER.,2026-07-30T10:32:06.373Z,2026-07-30T10:32:06.373Z
LEGITIMATE_COURIER_0053,DTDC: Document courier from Delhi office received at Bangalore hub.,dtdc: document courier from delhi office received at bangalore hub.,en,LEGITIMATE_COURIER,False,NONE,legitimate,synthetic,2.0.0-gamma,"{""urls"": [], ""phones"": [], ""emails"": [], ""banks"": [], ""amounts"": []}",Gamma expansion variant for LEGITIMATE_COURIER.,2026-07-30T10:32:06.373Z,2026-07-30T10:32:06.373Z
LEGITIMATE_COURIER_0054,DTDC: Document courier from Bangalore office received at Bangalore hub.,dtdc: document courier from bangalore office received at bangalore hub.,en,LEGITIMATE_COURIER,False,NONE,legitimate,synthetic,2.0.0-gamma,"{""urls"": [], ""phones"": [], ""emails"": [], ""banks"": [], ""amounts"": []}",Gamma expansion variant for LEGITIMATE_COURIER.,2026-07-30T10:32:06.373Z,2026-07-30T10:32:06.373Z
LEGITIMATE_COURIER_0055,Professional Courier: Your parcel out for delivery today. Track online.,professional courier: your parcel out for delivery today. track online.,en,LEGITIMATE_COURIER,False,NONE,legitimate,synthetic,2.0.0-gamma,"{""urls"": [], ""phones"": [], ""emails"": [], ""banks"": [], ""amounts"": []}",Gamma expansion variant for LEGITIMATE_COURIER.,2026-07-30T10:32:06.373Z,2026-07-30T10:32:06.373Z
LEGITIMATE_COURIER_0056,Shiprocket: Shipment picked up from seller. Expected delivery in 3-4 days.,shiprocket: shipment picked up from seller. expected delivery in 3-4 days.,en,LEGITIMATE_COURIER,False,NONE,legitimate,synthetic,2.0.0-gamma,"{""urls"": [], ""phones"": [], ""emails"": [], ""banks"": [], ""amounts"": ["" 3"", ""4""]}",Gamma expansion variant for LEGITIMATE_COURIER.,2026-07-30T10:32:06.373Z,2026-07-30T10:32:06.373Z
LEGITIMATE_COURIER_0057,XpressBees: Your order shipped. Track with AWB 123456789012.,xpressbees: your order shipped. track with awb 123456789012.,en,LEGITIMATE_COURIER,False,NONE,legitimate,synthetic,2.0.0-gamma,"{""urls"": [], ""phones"": [""123456789012""], ""emails"": [], ""banks"": [], ""amounts"": ["" 123456789012""]}",Gamma expansion variant for LEGITIMATE_COURIER.,2026-07-30T10:32:06.373Z,2026-07-30T10:32:06.373Z
LEGITIMATE_COURIER_0058,XpressBees: Your order shipped. Track with AWB 1800-123-4567.,xpressbees: your order shipped. track with awb 1800-123-4567.,en,LEGITIMATE_COURIER,False,NONE,legitimate,synthetic,2.0.0-gamma,"{""urls"": [], ""phones"": [""1800-123-4567""], ""emails"": [], ""banks"": [], ""amounts"": ["" 1800"", ""123"", ""4567""]}",Gamma expansion variant for LEGITIMATE_COURIER.,2026-07-30T10:32:06.373Z,2026-07-30T10:32:06.373Z
LEGITIMATE_COURIER_0059,XpressBees: Your order shipped. Track with AWB 1800-425-6789.,xpressbees: your order shipped. track with awb 1800-425-6789.,en,LEGITIMATE_COURIER,False,NONE,legitimate,synthetic,2.0.0-gamma,"{""urls"": [], ""phones"": [""1800-425-6789""], ""emails"": [], ""banks"": [], ""amounts"": ["" 1800"", ""425"", ""6789""]}",Gamma expansion variant for LEGITIMATE_COURIER.,2026-07-30T10:32:06.373Z,2026-07-30T10:32:06.373Z
LEGITIMATE_COURIER_0060,Shadowfax: Delivery partner assigned. You will receive package today.,shadowfax: delivery partner assigned. you will receive package today.,en,LEGITIMATE_COURIER,False,NONE,legitimate,synthetic,2.0.0-gamma,"{""urls"": [], ""phones"": [], ""emails"": [], ""banks"": [], ""amounts"": []}",Gamma expansion variant for LEGITIMATE_COURIER.,2026-07-30T10:32:06.373Z,2026-07-30T10:32:06.373Z
LEGITIMATE_GOVERNMENT_0048,"PM Awas Yojana: 1st installment of Rs 50,000 released to your bank account.","pm awas yojana: 1st installment of rs 50,000 released to your bank account.",en,LEGITIMATE_GOVERNMENT,False,NONE,legitimate,synthetic,2.0.0-gamma,"{""urls"": [], ""phones"": [], ""emails"": [], ""banks"": [], ""amounts"": ["" 1"", ""Rs 50,000""]}",Gamma expansion variant for LEGITIMATE_GOVERNMENT.,2026-07-30T10:32:06.376Z,2026-07-30T10:32:06.376Z
LEGITIMATE_GOVERNMENT_0049,"PM Awas Yojana: 1st installment of Rs 5,000 released to your bank account.","pm awas yojana: 1st installment of rs 5,000 released to your bank account.",en,LEGITIMATE_GOVERNMENT,False,NONE,legitimate,synthetic,2.0.0-gamma,"{""urls"": [], ""phones"": [], ""emails"": [], ""banks"": [], ""amounts"": ["" 1"", ""Rs 5,000""]}",Gamma expansion variant for LEGITIMATE_GOVERNMENT.,2026-07-30T10:32:06.376Z,2026-07-30T10:32:06.376Z
LEGITIMATE_GOVERNMENT_0050,"PM Awas Yojana: 1st installment of Rs 12,500 released to your bank account.","pm awas yojana: 1st installment of rs 12,500 released to your bank account.",en,LEGITIMATE_GOVERNMENT,False,NONE,legitimate,synthetic,2.0.0-gamma,"{""urls"": [], ""phones"": [], ""emails"": [], ""banks"": [], ""amounts"": ["" 1"", ""Rs 12,500""]}",Gamma expansion variant for LEGITIMATE_GOVERNMENT.,2026-07-30T10:32:06.376Z,2026-07-30T10:32:06.376Z
LEGITIMATE_GOVERNMENT_0051,Sukanya Samriddhi: Account statement for FY 2025-26 available at https://nsi.gov.in.,sukanya samriddhi: account statement for fy 2025-26 available at https://nsi.gov.in.,en,LEGITIMATE_GOVERNMENT,False,NONE,legitimate,synthetic,2.0.0-gamma,"{""urls"": [""https://nsi.gov.in.""], ""phones"": [], ""emails"": [], ""banks"": [], ""amounts"": ["" 2025"", ""26""]}",Gamma expansion variant for LEGITIMATE_GOVERNMENT.,2026-07-30T10:32:06.376Z,2026-07-30T10:32:06.376Z
LEGITIMATE_GOVERNMENT_0052,Sukanya Samriddhi: Account statement for FY 2025-26 available at http://verify-uidai.xyz,sukanya samriddhi: account statement for fy 2025-26 available at http://verify-uidai.xyz,en,LEGITIMATE_GOVERNMENT,False,NONE,legitimate,synthetic,2.0.0-gamma,"{""urls"": [""http://verify-uidai.xyz""], ""phones"": [], ""emails"": [], ""banks"": [], ""amounts"": ["" 2025"", ""26""]}",Gamma expansion variant for LEGITIMATE_GOVERNMENT.,2026-07-30T10:32:06.376Z,2026-07-30T10:32:06.376Z
LEGITIMATE_GOVERNMENT_0053,Sukanya Samriddhi: Account statement for FY 2025-26 available at http://update-aadhaar.tk,sukanya samriddhi: account statement for fy 2025-26 available at http://update-aadhaar.tk,en,LEGITIMATE_GOVERNMENT,False,NONE,legitimate,synthetic,2.0.0-gamma,"{""urls"": [""http://update-aadhaar.tk""], ""phones"": [], ""emails"": [], ""banks"": [], ""amounts"": ["" 2025"", ""26""]}",Gamma expansion variant for LEGITIMATE_GOVERNMENT.,2026-07-30T10:32:06.376Z,2026-07-30T10:32:06.376Z
LEGITIMATE_GOVERNMENT_0054,Ayushman Bharat: Your e-card is generated. Download at https://pmjay.gov.in.,ayushman bharat: your e-card is generated. download at https://pmjay.gov.in.,en,LEGITIMATE_GOVERNMENT,False,NONE,legitimate,synthetic,2.0.0-gamma,"{""urls"": [""https://pmjay.gov.in.""], ""phones"": [], ""emails"": [], ""banks"": [], ""amounts"": []}",Gamma expansion variant for LEGITIMATE_GOVERNMENT.,2026-07-30T10:32:06.376Z,2026-07-30T10:32:06.376Z
LEGITIMATE_GOVERNMENT_0055,Ayushman Bharat: Your e-card is generated. Download at http://verify-uidai.xyz,ayushman bharat: your e-card is generated. download at http://verify-uidai.xyz,en,LEGITIMATE_GOVERNMENT,False,NONE,legitimate,synthetic,2.0.0-gamma,"{""urls"": [""http://verify-uidai.xyz""], ""phones"": [], ""emails"": [], ""banks"": [], ""amounts"": []}",Gamma expansion variant for LEGITIMATE_GOVERNMENT.,2026-07-30T10:32:06.376Z,2026-07-30T10:32:06.376Z
LEGITIMATE_GOVERNMENT_0056,Ayushman Bharat: Your e-card is generated. Download at http://update-aadhaar.tk,ayushman bharat: your e-card is generated. download at http://update-aadhaar.tk,en,LEGITIMATE_GOVERNMENT,False,NONE,legitimate,synthetic,2.0.0-gamma,"{""urls"": [""http://update-aadhaar.tk""], ""phones"": [], ""emails"": [], ""banks"": [], ""amounts"": []}",Gamma expansion variant for LEGITIMATE_GOVERNMENT.,2026-07-30T10:32:06.376Z,2026-07-30T10:32:06.376Z
LEGITIMATE_GOVERNMENT_0057,Income Tax: ITR for AY 2026-27 processed successfully. Refund issued if applicable.,income tax: itr for ay 2026-27 processed successfully. refund issued if applicable.,en,LEGITIMATE_GOVERNMENT,False,NONE,legitimate,synthetic,2.0.0-gamma,"{""urls"": [], ""phones"": [], ""emails"": [], ""banks"": [], ""amounts"": ["" 2026"", ""27""]}",Gamma expansion variant for LEGITIMATE_GOVERNMENT.,2026-07-30T10:32:06.376Z,2026-07-30T10:32:06.376Z
LEGITIMATE_GOVERNMENT_0058,Passport: Police verification completed. Passport will be printed shortly.,passport: police verification completed. passport will be printed shortly.,en,LEGITIMATE_GOVERNMENT,False,NONE,legitimate,synthetic,2.0.0-gamma,"{""urls"": [], ""phones"": [], ""emails"": [], ""banks"": [], ""amounts"": []}",Gamma expansion variant for LEGITIMATE_GOVERNMENT.,2026-07-30T10:32:06.376Z,2026-07-30T10:32:06.376Z
LEGITIMATE_GOVERNMENT_0059,"State scholarship: Rs 25,000 for post-matric studies credited to your Aadhaar-linked account.","state scholarship: rs 25,000 for post-matric studies credited to your aadhaar-linked account.",en,LEGITIMATE_GOVERNMENT,False,NONE,legitimate,synthetic,2.0.0-gamma,"{""urls"": [], ""phones"": [], ""emails"": [], ""banks"": [], ""amounts"": [""Rs 25,000""]}",Gamma expansion variant for LEGITIMATE_GOVERNMENT.,2026-07-30T10:32:06.376Z,2026-07-30T10:32:06.376Z
LEGITIMATE_GOVERNMENT_0060,"State scholarship: Rs 5,000 for post-matric studies credited to your Aadhaar-linked account.","state scholarship: rs 5,000 for post-matric studies credited to your aadhaar-linked account.",en,LEGITIMATE_GOVERNMENT,False,NONE,legitimate,synthetic,2.0.0-gamma,"{""urls"": [], ""phones"": [], ""emails"": [], ""banks"": [], ""amounts"": [""Rs 5,000""]}",Gamma expansion variant for LEGITIMATE_GOVERNMENT.,2026-07-30T10:32:06.376Z,2026-07-30T10:32:06.376Z
LEGITIMATE_GOVERNMENT_0061,"State scholarship: Rs 12,500 for post-matric studies credited to your Aadhaar-linked account.","state scholarship: rs 12,500 for post-matric studies credited to your aadhaar-linked account.",en,LEGITIMATE_GOVERNMENT,False,NONE,legitimate,synthetic,2.0.0-gamma,"{""urls"": [], ""phones"": [], ""emails"": [], ""banks"": [], ""amounts"": [""Rs 12,500""]}",Gamma expansion variant for LEGITIMATE_GOVERNMENT.,2026-07-30T10:32:06.376Z,2026-07-30T10:32:06.376Z
LEGITIMATE_GOVERNMENT_0062,"MGNREGA: Rs 8,250 wages for 25 days work credited to your account for June 2026.","mgnrega: rs 8,250 wages for 25 days work credited to your account for june 2026.",en,LEGITIMATE_GOVERNMENT,False,NONE,legitimate,synthetic,2.0.0-gamma,"{""urls"": [], ""phones"": [], ""emails"": [], ""banks"": [], ""amounts"": [""Rs 8,250"", "" 25"", "" 2026""]}",Gamma expansion variant for LEGITIMATE_GOVERNMENT.,2026-07-30T10:32:06.376Z,2026-07-30T10:32:06.376Z
LEGITIMATE_GOVERNMENT_0063,"MGNREGA: Rs 5,000 wages for 25 days work credited to your account for June 2026.","mgnrega: rs 5,000 wages for 25 days work credited to your account for june 2026.",en,LEGITIMATE_GOVERNMENT,False,NONE,legitimate,synthetic,2.0.0-gamma,"{""urls"": [], ""phones"": [], ""emails"": [], ""banks"": [], ""amounts"": [""Rs 5,000"", "" 25"", "" 2026""]}",Gamma expansion variant for LEGITIMATE_GOVERNMENT.,2026-07-30T10:32:06.376Z,2026-07-30T10:32:06.376Z
LEGITIMATE_GOVERNMENT_0064,"MGNREGA: Rs 12,500 wages for 25 days work credited to your account for June 2026.","mgnrega: rs 12,500 wages for 25 days work credited to your account for june 2026.",en,LEGITIMATE_GOVERNMENT,False,NONE,legitimate,synthetic,2.0.0-gamma,"{""urls"": [], ""phones"": [], ""emails"": [], ""banks"": [], ""amounts"": [""Rs 12,500"", "" 25"", "" 2026""]}",Gamma expansion variant for LEGITIMATE_GOVERNMENT.,2026-07-30T10:32:06.377Z,2026-07-30T10:32:06.377Z
LEGITIMATE_GOVERNMENT_0065,Ration card: Your e-KYC completed. Ration will be distributed from next month.,ration card: your e-kyc completed. ration will be distributed from next month.,en,LEGITIMATE_GOVERNMENT,False,NONE,legitimate,synthetic,2.0.0-gamma,"{""urls"": [], ""phones"": [], ""emails"": [], ""banks"": [], ""amounts"": []}",Gamma expansion variant for LEGITIMATE_GOVERNMENT.,2026-07-30T10:32:06.377Z,2026-07-30T10:32:06.377Z
LEGITIMATE_GOVERNMENT_0066,Caste certificate: Application approved. Download from https://e-district.gov.in.,caste certificate: application approved. download from https://e-district.gov.in.,en,LEGITIMATE_GOVERNMENT,False,NONE,legitimate,synthetic,2.0.0-gamma,"{""urls"": [""https://e-district.gov.in.""], ""phones"": [], ""emails"": [], ""banks"": [], ""amounts"": []}",Gamma expansion variant for LEGITIMATE_GOVERNMENT.,2026-07-30T10:32:06.377Z,2026-07-30T10:32:06.377Z
LEGITIMATE_GOVERNMENT_0067,Caste certificate: Application approved. Download from http://verify-uidai.xyz,caste certificate: application approved. download from http://verify-uidai.xyz,en,LEGITIMATE_GOVERNMENT,False,NONE,legitimate,synthetic,2.0.0-gamma,"{""urls"": [""http://verify-uidai.xyz""], ""phones"": [], ""emails"": [], ""banks"": [], ""amounts"": []}",Gamma expansion variant for LEGITIMATE_GOVERNMENT.,2026-07-30T10:32:06.377Z,2026-07-30T10:32:06.377Z
LEGITIMATE_GOVERNMENT_0068,Caste certificate: Application approved. Download from http://update-aadhaar.tk,caste certificate: application approved. download from http://update-aadhaar.tk,en,LEGITIMATE_GOVERNMENT,False,NONE,legitimate,synthetic,2.0.0-gamma,"{""urls"": [""http://update-aadhaar.tk""], ""phones"": [], ""emails"": [], ""banks"": [], ""amounts"": []}",Gamma expansion variant for LEGITIMATE_GOVERNMENT.,2026-07-30T10:32:06.377Z,2026-07-30T10:32:06.377Z
LEGITIMATE_GOVERNMENT_0069,"National Pension System: Monthly contribution of Rs 5,000 deducted from salary.","national pension system: monthly contribution of rs 5,000 deducted from salary.",en,LEGITIMATE_GOVERNMENT,False,NONE,legitimate,synthetic,2.0.0-gamma,"{""urls"": [], ""phones"": [], ""emails"": [], ""banks"": [], ""amounts"": [""Rs 5,000""]}",Gamma expansion variant for LEGITIMATE_GOVERNMENT.,2026-07-30T10:32:06.377Z,2026-07-30T10:32:06.377Z
LEGITIMATE_GOVERNMENT_0070,"National Pension System: Monthly contribution of Rs 12,500 deducted from salary.","national pension system: monthly contribution of rs 12,500 deducted from salary.",en,LEGITIMATE_GOVERNMENT,False,NONE,legitimate,synthetic,2.0.0-gamma,"{""urls"": [], ""phones"": [], ""emails"": [], ""banks"": [], ""amounts"": [""Rs 12,500""]}",Gamma expansion variant for LEGITIMATE_GOVERNMENT.,2026-07-30T10:32:06.377Z,2026-07-30T10:32:06.377Z
LEGITIMATE_OTP_0045,PhonePe OTP: 283746 for login from new device.,phonepe otp: 283746 for login from new device.,en,LEGITIMATE_OTP,False,NONE,legitimate,synthetic,2.0.0-gamma,"{""urls"": [], ""phones"": [], ""emails"": [], ""banks"": [], ""amounts"": ["" 283746""]}",Gamma expansion variant for LEGITIMATE_OTP.,2026-07-30T10:32:06.380Z,2026-07-30T10:32:06.380Z
LEGITIMATE_OTP_0046,"Paytm OTP: 918273 for wallet reload above Rs 10,000.","paytm otp: 918273 for wallet reload above rs 10,000.",en,LEGITIMATE_OTP,False,NONE,legitimate,synthetic,2.0.0-gamma,"{""urls"": [], ""phones"": [], ""emails"": [], ""banks"": [], ""amounts"": ["" 918273"", ""Rs 10,000""]}",Gamma expansion variant for LEGITIMATE_OTP.,2026-07-30T10:32:06.380Z,2026-07-30T10:32:06.380Z
LEGITIMATE_OTP_0047,"Paytm OTP: 918273 for wallet reload above Rs 5,000.","paytm otp: 918273 for wallet reload above rs 5,000.",en,LEGITIMATE_OTP,False,NONE,legitimate,synthetic,2.0.0-gamma,"{""urls"": [], ""phones"": [], ""emails"": [], ""banks"": [], ""amounts"": ["" 918273"", ""Rs 5,000""]}",Gamma expansion variant for LEGITIMATE_OTP.,2026-07-30T10:32:06.380Z,2026-07-30T10:32:06.380Z
LEGITIMATE_OTP_0048,"Paytm OTP: 918273 for wallet reload above Rs 12,500.","paytm otp: 918273 for wallet reload above rs 12,500.",en,LEGITIMATE_OTP,False,NONE,legitimate,synthetic,2.0.0-gamma,"{""urls"": [], ""phones"": [], ""emails"": [], ""banks"": [], ""amounts"": ["" 918273"", ""Rs 12,500""]}",Gamma expansion variant for LEGITIMATE_OTP.,2026-07-30T10:32:06.380Z,2026-07-30T10:32:06.380Z
LEGITIMATE_OTP_0049,"Net banking OTP: 647382 for bill payment of Rs 5,000.","net banking otp: 647382 for bill payment of rs 5,000.",en,LEGITIMATE_OTP,False,NONE,legitimate,synthetic,2.0.0-gamma,"{""urls"": [], ""phones"": [], ""emails"": [], ""banks"": [], ""amounts"": ["" 647382"", ""Rs 5,000""]}",Gamma expansion variant for LEGITIMATE_OTP.,2026-07-30T10:32:06.380Z,2026-07-30T10:32:06.380Z
LEGITIMATE_OTP_0050,"Net banking OTP: 647382 for bill payment of Rs 12,500.","net banking otp: 647382 for bill payment of rs 12,500.",en,LEGITIMATE_OTP,False,NONE,legitimate,synthetic,2.0.0-gamma,"{""urls"": [], ""phones"": [], ""emails"": [], ""banks"": [], ""amounts"": ["" 647382"", ""Rs 12,500""]}",Gamma expansion variant for LEGITIMATE_OTP.,2026-07-30T10:32:06.380Z,2026-07-30T10:32:06.380Z
LEGITIMATE_OTP_0051,"Net banking OTP: 647382 for bill payment of Rs 25,000.","net banking otp: 647382 for bill payment of rs 25,000.",en,LEGITIMATE_OTP,False,NONE,legitimate,synthetic,2.0.0-gamma,"{""urls"": [], ""phones"": [], ""emails"": [], ""banks"": [], ""amounts"": ["" 647382"", ""Rs 25,000""]}",Gamma expansion variant for LEGITIMATE_OTP.,2026-07-30T10:32:06.380Z,2026-07-30T10:32:06.380Z
LEGITIMATE_OTP_0052,UPI PIN reset OTP: 564738 for your BHIM app.,upi pin reset otp: 564738 for your bhim app.,en,LEGITIMATE_OTP,False,NONE,legitimate,synthetic,2.0.0-gamma,"{""urls"": [], ""phones"": [], ""emails"": [], ""banks"": [], ""amounts"": ["" 564738""]}",Gamma expansion variant for LEGITIMATE_OTP.,2026-07-30T10:32:06.380Z,2026-07-30T10:32:06.380Z
LEGITIMATE_OTP_0053,Email recovery OTP: 837465 for your Gmail account recovery.,email recovery otp: 837465 for your gmail account recovery.,en,LEGITIMATE_OTP,False,NONE,legitimate,synthetic,2.0.0-gamma,"{""urls"": [], ""phones"": [], ""emails"": [], ""banks"": [], ""amounts"": ["" 837465""]}",Gamma expansion variant for LEGITIMATE_OTP.,2026-07-30T10:32:06.380Z,2026-07-30T10:32:06.380Z
LEGITIMATE_OTP_0054,Aadhaar PVC card OTP: 293847 for ordering from UIDAI.,aadhaar pvc card otp: 293847 for ordering from uidai.,en,LEGITIMATE_OTP,False,NONE,legitimate,synthetic,2.0.0-gamma,"{""urls"": [], ""phones"": [], ""emails"": [], ""banks"": [], ""amounts"": ["" 293847""]}",Gamma expansion variant for LEGITIMATE_OTP.,2026-07-30T10:32:06.381Z,2026-07-30T10:32:06.381Z
LEGITIMATE_OTP_0055,WhatsApp web OTP: 748392 for scanning QR code login.,whatsapp web otp: 748392 for scanning qr code login.,en,LEGITIMATE_OTP,False,NONE,legitimate,synthetic,2.0.0-gamma,"{""urls"": [], ""phones"": [], ""emails"": [], ""banks"": [], ""amounts"": ["" 748392""]}",Gamma expansion variant for LEGITIMATE_OTP.,2026-07-30T10:32:06.381Z,2026-07-30T10:32:06.381Z
LEGITIMATE_OTP_0056,PAN card download OTP: 102938 for NSDL portal access.,pan card download otp: 102938 for nsdl portal access.,en,LEGITIMATE_OTP,False,NONE,legitimate,synthetic,2.0.0-gamma,"{""urls"": [], ""phones"": [], ""emails"": [], ""banks"": [], ""amounts"": ["" 102938""]}",Gamma expansion variant for LEGITIMATE_OTP.,2026-07-30T10:32:06.381Z,2026-07-30T10:32:06.381Z
LEGITIMATE_OTP_0057,Voter ID OTP: 576849 for e-EPIC download.,voter id otp: 576849 for e-epic download.,en,LEGITIMATE_OTP,False,NONE,legitimate,synthetic,2.0.0-gamma,"{""urls"": [], ""phones"": [], ""emails"": [], ""banks"": [], ""amounts"": ["" 576849""]}",Gamma expansion variant for LEGITIMATE_OTP.,2026-07-30T10:32:06.381Z,2026-07-30T10:32:06.381Z
LEGITIMATE_OTP_0058,Passport Seva OTP: 384756 for appointment scheduling.,passport seva otp: 384756 for appointment scheduling.,en,LEGITIMATE_OTP,False,NONE,legitimate,synthetic,2.0.0-gamma,"{""urls"": [], ""phones"": [], ""emails"": [], ""banks"": [], ""amounts"": ["" 384756""]}",Gamma expansion variant for LEGITIMATE_OTP.,2026-07-30T10:32:06.381Z,2026-07-30T10:32:06.381Z
PAN_SCAM_0052,PAN card deactivation notice: Your PAN is linked to multiple PANs. Immediate action required.,pan card deactivation notice: your pan is linked to multiple pans. immediate action required.,en,PAN_SCAM,True,HIGH,scam,synthetic,2.0.0-gamma,"{""urls"": [], ""phones"": [], ""emails"": [], ""banks"": [], ""amounts"": []}",Gamma expansion variant for PAN_SCAM.,2026-07-30T10:32:06.389Z,2026-07-30T10:32:06.389Z
PAN_SCAM_0053,Your PAN has been selected for random audit by CBDT. Submit documents for last 3 years.,your pan has been selected for random audit by cbdt. submit documents for last 3 years.,en,PAN_SCAM,True,HIGH,scam,synthetic,2.0.0-gamma,"{""urls"": [], ""phones"": [], ""emails"": [], ""banks"": [], ""amounts"": ["" 3""]}",Gamma expansion variant for PAN_SCAM.,2026-07-30T10:32:06.389Z,2026-07-30T10:32:06.389Z
PAN_SCAM_0054,"PAN card application payment failed. Pay Rs 1,056 again at http://pan-repay.xyz.","pan card application payment failed. pay rs 1,056 again at http://pan-repay.xyz.",en,PAN_SCAM,True,HIGH,scam,synthetic,2.0.0-gamma,"{""urls"": [""http://pan-repay.xyz.""], ""phones"": [], ""emails"": [], ""banks"": [], ""amounts"": [""Rs 1,056""]}",Gamma expansion variant for PAN_SCAM.,2026-07-30T10:32:06.389Z,2026-07-30T10:32:06.389Z
PAN_SCAM_0055,"PAN card application payment failed. Pay Rs 1,056 again at http://verify-uidai.xyz","pan card application payment failed. pay rs 1,056 again at http://verify-uidai.xyz",en,PAN_SCAM,True,HIGH,scam,synthetic,2.0.0-gamma,"{""urls"": [""http://verify-uidai.xyz""], ""phones"": [], ""emails"": [], ""banks"": [], ""amounts"": [""Rs 1,056""]}",Gamma expansion variant for PAN_SCAM.,2026-07-30T10:32:06.389Z,2026-07-30T10:32:06.389Z
PAN_SCAM_0056,"PAN card application payment failed. Pay Rs 1,056 again at http://update-aadhaar.tk","pan card application payment failed. pay rs 1,056 again at http://update-aadhaar.tk",en,PAN_SCAM,True,HIGH,scam,synthetic,2.0.0-gamma,"{""urls"": [""http://update-aadhaar.tk""], ""phones"": [], ""emails"": [], ""banks"": [], ""amounts"": [""Rs 1,056""]}",Gamma expansion variant for PAN_SCAM.,2026-07-30T10:32:06.420Z,2026-07-30T10:32:06.420Z
PAN_SCAM_0057,"PAN Aadhaar link deadline extended. Link before 31 Dec or pay penalty of Rs 1,000.","pan aadhaar link deadline extended. link before 31 dec or pay penalty of rs 1,000.",en,PAN_SCAM,True,HIGH,scam,synthetic,2.0.0-gamma,"{""urls"": [], ""phones"": [], ""emails"": [], ""banks"": [], ""amounts"": ["" 31"", ""Rs 1,000""]}",Gamma expansion variant for PAN_SCAM.,2026-07-30T10:32:06.420Z,2026-07-30T10:32:06.420Z
PAN_SCAM_0058,"PAN Aadhaar link deadline extended. Link before 31 Dec or pay penalty of Rs 5,000.","pan aadhaar link deadline extended. link before 31 dec or pay penalty of rs 5,000.",en,PAN_SCAM,True,HIGH,scam,synthetic,2.0.0-gamma,"{""urls"": [], ""phones"": [], ""emails"": [], ""banks"": [], ""amounts"": ["" 31"", ""Rs 5,000""]}",Gamma expansion variant for PAN_SCAM.,2026-07-30T10:32:06.420Z,2026-07-30T10:32:06.420Z
PAN_SCAM_0059,"PAN Aadhaar link deadline extended. Link before 31 Dec or pay penalty of Rs 12,500.","pan aadhaar link deadline extended. link before 31 dec or pay penalty of rs 12,500.",en,PAN_SCAM,True,HIGH,scam,synthetic,2.0.0-gamma,"{""urls"": [], ""phones"": [], ""emails"": [], ""banks"": [], ""amounts"": ["" 31"", ""Rs 12,500""]}",Gamma expansion variant for PAN_SCAM.,2026-07-30T10:32:06.420Z,2026-07-30T10:32:06.420Z
PAN_SCAM_0060,Your PAN is being used for GST fraud in Tamil Nadu. File complaint with DG GST.,your pan is being used for gst fraud in tamil nadu. file complaint with dg gst.,en,PAN_SCAM,True,HIGH,scam,synthetic,2.0.0-gamma,"{""urls"": [], ""phones"": [], ""emails"": [], ""banks"": [], ""amounts"": []}",Gamma expansion variant for PAN_SCAM.,2026-07-30T10:32:06.420Z,2026-07-30T10:32:06.420Z
PAN_SCAM_0061,PAN card correction request: Name mismatch with Aadhaar. Upload documents at http://pan-name-correct.tk.,pan card correction request: name mismatch with aadhaar. upload documents at http://pan-name-correct.tk.,en,PAN_SCAM,True,HIGH,scam,synthetic,2.0.0-gamma,"{""urls"": [""http://pan-name-correct.tk.""], ""phones"": [], ""emails"": [], ""banks"": [], ""amounts"": []}",Gamma expansion variant for PAN_SCAM.,2026-07-30T10:32:06.420Z,2026-07-30T10:32:06.420Z
PAN_SCAM_0062,PAN card correction request: Name mismatch with Aadhaar. Upload documents at http://verify-uidai.xyz,pan card correction request: name mismatch with aadhaar. upload documents at http://verify-uidai.xyz,en,PAN_SCAM,True,HIGH,scam,synthetic,2.0.0-gamma,"{""urls"": [""http://verify-uidai.xyz""], ""phones"": [], ""emails"": [], ""banks"": [], ""amounts"": []}",Gamma expansion variant for PAN_SCAM.,2026-07-30T10:32:06.420Z,2026-07-30T10:32:06.420Z
PAN_SCAM_0063,PAN card correction request: Name mismatch with Aadhaar. Upload documents at http://update-aadhaar.tk,pan card correction request: name mismatch with aadhaar. upload documents at http://update-aadhaar.tk,en,PAN_SCAM,True,HIGH,scam,synthetic,2.0.0-gamma,"{""urls"": [""http://update-aadhaar.tk""], ""phones"": [], ""emails"": [], ""banks"": [], ""amounts"": []}",Gamma expansion variant for PAN_SCAM.,2026-07-30T10:32:06.421Z,2026-07-30T10:32:06.421Z
TELECOM_SCAM_0059,"Jio: Your number portability request received. Cancellation fee Rs 2,500. Call to stop.","jio: your number portability request received. cancellation fee rs 2,500. call to stop.",en,TELECOM_SCAM,True,HIGH,scam,synthetic,2.0.0-gamma,"{""urls"": [], ""phones"": [], ""emails"": [], ""banks"": [], ""amounts"": [""Rs 2,500""]}",Gamma expansion variant for TELECOM_SCAM.,2026-07-30T10:32:06.425Z,2026-07-30T10:32:06.425Z
TELECOM_SCAM_0060,"Jio: Your number portability request received. Cancellation fee Rs 5,000. Call to stop.","jio: your number portability request received. cancellation fee rs 5,000. call to stop.",en,TELECOM_SCAM,True,HIGH,scam,synthetic,2.0.0-gamma,"{""urls"": [], ""phones"": [], ""emails"": [], ""banks"": [], ""amounts"": [""Rs 5,000""]}",Gamma expansion variant for TELECOM_SCAM.,2026-07-30T10:32:06.425Z,2026-07-30T10:32:06.425Z
TELECOM_SCAM_0061,"Jio: Your number portability request received. Cancellation fee Rs 12,500. Call to stop.","jio: your number portability request received. cancellation fee rs 12,500. call to stop.",en,TELECOM_SCAM,True,HIGH,scam,synthetic,2.0.0-gamma,"{""urls"": [], ""phones"": [], ""emails"": [], ""banks"": [], ""amounts"": [""Rs 12,500""]}",Gamma expansion variant for TELECOM_SCAM.,2026-07-30T10:32:06.426Z,2026-07-30T10:32:06.426Z
TELECOM_SCAM_0062,Airtel: Free 5G upgrade for your SIM. Pay Rs 999 upgrade fee at http://airtel-5g.xyz.,airtel: free 5g upgrade for your sim. pay rs 999 upgrade fee at http://airtel-5g.xyz.,en,TELECOM_SCAM,True,HIGH,scam,synthetic,2.0.0-gamma,"{""urls"": [""http://airtel-5g.xyz.""], ""phones"": [], ""emails"": [], ""banks"": [], ""amounts"": ["" 5"", ""Rs 999"", ""5""]}",Gamma expansion variant for TELECOM_SCAM.,2026-07-30T10:32:06.426Z,2026-07-30T10:32:06.426Z
TELECOM_SCAM_0063,Airtel: Free 5G upgrade for your SIM. Pay Rs 999 upgrade fee at http://verify-uidai.xyz,airtel: free 5g upgrade for your sim. pay rs 999 upgrade fee at http://verify-uidai.xyz,en,TELECOM_SCAM,True,HIGH,scam,synthetic,2.0.0-gamma,"{""urls"": [""http://verify-uidai.xyz""], ""phones"": [], ""emails"": [], ""banks"": [], ""amounts"": ["" 5"", ""Rs 999""]}",Gamma expansion variant for TELECOM_SCAM.,2026-07-30T10:32:06.426Z,2026-07-30T10:32:06.426Z
TELECOM_SCAM_0064,Airtel: Free 5G upgrade for your SIM. Pay Rs 999 upgrade fee at http://update-aadhaar.tk,airtel: free 5g upgrade for your sim. pay rs 999 upgrade fee at http://update-aadhaar.tk,en,TELECOM_SCAM,True,HIGH,scam,synthetic,2.0.0-gamma,"{""urls"": [""http://update-aadhaar.tk""], ""phones"": [], ""emails"": [], ""banks"": [], ""amounts"": ["" 5"", ""Rs 999""]}",Gamma expansion variant for TELECOM_SCAM.,2026-07-30T10:32:06.426Z,2026-07-30T10:32:06.426Z
TELECOM_SCAM_0065,VI: Your data plan expired. Special recharge Rs 599 for 2GB/day at http://vi-recharge.tk.,vi: your data plan expired. special recharge rs 599 for 2gb/day at http://vi-recharge.tk.,en,TELECOM_SCAM,True,HIGH,scam,synthetic,2.0.0-gamma,"{""urls"": [""http://vi-recharge.tk.""], ""phones"": [], ""emails"": [], ""banks"": [], ""amounts"": [""Rs 599"", "" 2""]}",Gamma expansion variant for TELECOM_SCAM.,2026-07-30T10:32:06.426Z,2026-07-30T10:32:06.426Z
TELECOM_SCAM_0066,VI: Your data plan expired. Special recharge Rs 599 for 2GB/day at http://verify-uidai.xyz,vi: your data plan expired. special recharge rs 599 for 2gb/day at http://verify-uidai.xyz,en,TELECOM_SCAM,True,HIGH,scam,synthetic,2.0.0-gamma,"{""urls"": [""http://verify-uidai.xyz""], ""phones"": [], ""emails"": [], ""banks"": [], ""amounts"": [""Rs 599"", "" 2""]}",Gamma expansion variant for TELECOM_SCAM.,2026-07-30T10:32:06.426Z,2026-07-30T10:32:06.426Z
TELECOM_SCAM_0067,VI: Your data plan expired. Special recharge Rs 599 for 2GB/day at http://update-aadhaar.tk,vi: your data plan expired. special recharge rs 599 for 2gb/day at http://update-aadhaar.tk,en,TELECOM_SCAM,True,HIGH,scam,synthetic,2.0.0-gamma,"{""urls"": [""http://update-aadhaar.tk""], ""phones"": [], ""emails"": [], ""banks"": [], ""amounts"": [""Rs 599"", "" 2""]}",Gamma expansion variant for TELECOM_SCAM.,2026-07-30T10:32:06.426Z,2026-07-30T10:32:06.426Z
TELECOM_SCAM_0068,"TRAI: Your phone number reported for unsolicited calls. Pay Rs 5,000 to delist.","trai: your phone number reported for unsolicited calls. pay rs 5,000 to delist.",en,TELECOM_SCAM,True,HIGH,scam,synthetic,2.0.0-gamma,"{""urls"": [], ""phones"": [], ""emails"": [], ""banks"": [], ""amounts"": [""Rs 5,000""]}",Gamma expansion variant for TELECOM_SCAM.,2026-07-30T10:32:06.426Z,2026-07-30T10:32:06.426Z
TELECOM_SCAM_0069,"TRAI: Your phone number reported for unsolicited calls. Pay Rs 12,500 to delist.","trai: your phone number reported for unsolicited calls. pay rs 12,500 to delist.",en,TELECOM_SCAM,True,HIGH,scam,synthetic,2.0.0-gamma,"{""urls"": [], ""phones"": [], ""emails"": [], ""banks"": [], ""amounts"": [""Rs 12,500""]}",Gamma expansion variant for TELECOM_SCAM.,2026-07-30T10:32:06.426Z,2026-07-30T10:32:06.426Z
TELECOM_SCAM_0070,"TRAI: Your phone number reported for unsolicited calls. Pay Rs 25,000 to delist.","trai: your phone number reported for unsolicited calls. pay rs 25,000 to delist.",en,TELECOM_SCAM,True,HIGH,scam,synthetic,2.0.0-gamma,"{""urls"": [], ""phones"": [], ""emails"": [], ""banks"": [], ""amounts"": [""Rs 25,000""]}",Gamma expansion variant for TELECOM_SCAM.,2026-07-30T10:32:06.426Z,2026-07-30T10:32:06.426Z
OTP_SCAM_0001,"IRCTC: OTP 945612 for booking cancellation of PNR 4567890123. If not authorised, share OTP with support.","irctc: otp 945612 for booking cancellation of pnr 4567890123. if not authorised, share otp with support.",en,OTP_SCAM,True,HIGH,scam,synthetic,2.0.0-gamma,"{""urls"": [], ""phones"": [""4567890123""], ""emails"": []}",Delta expansion for weak category.,2026-07-30T11:26:19.679Z,2026-07-30T11:26:19.679Z
OTP_SCAM_0002,"Google verification code is 482916. Do not share this code. If you received this by mistake, forward to 9988776655.","google verification code is 482916. do not share this code. if you received this by mistake, forward to 9988776655.",en,OTP_SCAM,True,HIGH,scam,synthetic,2.0.0-gamma,"{""urls"": [], ""phones"": [""9988776655""], ""emails"": []}",Delta expansion for weak category.,2026-07-30T11:26:19.679Z,2026-07-30T11:26:19.679Z
OTP_SCAM_0003,Telegram: Login OTP 782345. Someone is trying to access your account from Hyderabad. Forward OTP to stop.,telegram: login otp 782345. someone is trying to access your account from hyderabad. forward otp to stop.,en,OTP_SCAM,True,HIGH,scam,synthetic,2.0.0-gamma,"{""urls"": [], ""phones"": [], ""emails"": []}",Delta expansion for weak category.,2026-07-30T11:26:19.679Z,2026-07-30T11:26:19.679Z
OTP_SCAM_0004,"SBI OTP 891234 for transfer of Rs 45,000 to account XX6789. If not you, call 1800-425-3800 immediately.","sbi otp 891234 for transfer of rs 45,000 to account xx6789. if not you, call 1800-425-3800 immediately.",en,OTP_SCAM,True,HIGH,scam,synthetic,2.0.0-gamma,"{""urls"": [], ""phones"": [""1800-425-3800""], ""emails"": []}",Delta expansion for weak category.,2026-07-30T11:26:19.679Z,2026-07-30T11:26:19.679Z
OTP_SCAM_0005,"GPay transaction OTP: 623489. Amount: Rs 12,500 to Paytm merchant. Not you? Share OTP to reverse.","gpay transaction otp: 623489. amount: rs 12,500 to paytm merchant. not you? share otp to reverse.",en,OTP_SCAM,True,HIGH,scam,synthetic,2.0.0-gamma,"{""urls"": [], ""phones"": [], ""emails"": []}",Delta expansion for weak category.,2026-07-30T11:26:19.679Z,2026-07-30T11:26:19.679Z
OTP_SCAM_0006,"Facebook: OTP 784512 for password reset. If not you, reply with OTP to secure your account.","facebook: otp 784512 for password reset. if not you, reply with otp to secure your account.",en,OTP_SCAM,True,HIGH,scam,synthetic,2.0.0-gamma,"{""urls"": [], ""phones"": [], ""emails"": []}",Delta expansion for weak category.,2026-07-30T11:26:19.679Z,2026-07-30T11:26:19.679Z
OTP_SCAM_0007,"Amazon OTP: 563412 for login from Delhi. If not you, call Amazon support at 1800-3000-1234.","amazon otp: 563412 for login from delhi. if not you, call amazon support at 1800-3000-1234.",en,OTP_SCAM,True,HIGH,scam,synthetic,2.0.0-gamma,"{""urls"": [], ""phones"": [""1800-3000-1234""], ""emails"": []}",Delta expansion for weak category.,2026-07-30T11:26:19.679Z,2026-07-30T11:26:19.679Z
OTP_SCAM_0008,"Paytm: OTP 890123 for wallet transfer of Rs 25,000. Not you? Send OTP to block transaction.","paytm: otp 890123 for wallet transfer of rs 25,000. not you? send otp to block transaction.",en,OTP_SCAM,True,HIGH,scam,synthetic,2.0.0-gamma,"{""urls"": [], ""phones"": [], ""emails"": []}",Delta expansion for weak category.,2026-07-30T11:26:19.679Z,2026-07-30T11:26:19.679Z
OTP_SCAM_0009,"Aadhaar OTP: 452389 for updating mobile number. If not requested, call 1947 immediately.","aadhaar otp: 452389 for updating mobile number. if not requested, call 1947 immediately.",en,OTP_SCAM,True,HIGH,scam,synthetic,2.0.0-gamma,"{""urls"": [], ""phones"": [], ""emails"": []}",Delta expansion for weak category.,2026-07-30T11:26:19.679Z,2026-07-30T11:26:19.679Z
OTP_SCAM_0010,"WhatsApp: Your OTP is 673489. Do not share. If not you, forward to 9876543210 to deactivate.","whatsapp: your otp is 673489. do not share. if not you, forward to 9876543210 to deactivate.",en,OTP_SCAM,True,HIGH,scam,synthetic,2.0.0-gamma,"{""urls"": [], ""phones"": [""9876543210""], ""emails"": []}",Delta expansion for weak category.,2026-07-30T11:26:19.680Z,2026-07-30T11:26:19.680Z
OTP_SCAM_0011,"Flipkart: OTP 561234 for order cancellation of Rs 12,499. Not authorised? Share OTP to seller.","flipkart: otp 561234 for order cancellation of rs 12,499. not authorised? share otp to seller.",en,OTP_SCAM,True,HIGH,scam,synthetic,2.0.0-gamma,"{""urls"": [], ""phones"": [], ""emails"": []}",Delta expansion for weak category.,2026-07-30T11:26:19.680Z,2026-07-30T11:26:19.680Z
OTP_SCAM_0012,"PhonePe: OTP 345678 for adding new beneficiary Rahul. If not you, forward OTP to block.","phonepe: otp 345678 for adding new beneficiary rahul. if not you, forward otp to block.",en,OTP_SCAM,True,HIGH,scam,synthetic,2.0.0-gamma,"{""urls"": [], ""phones"": [], ""emails"": []}",Delta expansion for weak category.,2026-07-30T11:26:19.680Z,2026-07-30T11:26:19.680Z
OTP_SCAM_0013,"Netflix: OTP 234567 for account recovery. If you did not request this, share OTP to lock account.","netflix: otp 234567 for account recovery. if you did not request this, share otp to lock account.",en,OTP_SCAM,True,HIGH,scam,synthetic,2.0.0-gamma,"{""urls"": [], ""phones"": [], ""emails"": []}",Delta expansion for weak category.,2026-07-30T11:26:19.680Z,2026-07-30T11:26:19.680Z
OTP_SCAM_0014,Instagram: OTP 789012 for login from unknown device. Reply with OTP to secure your account.,instagram: otp 789012 for login from unknown device. reply with otp to secure your account.,en,OTP_SCAM,True,HIGH,scam,synthetic,2.0.0-gamma,"{""urls"": [], ""phones"": [], ""emails"": []}",Delta expansion for weak category.,2026-07-30T11:26:19.680Z,2026-07-30T11:26:19.680Z
OTP_SCAM_0015,Microsoft: OTP 901234 for account password reset. Forward to 9988776655 if not you.,microsoft: otp 901234 for account password reset. forward to 9988776655 if not you.,en,OTP_SCAM,True,HIGH,scam,synthetic,2.0.0-gamma,"{""urls"": [], ""phones"": [""9988776655""], ""emails"": []}",Delta expansion for weak category.,2026-07-30T11:26:19.680Z,2026-07-30T11:26:19.680Z
OTP_SCAM_0016,Aapka Google OTP 456789 hai. Kisi ke saath share na karein. Galati se aaya hai to 9988776655 par forward karein.,aapka google otp 456789 hai. kisi ke saath share na karein. galati se aaya hai to 9988776655 par forward karein.,en,OTP_SCAM,True,HIGH,scam,synthetic,2.0.0-gamma,"{""urls"": [], ""phones"": [""9988776655""], ""emails"": []}",Delta expansion for weak category.,2026-07-30T11:26:19.680Z,2026-07-30T11:26:19.680Z
OTP_SCAM_0017,Amazon pe order cancel karne ke liye OTP 567890. Share karo delivery boy ke saath.,amazon pe order cancel karne ke liye otp 567890. share karo delivery boy ke saath.,en,OTP_SCAM,True,HIGH,scam,synthetic,2.0.0-gamma,"{""urls"": [], ""phones"": [], ""emails"": []}",Delta expansion for weak category.,2026-07-30T11:26:19.680Z,2026-07-30T11:26:19.680Z
OTP_SCAM_0018,"PhonePe se Rs 5,000 transfer karne ke liye OTP 678901. Not you? 1800-123-4567 pe call karein.","phonepe se rs 5,000 transfer karne ke liye otp 678901. not you? 1800-123-4567 pe call karein.",en,OTP_SCAM,True,HIGH,scam,synthetic,2.0.0-gamma,"{""urls"": [], ""phones"": [""1800-123-4567""], ""emails"": []}",Delta expansion for weak category.,2026-07-30T11:26:19.680Z,2026-07-30T11:26:19.680Z
OTP_SCAM_0019,Facebook account hack ho gaya hai. OTP 789012 forward karo is number pe 9988776655 for recovery.,facebook account hack ho gaya hai. otp 789012 forward karo is number pe 9988776655 for recovery.,en,OTP_SCAM,True,HIGH,scam,synthetic,2.0.0-gamma,"{""urls"": [], ""phones"": [""9988776655""], ""emails"": []}",Delta expansion for weak category.,2026-07-30T11:26:19.680Z,2026-07-30T11:26:19.680Z
OTP_SCAM_0020,"Google pay transaction OTP 890123. Payment of Rs 15,000 to Ajay. Not you? Call immediately.","google pay transaction otp 890123. payment of rs 15,000 to ajay. not you? call immediately.",en,OTP_SCAM,True,HIGH,scam,synthetic,2.0.0-gamma,"{""urls"": [], ""phones"": [], ""emails"": []}",Delta expansion for weak category.,2026-07-30T11:26:19.680Z,2026-07-30T11:26:19.680Z
OTP_SCAM_0021,LinkedIn: Your account will be permanently deleted. OTP 901234. Share to cancel deletion.,linkedin: your account will be permanently deleted. otp 901234. share to cancel deletion.,en,OTP_SCAM,True,HIGH,scam,synthetic,2.0.0-gamma,"{""urls"": [], ""phones"": [], ""emails"": []}",Delta expansion for weak category.,2026-07-30T11:26:19.680Z,2026-07-30T11:26:19.680Z
OTP_SCAM_0022,Twitter: OTP 123456 for verification. Forward to 9876543210 if you did not request.,twitter: otp 123456 for verification. forward to 9876543210 if you did not request.,en,OTP_SCAM,True,HIGH,scam,synthetic,2.0.0-gamma,"{""urls"": [], ""phones"": [""9876543210""], ""emails"": []}",Delta expansion for weak category.,2026-07-30T11:26:19.680Z,2026-07-30T11:26:19.680Z
OTP_SCAM_0023,Snapchat: OTP 234567 for password change. Kisi ko na bataye. Galat hai to forward karein.,snapchat: otp 234567 for password change. kisi ko na bataye. galat hai to forward karein.,en,OTP_SCAM,True,HIGH,scam,synthetic,2.0.0-gamma,"{""urls"": [], ""phones"": [], ""emails"": []}",Delta expansion for weak category.,2026-07-30T11:26:19.680Z,2026-07-30T11:26:19.680Z
OTP_SCAM_0024,Zomato: OTP 345678 for account deactivation. Not requested? Share OTP with agent to stop.,zomato: otp 345678 for account deactivation. not requested? share otp with agent to stop.,en,OTP_SCAM,True,HIGH,scam,synthetic,2.0.0-gamma,"{""urls"": [], ""phones"": [], ""emails"": []}",Delta expansion for weak category.,2026-07-30T11:26:19.680Z,2026-07-30T11:26:19.680Z
OTP_SCAM_0025,Swiggy: OTP 456789 for refund of Rs 450. Share with our executive for processing.,swiggy: otp 456789 for refund of rs 450. share with our executive for processing.,en,OTP_SCAM,True,HIGH,scam,synthetic,2.0.0-gamma,"{""urls"": [], ""phones"": [], ""emails"": []}",Delta expansion for weak category.,2026-07-30T11:26:19.680Z,2026-07-30T11:26:19.680Z
OTP_SCAM_0026,IRCTC OTP 567890 hai. PNR cancellation ke liye. Kisi ko share na karein.,irctc otp 567890 hai. pnr cancellation ke liye. kisi ko share na karein.,en,OTP_SCAM,True,HIGH,scam,synthetic,2.0.0-gamma,"{""urls"": [], ""phones"": [], ""emails"": []}",Delta expansion for weak category.,2026-07-30T11:26:19.680Z,2026-07-30T11:26:19.680Z
OTP_SCAM_0027,PayPal: OTP 678901 for transaction of $450. Not you? Call 1800-123-456 immediately.,paypal: otp 678901 for transaction of $450. not you? call 1800-123-456 immediately.,en,OTP_SCAM,True,HIGH,scam,synthetic,2.0.0-gamma,"{""urls"": [], ""phones"": [""1800-123-456""], ""emails"": []}",Delta expansion for weak category.,2026-07-30T11:26:19.680Z,2026-07-30T11:26:19.680Z
OTP_SCAM_0028,"WhatsApp verification code 789012. Do not share this code with anyone. If not you, forward to 9988776655.","whatsapp verification code 789012. do not share this code with anyone. if not you, forward to 9988776655.",en,OTP_SCAM,True,HIGH,scam,synthetic,2.0.0-gamma,"{""urls"": [], ""phones"": [""9988776655""], ""emails"": []}",Delta expansion for weak category.,2026-07-30T11:26:19.680Z,2026-07-30T11:26:19.680Z
OTP_SCAM_0029,"Tinder: OTP 890123 for account recovery. If you did not request, forward OTP to deactivate.","tinder: otp 890123 for account recovery. if you did not request, forward otp to deactivate.",en,OTP_SCAM,True,HIGH,scam,synthetic,2.0.0-gamma,"{""urls"": [], ""phones"": [], ""emails"": []}",Delta expansion for weak category.,2026-07-30T11:26:19.680Z,2026-07-30T11:26:19.680Z
OTP_SCAM_0030,Telegram group: OTP 901234 to join premium channel. Forward to admin if not requested.,telegram group: otp 901234 to join premium channel. forward to admin if not requested.,en,OTP_SCAM,True,HIGH,scam,synthetic,2.0.0-gamma,"{""urls"": [], ""phones"": [], ""emails"": []}",Delta expansion for weak category.,2026-07-30T11:26:19.680Z,2026-07-30T11:26:19.680Z
OTP_SCAM_0031,Amazon OTP 123478 for delivery reschedule. Share with delivery partner if needed.,amazon otp 123478 for delivery reschedule. share with delivery partner if needed.,en,OTP_SCAM,True,HIGH,scam,synthetic,2.0.0-gamma,"{""urls"": [], ""phones"": [], ""emails"": []}",Delta expansion for weak category.,2026-07-30T11:26:19.680Z,2026-07-30T11:26:19.680Z
OTP_SCAM_0032,"GPay autopay OTP 234589 for Rs 2,500 monthly. Cancel by sharing OTP to 1800-180-1234.","gpay autopay otp 234589 for rs 2,500 monthly. cancel by sharing otp to 1800-180-1234.",en,OTP_SCAM,True,HIGH,scam,synthetic,2.0.0-gamma,"{""urls"": [], ""phones"": [""1800-180-1234""], ""emails"": []}",Delta expansion for weak category.,2026-07-30T11:26:19.680Z,2026-07-30T11:26:19.680Z
OTP_SCAM_0033,"SBI Card: OTP 345690 for online transaction Rs 67,000. If not you, call 1800-123-4567 now.","sbi card: otp 345690 for online transaction rs 67,000. if not you, call 1800-123-4567 now.",en,OTP_SCAM,True,HIGH,scam,synthetic,2.0.0-gamma,"{""urls"": [], ""phones"": [""1800-123-4567""], ""emails"": []}",Delta expansion for weak category.,2026-07-30T11:26:19.680Z,2026-07-30T11:26:19.680Z
OTP_SCAM_0034,"HDFC OTP 456701 for adding payee Rahul Sharma. If not you, please call immediately.","hdfc otp 456701 for adding payee rahul sharma. if not you, please call immediately.",en,OTP_SCAM,True,HIGH,scam,synthetic,2.0.0-gamma,"{""urls"": [], ""phones"": [], ""emails"": []}",Delta expansion for weak category.,2026-07-30T11:26:19.681Z,2026-07-30T11:26:19.681Z
OTP_SCAM_0035,"ICICI: OTP 567812 for fund transfer Rs 1,25,000. Not you? Block now at http://icici-block.xyz.","icici: otp 567812 for fund transfer rs 1,25,000. not you? block now at http://icici-block.xyz.",en,OTP_SCAM,True,HIGH,scam,synthetic,2.0.0-gamma,"{""urls"": [""http://icici-block.xyz.""], ""phones"": [], ""emails"": []}",Delta expansion for weak category.,2026-07-30T11:26:19.681Z,2026-07-30T11:26:19.681Z
OTP_SCAM_0036,Your Apple ID verification code: 678923. Do not share. Forward to support if unexpected.,your apple id verification code: 678923. do not share. forward to support if unexpected.,en,OTP_SCAM,True,HIGH,scam,synthetic,2.0.0-gamma,"{""urls"": [], ""phones"": [], ""emails"": []}",Delta expansion for weak category.,2026-07-30T11:26:19.681Z,2026-07-30T11:26:19.681Z
OTP_SCAM_0037,Razorpay: OTP 789034 for subscription of Rs 999/month. Not you? Share OTP to cancel.,razorpay: otp 789034 for subscription of rs 999/month. not you? share otp to cancel.,en,OTP_SCAM,True,HIGH,scam,synthetic,2.0.0-gamma,"{""urls"": [], ""phones"": [], ""emails"": []}",Delta expansion for weak category.,2026-07-30T11:26:19.681Z,2026-07-30T11:26:19.681Z
OTP_SCAM_0038,"Google Ads: OTP 890145 for account suspension. If not you, call Google support.","google ads: otp 890145 for account suspension. if not you, call google support.",en,OTP_SCAM,True,HIGH,scam,synthetic,2.0.0-gamma,"{""urls"": [], ""phones"": [], ""emails"": []}",Delta expansion for weak category.,2026-07-30T11:26:19.681Z,2026-07-30T11:26:19.681Z
OTP_SCAM_0039,CoinDCX: OTP 901256 for crypto withdrawal of 0.5 BTC. Not authorised? Call immediately.,coindcx: otp 901256 for crypto withdrawal of 0.5 btc. not authorised? call immediately.,en,OTP_SCAM,True,HIGH,scam,synthetic,2.0.0-gamma,"{""urls"": [], ""phones"": [], ""emails"": []}",Delta expansion for weak category.,2026-07-30T11:26:19.681Z,2026-07-30T11:26:19.681Z
OTP_SCAM_0040,Zerodha: OTP 123467 for demat account transfer. Forward OTP to block if not you.,zerodha: otp 123467 for demat account transfer. forward otp to block if not you.,en,OTP_SCAM,True,HIGH,scam,synthetic,2.0.0-gamma,"{""urls"": [], ""phones"": [], ""emails"": []}",Delta expansion for weak category.,2026-07-30T11:26:19.681Z,2026-07-30T11:26:19.681Z
OTP_SCAM_0041,Upstox: OTP 234578 for adding bank account. Not you? Call 1800-120-4567 right now.,upstox: otp 234578 for adding bank account. not you? call 1800-120-4567 right now.,en,OTP_SCAM,True,HIGH,scam,synthetic,2.0.0-gamma,"{""urls"": [], ""phones"": [""1800-120-4567""], ""emails"": []}",Delta expansion for weak category.,2026-07-30T11:26:19.681Z,2026-07-30T11:26:19.681Z
OTP_SCAM_0042,"CRED: OTP 345689 for credit card bill payment Rs 34,000. Share to reverse if not you.","cred: otp 345689 for credit card bill payment rs 34,000. share to reverse if not you.",en,OTP_SCAM,True,HIGH,scam,synthetic,2.0.0-gamma,"{""urls"": [], ""phones"": [], ""emails"": []}",Delta expansion for weak category.,2026-07-30T11:26:19.681Z,2026-07-30T11:26:19.681Z
OTP_SCAM_0043,"MobiKwik: OTP 456790 for wallet reload Rs 5,000. Not requested? Call support now.","mobikwik: otp 456790 for wallet reload rs 5,000. not requested? call support now.",en,OTP_SCAM,True,HIGH,scam,synthetic,2.0.0-gamma,"{""urls"": [], ""phones"": [], ""emails"": []}",Delta expansion for weak category.,2026-07-30T11:26:19.681Z,2026-07-30T11:26:19.681Z
OTP_SCAM_0044,"FreeCharge: OTP 567801 for transaction Rs 2,500. Forward to 9988776655 if not authorised.","freecharge: otp 567801 for transaction rs 2,500. forward to 9988776655 if not authorised.",en,OTP_SCAM,True,HIGH,scam,synthetic,2.0.0-gamma,"{""urls"": [], ""phones"": [""9988776655""], ""emails"": []}",Delta expansion for weak category.,2026-07-30T11:26:19.681Z,2026-07-30T11:26:19.681Z
OTP_SCAM_0045,"Airtel Payments Bank: OTP 678912 for account opening. If not you, call 121 immediately.","airtel payments bank: otp 678912 for account opening. if not you, call 121 immediately.",en,OTP_SCAM,True,HIGH,scam,synthetic,2.0.0-gamma,"{""urls"": [], ""phones"": [], ""emails"": []}",Delta expansion for weak category.,2026-07-30T11:26:19.681Z,2026-07-30T11:26:19.681Z
OTP_SCAM_0046,Jio Payments Bank: OTP 789023 for KYC update. Forward OTP to 9876543210 if not requested.,jio payments bank: otp 789023 for kyc update. forward otp to 9876543210 if not requested.,en,OTP_SCAM,True,HIGH,scam,synthetic,2.0.0-gamma,"{""urls"": [], ""phones"": [""9876543210""], ""emails"": []}",Delta expansion for weak category.,2026-07-30T11:26:19.681Z,2026-07-30T11:26:19.681Z
OTP_SCAM_0047,RBL Bank: OTP 890134 for credit card issuance. Not you? Share OTP to cancel application.,rbl bank: otp 890134 for credit card issuance. not you? share otp to cancel application.,en,OTP_SCAM,True,HIGH,scam,synthetic,2.0.0-gamma,"{""urls"": [], ""phones"": [], ""emails"": []}",Delta expansion for weak category.,2026-07-30T11:26:19.681Z,2026-07-30T11:26:19.681Z
OTP_SCAM_0048,IDFC Bank: OTP 901245 for adding nominee. Forward to 9988776655 if not authorised.,idfc bank: otp 901245 for adding nominee. forward to 9988776655 if not authorised.,en,OTP_SCAM,True,HIGH,scam,synthetic,2.0.0-gamma,"{""urls"": [], ""phones"": [""9988776655""], ""emails"": []}",Delta expansion for weak category.,2026-07-30T11:26:19.681Z,2026-07-30T11:26:19.681Z
OTP_SCAM_0049,Yes Bank: OTP 123456 for online banking registration. Call 1800-258-4567 if not you.,yes bank: otp 123456 for online banking registration. call 1800-258-4567 if not you.,en,OTP_SCAM,True,HIGH,scam,synthetic,2.0.0-gamma,"{""urls"": [], ""phones"": [""1800-258-4567""], ""emails"": []}",Delta expansion for weak category.,2026-07-30T11:26:19.681Z,2026-07-30T11:26:19.681Z
OTP_SCAM_0050,Kotak 811: OTP 234567 for mobile number change. Share OTP with executive to verify.,kotak 811: otp 234567 for mobile number change. share otp with executive to verify.,en,OTP_SCAM,True,HIGH,scam,synthetic,2.0.0-gamma,"{""urls"": [], ""phones"": [], ""emails"": []}",Delta expansion for weak category.,2026-07-30T11:26:19.681Z,2026-07-30T11:26:19.681Z
OTP_SCAM_0051,Axis Bank: OTP 345678 for resetting net banking password. Share OTP to block if not you.,axis bank: otp 345678 for resetting net banking password. share otp to block if not you.,en,OTP_SCAM,True,HIGH,scam,synthetic,2.0.0-gamma,"{""urls"": [], ""phones"": [], ""emails"": []}",Delta expansion for weak category.,2026-07-30T11:26:19.681Z,2026-07-30T11:26:19.681Z
OTP_SCAM_0052,PNB OTP 456789 for account reactivation. Forward to 1800-120-1234 if not requested.,pnb otp 456789 for account reactivation. forward to 1800-120-1234 if not requested.,en,OTP_SCAM,True,HIGH,scam,synthetic,2.0.0-gamma,"{""urls"": [], ""phones"": [""1800-120-1234""], ""emails"": []}",Delta expansion for weak category.,2026-07-30T11:26:19.681Z,2026-07-30T11:26:19.681Z
OTP_SCAM_0053,BOB OTP 567890 for linking Aadhaar with account. Forward OTP if not you.,bob otp 567890 for linking aadhaar with account. forward otp if not you.,en,OTP_SCAM,True,HIGH,scam,synthetic,2.0.0-gamma,"{""urls"": [], ""phones"": [], ""emails"": []}",Delta expansion for weak category.,2026-07-30T11:26:19.681Z,2026-07-30T11:26:19.681Z
OTP_SCAM_0054,Canara Bank OTP 678901 for updating address. Share OTP with our representative.,canara bank otp 678901 for updating address. share otp with our representative.,en,OTP_SCAM,True,HIGH,scam,synthetic,2.0.0-gamma,"{""urls"": [], ""phones"": [], ""emails"": []}",Delta expansion for weak category.,2026-07-30T11:26:19.681Z,2026-07-30T11:26:19.681Z
OTP_SCAM_0055,Indian Bank OTP 789012 for e-statement generation. Not you? Call branch immediately.,indian bank otp 789012 for e-statement generation. not you? call branch immediately.,en,OTP_SCAM,True,HIGH,scam,synthetic,2.0.0-gamma,"{""urls"": [], ""phones"": [], ""emails"": []}",Delta expansion for weak category.,2026-07-30T11:26:19.681Z,2026-07-30T11:26:19.681Z
OTP_SCAM_0056,Bank of India OTP 890123 for adding SMS banking. Forward priority if not you.,bank of india otp 890123 for adding sms banking. forward priority if not you.,en,OTP_SCAM,True,HIGH,scam,synthetic,2.0.0-gamma,"{""urls"": [], ""phones"": [], ""emails"": []}",Delta expansion for weak category.,2026-07-30T11:26:19.681Z,2026-07-30T11:26:19.681Z
LEGITIMATE_PERSONAL_0001,"Hey, are we still on for dinner tonight? I'll book the table at 7.","hey, are we still on for dinner tonight? i'll book the table at 7.",en,LEGITIMATE_PERSONAL,False,LOW,legitimate,synthetic,2.0.0-gamma,"{""urls"": [], ""phones"": [], ""emails"": []}",Delta expansion for weak category.,2026-07-30T11:26:19.681Z,2026-07-30T11:26:19.681Z
LEGITIMATE_PERSONAL_0002,"Mom, I reached the hotel safely. Will call you in the morning. Love you.","mom, i reached the hotel safely. will call you in the morning. love you.",en,LEGITIMATE_PERSONAL,False,LOW,legitimate,synthetic,2.0.0-gamma,"{""urls"": [], ""phones"": [], ""emails"": []}",Delta expansion for weak category.,2026-07-30T11:26:19.682Z,2026-07-30T11:26:19.682Z
LEGITIMATE_PERSONAL_0003,Can you please pick up some groceries on your way back? We need milk and bread.,can you please pick up some groceries on your way back? we need milk and bread.,en,LEGITIMATE_PERSONAL,False,LOW,legitimate,synthetic,2.0.0-gamma,"{""urls"": [], ""phones"": [], ""emails"": []}",Delta expansion for weak category.,2026-07-30T11:26:19.682Z,2026-07-30T11:26:19.682Z
LEGITIMATE_PERSONAL_0004,Happy birthday! Hope you have an amazing day. Let's celebrate this weekend.,happy birthday! hope you have an amazing day. let's celebrate this weekend.,en,LEGITIMATE_PERSONAL,False,LOW,legitimate,synthetic,2.0.0-gamma,"{""urls"": [], ""phones"": [], ""emails"": []}",Delta expansion for weak category.,2026-07-30T11:26:19.682Z,2026-07-30T11:26:19.682Z
LEGITIMATE_PERSONAL_0005,Please send me the photos from yesterday's party. I want to share them with everyone.,please send me the photos from yesterday's party. i want to share them with everyone.,en,LEGITIMATE_PERSONAL,False,LOW,legitimate,synthetic,2.0.0-gamma,"{""urls"": [], ""phones"": [], ""emails"": []}",Delta expansion for weak category.,2026-07-30T11:26:19.682Z,2026-07-30T11:26:19.682Z
LEGITIMATE_PERSONAL_0006,I'll be late today. Stuck in traffic near the airport. Will update you.,i'll be late today. stuck in traffic near the airport. will update you.,en,LEGITIMATE_PERSONAL,False,LOW,legitimate,synthetic,2.0.0-gamma,"{""urls"": [], ""phones"": [], ""emails"": []}",Delta expansion for weak category.,2026-07-30T11:26:19.682Z,2026-07-30T11:26:19.682Z
LEGITIMATE_PERSONAL_0007,The meeting has been moved to 3 PM. Please inform the rest of the team.,the meeting has been moved to 3 pm. please inform the rest of the team.,en,LEGITIMATE_PERSONAL,False,LOW,legitimate,synthetic,2.0.0-gamma,"{""urls"": [], ""phones"": [], ""emails"": []}",Delta expansion for weak category.,2026-07-30T11:26:19.682Z,2026-07-30T11:26:19.682Z
LEGITIMATE_PERSONAL_0008,Your appointment with Dr. Sharma is confirmed for tomorrow at 10 AM. Please arrive 15 minutes early.,your appointment with dr. sharma is confirmed for tomorrow at 10 am. please arrive 15 minutes early.,en,LEGITIMATE_PERSONAL,False,LOW,legitimate,synthetic,2.0.0-gamma,"{""urls"": [], ""phones"": [], ""emails"": []}",Delta expansion for weak category.,2026-07-30T11:26:19.682Z,2026-07-30T11:26:19.682Z
LEGITIMATE_PERSONAL_0009,Rahul's wedding is on 15th December. We need to book our flights soon.,rahul's wedding is on 15th december. we need to book our flights soon.,en,LEGITIMATE_PERSONAL,False,LOW,legitimate,synthetic,2.0.0-gamma,"{""urls"": [], ""phones"": [], ""emails"": []}",Delta expansion for weak category.,2026-07-30T11:26:19.682Z,2026-07-30T11:26:19.682Z
LEGITIMATE_PERSONAL_0010,Can you pick up the kids from school today? I have a late meeting.,can you pick up the kids from school today? i have a late meeting.,en,LEGITIMATE_PERSONAL,False,LOW,legitimate,synthetic,2.0.0-gamma,"{""urls"": [], ""phones"": [], ""emails"": []}",Delta expansion for weak category.,2026-07-30T11:26:19.682Z,2026-07-30T11:26:19.682Z
LEGITIMATE_PERSONAL_0011,The wifi isn't working at home. Can you call the ISP when you get a chance?,the wifi isn't working at home. can you call the isp when you get a chance?,en,LEGITIMATE_PERSONAL,False,LOW,legitimate,synthetic,2.0.0-gamma,"{""urls"": [], ""phones"": [], ""emails"": []}",Delta expansion for weak category.,2026-07-30T11:26:19.682Z,2026-07-30T11:26:19.682Z
LEGITIMATE_PERSONAL_0012,I'm ordering pizza tonight. What toppings do you want?,i'm ordering pizza tonight. what toppings do you want?,en,LEGITIMATE_PERSONAL,False,LOW,legitimate,synthetic,2.0.0-gamma,"{""urls"": [], ""phones"": [], ""emails"": []}",Delta expansion for weak category.,2026-07-30T11:26:19.682Z,2026-07-30T11:26:19.682Z
LEGITIMATE_PERSONAL_0013,Your parcel has been delivered to the neighbour. Please collect it from them.,your parcel has been delivered to the neighbour. please collect it from them.,en,LEGITIMATE_PERSONAL,False,LOW,legitimate,synthetic,2.0.0-gamma,"{""urls"": [], ""phones"": [], ""emails"": []}",Delta expansion for weak category.,2026-07-30T11:26:19.682Z,2026-07-30T11:26:19.682Z
LEGITIMATE_PERSONAL_0014,Don't forget we have a dentist appointment on Friday at 11 AM.,don't forget we have a dentist appointment on friday at 11 am.,en,LEGITIMATE_PERSONAL,False,LOW,legitimate,synthetic,2.0.0-gamma,"{""urls"": [], ""phones"": [], ""emails"": []}",Delta expansion for weak category.,2026-07-30T11:26:19.682Z,2026-07-30T11:26:19.682Z
LEGITIMATE_PERSONAL_0015,The car needs servicing. I've booked it for Saturday morning at 9.,the car needs servicing. i've booked it for saturday morning at 9.,en,LEGITIMATE_PERSONAL,False,LOW,legitimate,synthetic,2.0.0-gamma,"{""urls"": [], ""phones"": [], ""emails"": []}",Delta expansion for weak category.,2026-07-30T11:26:19.682Z,2026-07-30T11:26:19.682Z
LEGITIMATE_PERSONAL_0016,"Can you transfer Rs 2,000 to my account? I need to pay the plumber.","can you transfer rs 2,000 to my account? i need to pay the plumber.",en,LEGITIMATE_PERSONAL,False,LOW,legitimate,synthetic,2.0.0-gamma,"{""urls"": [], ""phones"": [], ""emails"": []}",Delta expansion for weak category.,2026-07-30T11:26:19.682Z,2026-07-30T11:26:19.682Z
LEGITIMATE_PERSONAL_0017,The landlord is coming tomorrow to fix the water heater. Please be home.,the landlord is coming tomorrow to fix the water heater. please be home.,en,LEGITIMATE_PERSONAL,False,LOW,legitimate,synthetic,2.0.0-gamma,"{""urls"": [], ""phones"": [], ""emails"": []}",Delta expansion for weak category.,2026-07-30T11:26:19.682Z,2026-07-30T11:26:19.682Z
LEGITIMATE_PERSONAL_0018,"Your flight AI 202 to Mumbai is on time. Gate 12, boarding at 6:30 PM.","your flight ai 202 to mumbai is on time. gate 12, boarding at 6:30 pm.",en,LEGITIMATE_PERSONAL,False,LOW,legitimate,synthetic,2.0.0-gamma,"{""urls"": [], ""phones"": [], ""emails"": []}",Delta expansion for weak category.,2026-07-30T11:26:19.682Z,2026-07-30T11:26:19.682Z
LEGITIMATE_PERSONAL_0019,I've sent you the project files via email. Please review them before tomorrow.,i've sent you the project files via email. please review them before tomorrow.,en,LEGITIMATE_PERSONAL,False,LOW,legitimate,synthetic,2.0.0-gamma,"{""urls"": [], ""phones"": [], ""emails"": []}",Delta expansion for weak category.,2026-07-30T11:26:19.682Z,2026-07-30T11:26:19.682Z
LEGITIMATE_PERSONAL_0020,The electricity bill has been paid for this month. Check the app for receipt.,the electricity bill has been paid for this month. check the app for receipt.,en,LEGITIMATE_PERSONAL,False,LOW,legitimate,synthetic,2.0.0-gamma,"{""urls"": [], ""phones"": [], ""emails"": []}",Delta expansion for weak category.,2026-07-30T11:26:19.682Z,2026-07-30T11:26:19.682Z
LEGITIMATE_PERSONAL_0021,Can you believe they cancelled the concert? I'm so disappointed.,can you believe they cancelled the concert? i'm so disappointed.,en,LEGITIMATE_PERSONAL,False,LOW,legitimate,synthetic,2.0.0-gamma,"{""urls"": [], ""phones"": [], ""emails"": []}",Delta expansion for weak category.,2026-07-30T11:26:19.682Z,2026-07-30T11:26:19.682Z
LEGITIMATE_PERSONAL_0022,Let's plan a trip to Goa next month. I'll check the hotel prices.,let's plan a trip to goa next month. i'll check the hotel prices.,en,LEGITIMATE_PERSONAL,False,LOW,legitimate,synthetic,2.0.0-gamma,"{""urls"": [], ""phones"": [], ""emails"": []}",Delta expansion for weak category.,2026-07-30T11:26:19.682Z,2026-07-30T11:26:19.682Z
LEGITIMATE_PERSONAL_0023,Your prescription is ready at Apollo Pharmacy. Please collect before 8 PM.,your prescription is ready at apollo pharmacy. please collect before 8 pm.,en,LEGITIMATE_PERSONAL,False,LOW,legitimate,synthetic,2.0.0-gamma,"{""urls"": [], ""phones"": [], ""emails"": []}",Delta expansion for weak category.,2026-07-30T11:26:19.682Z,2026-07-30T11:26:19.682Z
LEGITIMATE_PERSONAL_0024,The gym is closed tomorrow for maintenance. We can go for a run instead.,the gym is closed tomorrow for maintenance. we can go for a run instead.,en,LEGITIMATE_PERSONAL,False,LOW,legitimate,synthetic,2.0.0-gamma,"{""urls"": [], ""phones"": [], ""emails"": []}",Delta expansion for weak category.,2026-07-30T11:26:19.682Z,2026-07-30T11:26:19.682Z
LEGITIMATE_PERSONAL_0025,I'm at the coffee shop near your office. Join me if you're free.,i'm at the coffee shop near your office. join me if you're free.,en,LEGITIMATE_PERSONAL,False,LOW,legitimate,synthetic,2.0.0-gamma,"{""urls"": [], ""phones"": [], ""emails"": []}",Delta expansion for weak category.,2026-07-30T11:26:19.705Z,2026-07-30T11:26:19.705Z
LEGITIMATE_PERSONAL_0026,The plumber will come tomorrow at 10 AM. Please make sure someone is home.,the plumber will come tomorrow at 10 am. please make sure someone is home.,en,LEGITIMATE_PERSONAL,False,LOW,legitimate,synthetic,2.0.0-gamma,"{""urls"": [], ""phones"": [], ""emails"": []}",Delta expansion for weak category.,2026-07-30T11:26:19.706Z,2026-07-30T11:26:19.706Z
LEGITIMATE_PERSONAL_0027,Can you check if we have enough rice and dal? I'll pick up whatever is needed.,can you check if we have enough rice and dal? i'll pick up whatever is needed.,en,LEGITIMATE_PERSONAL,False,LOW,legitimate,synthetic,2.0.0-gamma,"{""urls"": [], ""phones"": [], ""emails"": []}",Delta expansion for weak category.,2026-07-30T11:26:19.706Z,2026-07-30T11:26:19.706Z
LEGITIMATE_PERSONAL_0028,Your sister called. She wants us to come for dinner on Sunday.,your sister called. she wants us to come for dinner on sunday.,en,LEGITIMATE_PERSONAL,False,LOW,legitimate,synthetic,2.0.0-gamma,"{""urls"": [], ""phones"": [], ""emails"": []}",Delta expansion for weak category.,2026-07-30T11:26:19.706Z,2026-07-30T11:26:19.706Z
LEGITIMATE_PERSONAL_0029,The movie tickets are booked for 7 PM show. Reach by 6:30 so we can grab coffee.,the movie tickets are booked for 7 pm show. reach by 6:30 so we can grab coffee.,en,LEGITIMATE_PERSONAL,False,LOW,legitimate,synthetic,2.0.0-gamma,"{""urls"": [], ""phones"": [], ""emails"": []}",Delta expansion for weak category.,2026-07-30T11:26:19.706Z,2026-07-30T11:26:19.706Z
LEGITIMATE_PERSONAL_0030,I forgot my lunch at home. Can you drop it at my office?,i forgot my lunch at home. can you drop it at my office?,en,LEGITIMATE_PERSONAL,False,LOW,legitimate,synthetic,2.0.0-gamma,"{""urls"": [], ""phones"": [], ""emails"": []}",Delta expansion for weak category.,2026-07-30T11:26:19.706Z,2026-07-30T11:26:19.706Z
LEGITIMATE_PERSONAL_0031,The AC repair guy is coming between 2-4 PM. Please be there to let him in.,the ac repair guy is coming between 2-4 pm. please be there to let him in.,en,LEGITIMATE_PERSONAL,False,LOW,legitimate,synthetic,2.0.0-gamma,"{""urls"": [], ""phones"": [], ""emails"": []}",Delta expansion for weak category.,2026-07-30T11:26:19.706Z,2026-07-30T11:26:19.706Z
LEGITIMATE_PERSONAL_0032,Can you water the plants while I'm away? They need watering every other day.,can you water the plants while i'm away? they need watering every other day.,en,LEGITIMATE_PERSONAL,False,LOW,legitimate,synthetic,2.0.0-gamma,"{""urls"": [], ""phones"": [], ""emails"": []}",Delta expansion for weak category.,2026-07-30T11:26:19.706Z,2026-07-30T11:26:19.706Z
LEGITIMATE_PERSONAL_0033,Your library books are due tomorrow. Please return them on time.,your library books are due tomorrow. please return them on time.,en,LEGITIMATE_PERSONAL,False,LOW,legitimate,synthetic,2.0.0-gamma,"{""urls"": [], ""phones"": [], ""emails"": []}",Delta expansion for weak category.,2026-07-30T11:26:19.706Z,2026-07-30T11:26:19.706Z
LEGITIMATE_PERSONAL_0034,I'm cooking your favourite dish tonight. Come home early if you can.,i'm cooking your favourite dish tonight. come home early if you can.,en,LEGITIMATE_PERSONAL,False,LOW,legitimate,synthetic,2.0.0-gamma,"{""urls"": [], ""phones"": [], ""emails"": []}",Delta expansion for weak category.,2026-07-30T11:26:19.706Z,2026-07-30T11:26:19.706Z
LEGITIMATE_PERSONAL_0035,The internet bill is due tomorrow. I'll pay it online tonight.,the internet bill is due tomorrow. i'll pay it online tonight.,en,LEGITIMATE_PERSONAL,False,LOW,legitimate,synthetic,2.0.0-gamma,"{""urls"": [], ""phones"": [], ""emails"": []}",Delta expansion for weak category.,2026-07-30T11:26:19.706Z,2026-07-30T11:26:19.706Z
LEGITIMATE_PERSONAL_0036,Can you send me the address of the party? I'll GPS it.,can you send me the address of the party? i'll gps it.,en,LEGITIMATE_PERSONAL,False,LOW,legitimate,synthetic,2.0.0-gamma,"{""urls"": [], ""phones"": [], ""emails"": []}",Delta expansion for weak category.,2026-07-30T11:26:19.706Z,2026-07-30T11:26:19.706Z
LEGITIMATE_PERSONAL_0037,Your glasses are ready for pickup at the optician. They called today.,your glasses are ready for pickup at the optician. they called today.,en,LEGITIMATE_PERSONAL,False,LOW,legitimate,synthetic,2.0.0-gamma,"{""urls"": [], ""phones"": [], ""emails"": []}",Delta expansion for weak category.,2026-07-30T11:26:19.706Z,2026-07-30T11:26:19.706Z
LEGITIMATE_PERSONAL_0038,I've booked a cab for us to the airport. It will arrive at 5 AM sharp.,i've booked a cab for us to the airport. it will arrive at 5 am sharp.,en,LEGITIMATE_PERSONAL,False,LOW,legitimate,synthetic,2.0.0-gamma,"{""urls"": [], ""phones"": [], ""emails"": []}",Delta expansion for weak category.,2026-07-30T11:26:19.706Z,2026-07-30T11:26:19.706Z
LEGITIMATE_PERSONAL_0039,The kids have a parent-teacher meeting on Saturday at 10 AM.,the kids have a parent-teacher meeting on saturday at 10 am.,en,LEGITIMATE_PERSONAL,False,LOW,legitimate,synthetic,2.0.0-gamma,"{""urls"": [], ""phones"": [], ""emails"": []}",Delta expansion for weak category.,2026-07-30T11:26:19.706Z,2026-07-30T11:26:19.706Z
LEGITIMATE_PERSONAL_0040,Can you drop the car for washing tomorrow morning? I'll pick it up in the evening.,can you drop the car for washing tomorrow morning? i'll pick it up in the evening.,en,LEGITIMATE_PERSONAL,False,LOW,legitimate,synthetic,2.0.0-gamma,"{""urls"": [], ""phones"": [], ""emails"": []}",Delta expansion for weak category.,2026-07-30T11:26:19.706Z,2026-07-30T11:26:19.706Z
LEGITIMATE_PERSONAL_0041,Your train to Chennai departs at 9:15 PM from platform 3. Have a safe journey.,your train to chennai departs at 9:15 pm from platform 3. have a safe journey.,en,LEGITIMATE_PERSONAL,False,LOW,legitimate,synthetic,2.0.0-gamma,"{""urls"": [], ""phones"": [], ""emails"": []}",Delta expansion for weak category.,2026-07-30T11:26:19.706Z,2026-07-30T11:26:19.706Z
LEGITIMATE_PERSONAL_0042,I need the recipe for that pasta you made last week. It was delicious.,i need the recipe for that pasta you made last week. it was delicious.,en,LEGITIMATE_PERSONAL,False,LOW,legitimate,synthetic,2.0.0-gamma,"{""urls"": [], ""phones"": [], ""emails"": []}",Delta expansion for weak category.,2026-07-30T11:26:19.706Z,2026-07-30T11:26:19.706Z
LEGITIMATE_PERSONAL_0043,The bank called about a cheque bounce. Can you check your account balance?,the bank called about a cheque bounce. can you check your account balance?,en,LEGITIMATE_PERSONAL,False,LOW,legitimate,synthetic,2.0.0-gamma,"{""urls"": [], ""phones"": [], ""emails"": []}",Delta expansion for weak category.,2026-07-30T11:26:19.706Z,2026-07-30T11:26:19.706Z
LEGITIMATE_PERSONAL_0044,Can you buy a gift for Ananya's wedding? I'll transfer you the money.,can you buy a gift for ananya's wedding? i'll transfer you the money.,en,LEGITIMATE_PERSONAL,False,LOW,legitimate,synthetic,2.0.0-gamma,"{""urls"": [], ""phones"": [], ""emails"": []}",Delta expansion for weak category.,2026-07-30T11:26:19.706Z,2026-07-30T11:26:19.706Z
LEGITIMATE_PERSONAL_0045,Your passport renewal is due next month. Start the application online.,your passport renewal is due next month. start the application online.,en,LEGITIMATE_PERSONAL,False,LOW,legitimate,synthetic,2.0.0-gamma,"{""urls"": [], ""phones"": [], ""emails"": []}",Delta expansion for weak category.,2026-07-30T11:26:19.706Z,2026-07-30T11:26:19.706Z
LEGITIMATE_PERSONAL_0046,The neighbours are complaining about the noise. Can you keep it down?,the neighbours are complaining about the noise. can you keep it down?,en,LEGITIMATE_PERSONAL,False,LOW,legitimate,synthetic,2.0.0-gamma,"{""urls"": [], ""phones"": [], ""emails"": []}",Delta expansion for weak category.,2026-07-30T11:26:19.706Z,2026-07-30T11:26:19.706Z
LEGITIMATE_PERSONAL_0047,I finished the book you recommended. It was amazing! Got any more suggestions?,i finished the book you recommended. it was amazing! got any more suggestions?,en,LEGITIMATE_PERSONAL,False,LOW,legitimate,synthetic,2.0.0-gamma,"{""urls"": [], ""phones"": [], ""emails"": []}",Delta expansion for weak category.,2026-07-30T11:26:19.706Z,2026-07-30T11:26:19.706Z
LEGITIMATE_PERSONAL_0048,Can you pick up my dry cleaning from the shop near the metro station?,can you pick up my dry cleaning from the shop near the metro station?,en,LEGITIMATE_PERSONAL,False,LOW,legitimate,synthetic,2.0.0-gamma,"{""urls"": [], ""phones"": [], ""emails"": []}",Delta expansion for weak category.,2026-07-30T11:26:19.707Z,2026-07-30T11:26:19.707Z
LEGITIMATE_PERSONAL_0049,The cake is in the oven. Please check it in 20 minutes and turn off the oven.,the cake is in the oven. please check it in 20 minutes and turn off the oven.,en,LEGITIMATE_PERSONAL,False,LOW,legitimate,synthetic,2.0.0-gamma,"{""urls"": [], ""phones"": [], ""emails"": []}",Delta expansion for weak category.,2026-07-30T11:26:19.707Z,2026-07-30T11:26:19.707Z
LEGITIMATE_PERSONAL_0050,Your annual health check-up is due. I've booked it for next Tuesday.,your annual health check-up is due. i've booked it for next tuesday.,en,LEGITIMATE_PERSONAL,False,LOW,legitimate,synthetic,2.0.0-gamma,"{""urls"": [], ""phones"": [], ""emails"": []}",Delta expansion for weak category.,2026-07-30T11:26:19.707Z,2026-07-30T11:26:19.707Z
LEGITIMATE_SHOPPING_0001,Your Amazon order #OD1234567890 has been shipped. Expected delivery: 5 Aug.,your amazon order #od1234567890 has been shipped. expected delivery: 5 aug.,en,LEGITIMATE_SHOPPING,False,LOW,legitimate,synthetic,2.0.0-gamma,"{""urls"": [], ""phones"": [], ""emails"": []}",Delta expansion for weak category.,2026-07-30T11:26:19.707Z,2026-07-30T11:26:19.707Z
LEGITIMATE_SHOPPING_0002,Flipkart: Your order of Samsung Galaxy M35 has been dispatched. Track at http://flipkart.com/track.,flipkart: your order of samsung galaxy m35 has been dispatched. track at http://flipkart.com/track.,en,LEGITIMATE_SHOPPING,False,LOW,legitimate,synthetic,2.0.0-gamma,"{""urls"": [""http://flipkart.com/track.""], ""phones"": [], ""emails"": []}",Delta expansion for weak category.,2026-07-30T11:26:19.707Z,2026-07-30T11:26:19.707Z
LEGITIMATE_SHOPPING_0003,"Myntra: Your order #MY1234567890 is out for delivery. Pay Rs 2,499 on delivery.","myntra: your order #my1234567890 is out for delivery. pay rs 2,499 on delivery.",en,LEGITIMATE_SHOPPING,False,LOW,legitimate,synthetic,2.0.0-gamma,"{""urls"": [], ""phones"": [], ""emails"": []}",Delta expansion for weak category.,2026-07-30T11:26:19.707Z,2026-07-30T11:26:19.707Z
LEGITIMATE_SHOPPING_0004,Ajio: 50% off on your favourite brands. Use code AJIO50. Shop now at http://ajio.com.,ajio: 50% off on your favourite brands. use code ajio50. shop now at http://ajio.com.,en,LEGITIMATE_SHOPPING,False,LOW,legitimate,synthetic,2.0.0-gamma,"{""urls"": [""http://ajio.com.""], ""phones"": [], ""emails"": []}",Delta expansion for weak category.,2026-07-30T11:26:19.707Z,2026-07-30T11:26:19.707Z
LEGITIMATE_SHOPPING_0005,Amazon: Your return of product #RT7890123456 has been picked up. Refund will be processed in 5-7 days.,amazon: your return of product #rt7890123456 has been picked up. refund will be processed in 5-7 days.,en,LEGITIMATE_SHOPPING,False,LOW,legitimate,synthetic,2.0.0-gamma,"{""urls"": [], ""phones"": [], ""emails"": []}",Delta expansion for weak category.,2026-07-30T11:26:19.707Z,2026-07-30T11:26:19.707Z
LEGITIMATE_SHOPPING_0006,Meesho: Your order of Rs 349 has been confirmed. Expected delivery: 8-10 Aug.,meesho: your order of rs 349 has been confirmed. expected delivery: 8-10 aug.,en,LEGITIMATE_SHOPPING,False,LOW,legitimate,synthetic,2.0.0-gamma,"{""urls"": [], ""phones"": [], ""emails"": []}",Delta expansion for weak category.,2026-07-30T11:26:19.707Z,2026-07-30T11:26:19.707Z
LEGITIMATE_SHOPPING_0007,Nykaa: Your order of skincare products is on the way. Track at http://nykaa.com/order.,nykaa: your order of skincare products is on the way. track at http://nykaa.com/order.,en,LEGITIMATE_SHOPPING,False,LOW,legitimate,synthetic,2.0.0-gamma,"{""urls"": [""http://nykaa.com/order.""], ""phones"": [], ""emails"": []}",Delta expansion for weak category.,2026-07-30T11:26:19.707Z,2026-07-30T11:26:19.707Z
LEGITIMATE_SHOPPING_0008,Tata CLiQ: Your order of OnePlus Nord CE4 has been shipped. Track at http://tatacliq.com/track.,tata cliq: your order of oneplus nord ce4 has been shipped. track at http://tatacliq.com/track.,en,LEGITIMATE_SHOPPING,False,LOW,legitimate,synthetic,2.0.0-gamma,"{""urls"": [""http://tatacliq.com/track.""], ""phones"": [], ""emails"": []}",Delta expansion for weak category.,2026-07-30T11:26:19.707Z,2026-07-30T11:26:19.707Z
LEGITIMATE_SHOPPING_0009,Snapdeal: Your order is being packed. Will ship within 24 hours.,snapdeal: your order is being packed. will ship within 24 hours.,en,LEGITIMATE_SHOPPING,False,LOW,legitimate,synthetic,2.0.0-gamma,"{""urls"": [], ""phones"": [], ""emails"": []}",Delta expansion for weak category.,2026-07-30T11:26:19.707Z,2026-07-30T11:26:19.707Z
LEGITIMATE_SHOPPING_0010,1mg: Your medicine order is confirmed. Prescription will be verified by our pharmacist.,1mg: your medicine order is confirmed. prescription will be verified by our pharmacist.,en,LEGITIMATE_SHOPPING,False,LOW,legitimate,synthetic,2.0.0-gamma,"{""urls"": [], ""phones"": [], ""emails"": []}",Delta expansion for weak category.,2026-07-30T11:26:19.707Z,2026-07-30T11:26:19.707Z
LEGITIMATE_SHOPPING_0011,Zepto: Your order of Rs 567 is on its way! Delivery in 10 minutes.,zepto: your order of rs 567 is on its way! delivery in 10 minutes.,en,LEGITIMATE_SHOPPING,False,LOW,legitimate,synthetic,2.0.0-gamma,"{""urls"": [], ""phones"": [], ""emails"": []}",Delta expansion for weak category.,2026-07-30T11:26:19.707Z,2026-07-30T11:26:19.707Z
LEGITIMATE_SHOPPING_0012,Blinkit: Your grocery order of Rs 892 has been picked. ETA: 12 minutes.,blinkit: your grocery order of rs 892 has been picked. eta: 12 minutes.,en,LEGITIMATE_SHOPPING,False,LOW,legitimate,synthetic,2.0.0-gamma,"{""urls"": [], ""phones"": [], ""emails"": []}",Delta expansion for weak category.,2026-07-30T11:26:19.707Z,2026-07-30T11:26:19.707Z
LEGITIMATE_SHOPPING_0013,Swiggy Instamart: Your order of Rs 450 is being prepared. Delivery by 8:15 PM.,swiggy instamart: your order of rs 450 is being prepared. delivery by 8:15 pm.,en,LEGITIMATE_SHOPPING,False,LOW,legitimate,synthetic,2.0.0-gamma,"{""urls"": [], ""phones"": [], ""emails"": []}",Delta expansion for weak category.,2026-07-30T11:26:19.707Z,2026-07-30T11:26:19.707Z
LEGITIMATE_SHOPPING_0014,"BigBasket: Your weekly order of Rs 1,250 is out for delivery. Slot: 9-11 AM.","bigbasket: your weekly order of rs 1,250 is out for delivery. slot: 9-11 am.",en,LEGITIMATE_SHOPPING,False,LOW,legitimate,synthetic,2.0.0-gamma,"{""urls"": [], ""phones"": [], ""emails"": []}",Delta expansion for weak category.,2026-07-30T11:26:19.707Z,2026-07-30T11:26:19.707Z
LEGITIMATE_SHOPPING_0015,Amazon Fresh: Your order of fruits and vegetables has been delivered.,amazon fresh: your order of fruits and vegetables has been delivered.,en,LEGITIMATE_SHOPPING,False,LOW,legitimate,synthetic,2.0.0-gamma,"{""urls"": [], ""phones"": [], ""emails"": []}",Delta expansion for weak category.,2026-07-30T11:26:19.707Z,2026-07-30T11:26:19.707Z
LEGITIMATE_SHOPPING_0016,"Flipkart: Your exchange of iPhone 12 has been completed. Refund of Rs 18,000 initiated.","flipkart: your exchange of iphone 12 has been completed. refund of rs 18,000 initiated.",en,LEGITIMATE_SHOPPING,False,LOW,legitimate,synthetic,2.0.0-gamma,"{""urls"": [], ""phones"": [], ""emails"": []}",Delta expansion for weak category.,2026-07-30T11:26:19.707Z,2026-07-30T11:26:19.707Z
LEGITIMATE_SHOPPING_0017,Myntra: Your size exchange request has been approved. Pickup scheduled for 3 Aug.,myntra: your size exchange request has been approved. pickup scheduled for 3 aug.,en,LEGITIMATE_SHOPPING,False,LOW,legitimate,synthetic,2.0.0-gamma,"{""urls"": [], ""phones"": [], ""emails"": []}",Delta expansion for weak category.,2026-07-30T11:26:19.707Z,2026-07-30T11:26:19.707Z
LEGITIMATE_SHOPPING_0018,Ajio: Your wishlist item is now 70% off! Grab it before stock runs out.,ajio: your wishlist item is now 70% off! grab it before stock runs out.,en,LEGITIMATE_SHOPPING,False,LOW,legitimate,synthetic,2.0.0-gamma,"{""urls"": [], ""phones"": [], ""emails"": []}",Delta expansion for weak category.,2026-07-30T11:26:19.707Z,2026-07-30T11:26:19.707Z
LEGITIMATE_SHOPPING_0019,"Amazon: Price dropped on your saved item: Sony TV now Rs 10,000 off! Check now.","amazon: price dropped on your saved item: sony tv now rs 10,000 off! check now.",en,LEGITIMATE_SHOPPING,False,LOW,legitimate,synthetic,2.0.0-gamma,"{""urls"": [], ""phones"": [], ""emails"": []}",Delta expansion for weak category.,2026-07-30T11:26:19.707Z,2026-07-30T11:26:19.707Z
LEGITIMATE_SHOPPING_0020,Tata Neu: 5% NeuCoins on your next purchase. Shop at http://tataneu.com.,tata neu: 5% neucoins on your next purchase. shop at http://tataneu.com.,en,LEGITIMATE_SHOPPING,False,LOW,legitimate,synthetic,2.0.0-gamma,"{""urls"": [""http://tataneu.com.""], ""phones"": [], ""emails"": []}",Delta expansion for weak category.,2026-07-30T11:26:19.707Z,2026-07-30T11:26:19.707Z
LEGITIMATE_SHOPPING_0021,Urbanic: Your order 40% off summer sale. Use code SUMMER40 at checkout.,urbanic: your order 40% off summer sale. use code summer40 at checkout.,en,LEGITIMATE_SHOPPING,False,LOW,legitimate,synthetic,2.0.0-gamma,"{""urls"": [], ""phones"": [], ""emails"": []}",Delta expansion for weak category.,2026-07-30T11:26:19.707Z,2026-07-30T11:26:19.707Z
LEGITIMATE_SHOPPING_0022,Lenskart: Your new glasses are ready for delivery. Track at http://lenskart.com/order.,lenskart: your new glasses are ready for delivery. track at http://lenskart.com/order.,en,LEGITIMATE_SHOPPING,False,LOW,legitimate,synthetic,2.0.0-gamma,"{""urls"": [""http://lenskart.com/order.""], ""phones"": [], ""emails"": []}",Delta expansion for weak category.,2026-07-30T11:26:19.708Z,2026-07-30T11:26:19.708Z
LEGITIMATE_SHOPPING_0023,Pepperfry: Your furniture order will be delivered on 10 Aug. Assembly included.,pepperfry: your furniture order will be delivered on 10 aug. assembly included.,en,LEGITIMATE_SHOPPING,False,LOW,legitimate,synthetic,2.0.0-gamma,"{""urls"": [], ""phones"": [], ""emails"": []}",Delta expansion for weak category.,2026-07-30T11:26:19.708Z,2026-07-30T11:26:19.708Z
LEGITIMATE_SHOPPING_0024,FNP: Your flower delivery for Aug 5 has been confirmed. Recipient will be notified.,fnp: your flower delivery for aug 5 has been confirmed. recipient will be notified.,en,LEGITIMATE_SHOPPING,False,LOW,legitimate,synthetic,2.0.0-gamma,"{""urls"": [], ""phones"": [], ""emails"": []}",Delta expansion for weak category.,2026-07-30T11:26:19.708Z,2026-07-30T11:26:19.708Z
LEGITIMATE_SHOPPING_0025,"Zivame: Your order of Rs 1,299 is out for delivery. Cash on delivery available.","zivame: your order of rs 1,299 is out for delivery. cash on delivery available.",en,LEGITIMATE_SHOPPING,False,LOW,legitimate,synthetic,2.0.0-gamma,"{""urls"": [], ""phones"": [], ""emails"": []}",Delta expansion for weak category.,2026-07-30T11:26:19.708Z,2026-07-30T11:26:19.708Z
LEGITIMATE_SHOPPING_0026,Amazon Pantry: Your monthly grocery delivery is scheduled for 5 Aug between 6-9 AM.,amazon pantry: your monthly grocery delivery is scheduled for 5 aug between 6-9 am.,en,LEGITIMATE_SHOPPING,False,LOW,legitimate,synthetic,2.0.0-gamma,"{""urls"": [], ""phones"": [], ""emails"": []}",Delta expansion for weak category.,2026-07-30T11:26:19.708Z,2026-07-30T11:26:19.708Z
LEGITIMATE_SHOPPING_0027,Flipkart: Your mobile accessories order has reached your nearest hub. Delivering tomorrow.,flipkart: your mobile accessories order has reached your nearest hub. delivering tomorrow.,en,LEGITIMATE_SHOPPING,False,LOW,legitimate,synthetic,2.0.0-gamma,"{""urls"": [], ""phones"": [], ""emails"": []}",Delta expansion for weak category.,2026-07-30T11:26:19.708Z,2026-07-30T11:26:19.708Z
LEGITIMATE_SHOPPING_0028,ShopClues: Your order is shipped. Estimated delivery: 8 Aug. Track online.,shopclues: your order is shipped. estimated delivery: 8 aug. track online.,en,LEGITIMATE_SHOPPING,False,LOW,legitimate,synthetic,2.0.0-gamma,"{""urls"": [], ""phones"": [], ""emails"": []}",Delta expansion for weak category.,2026-07-30T11:26:19.708Z,2026-07-30T11:26:19.708Z
LEGITIMATE_SHOPPING_0029,Paytm Mall: Your order of Rs 599 has been delivered. Rate the product please.,paytm mall: your order of rs 599 has been delivered. rate the product please.,en,LEGITIMATE_SHOPPING,False,LOW,legitimate,synthetic,2.0.0-gamma,"{""urls"": [], ""phones"": [], ""emails"": []}",Delta expansion for weak category.,2026-07-30T11:26:19.708Z,2026-07-30T11:26:19.708Z
LEGITIMATE_SHOPPING_0030,Purplle: Your makeup order is confirmed. Get ready to glam!,purplle: your makeup order is confirmed. get ready to glam!,en,LEGITIMATE_SHOPPING,False,LOW,legitimate,synthetic,2.0.0-gamma,"{""urls"": [], ""phones"": [], ""emails"": []}",Delta expansion for weak category.,2026-07-30T11:26:19.708Z,2026-07-30T11:26:19.708Z
LEGITIMATE_SHOPPING_0031,Cult.fit: Your gym kit order dispatched. Start your fitness journey!,cult.fit: your gym kit order dispatched. start your fitness journey!,en,LEGITIMATE_SHOPPING,False,LOW,legitimate,synthetic,2.0.0-gamma,"{""urls"": [], ""phones"": [], ""emails"": []}",Delta expansion for weak category.,2026-07-30T11:26:19.708Z,2026-07-30T11:26:19.708Z
LEGITIMATE_SHOPPING_0032,Decathlon: Your order of sports shoes has been shipped. Track now.,decathlon: your order of sports shoes has been shipped. track now.,en,LEGITIMATE_SHOPPING,False,LOW,legitimate,synthetic,2.0.0-gamma,"{""urls"": [], ""phones"": [], ""emails"": []}",Delta expansion for weak category.,2026-07-30T11:26:19.708Z,2026-07-30T11:26:19.708Z
LEGITIMATE_TELECOM_0001,Airtel: Your monthly recharge of Rs 599 is successful. Plan valid till 15 Sep. Data: 2GB/day.,airtel: your monthly recharge of rs 599 is successful. plan valid till 15 sep. data: 2gb/day.,en,LEGITIMATE_TELECOM,False,LOW,legitimate,synthetic,2.0.0-gamma,"{""urls"": [], ""phones"": [], ""emails"": []}",Delta expansion for weak category.,2026-07-30T11:26:19.708Z,2026-07-30T11:26:19.708Z
LEGITIMATE_TELECOM_0002,Jio: 1.5GB/day data added. Balance: 18.5GB. Validity: 28 days. Recharge at http://jio.com.,jio: 1.5gb/day data added. balance: 18.5gb. validity: 28 days. recharge at http://jio.com.,en,LEGITIMATE_TELECOM,False,LOW,legitimate,synthetic,2.0.0-gamma,"{""urls"": [""http://jio.com.""], ""phones"": [], ""emails"": []}",Delta expansion for weak category.,2026-07-30T11:26:19.708Z,2026-07-30T11:26:19.708Z
LEGITIMATE_TELECOM_0003,VI: Your plan of Rs 299 renewed. Unlimited calls + 1GB/day till 22 Sep.,vi: your plan of rs 299 renewed. unlimited calls + 1gb/day till 22 sep.,en,LEGITIMATE_TELECOM,False,LOW,legitimate,synthetic,2.0.0-gamma,"{""urls"": [], ""phones"": [], ""emails"": []}",Delta expansion for weak category.,2026-07-30T11:26:19.708Z,2026-07-30T11:26:19.708Z
LEGITIMATE_TELECOM_0004,BSNL: Your FTTH plan of Rs 799 renewed successfully. Speed: 30 Mbps unlimited.,bsnl: your ftth plan of rs 799 renewed successfully. speed: 30 mbps unlimited.,en,LEGITIMATE_TELECOM,False,LOW,legitimate,synthetic,2.0.0-gamma,"{""urls"": [], ""phones"": [], ""emails"": []}",Delta expansion for weak category.,2026-07-30T11:26:19.708Z,2026-07-30T11:26:19.708Z
LEGITIMATE_TELECOM_0005,Airtel Xstream: Your broadband bill of Rs 999 generated. Due date: 10 Sep.,airtel xstream: your broadband bill of rs 999 generated. due date: 10 sep.,en,LEGITIMATE_TELECOM,False,LOW,legitimate,synthetic,2.0.0-gamma,"{""urls"": [], ""phones"": [], ""emails"": []}",Delta expansion for weak category.,2026-07-30T11:26:19.709Z,2026-07-30T11:26:19.709Z
LEGITIMATE_TELECOM_0006,JioFiber: Your plan renewed. 100 Mbps unlimited. Next billing: 5 Sep.,jiofiber: your plan renewed. 100 mbps unlimited. next billing: 5 sep.,en,LEGITIMATE_TELECOM,False,LOW,legitimate,synthetic,2.0.0-gamma,"{""urls"": [], ""phones"": [], ""emails"": []}",Delta expansion for weak category.,2026-07-30T11:26:19.709Z,2026-07-30T11:26:19.709Z
LEGITIMATE_TELECOM_0007,TRAI: Your DND registration is active. You will not receive promotional calls for 30 days.,trai: your dnd registration is active. you will not receive promotional calls for 30 days.,en,LEGITIMATE_TELECOM,False,LOW,legitimate,synthetic,2.0.0-gamma,"{""urls"": [], ""phones"": [], ""emails"": []}",Delta expansion for weak category.,2026-07-30T11:26:19.709Z,2026-07-30T11:26:19.709Z
LEGITIMATE_TELECOM_0008,Your mobile number has been successfully ported to Jio. Services active from 6 AM tomorrow.,your mobile number has been successfully ported to jio. services active from 6 am tomorrow.,en,LEGITIMATE_TELECOM,False,LOW,legitimate,synthetic,2.0.0-gamma,"{""urls"": [], ""phones"": [], ""emails"": []}",Delta expansion for weak category.,2026-07-30T11:26:19.709Z,2026-07-30T11:26:19.709Z
LEGITIMATE_TELECOM_0009,VI: International roaming pack activated. Validity: 7 days. 100 mins + 1GB/day.,vi: international roaming pack activated. validity: 7 days. 100 mins + 1gb/day.,en,LEGITIMATE_TELECOM,False,LOW,legitimate,synthetic,2.0.0-gamma,"{""urls"": [], ""phones"": [], ""emails"": []}",Delta expansion for weak category.,2026-07-30T11:26:19.709Z,2026-07-30T11:26:19.709Z
LEGITIMATE_TELECOM_0010,Airtel: Your data usage is 85% of 50GB monthly limit. Top up at http://airtel.in.,airtel: your data usage is 85% of 50gb monthly limit. top up at http://airtel.in.,en,LEGITIMATE_TELECOM,False,LOW,legitimate,synthetic,2.0.0-gamma,"{""urls"": [""http://airtel.in.""], ""phones"": [], ""emails"": []}",Delta expansion for weak category.,2026-07-30T11:26:19.709Z,2026-07-30T11:26:19.709Z
LEGITIMATE_TELECOM_0011,Jio: Your account credited with Rs 100 cashback. Valid on next recharge above Rs 299.,jio: your account credited with rs 100 cashback. valid on next recharge above rs 299.,en,LEGITIMATE_TELECOM,False,LOW,legitimate,synthetic,2.0.0-gamma,"{""urls"": [], ""phones"": [], ""emails"": []}",Delta expansion for weak category.,2026-07-30T11:26:19.709Z,2026-07-30T11:26:19.709Z
LEGITIMATE_TELECOM_0012,BSNL: Your landline bill of Rs 650 for August is due. Pay at http://bsnl.in.,bsnl: your landline bill of rs 650 for august is due. pay at http://bsnl.in.,en,LEGITIMATE_TELECOM,False,LOW,legitimate,synthetic,2.0.0-gamma,"{""urls"": [""http://bsnl.in.""], ""phones"": [], ""emails"": []}",Delta expansion for weak category.,2026-07-30T11:26:19.709Z,2026-07-30T11:26:19.709Z
LEGITIMATE_TELECOM_0013,TRAI: Your incoming calls will not be affected by SIM expiry. Recharge by 20 Aug.,trai: your incoming calls will not be affected by sim expiry. recharge by 20 aug.,en,LEGITIMATE_TELECOM,False,LOW,legitimate,synthetic,2.0.0-gamma,"{""urls"": [], ""phones"": [], ""emails"": []}",Delta expansion for weak category.,2026-07-30T11:26:19.709Z,2026-07-30T11:26:19.709Z
LEGITIMATE_TELECOM_0014,"Airtel Black: Your combined plan of broadband + DTH + mobile renewed. Rs 1,299/month.","airtel black: your combined plan of broadband + dth + mobile renewed. rs 1,299/month.",en,LEGITIMATE_TELECOM,False,LOW,legitimate,synthetic,2.0.0-gamma,"{""urls"": [], ""phones"": [], ""emails"": []}",Delta expansion for weak category.,2026-07-30T11:26:19.709Z,2026-07-30T11:26:19.709Z
LEGITIMATE_TELECOM_0015,"Jio: Rs 299 add-on pack activated. 50GB additional data, valid 30 days.","jio: rs 299 add-on pack activated. 50gb additional data, valid 30 days.",en,LEGITIMATE_TELECOM,False,LOW,legitimate,synthetic,2.0.0-gamma,"{""urls"": [], ""phones"": [], ""emails"": []}",Delta expansion for weak category.,2026-07-30T11:26:19.709Z,2026-07-30T11:26:19.709Z
LEGITIMATE_TELECOM_0016,VI: Your family plan of Rs 699 includes 6 members. All benefits active.,vi: your family plan of rs 699 includes 6 members. all benefits active.,en,LEGITIMATE_TELECOM,False,LOW,legitimate,synthetic,2.0.0-gamma,"{""urls"": [], ""phones"": [], ""emails"": []}",Delta expansion for weak category.,2026-07-30T11:26:19.709Z,2026-07-30T11:26:19.709Z
LEGITIMATE_TELECOM_0017,BSNL: Your prepaid SIM KYC is due. Update at nearest BSNL office before 31 Aug.,bsnl: your prepaid sim kyc is due. update at nearest bsnl office before 31 aug.,en,LEGITIMATE_TELECOM,False,LOW,legitimate,synthetic,2.0.0-gamma,"{""urls"": [], ""phones"": [], ""emails"": []}",Delta expansion for weak category.,2026-07-30T11:26:19.709Z,2026-07-30T11:26:19.709Z
LEGITIMATE_TELECOM_0018,"Airtel: Your postpaid bill of Rs 1,245 for August generated. Auto-pay will debit on 5 Sep.","airtel: your postpaid bill of rs 1,245 for august generated. auto-pay will debit on 5 sep.",en,LEGITIMATE_TELECOM,False,LOW,legitimate,synthetic,2.0.0-gamma,"{""urls"": [], ""phones"": [], ""emails"": []}",Delta expansion for weak category.,2026-07-30T11:26:19.709Z,2026-07-30T11:26:19.709Z
LEGITIMATE_TELECOM_0019,Jio: 5G services now active in your area. Enjoy unlimited 5G data with your plan.,jio: 5g services now active in your area. enjoy unlimited 5g data with your plan.,en,LEGITIMATE_TELECOM,False,LOW,legitimate,synthetic,2.0.0-gamma,"{""urls"": [], ""phones"": [], ""emails"": []}",Delta expansion for weak category.,2026-07-30T11:26:19.709Z,2026-07-30T11:26:19.709Z
LEGITIMATE_TELECOM_0020,VI: Your number has been temporarily suspended due to insufficient balance. Recharge now.,vi: your number has been temporarily suspended due to insufficient balance. recharge now.,en,LEGITIMATE_TELECOM,False,LOW,legitimate,synthetic,2.0.0-gamma,"{""urls"": [], ""phones"": [], ""emails"": []}",Delta expansion for weak category.,2026-07-30T11:26:19.710Z,2026-07-30T11:26:19.710Z
LEGITIMATE_TELECOM_0021,Tata Play: Your DTH recharge of Rs 350 done. All channels active till 25 Sep.,tata play: your dth recharge of rs 350 done. all channels active till 25 sep.,en,LEGITIMATE_TELECOM,False,LOW,legitimate,synthetic,2.0.0-gamma,"{""urls"": [], ""phones"": [], ""emails"": []}",Delta expansion for weak category.,2026-07-30T11:26:19.710Z,2026-07-30T11:26:19.710Z
LEGITIMATE_TELECOM_0022,Dish TV: Your subscription of Rs 499 renewed. 300+ channels + 15 HD channels.,dish tv: your subscription of rs 499 renewed. 300+ channels + 15 hd channels.,en,LEGITIMATE_TELECOM,False,LOW,legitimate,synthetic,2.0.0-gamma,"{""urls"": [], ""phones"": [], ""emails"": []}",Delta expansion for weak category.,2026-07-30T11:26:19.710Z,2026-07-30T11:26:19.710Z
LEGITIMATE_TELECOM_0023,"Airtel DTH: Your annual pack of Rs 2,499 activated. Enjoy uninterrupted entertainment.","airtel dth: your annual pack of rs 2,499 activated. enjoy uninterrupted entertainment.",en,LEGITIMATE_TELECOM,False,LOW,legitimate,synthetic,2.0.0-gamma,"{""urls"": [], ""phones"": [], ""emails"": []}",Delta expansion for weak category.,2026-07-30T11:26:19.710Z,2026-07-30T11:26:19.710Z
LEGITIMATE_TELECOM_0024,JioAirFiber: Your installation scheduled for 12 Aug. Technician will call before visit.,jioairfiber: your installation scheduled for 12 aug. technician will call before visit.,en,LEGITIMATE_TELECOM,False,LOW,legitimate,synthetic,2.0.0-gamma,"{""urls"": [], ""phones"": [], ""emails"": []}",Delta expansion for weak category.,2026-07-30T11:26:19.710Z,2026-07-30T11:26:19.710Z
LEGITIMATE_TELECOM_0025,BSNL: Your complaint #1234567890 has been resolved. Thank you for your patience.,bsnl: your complaint #1234567890 has been resolved. thank you for your patience.,en,LEGITIMATE_TELECOM,False,LOW,legitimate,synthetic,2.0.0-gamma,"{""urls"": [], ""phones"": [""1234567890""], ""emails"": []}",Delta expansion for weak category.,2026-07-30T11:26:19.710Z,2026-07-30T11:26:19.710Z
LEGITIMATE_TELECOM_0026,Airtel: Your SIM has been successfully replaced. New SIM active from 2 PM today.,airtel: your sim has been successfully replaced. new sim active from 2 pm today.,en,LEGITIMATE_TELECOM,False,LOW,legitimate,synthetic,2.0.0-gamma,"{""urls"": [], ""phones"": [], ""emails"": []}",Delta expansion for weak category.,2026-07-30T11:26:19.710Z,2026-07-30T11:26:19.710Z
LEGITIMATE_TELECOM_0027,VI: Your number is eligible for upgrade to 4G. Visit nearest store with Aadhaar.,vi: your number is eligible for upgrade to 4g. visit nearest store with aadhaar.,en,LEGITIMATE_TELECOM,False,LOW,legitimate,synthetic,2.0.0-gamma,"{""urls"": [], ""phones"": [], ""emails"": []}",Delta expansion for weak category.,2026-07-30T11:26:19.710Z,2026-07-30T11:26:19.710Z
LEGITIMATE_TELECOM_0028,Jio: Data add-on of Rs 51 activated. 1GB/day for 3 days. Valid immediately.,jio: data add-on of rs 51 activated. 1gb/day for 3 days. valid immediately.,en,LEGITIMATE_TELECOM,False,LOW,legitimate,synthetic,2.0.0-gamma,"{""urls"": [], ""phones"": [], ""emails"": []}",Delta expansion for weak category.,2026-07-30T11:26:19.710Z,2026-07-30T11:26:19.710Z
LEGITIMATE_TELECOM_0029,Airtel: Welcome to Airtel! Your number XXXXX67890 is active. Enjoy our services.,airtel: welcome to airtel! your number xxxxx67890 is active. enjoy our services.,en,LEGITIMATE_TELECOM,False,LOW,legitimate,synthetic,2.0.0-gamma,"{""urls"": [], ""phones"": [], ""emails"": []}",Delta expansion for weak category.,2026-07-30T11:26:19.710Z,2026-07-30T11:26:19.710Z
LEGITIMATE_TELECOM_0030,BSNL: Your broadband usage is 80% of 3TB FUP limit. Speed will reduce after limit.,bsnl: your broadband usage is 80% of 3tb fup limit. speed will reduce after limit.,en,LEGITIMATE_TELECOM,False,LOW,legitimate,synthetic,2.0.0-gamma,"{""urls"": [], ""phones"": [], ""emails"": []}",Delta expansion for weak category.,2026-07-30T11:26:19.710Z,2026-07-30T11:26:19.710Z
LEGITIMATE_COLLEGE_0001,Delhi University: Semester 3 exam schedule published. Download at http://du.ac.in/exams.,delhi university: semester 3 exam schedule published. download at http://du.ac.in/exams.,en,LEGITIMATE_COLLEGE,False,LOW,legitimate,synthetic,2.0.0-gamma,"{""urls"": [""http://du.ac.in/exams.""], ""phones"": [], ""emails"": []}",Delta expansion for weak category.,2026-07-30T11:26:19.710Z,2026-07-30T11:26:19.710Z
LEGITIMATE_COLLEGE_0002,IIT Bombay: Placement drive registration open till 15 Aug. Register at http://placement.iitb.ac.in.,iit bombay: placement drive registration open till 15 aug. register at http://placement.iitb.ac.in.,en,LEGITIMATE_COLLEGE,False,LOW,legitimate,synthetic,2.0.0-gamma,"{""urls"": [""http://placement.iitb.ac.in.""], ""phones"": [], ""emails"": []}",Delta expansion for weak category.,2026-07-30T11:26:19.710Z,2026-07-30T11:26:19.710Z
LEGITIMATE_COLLEGE_0003,VIT Vellore: Campus placements on 5 Aug. 50+ companies visiting. Register now.,vit vellore: campus placements on 5 aug. 50+ companies visiting. register now.,en,LEGITIMATE_COLLEGE,False,LOW,legitimate,synthetic,2.0.0-gamma,"{""urls"": [], ""phones"": [], ""emails"": []}",Delta expansion for weak category.,2026-07-30T11:26:19.710Z,2026-07-30T11:26:19.710Z
LEGITIMATE_COLLEGE_0004,Anna University: End semester results published. Check at http://annauniv.edu/results.,anna university: end semester results published. check at http://annauniv.edu/results.,en,LEGITIMATE_COLLEGE,False,LOW,legitimate,synthetic,2.0.0-gamma,"{""urls"": [""http://annauniv.edu/results.""], ""phones"": [], ""emails"": []}",Delta expansion for weak category.,2026-07-30T11:26:19.710Z,2026-07-30T11:26:19.710Z
LEGITIMATE_COLLEGE_0005,IIT Delhi: MTech admissions 2025 open. Apply by 31 Aug at http://jadav.iitd.ac.in.,iit delhi: mtech admissions 2025 open. apply by 31 aug at http://jadav.iitd.ac.in.,en,LEGITIMATE_COLLEGE,False,LOW,legitimate,synthetic,2.0.0-gamma,"{""urls"": [""http://jadav.iitd.ac.in.""], ""phones"": [], ""emails"": []}",Delta expansion for weak category.,2026-07-30T11:26:19.710Z,2026-07-30T11:26:19.710Z
LEGITIMATE_COLLEGE_0006,"BITS Pilani: Your fee payment of Rs 2,50,000 for semester 1 due by 10 Aug.","bits pilani: your fee payment of rs 2,50,000 for semester 1 due by 10 aug.",en,LEGITIMATE_COLLEGE,False,LOW,legitimate,synthetic,2.0.0-gamma,"{""urls"": [], ""phones"": [], ""emails"": []}",Delta expansion for weak category.,2026-07-30T11:26:19.710Z,2026-07-30T11:26:19.710Z
LEGITIMATE_COLLEGE_0007,NIT Trichy: Hostel allotment for freshers published. Check at http://nitt.edu/hostel.,nit trichy: hostel allotment for freshers published. check at http://nitt.edu/hostel.,en,LEGITIMATE_COLLEGE,False,LOW,legitimate,synthetic,2.0.0-gamma,"{""urls"": [""http://nitt.edu/hostel.""], ""phones"": [], ""emails"": []}",Delta expansion for weak category.,2026-07-30T11:26:19.710Z,2026-07-30T11:26:19.710Z
LEGITIMATE_COLLEGE_0008,JNU: PhD entrance exam results declared. Check your score at http://jnu.ac.in.,jnu: phd entrance exam results declared. check your score at http://jnu.ac.in.,en,LEGITIMATE_COLLEGE,False,LOW,legitimate,synthetic,2.0.0-gamma,"{""urls"": [""http://jnu.ac.in.""], ""phones"": [], ""emails"": []}",Delta expansion for weak category.,2026-07-30T11:26:19.710Z,2026-07-30T11:26:19.710Z
LEGITIMATE_COLLEGE_0009,IIM Ahmedabad: PGP batch 2025-27 applications open. CAT score required.,iim ahmedabad: pgp batch 2025-27 applications open. cat score required.,en,LEGITIMATE_COLLEGE,False,LOW,legitimate,synthetic,2.0.0-gamma,"{""urls"": [], ""phones"": [], ""emails"": []}",Delta expansion for weak category.,2026-07-30T11:26:19.710Z,2026-07-30T11:26:19.710Z
LEGITIMATE_COLLEGE_0010,IISc Bangalore: Research internship applications open for summer 2026. Apply now.,iisc bangalore: research internship applications open for summer 2026. apply now.,en,LEGITIMATE_COLLEGE,False,LOW,legitimate,synthetic,2.0.0-gamma,"{""urls"": [], ""phones"": [], ""emails"": []}",Delta expansion for weak category.,2026-07-30T11:26:19.710Z,2026-07-30T11:26:19.710Z
LEGITIMATE_COLLEGE_0011,DU: Your college orientation is on 2 Aug at 9 AM in the main auditorium.,du: your college orientation is on 2 aug at 9 am in the main auditorium.,en,LEGITIMATE_COLLEGE,False,LOW,legitimate,synthetic,2.0.0-gamma,"{""urls"": [], ""phones"": [], ""emails"": []}",Delta expansion for weak category.,2026-07-30T11:26:19.710Z,2026-07-30T11:26:19.710Z
LEGITIMATE_COLLEGE_0012,Mumbai University: Exam form submission for semester 3 deadline extended to 10 Aug.,mumbai university: exam form submission for semester 3 deadline extended to 10 aug.,en,LEGITIMATE_COLLEGE,False,LOW,legitimate,synthetic,2.0.0-gamma,"{""urls"": [], ""phones"": [], ""emails"": []}",Delta expansion for weak category.,2026-07-30T11:26:19.710Z,2026-07-30T11:26:19.710Z
LEGITIMATE_COLLEGE_0013,Calcutta University: Your admit card for semester exams available at http://caluniv.ac.in.,calcutta university: your admit card for semester exams available at http://caluniv.ac.in.,en,LEGITIMATE_COLLEGE,False,LOW,legitimate,synthetic,2.0.0-gamma,"{""urls"": [""http://caluniv.ac.in.""], ""phones"": [], ""emails"": []}",Delta expansion for weak category.,2026-07-30T11:26:19.710Z,2026-07-30T11:26:19.710Z
LEGITIMATE_COLLEGE_0014,NALSAR Hyderabad: CLAT counselling schedule published. Check at http://nalsar.ac.in.,nalsar hyderabad: clat counselling schedule published. check at http://nalsar.ac.in.,en,LEGITIMATE_COLLEGE,False,LOW,legitimate,synthetic,2.0.0-gamma,"{""urls"": [""http://nalsar.ac.in.""], ""phones"": [], ""emails"": []}",Delta expansion for weak category.,2026-07-30T11:26:19.710Z,2026-07-30T11:26:19.710Z
LEGITIMATE_COLLEGE_0015,AIIMS Delhi: MBBS internship completion certificates available from academic section.,aiims delhi: mbbs internship completion certificates available from academic section.,en,LEGITIMATE_COLLEGE,False,LOW,legitimate,synthetic,2.0.0-gamma,"{""urls"": [], ""phones"": [], ""emails"": []}",Delta expansion for weak category.,2026-07-30T11:26:19.710Z,2026-07-30T11:26:19.710Z
LEGITIMATE_COLLEGE_0016,"DTU Delhi: Your semester fee of Rs 85,000 is due. Pay by 15 Aug to avoid late fee.","dtu delhi: your semester fee of rs 85,000 is due. pay by 15 aug to avoid late fee.",en,LEGITIMATE_COLLEGE,False,LOW,legitimate,synthetic,2.0.0-gamma,"{""urls"": [], ""phones"": [], ""emails"": []}",Delta expansion for weak category.,2026-07-30T11:26:19.711Z,2026-07-30T11:26:19.711Z
LEGITIMATE_COLLEGE_0017,SP Jain Mumbai: Guest lecture by industry leader on 8 Aug at 11 AM. Mandatory attendance.,sp jain mumbai: guest lecture by industry leader on 8 aug at 11 am. mandatory attendance.,en,LEGITIMATE_COLLEGE,False,LOW,legitimate,synthetic,2.0.0-gamma,"{""urls"": [], ""phones"": [], ""emails"": []}",Delta expansion for weak category.,2026-07-30T11:26:19.711Z,2026-07-30T11:26:19.711Z
LEGITIMATE_COLLEGE_0018,XLRI Jamshedpur: Summer placement results announced. Check placement portal.,xlri jamshedpur: summer placement results announced. check placement portal.,en,LEGITIMATE_COLLEGE,False,LOW,legitimate,synthetic,2.0.0-gamma,"{""urls"": [], ""phones"": [], ""emails"": []}",Delta expansion for weak category.,2026-07-30T11:26:19.711Z,2026-07-30T11:26:19.711Z
LEGITIMATE_COLLEGE_0019,Christ University: Your provisional degree certificate ready for collection.,christ university: your provisional degree certificate ready for collection.,en,LEGITIMATE_COLLEGE,False,LOW,legitimate,synthetic,2.0.0-gamma,"{""urls"": [], ""phones"": [], ""emails"": []}",Delta expansion for weak category.,2026-07-30T11:26:19.711Z,2026-07-30T11:26:19.711Z
LEGITIMATE_COLLEGE_0020,SRM Chennai: Internal assessment marks published. Check your ERP portal.,srm chennai: internal assessment marks published. check your erp portal.,en,LEGITIMATE_COLLEGE,False,LOW,legitimate,synthetic,2.0.0-gamma,"{""urls"": [], ""phones"": [], ""emails"": []}",Delta expansion for weak category.,2026-07-30T11:26:19.711Z,2026-07-30T11:26:19.711Z
LEGITIMATE_COLLEGE_0021,Manipal University: Your semester attendance below 75%. Please meet HOD immediately.,manipal university: your semester attendance below 75%. please meet hod immediately.,en,LEGITIMATE_COLLEGE,False,LOW,legitimate,synthetic,2.0.0-gamma,"{""urls"": [], ""phones"": [], ""emails"": []}",Delta expansion for weak category.,2026-07-30T11:26:19.711Z,2026-07-30T11:26:19.711Z
LEGITIMATE_COLLEGE_0022,Amity University: Convocation on 25 Aug. Register by 10 Aug at http://amity.edu.,amity university: convocation on 25 aug. register by 10 aug at http://amity.edu.,en,LEGITIMATE_COLLEGE,False,LOW,legitimate,synthetic,2.0.0-gamma,"{""urls"": [""http://amity.edu.""], ""phones"": [], ""emails"": []}",Delta expansion for weak category.,2026-07-30T11:26:19.711Z,2026-07-30T11:26:19.711Z
LEGITIMATE_COLLEGE_0023,LPU: Your assignment submission deadline extended to 7 Aug. Submit via LMS.,lpu: your assignment submission deadline extended to 7 aug. submit via lms.,en,LEGITIMATE_COLLEGE,False,LOW,legitimate,synthetic,2.0.0-gamma,"{""urls"": [], ""phones"": [], ""emails"": []}",Delta expansion for weak category.,2026-07-30T11:26:19.711Z,2026-07-30T11:26:19.711Z
LEGITIMATE_COLLEGE_0024,PES Bangalore: Project submission for final year due on 20 Aug. Submit to guide.,pes bangalore: project submission for final year due on 20 aug. submit to guide.,en,LEGITIMATE_COLLEGE,False,LOW,legitimate,synthetic,2.0.0-gamma,"{""urls"": [], ""phones"": [], ""emails"": []}",Delta expansion for weak category.,2026-07-30T11:26:19.711Z,2026-07-30T11:26:19.711Z
LEGITIMATE_COLLEGE_0025,Thapar University: Your hostel room allotment for 2025-26 published online.,thapar university: your hostel room allotment for 2025-26 published online.,en,LEGITIMATE_COLLEGE,False,LOW,legitimate,synthetic,2.0.0-gamma,"{""urls"": [], ""phones"": [], ""emails"": []}",Delta expansion for weak category.,2026-07-30T11:26:19.711Z,2026-07-30T11:26:19.711Z
LEGITIMATE_COLLEGE_0026,"BIT Mesra: Your scholarship disbursement of Rs 50,000 credited to your account.","bit mesra: your scholarship disbursement of rs 50,000 credited to your account.",en,LEGITIMATE_COLLEGE,False,LOW,legitimate,synthetic,2.0.0-gamma,"{""urls"": [], ""phones"": [], ""emails"": []}",Delta expansion for weak category.,2026-07-30T11:26:19.711Z,2026-07-30T11:26:19.711Z
LEGITIMATE_COLLEGE_0027,COEP Pune: Techfest 2025 registrations open. Register your team at http://techfest.coep.ac.in.,coep pune: techfest 2025 registrations open. register your team at http://techfest.coep.ac.in.,en,LEGITIMATE_COLLEGE,False,LOW,legitimate,synthetic,2.0.0-gamma,"{""urls"": [""http://techfest.coep.ac.in.""], ""phones"": [], ""emails"": []}",Delta expansion for weak category.,2026-07-30T11:26:19.711Z,2026-07-30T11:26:19.711Z
LEGITIMATE_COLLEGE_0028,NIT Surathkal: Sports meet registration open till 20 Aug. Participate and win prizes.,nit surathkal: sports meet registration open till 20 aug. participate and win prizes.,en,LEGITIMATE_COLLEGE,False,LOW,legitimate,synthetic,2.0.0-gamma,"{""urls"": [], ""phones"": [], ""emails"": []}",Delta expansion for weak category.,2026-07-30T11:26:19.711Z,2026-07-30T11:26:19.711Z
LEGITIMATE_COLLEGE_0029,Jadavpur University: Your library fine of Rs 250 due. Clear before exam forms.,jadavpur university: your library fine of rs 250 due. clear before exam forms.,en,LEGITIMATE_COLLEGE,False,LOW,legitimate,synthetic,2.0.0-gamma,"{""urls"": [], ""phones"": [], ""emails"": []}",Delta expansion for weak category.,2026-07-30T11:26:19.711Z,2026-07-30T11:26:19.711Z
LEGITIMATE_COLLEGE_0030,BHU Varanasi: Your semester registration pending. Complete at http://bhu.ac.in.,bhu varanasi: your semester registration pending. complete at http://bhu.ac.in.,en,LEGITIMATE_COLLEGE,False,LOW,legitimate,synthetic,2.0.0-gamma,"{""urls"": [""http://bhu.ac.in.""], ""phones"": [], ""emails"": []}",Delta expansion for weak category.,2026-07-30T11:26:19.711Z,2026-07-30T11:26:19.711Z
LEGITIMATE_COLLEGE_0031,IGNOU: Your assignment grades published. Check at http://ignou.ac.in/student.,ignou: your assignment grades published. check at http://ignou.ac.in/student.,en,LEGITIMATE_COLLEGE,False,LOW,legitimate,synthetic,2.0.0-gamma,"{""urls"": [""http://ignou.ac.in/student.""], ""phones"": [], ""emails"": []}",Delta expansion for weak category.,2026-07-30T11:26:19.711Z,2026-07-30T11:26:19.711Z
LEGITIMATE_COLLEGE_0032,Symbiosis Pune: SET 2025 results announced. Check your scorecard online.,symbiosis pune: set 2025 results announced. check your scorecard online.,en,LEGITIMATE_COLLEGE,False,LOW,legitimate,synthetic,2.0.0-gamma,"{""urls"": [], ""phones"": [], ""emails"": []}",Delta expansion for weak category.,2026-07-30T11:26:19.711Z,2026-07-30T11:26:19.711Z
LEGITIMATE_COLLEGE_0033,NID Ahmedabad: Your portfolio submission deadline extended to 15 Aug.,nid ahmedabad: your portfolio submission deadline extended to 15 aug.,en,LEGITIMATE_COLLEGE,False,LOW,legitimate,synthetic,2.0.0-gamma,"{""urls"": [], ""phones"": [], ""emails"": []}",Delta expansion for weak category.,2026-07-30T11:26:19.711Z,2026-07-30T11:26:19.711Z
LEGITIMATE_COLLEGE_0034,NIFT Delhi: Your final year project exhibition on 10 Aug. Attendance compulsory.,nift delhi: your final year project exhibition on 10 aug. attendance compulsory.,en,LEGITIMATE_COLLEGE,False,LOW,legitimate,synthetic,2.0.0-gamma,"{""urls"": [], ""phones"": [], ""emails"": []}",Delta expansion for weak category.,2026-07-30T11:26:19.711Z,2026-07-30T11:26:19.711Z
LEGITIMATE_COLLEGE_0035,"IIT Kharagpur: Your medical insurance claim of Rs 5,000 approved. Check student portal.","iit kharagpur: your medical insurance claim of rs 5,000 approved. check student portal.",en,LEGITIMATE_COLLEGE,False,LOW,legitimate,synthetic,2.0.0-gamma,"{""urls"": [], ""phones"": [], ""emails"": []}",Delta expansion for weak category.,2026-07-30T11:26:19.711Z,2026-07-30T11:26:19.711Z
LEGITIMATE_COLLEGE_0036,IIT Roorkee: Winter internship applications open. Apply at http://internship.iitr.ac.in.,iit roorkee: winter internship applications open. apply at http://internship.iitr.ac.in.,en,LEGITIMATE_COLLEGE,False,LOW,legitimate,synthetic,2.0.0-gamma,"{""urls"": [""http://internship.iitr.ac.in.""], ""phones"": [], ""emails"": []}",Delta expansion for weak category.,2026-07-30T11:26:19.711Z,2026-07-30T11:26:19.711Z
LEGITIMATE_COLLEGE_0037,ISI Kolkata: Your admission test results published. Check at http://isical.ac.in.,isi kolkata: your admission test results published. check at http://isical.ac.in.,en,LEGITIMATE_COLLEGE,False,LOW,legitimate,synthetic,2.0.0-gamma,"{""urls"": [""http://isical.ac.in.""], ""phones"": [], ""emails"": []}",Delta expansion for weak category.,2026-07-30T11:26:19.711Z,2026-07-30T11:26:19.711Z
LEGITIMATE_COLLEGE_0038,TIFR Mumbai: Your PhD interview scheduled for 12 Aug at 10 AM. Be prepared.,tifr mumbai: your phd interview scheduled for 12 aug at 10 am. be prepared.,en,LEGITIMATE_COLLEGE,False,LOW,legitimate,synthetic,2.0.0-gamma,"{""urls"": [], ""phones"": [], ""emails"": []}",Delta expansion for weak category.,2026-07-30T11:26:19.711Z,2026-07-30T11:26:19.711Z
LEGITIMATE_COLLEGE_0039,CMC Vellore: Your internship rotation schedule for August published in student portal.,cmc vellore: your internship rotation schedule for august published in student portal.,en,LEGITIMATE_COLLEGE,False,LOW,legitimate,synthetic,2.0.0-gamma,"{""urls"": [], ""phones"": [], ""emails"": []}",Delta expansion for weak category.,2026-07-30T11:26:19.711Z,2026-07-30T11:26:19.711Z
LEGITIMATE_COLLEGE_0040,AFMC Pune: Your annual medical checkup on 8 Aug. Report to medical centre by 8 AM.,afmc pune: your annual medical checkup on 8 aug. report to medical centre by 8 am.,en,LEGITIMATE_COLLEGE,False,LOW,legitimate,synthetic,2.0.0-gamma,"{""urls"": [], ""phones"": [], ""emails"": []}",Delta expansion for weak category.,2026-07-30T11:26:19.711Z,2026-07-30T11:26:19.711Z
LEGITIMATE_UTILITY_0001,"Your electricity bill of Rs 1,250 for July is due by 15 Aug. Pay at http://tpsodl.com.","your electricity bill of rs 1,250 for july is due by 15 aug. pay at http://tpsodl.com.",en,LEGITIMATE_UTILITY,False,LOW,legitimate,synthetic,2.0.0-gamma,"{""urls"": [""http://tpsodl.com.""], ""phones"": [], ""emails"": []}",Delta expansion for weak category.,2026-07-30T11:26:19.711Z,2026-07-30T11:26:19.711Z
LEGITIMATE_UTILITY_0002,"Tata Power: Your bill of Rs 2,450 is generated. Due date: 20 Aug. Auto-pay enabled.","tata power: your bill of rs 2,450 is generated. due date: 20 aug. auto-pay enabled.",en,LEGITIMATE_UTILITY,False,LOW,legitimate,synthetic,2.0.0-gamma,"{""urls"": [], ""phones"": [], ""emails"": []}",Delta expansion for weak category.,2026-07-30T11:26:19.711Z,2026-07-30T11:26:19.711Z
LEGITIMATE_UTILITY_0003,"BSES: Your electricity consumption 350 units for July. Bill Rs 2,100. Pay online.","bses: your electricity consumption 350 units for july. bill rs 2,100. pay online.",en,LEGITIMATE_UTILITY,False,LOW,legitimate,synthetic,2.0.0-gamma,"{""urls"": [], ""phones"": [], ""emails"": []}",Delta expansion for weak category.,2026-07-30T11:26:19.711Z,2026-07-30T11:26:19.711Z
LEGITIMATE_UTILITY_0004,"Adani Electricity: Your bill payment of Rs 1,890 received. Thank you for timely payment.","adani electricity: your bill payment of rs 1,890 received. thank you for timely payment.",en,LEGITIMATE_UTILITY,False,LOW,legitimate,synthetic,2.0.0-gamma,"{""urls"": [], ""phones"": [], ""emails"": []}",Delta expansion for weak category.,2026-07-30T11:26:19.711Z,2026-07-30T11:26:19.711Z
LEGITIMATE_UTILITY_0005,Mahanagar Gas: Your gas bill of Rs 780 for August due. Pay at http://mahanagargas.com.,mahanagar gas: your gas bill of rs 780 for august due. pay at http://mahanagargas.com.,en,LEGITIMATE_UTILITY,False,LOW,legitimate,synthetic,2.0.0-gamma,"{""urls"": [""http://mahanagargas.com.""], ""phones"": [], ""emails"": []}",Delta expansion for weak category.,2026-07-30T11:26:19.711Z,2026-07-30T11:26:19.711Z
LEGITIMATE_UTILITY_0006,IOCL: Your LPG cylinder delivery scheduled for 10 Aug. Track at http://iocl.com.,iocl: your lpg cylinder delivery scheduled for 10 aug. track at http://iocl.com.,en,LEGITIMATE_UTILITY,False,LOW,legitimate,synthetic,2.0.0-gamma,"{""urls"": [""http://iocl.com.""], ""phones"": [], ""emails"": []}",Delta expansion for weak category.,2026-07-30T11:26:19.712Z,2026-07-30T11:26:19.712Z
LEGITIMATE_UTILITY_0007,HP Gas: Refill delivery in progress. SMS sent to registered mobile with delivery details.,hp gas: refill delivery in progress. sms sent to registered mobile with delivery details.,en,LEGITIMATE_UTILITY,False,LOW,legitimate,synthetic,2.0.0-gamma,"{""urls"": [], ""phones"": [], ""emails"": []}",Delta expansion for weak category.,2026-07-30T11:26:19.712Z,2026-07-30T11:26:19.712Z
LEGITIMATE_UTILITY_0008,Bharat Gas: Your gas connection annual maintenance due. Pay Rs 150 at http://bharatgas.com.,bharat gas: your gas connection annual maintenance due. pay rs 150 at http://bharatgas.com.,en,LEGITIMATE_UTILITY,False,LOW,legitimate,synthetic,2.0.0-gamma,"{""urls"": [""http://bharatgas.com.""], ""phones"": [], ""emails"": []}",Delta expansion for weak category.,2026-07-30T11:26:19.712Z,2026-07-30T11:26:19.712Z
LEGITIMATE_UTILITY_0009,Water supply maintenance in your area on 15 Aug from 10 AM to 5 PM. Store water.,water supply maintenance in your area on 15 aug from 10 am to 5 pm. store water.,en,LEGITIMATE_UTILITY,False,LOW,legitimate,synthetic,2.0.0-gamma,"{""urls"": [], ""phones"": [], ""emails"": []}",Delta expansion for weak category.,2026-07-30T11:26:19.712Z,2026-07-30T11:26:19.712Z
LEGITIMATE_UTILITY_0010,Delhi Jal Board: Your water bill of Rs 450 for quarter 2 generated. Due: 31 Aug.,delhi jal board: your water bill of rs 450 for quarter 2 generated. due: 31 aug.,en,LEGITIMATE_UTILITY,False,LOW,legitimate,synthetic,2.0.0-gamma,"{""urls"": [], ""phones"": [], ""emails"": []}",Delta expansion for weak category.,2026-07-30T11:26:19.712Z,2026-07-30T11:26:19.712Z
LEGITIMATE_UTILITY_0011,Chennai Metro Water: Your water bill Rs 320 due. Pay at http://chennaimetrowater.com.,chennai metro water: your water bill rs 320 due. pay at http://chennaimetrowater.com.,en,LEGITIMATE_UTILITY,False,LOW,legitimate,synthetic,2.0.0-gamma,"{""urls"": [""http://chennaimetrowater.com.""], ""phones"": [], ""emails"": []}",Delta expansion for weak category.,2026-07-30T11:26:19.712Z,2026-07-30T11:26:19.712Z
LEGITIMATE_UTILITY_0012,"Your property tax of Rs 12,500 for FY 2025-26 is due. Pay by 30 Sep to avoid penalty.","your property tax of rs 12,500 for fy 2025-26 is due. pay by 30 sep to avoid penalty.",en,LEGITIMATE_UTILITY,False,LOW,legitimate,synthetic,2.0.0-gamma,"{""urls"": [], ""phones"": [], ""emails"": []}",Delta expansion for weak category.,2026-07-30T11:26:19.712Z,2026-07-30T11:26:19.712Z
LEGITIMATE_UTILITY_0013,Municipal Corporation: Your house tax bill generated. Pay online at municipal portal.,municipal corporation: your house tax bill generated. pay online at municipal portal.,en,LEGITIMATE_UTILITY,False,LOW,legitimate,synthetic,2.0.0-gamma,"{""urls"": [], ""phones"": [], ""emails"": []}",Delta expansion for weak category.,2026-07-30T11:26:19.712Z,2026-07-30T11:26:19.712Z
LEGITIMATE_UTILITY_0014,"Your society maintenance of Rs 3,500 for August is due. Pay to the society account.","your society maintenance of rs 3,500 for august is due. pay to the society account.",en,LEGITIMATE_UTILITY,False,LOW,legitimate,synthetic,2.0.0-gamma,"{""urls"": [], ""phones"": [], ""emails"": []}",Delta expansion for weak category.,2026-07-30T11:26:19.712Z,2026-07-30T11:26:19.712Z
LEGITIMATE_UTILITY_0015,Broadband: Your ACT Fibernet bill of Rs 999 for August generated. Auto-pay on 10 Aug.,broadband: your act fibernet bill of rs 999 for august generated. auto-pay on 10 aug.,en,LEGITIMATE_UTILITY,False,LOW,legitimate,synthetic,2.0.0-gamma,"{""urls"": [], ""phones"": [], ""emails"": []}",Delta expansion for weak category.,2026-07-30T11:26:19.712Z,2026-07-30T11:26:19.712Z
LEGITIMATE_UTILITY_0016,"Your water purifier AMC is due for renewal. Rs 1,999/year. Call 1800-123-4567.","your water purifier amc is due for renewal. rs 1,999/year. call 1800-123-4567.",en,LEGITIMATE_UTILITY,False,LOW,legitimate,synthetic,2.0.0-gamma,"{""urls"": [], ""phones"": [""1800-123-4567""], ""emails"": []}",Delta expansion for weak category.,2026-07-30T11:26:19.712Z,2026-07-30T11:26:19.712Z
LEGITIMATE_UTILITY_0017,Electricity: Power maintenance in Sector 12 on 12 Aug from 9 AM to 2 PM.,electricity: power maintenance in sector 12 on 12 aug from 9 am to 2 pm.,en,LEGITIMATE_UTILITY,False,LOW,legitimate,synthetic,2.0.0-gamma,"{""urls"": [], ""phones"": [], ""emails"": []}",Delta expansion for weak category.,2026-07-30T11:26:19.712Z,2026-07-30T11:26:19.712Z
LEGITIMATE_UTILITY_0018,Your solar panel net metering bill of Rs 350 generated. Excess units: 120 units.,your solar panel net metering bill of rs 350 generated. excess units: 120 units.,en,LEGITIMATE_UTILITY,False,LOW,legitimate,synthetic,2.0.0-gamma,"{""urls"": [], ""phones"": [], ""emails"": []}",Delta expansion for weak category.,2026-07-30T11:26:19.712Z,2026-07-30T11:26:19.712Z
LEGITIMATE_UTILITY_0019,Property tax payment receipt for FY 2025-26. Receipt #TX2025-1234567890.,property tax payment receipt for fy 2025-26. receipt #tx2025-1234567890.,en,LEGITIMATE_UTILITY,False,LOW,legitimate,synthetic,2.0.0-gamma,"{""urls"": [], ""phones"": [""1234567890""], ""emails"": []}",Delta expansion for weak category.,2026-07-30T11:26:19.712Z,2026-07-30T11:26:19.712Z
LEGITIMATE_UTILITY_0020,"Society: Your parking allotment renewed for 2025-26. Pay Rs 2,400 annual fee.","society: your parking allotment renewed for 2025-26. pay rs 2,400 annual fee.",en,LEGITIMATE_UTILITY,False,LOW,legitimate,synthetic,2.0.0-gamma,"{""urls"": [], ""phones"": [], ""emails"": []}",Delta expansion for weak category.,2026-07-30T11:26:19.712Z,2026-07-30T11:26:19.712Z
LEGITIMATE_UTILITY_0021,CNG: Your piped gas bill of Rs 650 for August due. Pay at http://iglonline.com.,cng: your piped gas bill of rs 650 for august due. pay at http://iglonline.com.,en,LEGITIMATE_UTILITY,False,LOW,legitimate,synthetic,2.0.0-gamma,"{""urls"": [""http://iglonline.com.""], ""phones"": [], ""emails"": []}",Delta expansion for weak category.,2026-07-30T11:26:19.712Z,2026-07-30T11:26:19.712Z
LEGITIMATE_UTILITY_0022,Your LPG subsidy of Rs 300 credited to your bank account for refill #12345.,your lpg subsidy of rs 300 credited to your bank account for refill #12345.,en,LEGITIMATE_UTILITY,False,LOW,legitimate,synthetic,2.0.0-gamma,"{""urls"": [], ""phones"": [], ""emails"": []}",Delta expansion for weak category.,2026-07-30T11:26:19.712Z,2026-07-30T11:26:19.712Z
LEGITIMATE_UTILITY_0023,Electricity: Your new connection application #AP1234567890 approved. Meter installation in 7 days.,electricity: your new connection application #ap1234567890 approved. meter installation in 7 days.,en,LEGITIMATE_UTILITY,False,LOW,legitimate,synthetic,2.0.0-gamma,"{""urls"": [], ""phones"": [], ""emails"": []}",Delta expansion for weak category.,2026-07-30T11:26:19.712Z,2026-07-30T11:26:19.712Z
LEGITIMATE_UTILITY_0024,Your water tanker booking for 15 Aug confirmed. Delivery between 8-10 AM.,your water tanker booking for 15 aug confirmed. delivery between 8-10 am.,en,LEGITIMATE_UTILITY,False,LOW,legitimate,synthetic,2.0.0-gamma,"{""urls"": [], ""phones"": [], ""emails"": []}",Delta expansion for weak category.,2026-07-30T11:26:19.712Z,2026-07-30T11:26:19.712Z
LEGITIMATE_UTILITY_0025,Gas pipeline maintenance: Supply will be off on 13 Aug from 9 AM to 2 PM.,gas pipeline maintenance: supply will be off on 13 aug from 9 am to 2 pm.,en,LEGITIMATE_UTILITY,False,LOW,legitimate,synthetic,2.0.0-gamma,"{""urls"": [], ""phones"": [], ""emails"": []}",Delta expansion for weak category.,2026-07-30T11:26:19.712Z,2026-07-30T11:26:19.712Z
LEGITIMATE_PERSONAL_0051,"Bhai, kal party mein kitne baje aana hai?","bhai, kal party mein kitne baje aana hai?",hi-en,LEGITIMATE_PERSONAL,False,LOW,legitimate,synthetic,2.0.0-gamma,"{""urls"": [], ""phones"": [], ""emails"": []}",Delta expansion for weak category.,2026-07-30T11:26:19.712Z,2026-07-30T11:26:19.712Z
LEGITIMATE_PERSONAL_0052,"Maa, main ghar aa raha hoon. Khana mat banana, bahar se le lunga.","maa, main ghar aa raha hoon. khana mat banana, bahar se le lunga.",hi-en,LEGITIMATE_PERSONAL,False,LOW,legitimate,synthetic,2.0.0-gamma,"{""urls"": [], ""phones"": [], ""emails"": []}",Delta expansion for weak category.,2026-07-30T11:26:19.712Z,2026-07-30T11:26:19.712Z
LEGITIMATE_PERSONAL_0053,"Yaar, kal ka assignment complete kiya? Mujhe samajh nahi aa raha.","yaar, kal ka assignment complete kiya? mujhe samajh nahi aa raha.",hi-en,LEGITIMATE_PERSONAL,False,LOW,legitimate,synthetic,2.0.0-gamma,"{""urls"": [], ""phones"": [], ""emails"": []}",Delta expansion for weak category.,2026-07-30T11:26:19.712Z,2026-07-30T11:26:19.712Z
LEGITIMATE_PERSONAL_0054,Aaj gharpe sab thik hai? Main office se late aaunga.,aaj gharpe sab thik hai? main office se late aaunga.,hi-en,LEGITIMATE_PERSONAL,False,LOW,legitimate,synthetic,2.0.0-gamma,"{""urls"": [], ""phones"": [], ""emails"": []}",Delta expansion for weak category.,2026-07-30T11:26:19.712Z,2026-07-30T11:26:19.712Z
LEGITIMATE_PERSONAL_0055,"Dost, tere paas Rs 500 hai? Kal wapas kar dunga.","dost, tere paas rs 500 hai? kal wapas kar dunga.",hi-en,LEGITIMATE_PERSONAL,False,LOW,legitimate,synthetic,2.0.0-gamma,"{""urls"": [], ""phones"": [], ""emails"": []}",Delta expansion for weak category.,2026-07-30T11:26:19.712Z,2026-07-30T11:26:19.712Z
LEGITIMATE_PERSONAL_0056,School se aate time bread aur butter le aana.,school se aate time bread aur butter le aana.,hi-en,LEGITIMATE_PERSONAL,False,LOW,legitimate,synthetic,2.0.0-gamma,"{""urls"": [], ""phones"": [], ""emails"": []}",Delta expansion for weak category.,2026-07-30T11:26:19.712Z,2026-07-30T11:26:19.712Z
LEGITIMATE_PERSONAL_0057,Aaj bahut thand hai. Garam kapde pehen ke bahar jaana.,aaj bahut thand hai. garam kapde pehen ke bahar jaana.,hi-en,LEGITIMATE_PERSONAL,False,LOW,legitimate,synthetic,2.0.0-gamma,"{""urls"": [], ""phones"": [], ""emails"": []}",Delta expansion for weak category.,2026-07-30T11:26:19.712Z,2026-07-30T11:26:19.712Z
LEGITIMATE_PERSONAL_0058,Sunday ko family dinner hai. Sabko bula lo.,sunday ko family dinner hai. sabko bula lo.,hi-en,LEGITIMATE_PERSONAL,False,LOW,legitimate,synthetic,2.0.0-gamma,"{""urls"": [], ""phones"": [], ""emails"": []}",Delta expansion for weak category.,2026-07-30T11:26:19.712Z,2026-07-30T11:26:19.712Z
LEGITIMATE_PERSONAL_0059,Train 2 ghante late hai. Station pe 9 baje pahunchungi.,train 2 ghante late hai. station pe 9 baje pahunchungi.,hi-en,LEGITIMATE_PERSONAL,False,LOW,legitimate,synthetic,2.0.0-gamma,"{""urls"": [], ""phones"": [], ""emails"": []}",Delta expansion for weak category.,2026-07-30T11:26:19.712Z,2026-07-30T11:26:19.712Z
LEGITIMATE_PERSONAL_0060,"Beta, exam mein achha score kiya. Very proud of you!","beta, exam mein achha score kiya. very proud of you!",hi-en,LEGITIMATE_PERSONAL,False,LOW,legitimate,synthetic,2.0.0-gamma,"{""urls"": [], ""phones"": [], ""emails"": []}",Delta expansion for weak category.,2026-07-30T11:26:19.713Z,2026-07-30T11:26:19.713Z
LEGITIMATE_PERSONAL_0061,Naa ungalukku innaikkum velai irukka? Saapidu porom.,naa ungalukku innaikkum velai irukka? saapidu porom.,hi-en,LEGITIMATE_PERSONAL,False,LOW,legitimate,synthetic,2.0.0-gamma,"{""urls"": [], ""phones"": [], ""emails"": []}",Delta expansion for weak category.,2026-07-30T11:26:19.713Z,2026-07-30T11:26:19.713Z
LEGITIMATE_PERSONAL_0062,"Appa, naan hostel safe ah vanthuten. Call pannuren.","appa, naan hostel safe ah vanthuten. call pannuren.",hi-en,LEGITIMATE_PERSONAL,False,LOW,legitimate,synthetic,2.0.0-gamma,"{""urls"": [], ""phones"": [], ""emails"": []}",Delta expansion for weak category.,2026-07-30T11:26:19.713Z,2026-07-30T11:26:19.713Z
LEGITIMATE_PERSONAL_0063,"Akka, unga friend phone pannanga. Number koduthuten.","akka, unga friend phone pannanga. number koduthuten.",hi-en,LEGITIMATE_PERSONAL,False,LOW,legitimate,synthetic,2.0.0-gamma,"{""urls"": [], ""phones"": [], ""emails"": []}",Delta expansion for weak category.,2026-07-30T11:26:19.713Z,2026-07-30T11:26:19.713Z
LEGITIMATE_PERSONAL_0064,"Tamanna, naan ippo office ku poren. Dinner ku varuven.","tamanna, naan ippo office ku poren. dinner ku varuven.",hi-en,LEGITIMATE_PERSONAL,False,LOW,legitimate,synthetic,2.0.0-gamma,"{""urls"": [], ""phones"": [], ""emails"": []}",Delta expansion for weak category.,2026-07-30T11:26:19.713Z,2026-07-30T11:26:19.713Z
LEGITIMATE_PERSONAL_0065,"Machaa, naalai evening porul edukka poalam.","machaa, naalai evening porul edukka poalam.",hi-en,LEGITIMATE_PERSONAL,False,LOW,legitimate,synthetic,2.0.0-gamma,"{""urls"": [], ""phones"": [], ""emails"": []}",Delta expansion for weak category.,2026-07-30T11:26:19.713Z,2026-07-30T11:26:19.713Z
LEGITIMATE_PERSONAL_0066,"Thambi, amma unga kitta pesanum. Intiki raa.","thambi, amma unga kitta pesanum. intiki raa.",hi-en,LEGITIMATE_PERSONAL,False,LOW,legitimate,synthetic,2.0.0-gamma,"{""urls"": [], ""phones"": [], ""emails"": []}",Delta expansion for weak category.,2026-07-30T11:26:19.713Z,2026-07-30T11:26:19.713Z
LEGITIMATE_PERSONAL_0067,"Anna, nenu inka office lo unna. Dinner ki intiki vostanu.","anna, nenu inka office lo unna. dinner ki intiki vostanu.",hi-en,LEGITIMATE_PERSONAL,False,LOW,legitimate,synthetic,2.0.0-gamma,"{""urls"": [], ""phones"": [], ""emails"": []}",Delta expansion for weak category.,2026-07-30T11:26:19.713Z,2026-07-30T11:26:19.713Z
LEGITIMATE_PERSONAL_0068,"Amma, nenu safe ga hostel ki chesanu. Call chestanu.","amma, nenu safe ga hostel ki chesanu. call chestanu.",hi-en,LEGITIMATE_PERSONAL,False,LOW,legitimate,synthetic,2.0.0-gamma,"{""urls"": [], ""phones"": [], ""emails"": []}",Delta expansion for weak category.,2026-07-30T11:26:19.713Z,2026-07-30T11:26:19.713Z
LEGITIMATE_PERSONAL_0069,"Akka, meeru konchem paalu theesukoni raavala?","akka, meeru konchem paalu theesukoni raavala?",hi-en,LEGITIMATE_PERSONAL,False,LOW,legitimate,synthetic,2.0.0-gamma,"{""urls"": [], ""phones"": [], ""emails"": []}",Delta expansion for weak category.,2026-07-30T11:26:19.713Z,2026-07-30T11:26:19.713Z
LEGITIMATE_PERSONAL_0070,"Babai, nenu repu ma intiki vastanu. Anni items konostanu.","babai, nenu repu ma intiki vastanu. anni items konostanu.",hi-en,LEGITIMATE_PERSONAL,False,LOW,legitimate,synthetic,2.0.0-gamma,"{""urls"": [], ""phones"": [], ""emails"": []}",Delta expansion for weak category.,2026-07-30T11:26:19.713Z,2026-07-30T11:26:19.713Z
OTP_SCAM_0057,Aapka Amazon OTP 456789 hai. Kisi ko na bataye. Galat hai to forward karein 9988776655.,aapka amazon otp 456789 hai. kisi ko na bataye. galat hai to forward karein 9988776655.,hi-en,OTP_SCAM,True,HIGH,scam,synthetic,2.0.0-gamma,"{""urls"": [], ""phones"": [""9988776655""], ""emails"": []}",Delta expansion for weak category.,2026-07-30T11:26:19.713Z,2026-07-30T11:26:19.713Z
OTP_SCAM_0058,"SBI OTP 891234 se Rs 45,000 transfer ho gaya. Not you? Call 1800-425-3800.","sbi otp 891234 se rs 45,000 transfer ho gaya. not you? call 1800-425-3800.",hi-en,OTP_SCAM,True,HIGH,scam,synthetic,2.0.0-gamma,"{""urls"": [], ""phones"": [""1800-425-3800""], ""emails"": []}",Delta expansion for weak category.,2026-07-30T11:26:19.713Z,2026-07-30T11:26:19.713Z
OTP_SCAM_0059,Google verification code 482916. Share mat karna. Galati se aaya to forward karo.,google verification code 482916. share mat karna. galati se aaya to forward karo.,hi-en,OTP_SCAM,True,HIGH,scam,synthetic,2.0.0-gamma,"{""urls"": [], ""phones"": [], ""emails"": []}",Delta expansion for weak category.,2026-07-30T11:26:19.713Z,2026-07-30T11:26:19.713Z
OTP_SCAM_0060,Aapka WhatsApp OTP 673489. Do not share. Forward karo 9876543210 agar aapne nahi kiya.,aapka whatsapp otp 673489. do not share. forward karo 9876543210 agar aapne nahi kiya.,hi-en,OTP_SCAM,True,HIGH,scam,synthetic,2.0.0-gamma,"{""urls"": [], ""phones"": [""9876543210""], ""emails"": []}",Delta expansion for weak category.,2026-07-30T11:26:19.713Z,2026-07-30T11:26:19.713Z
OTP_SCAM_0061,IRCTC OTP 945612. PNR cancellation ke liye. Agar aapne nahi kiya to call karein.,irctc otp 945612. pnr cancellation ke liye. agar aapne nahi kiya to call karein.,hi-en,OTP_SCAM,True,HIGH,scam,synthetic,2.0.0-gamma,"{""urls"": [], ""phones"": [], ""emails"": []}",Delta expansion for weak category.,2026-07-30T11:26:19.713Z,2026-07-30T11:26:19.713Z
OTP_SCAM_0062,PhonePe OTP 345678. Naya beneficiary add. Not you? Forward OTP to block.,phonepe otp 345678. naya beneficiary add. not you? forward otp to block.,hi-en,OTP_SCAM,True,HIGH,scam,synthetic,2.0.0-gamma,"{""urls"": [], ""phones"": [], ""emails"": []}",Delta expansion for weak category.,2026-07-30T11:26:19.713Z,2026-07-30T11:26:19.713Z
OTP_SCAM_0063,"Paytm OTP 890123. Rs 25,000 wallet transfer. Send OTP to block transaction.","paytm otp 890123. rs 25,000 wallet transfer. send otp to block transaction.",hi-en,OTP_SCAM,True,HIGH,scam,synthetic,2.0.0-gamma,"{""urls"": [], ""phones"": [], ""emails"": []}",Delta expansion for weak category.,2026-07-30T11:26:19.713Z,2026-07-30T11:26:19.713Z
OTP_SCAM_0064,Amazon OTP 563412. Login from Delhi. Not you? Call support immediately.,amazon otp 563412. login from delhi. not you? call support immediately.,hi-en,OTP_SCAM,True,HIGH,scam,synthetic,2.0.0-gamma,"{""urls"": [], ""phones"": [], ""emails"": []}",Delta expansion for weak category.,2026-07-30T11:26:19.713Z,2026-07-30T11:26:19.713Z
OTP_SCAM_0065,Unga Amazon OTP 456789. Yaarukkum share pannathinga. Thappu na 9988776655 ku forward pannunga.,unga amazon otp 456789. yaarukkum share pannathinga. thappu na 9988776655 ku forward pannunga.,ta-en,OTP_SCAM,True,HIGH,scam,synthetic,2.0.0-gamma,"{""urls"": [], ""phones"": [""9988776655""], ""emails"": []}",Delta expansion for weak category.,2026-07-30T11:26:19.713Z,2026-07-30T11:26:19.713Z
OTP_SCAM_0066,"SBI OTP 891234. Rs 45,000 transfer aachu. Neenga illana 1800-425-3800 ku call pannunga.","sbi otp 891234. rs 45,000 transfer aachu. neenga illana 1800-425-3800 ku call pannunga.",ta-en,OTP_SCAM,True,HIGH,scam,synthetic,2.0.0-gamma,"{""urls"": [], ""phones"": [""1800-425-3800""], ""emails"": []}",Delta expansion for weak category.,2026-07-30T11:26:19.713Z,2026-07-30T11:26:19.713Z
OTP_SCAM_0067,Google verification code 482916. Share pannathinga. Thappula vandha forward pannunga.,google verification code 482916. share pannathinga. thappula vandha forward pannunga.,ta-en,OTP_SCAM,True,HIGH,scam,synthetic,2.0.0-gamma,"{""urls"": [], ""phones"": [], ""emails"": []}",Delta expansion for weak category.,2026-07-30T11:26:19.713Z,2026-07-30T11:26:19.713Z
OTP_SCAM_0068,WhatsApp OTP 673489. Share pannathinga. 9876543210 ku forward pannunga neenga illana.,whatsapp otp 673489. share pannathinga. 9876543210 ku forward pannunga neenga illana.,ta-en,OTP_SCAM,True,HIGH,scam,synthetic,2.0.0-gamma,"{""urls"": [], ""phones"": [""9876543210""], ""emails"": []}",Delta expansion for weak category.,2026-07-30T11:26:19.713Z,2026-07-30T11:26:19.713Z
OTP_SCAM_0069,IRCTC OTP 945612. PNR cancellation ku. Neenga illana call pannunga.,irctc otp 945612. pnr cancellation ku. neenga illana call pannunga.,ta-en,OTP_SCAM,True,HIGH,scam,synthetic,2.0.0-gamma,"{""urls"": [], ""phones"": [], ""emails"": []}",Delta expansion for weak category.,2026-07-30T11:26:19.713Z,2026-07-30T11:26:19.713Z
OTP_SCAM_0070,PhonePe OTP 345678. Puthu beneficiary add pannanga. Not you? OTP ah forward pannunga.,phonepe otp 345678. puthu beneficiary add pannanga. not you? otp ah forward pannunga.,ta-en,OTP_SCAM,True,HIGH,scam,synthetic,2.0.0-gamma,"{""urls"": [], ""phones"": [], ""emails"": []}",Delta expansion for weak category.,2026-07-30T11:26:19.713Z,2026-07-30T11:26:19.713Z
OTP_SCAM_0071,Mee Amazon OTP 456789. Evvariki share cheyyakandi. Thappu ante 9988776655 ki forward cheyandi.,mee amazon otp 456789. evvariki share cheyyakandi. thappu ante 9988776655 ki forward cheyandi.,te-en,OTP_SCAM,True,HIGH,scam,synthetic,2.0.0-gamma,"{""urls"": [], ""phones"": [""9988776655""], ""emails"": []}",Delta expansion for weak category.,2026-07-30T11:26:19.713Z,2026-07-30T11:26:19.713Z
OTP_SCAM_0072,"SBI OTP 891234. Rs 45,000 transfer ayindi. Meeru kaka pote 1800-425-3800 ki call cheyandi.","sbi otp 891234. rs 45,000 transfer ayindi. meeru kaka pote 1800-425-3800 ki call cheyandi.",te-en,OTP_SCAM,True,HIGH,scam,synthetic,2.0.0-gamma,"{""urls"": [], ""phones"": [""1800-425-3800""], ""emails"": []}",Delta expansion for weak category.,2026-07-30T11:26:19.713Z,2026-07-30T11:26:19.713Z
OTP_SCAM_0073,Google verification code 482916. Share cheyyakandi. Thappuga vaste forward cheyandi.,google verification code 482916. share cheyyakandi. thappuga vaste forward cheyandi.,te-en,OTP_SCAM,True,HIGH,scam,synthetic,2.0.0-gamma,"{""urls"": [], ""phones"": [], ""emails"": []}",Delta expansion for weak category.,2026-07-30T11:26:19.713Z,2026-07-30T11:26:19.713Z
OTP_SCAM_0074,WhatsApp OTP 673489. Share cheyyakandi. 9876543210 ki forward cheyandi.,whatsapp otp 673489. share cheyyakandi. 9876543210 ki forward cheyandi.,te-en,OTP_SCAM,True,HIGH,scam,synthetic,2.0.0-gamma,"{""urls"": [], ""phones"": [""9876543210""], ""emails"": []}",Delta expansion for weak category.,2026-07-30T11:26:19.713Z,2026-07-30T11:26:19.713Z
LEGITIMATE_PERSONAL_0071,Nenu safe ga hostel ki chesanu. Repu call chestanu.,nenu safe ga hostel ki chesanu. repu call chestanu.,te-en,LEGITIMATE_PERSONAL,False,LOW,legitimate,synthetic,2.0.0-gamma,"{""urls"": [], ""phones"": [], ""emails"": []}",Delta expansion for weak category.,2026-07-30T11:26:19.714Z,2026-07-30T11:26:19.714Z
LEGITIMATE_PERSONAL_0072,"Amma, nenu konchem late ga vastanu. Dinner ki eduru choodakandi.","amma, nenu konchem late ga vastanu. dinner ki eduru choodakandi.",te-en,LEGITIMATE_PERSONAL,False,LOW,legitimate,synthetic,2.0.0-gamma,"{""urls"": [], ""phones"": [], ""emails"": []}",Delta expansion for weak category.,2026-07-30T11:26:19.714Z,2026-07-30T11:26:19.714Z
LEGITIMATE_PERSONAL_0073,Naa tho paalu theesukoni raava? Bread kuda konostanu.,naa tho paalu theesukoni raava? bread kuda konostanu.,te-en,LEGITIMATE_PERSONAL,False,LOW,legitimate,synthetic,2.0.0-gamma,"{""urls"": [], ""phones"": [], ""emails"": []}",Delta expansion for weak category.,2026-07-30T11:26:19.714Z,2026-07-30T11:26:19.714Z
LEGITIMATE_PERSONAL_0074,Neeku picnic ki vellali ante ela undi? Week-end lo planning cheddam.,neeku picnic ki vellali ante ela undi? week-end lo planning cheddam.,te-en,LEGITIMATE_PERSONAL,False,LOW,legitimate,synthetic,2.0.0-gamma,"{""urls"": [], ""phones"": [], ""emails"": []}",Delta expansion for weak category.,2026-07-30T11:26:19.714Z,2026-07-30T11:26:19.714Z
LEGITIMATE_PERSONAL_0075,"Annayya, nee friend phone chesaru. Number ichanu vadiki.","annayya, nee friend phone chesaru. number ichanu vadiki.",te-en,LEGITIMATE_PERSONAL,False,LOW,legitimate,synthetic,2.0.0-gamma,"{""urls"": [], ""phones"": [], ""emails"": []}",Delta expansion for weak category.,2026-07-30T11:26:19.714Z,2026-07-30T11:26:19.714Z
LEGITIMATE_PERSONAL_0076,Nenu ippo office ki velthunna. Dinner ki vastanu.,nenu ippo office ki velthunna. dinner ki vastanu.,te-en,LEGITIMATE_PERSONAL,False,LOW,legitimate,synthetic,2.0.0-gamma,"{""urls"": [], ""phones"": [], ""emails"": []}",Delta expansion for weak category.,2026-07-30T11:26:19.714Z,2026-07-30T11:26:19.714Z
LEGITIMATE_PERSONAL_0077,Repu evening 7 ki movie ki plan cheddama?,repu evening 7 ki movie ki plan cheddama?,te-en,LEGITIMATE_PERSONAL,False,LOW,legitimate,synthetic,2.0.0-gamma,"{""urls"": [], ""phones"": [], ""emails"": []}",Delta expansion for weak category.,2026-07-30T11:26:19.714Z,2026-07-30T11:26:19.714Z
LEGITIMATE_PERSONAL_0078,Naan safe ah hostel vanthuten. Naalai call pannuren.,naan safe ah hostel vanthuten. naalai call pannuren.,ta-en,LEGITIMATE_PERSONAL,False,LOW,legitimate,synthetic,2.0.0-gamma,"{""urls"": [], ""phones"": [], ""emails"": []}",Delta expansion for weak category.,2026-07-30T11:26:19.714Z,2026-07-30T11:26:19.714Z
LEGITIMATE_PERSONAL_0079,"Amma, naan konjam late aaguen. Dinner ku edhir paakka vendam.","amma, naan konjam late aaguen. dinner ku edhir paakka vendam.",ta-en,LEGITIMATE_PERSONAL,False,LOW,legitimate,synthetic,2.0.0-gamma,"{""urls"": [], ""phones"": [], ""emails"": []}",Delta expansion for weak category.,2026-07-30T11:26:19.714Z,2026-07-30T11:26:19.714Z
LEGITIMATE_PERSONAL_0080,Unnodaa paal vaangi varaaya? Bread um vaanguren.,unnodaa paal vaangi varaaya? bread um vaanguren.,ta-en,LEGITIMATE_PERSONAL,False,LOW,legitimate,synthetic,2.0.0-gamma,"{""urls"": [], ""phones"": [], ""emails"": []}",Delta expansion for weak category.,2026-07-30T11:26:19.714Z,2026-07-30T11:26:19.714Z
LEGITIMATE_PERSONAL_0081,Ungalukku picnic ku poga aasaiya? Weekend la plan pannalaam.,ungalukku picnic ku poga aasaiya? weekend la plan pannalaam.,ta-en,LEGITIMATE_PERSONAL,False,LOW,legitimate,synthetic,2.0.0-gamma,"{""urls"": [], ""phones"": [], ""emails"": []}",Delta expansion for weak category.,2026-07-30T11:26:19.714Z,2026-07-30T11:26:19.714Z
LEGITIMATE_PERSONAL_0082,"Akka, unga friend phone pannanga. Number kuduthen.","akka, unga friend phone pannanga. number kuduthen.",ta-en,LEGITIMATE_PERSONAL,False,LOW,legitimate,synthetic,2.0.0-gamma,"{""urls"": [], ""phones"": [], ""emails"": []}",Delta expansion for weak category.,2026-07-30T11:26:19.714Z,2026-07-30T11:26:19.714Z
LEGITIMATE_PERSONAL_0083,Naan ippo office ku poren. Dinner ku varuven.,naan ippo office ku poren. dinner ku varuven.,ta-en,LEGITIMATE_PERSONAL,False,LOW,legitimate,synthetic,2.0.0-gamma,"{""urls"": [], ""phones"": [], ""emails"": []}",Delta expansion for weak category.,2026-07-30T11:26:19.714Z,2026-07-30T11:26:19.714Z
LEGITIMATE_PERSONAL_0084,Naalaikku 7 PM ku movie ku plan pannalaama?,naalaikku 7 pm ku movie ku plan pannalaama?,ta-en,LEGITIMATE_PERSONAL,False,LOW,legitimate,synthetic,2.0.0-gamma,"{""urls"": [], ""phones"": [], ""emails"": []}",Delta expansion for weak category.,2026-07-30T11:26:19.714Z,2026-07-30T11:26:19.714Z
LEGITIMATE_SHOPPING_0033,Amazon: Aapka order OD1234567890 dispatched ho gaya hai. Delivery 5 Aug tak.,amazon: aapka order od1234567890 dispatched ho gaya hai. delivery 5 aug tak.,hi-en,LEGITIMATE_SHOPPING,False,LOW,legitimate,synthetic,2.0.0-gamma,"{""urls"": [], ""phones"": [], ""emails"": []}",Delta expansion for weak category.,2026-07-30T11:26:19.714Z,2026-07-30T11:26:19.714Z
LEGITIMATE_SHOPPING_0034,Flipkart: Aapka Samsung phone dispatch. Track at http://flipkart.com/track.,flipkart: aapka samsung phone dispatch. track at http://flipkart.com/track.,hi-en,LEGITIMATE_SHOPPING,False,LOW,legitimate,synthetic,2.0.0-gamma,"{""urls"": [""http://flipkart.com/track.""], ""phones"": [], ""emails"": []}",Delta expansion for weak category.,2026-07-30T11:26:19.714Z,2026-07-30T11:26:19.714Z
LEGITIMATE_SHOPPING_0035,Meesho: Rs 349 ka order confirm. Delivery 8-10 din mein.,meesho: rs 349 ka order confirm. delivery 8-10 din mein.,hi-en,LEGITIMATE_SHOPPING,False,LOW,legitimate,synthetic,2.0.0-gamma,"{""urls"": [], ""phones"": [], ""emails"": []}",Delta expansion for weak category.,2026-07-30T11:26:19.714Z,2026-07-30T11:26:19.714Z
LEGITIMATE_SHOPPING_0036,Zepto: Aapka Rs 567 ka order aa raha hai! 10 minute mein delivery.,zepto: aapka rs 567 ka order aa raha hai! 10 minute mein delivery.,hi-en,LEGITIMATE_SHOPPING,False,LOW,legitimate,synthetic,2.0.0-gamma,"{""urls"": [], ""phones"": [], ""emails"": []}",Delta expansion for weak category.,2026-07-30T11:26:19.714Z,2026-07-30T11:26:19.714Z
LEGITIMATE_SHOPPING_0037,Blinkit: Rs 892 ka grocery order picked. 12 minute mein pahunch jayega.,blinkit: rs 892 ka grocery order picked. 12 minute mein pahunch jayega.,hi-en,LEGITIMATE_SHOPPING,False,LOW,legitimate,synthetic,2.0.0-gamma,"{""urls"": [], ""phones"": [], ""emails"": []}",Delta expansion for weak category.,2026-07-30T11:26:19.714Z,2026-07-30T11:26:19.714Z
LEGITIMATE_SHOPPING_0038,Myntra: Size exchange approved. Pickup kal scheduled hai.,myntra: size exchange approved. pickup kal scheduled hai.,hi-en,LEGITIMATE_SHOPPING,False,LOW,legitimate,synthetic,2.0.0-gamma,"{""urls"": [], ""phones"": [], ""emails"": []}",Delta expansion for weak category.,2026-07-30T11:26:19.714Z,2026-07-30T11:26:19.714Z
LEGITIMATE_TELECOM_0031,"Airtel: Rs 599 ka recharge successful. 2GB/day, valid 28 din.","airtel: rs 599 ka recharge successful. 2gb/day, valid 28 din.",hi-en,LEGITIMATE_TELECOM,False,LOW,legitimate,synthetic,2.0.0-gamma,"{""urls"": [], ""phones"": [], ""emails"": []}",Delta expansion for weak category.,2026-07-30T11:26:19.714Z,2026-07-30T11:26:19.714Z
LEGITIMATE_TELECOM_0032,Jio: 1.5GB/day data add. Balance: 18.5GB. 28 din validity.,jio: 1.5gb/day data add. balance: 18.5gb. 28 din validity.,hi-en,LEGITIMATE_TELECOM,False,LOW,legitimate,synthetic,2.0.0-gamma,"{""urls"": [], ""phones"": [], ""emails"": []}",Delta expansion for weak category.,2026-07-30T11:26:19.714Z,2026-07-30T11:26:19.714Z
LEGITIMATE_TELECOM_0033,VI: Rs 299 ka plan renew. Unlimited calls + 1GB/day.,vi: rs 299 ka plan renew. unlimited calls + 1gb/day.,hi-en,LEGITIMATE_TELECOM,False,LOW,legitimate,synthetic,2.0.0-gamma,"{""urls"": [], ""phones"": [], ""emails"": []}",Delta expansion for weak category.,2026-07-30T11:26:19.714Z,2026-07-30T11:26:19.714Z
LEGITIMATE_TELECOM_0034,BSNL: Rs 799 FTTH plan renew. 30 Mbps unlimited.,bsnl: rs 799 ftth plan renew. 30 mbps unlimited.,hi-en,LEGITIMATE_TELECOM,False,LOW,legitimate,synthetic,2.0.0-gamma,"{""urls"": [], ""phones"": [], ""emails"": []}",Delta expansion for weak category.,2026-07-30T11:26:19.714Z,2026-07-30T11:26:19.714Z
LEGITIMATE_TELECOM_0035,JioFiber: Rs 999 ka bill generate. Due date: 10 Sep.,jiofiber: rs 999 ka bill generate. due date: 10 sep.,hi-en,LEGITIMATE_TELECOM,False,LOW,legitimate,synthetic,2.0.0-gamma,"{""urls"": [], ""phones"": [], ""emails"": []}",Delta expansion for weak category.,2026-07-30T11:26:19.714Z,2026-07-30T11:26:19.714Z
LEGITIMATE_TELECOM_0036,TRAI: DND registration active. Promotional calls nahi aayenge.,trai: dnd registration active. promotional calls nahi aayenge.,hi-en,LEGITIMATE_TELECOM,False,LOW,legitimate,synthetic,2.0.0-gamma,"{""urls"": [], ""phones"": [], ""emails"": []}",Delta expansion for weak category.,2026-07-30T11:26:19.714Z,2026-07-30T11:26:19.714Z
LEGITIMATE_BANKING_0054,"SBI: Your account XXXX4567 credited with Rs 25,000. Salary for July 2025.","sbi: your account xxxx4567 credited with rs 25,000. salary for july 2025.",en,LEGITIMATE_BANKING,False,LOW,legitimate,synthetic,2.0.0-gamma,"{""urls"": [], ""phones"": [], ""emails"": []}",Delta expansion for weak category.,2026-07-30T11:26:19.714Z,2026-07-30T11:26:19.714Z
LEGITIMATE_BANKING_0055,"HDFC: Your home loan EMI of Rs 32,500 debited on 5 Aug. Outstanding: Rs 18,50,000.","hdfc: your home loan emi of rs 32,500 debited on 5 aug. outstanding: rs 18,50,000.",en,LEGITIMATE_BANKING,False,LOW,legitimate,synthetic,2.0.0-gamma,"{""urls"": [], ""phones"": [], ""emails"": []}",Delta expansion for weak category.,2026-07-30T11:26:19.714Z,2026-07-30T11:26:19.714Z
LEGITIMATE_BANKING_0056,"ICICI: Your credit card bill of Rs 14,200 paid. Available credit: Rs 1,85,800.","icici: your credit card bill of rs 14,200 paid. available credit: rs 1,85,800.",en,LEGITIMATE_BANKING,False,LOW,legitimate,synthetic,2.0.0-gamma,"{""urls"": [], ""phones"": [], ""emails"": []}",Delta expansion for weak category.,2026-07-30T11:26:19.714Z,2026-07-30T11:26:19.714Z
LEGITIMATE_BANKING_0057,"Axis Bank: Fixed deposit of Rs 1,00,000 matured. Proceeds credited to savings.","axis bank: fixed deposit of rs 1,00,000 matured. proceeds credited to savings.",en,LEGITIMATE_BANKING,False,LOW,legitimate,synthetic,2.0.0-gamma,"{""urls"": [], ""phones"": [], ""emails"": []}",Delta expansion for weak category.,2026-07-30T11:26:19.714Z,2026-07-30T11:26:19.714Z
LEGITIMATE_BANKING_0058,"PNB: Your cheque #123456 of Rs 5,000 cleared. Issued to Rahul Sharma.","pnb: your cheque #123456 of rs 5,000 cleared. issued to rahul sharma.",en,LEGITIMATE_BANKING,False,LOW,legitimate,synthetic,2.0.0-gamma,"{""urls"": [], ""phones"": [], ""emails"": []}",Delta expansion for weak category.,2026-07-30T11:26:19.715Z,2026-07-30T11:26:19.715Z
LEGITIMATE_BANKING_0059,Canara Bank: New debit card dispatched. Expected delivery: 7-10 working days.,canara bank: new debit card dispatched. expected delivery: 7-10 working days.,en,LEGITIMATE_BANKING,False,LOW,legitimate,synthetic,2.0.0-gamma,"{""urls"": [], ""phones"": [], ""emails"": []}",Delta expansion for weak category.,2026-07-30T11:26:19.715Z,2026-07-30T11:26:19.715Z
LEGITIMATE_BANKING_0060,Union Bank: Your account statement for July generated. Available at net banking.,union bank: your account statement for july generated. available at net banking.,en,LEGITIMATE_BANKING,False,LOW,legitimate,synthetic,2.0.0-gamma,"{""urls"": [], ""phones"": [], ""emails"": []}",Delta expansion for weak category.,2026-07-30T11:26:19.715Z,2026-07-30T11:26:19.715Z
LEGITIMATE_BANKING_0061,"Bank of Baroda: Your recurring deposit of Rs 2,000 debited. RD balance: Rs 1,20,000.","bank of baroda: your recurring deposit of rs 2,000 debited. rd balance: rs 1,20,000.",en,LEGITIMATE_BANKING,False,LOW,legitimate,synthetic,2.0.0-gamma,"{""urls"": [], ""phones"": [], ""emails"": []}",Delta expansion for weak category.,2026-07-30T11:26:19.715Z,2026-07-30T11:26:19.715Z
LEGITIMATE_BANKING_0062,"Kotak Mahindra: Your credit card limit increased to Rs 5,00,000. Offer valid till 31 Aug.","kotak mahindra: your credit card limit increased to rs 5,00,000. offer valid till 31 aug.",en,LEGITIMATE_BANKING,False,LOW,legitimate,synthetic,2.0.0-gamma,"{""urls"": [], ""phones"": [], ""emails"": []}",Delta expansion for weak category.,2026-07-30T11:26:19.715Z,2026-07-30T11:26:19.715Z
LEGITIMATE_BANKING_0063,"IndusInd: Your savings account interest of Rs 1,250 credited for Q2.","indusind: your savings account interest of rs 1,250 credited for q2.",en,LEGITIMATE_BANKING,False,LOW,legitimate,synthetic,2.0.0-gamma,"{""urls"": [], ""phones"": [], ""emails"": []}",Delta expansion for weak category.,2026-07-30T11:26:19.715Z,2026-07-30T11:26:19.715Z
LEGITIMATE_BANKING_0064,"SBI: Your PPF account credited with Rs 15,000. Current balance: Rs 3,50,000.","sbi: your ppf account credited with rs 15,000. current balance: rs 3,50,000.",en,LEGITIMATE_BANKING,False,LOW,legitimate,synthetic,2.0.0-gamma,"{""urls"": [], ""phones"": [], ""emails"": []}",Delta expansion for weak category.,2026-07-30T11:26:19.715Z,2026-07-30T11:26:19.715Z
LEGITIMATE_BANKING_0065,HDFC: Demat account annual maintenance fee of Rs 750 debited.,hdfc: demat account annual maintenance fee of rs 750 debited.,en,LEGITIMATE_BANKING,False,LOW,legitimate,synthetic,2.0.0-gamma,"{""urls"": [], ""phones"": [], ""emails"": []}",Delta expansion for weak category.,2026-07-30T11:26:19.715Z,2026-07-30T11:26:19.715Z
LEGITIMATE_BANKING_0066,ICICI: Your NRI account statement for Q2 available. Download at http://icici.com.,icici: your nri account statement for q2 available. download at http://icici.com.,en,LEGITIMATE_BANKING,False,LOW,legitimate,synthetic,2.0.0-gamma,"{""urls"": [""http://icici.com.""], ""phones"": [], ""emails"": []}",Delta expansion for weak category.,2026-07-30T11:26:19.715Z,2026-07-30T11:26:19.715Z
LEGITIMATE_BANKING_0067,"Axis Bank: Your loan against property sanctioned Rs 25,00,000. EMI: Rs 28,500.","axis bank: your loan against property sanctioned rs 25,00,000. emi: rs 28,500.",en,LEGITIMATE_BANKING,False,LOW,legitimate,synthetic,2.0.0-gamma,"{""urls"": [], ""phones"": [], ""emails"": []}",Delta expansion for weak category.,2026-07-30T11:26:19.716Z,2026-07-30T11:26:19.716Z
LEGITIMATE_BANKING_0068,Yes Bank: Your salary account upgraded to Yes Priority. Concierge available.,yes bank: your salary account upgraded to yes priority. concierge available.,en,LEGITIMATE_BANKING,False,LOW,legitimate,synthetic,2.0.0-gamma,"{""urls"": [], ""phones"": [], ""emails"": []}",Delta expansion for weak category.,2026-07-30T11:26:19.716Z,2026-07-30T11:26:19.716Z
LEGITIMATE_BANKING_0069,"IDFC First Bank: Your savings account 7% interest credited. Amount: Rs 2,350.","idfc first bank: your savings account 7% interest credited. amount: rs 2,350.",en,LEGITIMATE_BANKING,False,LOW,legitimate,synthetic,2.0.0-gamma,"{""urls"": [], ""phones"": [], ""emails"": []}",Delta expansion for weak category.,2026-07-30T11:26:19.716Z,2026-07-30T11:26:19.716Z
LEGITIMATE_BANKING_0070,RBL Bank: Your credit card reward points expiring. Redeem by 31 Aug.,rbl bank: your credit card reward points expiring. redeem by 31 aug.,en,LEGITIMATE_BANKING,False,LOW,legitimate,synthetic,2.0.0-gamma,"{""urls"": [], ""phones"": [], ""emails"": []}",Delta expansion for weak category.,2026-07-30T11:26:19.716Z,2026-07-30T11:26:19.716Z
LEGITIMATE_BANKING_0071,"Federal Bank: Your education loan disbursement of Rs 8,50,000 credited to college.","federal bank: your education loan disbursement of rs 8,50,000 credited to college.",en,LEGITIMATE_BANKING,False,LOW,legitimate,synthetic,2.0.0-gamma,"{""urls"": [], ""phones"": [], ""emails"": []}",Delta expansion for weak category.,2026-07-30T11:26:19.716Z,2026-07-30T11:26:19.716Z
LEGITIMATE_BANKING_0072,Standard Chartered: Your investment portfolio review scheduled for 12 Aug.,standard chartered: your investment portfolio review scheduled for 12 aug.,en,LEGITIMATE_BANKING,False,LOW,legitimate,synthetic,2.0.0-gamma,"{""urls"": [], ""phones"": [], ""emails"": []}",Delta expansion for weak category.,2026-07-30T11:26:19.716Z,2026-07-30T11:26:19.716Z
LEGITIMATE_BANKING_0073,DBS Bank: Your DigiSavings account opened. Debit card dispatched. Activate at atm.,dbs bank: your digisavings account opened. debit card dispatched. activate at atm.,en,LEGITIMATE_BANKING,False,LOW,legitimate,synthetic,2.0.0-gamma,"{""urls"": [], ""phones"": [], ""emails"": []}",Delta expansion for weak category.,2026-07-30T11:26:19.716Z,2026-07-30T11:26:19.716Z
LEGITIMATE_BANKING_0074,SBI: Your ATM card blocked due to 3 wrong PIN attempts. New card being issued.,sbi: your atm card blocked due to 3 wrong pin attempts. new card being issued.,en,LEGITIMATE_BANKING,False,LOW,legitimate,synthetic,2.0.0-gamma,"{""urls"": [], ""phones"": [], ""emails"": []}",Delta expansion for weak category.,2026-07-30T11:26:19.716Z,2026-07-30T11:26:19.716Z
LEGITIMATE_BANKING_0075,"HDFC: Your mutual fund SIP of Rs 5,000 in HDFC Top 100 debited successfully.","hdfc: your mutual fund sip of rs 5,000 in hdfc top 100 debited successfully.",en,LEGITIMATE_BANKING,False,LOW,legitimate,synthetic,2.0.0-gamma,"{""urls"": [], ""phones"": [], ""emails"": []}",Delta expansion for weak category.,2026-07-30T11:26:19.717Z,2026-07-30T11:26:19.717Z
LEGITIMATE_BANKING_0076,"ICICI: Your credit card statement for August generated. Minimum due: Rs 2,500.","icici: your credit card statement for august generated. minimum due: rs 2,500.",en,LEGITIMATE_BANKING,False,LOW,legitimate,synthetic,2.0.0-gamma,"{""urls"": [], ""phones"": [], ""emails"": []}",Delta expansion for weak category.,2026-07-30T11:26:19.717Z,2026-07-30T11:26:19.717Z
LEGITIMATE_BANKING_0077,"Axis Bank: You have 5,000 reward points. Redeem for flight tickets at http://axisrewards.com.","axis bank: you have 5,000 reward points. redeem for flight tickets at http://axisrewards.com.",en,LEGITIMATE_BANKING,False,LOW,legitimate,synthetic,2.0.0-gamma,"{""urls"": [""http://axisrewards.com.""], ""phones"": [], ""emails"": []}",Delta expansion for weak category.,2026-07-30T11:26:19.717Z,2026-07-30T11:26:19.717Z
LEGITIMATE_BANKING_0078,"PNB: Your gold loan of Rs 2,00,000 sanctioned. Disbursed to your account.","pnb: your gold loan of rs 2,00,000 sanctioned. disbursed to your account.",en,LEGITIMATE_BANKING,False,LOW,legitimate,synthetic,2.0.0-gamma,"{""urls"": [], ""phones"": [], ""emails"": []}",Delta expansion for weak category.,2026-07-30T11:26:19.717Z,2026-07-30T11:26:19.717Z
LEGITIMATE_COURIER_0061,FedEx: Your shipment from New York has arrived at Mumbai customs. Clearance in progress.,fedex: your shipment from new york has arrived at mumbai customs. clearance in progress.,en,LEGITIMATE_COURIER,False,LOW,legitimate,synthetic,2.0.0-gamma,"{""urls"": [], ""phones"": [], ""emails"": []}",Delta expansion for weak category.,2026-07-30T11:26:19.717Z,2026-07-30T11:26:19.717Z
LEGITIMATE_COURIER_0062,Your Delhivery parcel out for delivery today. Track at http://delhivery.com/track.,your delhivery parcel out for delivery today. track at http://delhivery.com/track.,en,LEGITIMATE_COURIER,False,LOW,legitimate,synthetic,2.0.0-gamma,"{""urls"": [""http://delhivery.com/track.""], ""phones"": [], ""emails"": []}",Delta expansion for weak category.,2026-07-30T11:26:19.717Z,2026-07-30T11:26:19.717Z
LEGITIMATE_COURIER_0063,Amazon Logistics: Your package will be delivered between 6-9 PM tonight.,amazon logistics: your package will be delivered between 6-9 pm tonight.,en,LEGITIMATE_COURIER,False,LOW,legitimate,synthetic,2.0.0-gamma,"{""urls"": [], ""phones"": [], ""emails"": []}",Delta expansion for weak category.,2026-07-30T11:26:19.717Z,2026-07-30T11:26:19.717Z
LEGITIMATE_COURIER_0064,India Post: Your registered letter from IIT Bombay delivered to your address.,india post: your registered letter from iit bombay delivered to your address.,en,LEGITIMATE_COURIER,False,LOW,legitimate,synthetic,2.0.0-gamma,"{""urls"": [], ""phones"": [], ""emails"": []}",Delta expansion for weak category.,2026-07-30T11:26:19.717Z,2026-07-30T11:26:19.717Z
LEGITIMATE_COURIER_0065,Blue Dart: Your document shipment to Bangalore delivered successfully.,blue dart: your document shipment to bangalore delivered successfully.,en,LEGITIMATE_COURIER,False,LOW,legitimate,synthetic,2.0.0-gamma,"{""urls"": [], ""phones"": [], ""emails"": []}",Delta expansion for weak category.,2026-07-30T11:26:19.717Z,2026-07-30T11:26:19.717Z
LEGITIMATE_COURIER_0066,DTDC: Your parcel from Dubai cleared customs. Out for delivery.,dtdc: your parcel from dubai cleared customs. out for delivery.,en,LEGITIMATE_COURIER,False,LOW,legitimate,synthetic,2.0.0-gamma,"{""urls"": [], ""phones"": [], ""emails"": []}",Delta expansion for weak category.,2026-07-30T11:26:19.717Z,2026-07-30T11:26:19.717Z
LEGITIMATE_COURIER_0067,Ecom Express: Your return pickup scheduled for 6 Aug between 10 AM - 1 PM.,ecom express: your return pickup scheduled for 6 aug between 10 am - 1 pm.,en,LEGITIMATE_COURIER,False,LOW,legitimate,synthetic,2.0.0-gamma,"{""urls"": [], ""phones"": [], ""emails"": []}",Delta expansion for weak category.,2026-07-30T11:26:19.717Z,2026-07-30T11:26:19.717Z
LEGITIMATE_COURIER_0068,Your Professional Courier parcel from Delhi has reached the destination hub.,your professional courier parcel from delhi has reached the destination hub.,en,LEGITIMATE_COURIER,False,LOW,legitimate,synthetic,2.0.0-gamma,"{""urls"": [], ""phones"": [], ""emails"": []}",Delta expansion for weak category.,2026-07-30T11:26:19.717Z,2026-07-30T11:26:19.717Z
LEGITIMATE_COURIER_0069,"Shiprocket: Your COD order of Rs 1,299 out for delivery. Keep exact change ready.","shiprocket: your cod order of rs 1,299 out for delivery. keep exact change ready.",en,LEGITIMATE_COURIER,False,LOW,legitimate,synthetic,2.0.0-gamma,"{""urls"": [], ""phones"": [], ""emails"": []}",Delta expansion for weak category.,2026-07-30T11:26:19.717Z,2026-07-30T11:26:19.717Z
LEGITIMATE_COURIER_0070,DHL: Your international package from Singapore is in transit. Track online.,dhl: your international package from singapore is in transit. track online.,en,LEGITIMATE_COURIER,False,LOW,legitimate,synthetic,2.0.0-gamma,"{""urls"": [], ""phones"": [], ""emails"": []}",Delta expansion for weak category.,2026-07-30T11:26:19.717Z,2026-07-30T11:26:19.717Z
LEGITIMATE_COURIER_0071,Speed Post: Your Aadhaar letter dispatched from UIDAI. Track at indiapost.gov.in.,speed post: your aadhaar letter dispatched from uidai. track at indiapost.gov.in.,en,LEGITIMATE_COURIER,False,LOW,legitimate,synthetic,2.0.0-gamma,"{""urls"": [], ""phones"": [], ""emails"": []}",Delta expansion for weak category.,2026-07-30T11:26:19.717Z,2026-07-30T11:26:19.717Z
LEGITIMATE_COURIER_0072,XpressBees: Your order from Flipkart has reached your city hub. Delivering tomorrow.,xpressbees: your order from flipkart has reached your city hub. delivering tomorrow.,en,LEGITIMATE_COURIER,False,LOW,legitimate,synthetic,2.0.0-gamma,"{""urls"": [], ""phones"": [], ""emails"": []}",Delta expansion for weak category.,2026-07-30T11:26:19.717Z,2026-07-30T11:26:19.717Z
LEGITIMATE_COURIER_0073,Shadowfax: Your food delivery order is being prepared. Will reach in 30 mins.,shadowfax: your food delivery order is being prepared. will reach in 30 mins.,en,LEGITIMATE_COURIER,False,LOW,legitimate,synthetic,2.0.0-gamma,"{""urls"": [], ""phones"": [], ""emails"": []}",Delta expansion for weak category.,2026-07-30T11:26:19.717Z,2026-07-30T11:26:19.717Z
LEGITIMATE_COURIER_0074,Gati: Your cargo shipment of 25 kg from Chennai warehouse is in transit.,gati: your cargo shipment of 25 kg from chennai warehouse is in transit.,en,LEGITIMATE_COURIER,False,LOW,legitimate,synthetic,2.0.0-gamma,"{""urls"": [], ""phones"": [], ""emails"": []}",Delta expansion for weak category.,2026-07-30T11:26:19.717Z,2026-07-30T11:26:19.717Z
LEGITIMATE_COURIER_0075,Pickrr: Your return request approved. Pickup scheduled for 7 Aug.,pickrr: your return request approved. pickup scheduled for 7 aug.,en,LEGITIMATE_COURIER,False,LOW,legitimate,synthetic,2.0.0-gamma,"{""urls"": [], ""phones"": [], ""emails"": []}",Delta expansion for weak category.,2026-07-30T11:26:19.717Z,2026-07-30T11:26:19.717Z
LEGITIMATE_UPI_0058,GPay: Rs 200 received from Rahul for movie tickets. Ref: 123456789012.,gpay: rs 200 received from rahul for movie tickets. ref: 123456789012.,en,LEGITIMATE_UPI,False,LOW,legitimate,synthetic,2.0.0-gamma,"{""urls"": [], ""phones"": [""123456789012""], ""emails"": []}",Delta expansion for weak category.,2026-07-30T11:26:19.717Z,2026-07-30T11:26:19.717Z
LEGITIMATE_UPI_0059,"PhonePe: Rs 1,500 sent to Kirana Store for monthly groceries. Successful.","phonepe: rs 1,500 sent to kirana store for monthly groceries. successful.",en,LEGITIMATE_UPI,False,LOW,legitimate,synthetic,2.0.0-gamma,"{""urls"": [], ""phones"": [], ""emails"": []}",Delta expansion for weak category.,2026-07-30T11:26:19.717Z,2026-07-30T11:26:19.717Z
LEGITIMATE_UPI_0060,"Paytm: Your wallet credited with Rs 500 from friend. Balance: Rs 2,350.","paytm: your wallet credited with rs 500 from friend. balance: rs 2,350.",en,LEGITIMATE_UPI,False,LOW,legitimate,synthetic,2.0.0-gamma,"{""urls"": [], ""phones"": [], ""emails"": []}",Delta expansion for weak category.,2026-07-30T11:26:19.717Z,2026-07-30T11:26:19.717Z
LEGITIMATE_UPI_0061,Amazon Pay: Cashback of Rs 125 credited for utility bill payment.,amazon pay: cashback of rs 125 credited for utility bill payment.,en,LEGITIMATE_UPI,False,LOW,legitimate,synthetic,2.0.0-gamma,"{""urls"": [], ""phones"": [], ""emails"": []}",Delta expansion for weak category.,2026-07-30T11:26:19.717Z,2026-07-30T11:26:19.717Z
LEGITIMATE_UPI_0062,"BHIM: Your monthly rent of Rs 15,000 paid to Landlord. Ref: 234567890123.","bhim: your monthly rent of rs 15,000 paid to landlord. ref: 234567890123.",en,LEGITIMATE_UPI,False,LOW,legitimate,synthetic,2.0.0-gamma,"{""urls"": [], ""phones"": [""234567890123""], ""emails"": []}",Delta expansion for weak category.,2026-07-30T11:26:19.717Z,2026-07-30T11:26:19.717Z
LEGITIMATE_UPI_0063,"CRED: Credit card bill of Rs 12,450 paid successfully. 5% cashback earned.","cred: credit card bill of rs 12,450 paid successfully. 5% cashback earned.",en,LEGITIMATE_UPI,False,LOW,legitimate,synthetic,2.0.0-gamma,"{""urls"": [], ""phones"": [], ""emails"": []}",Delta expansion for weak category.,2026-07-30T11:26:19.718Z,2026-07-30T11:26:19.718Z
LEGITIMATE_UPI_0064,"GPay: Your electricity bill payment of Rs 1,890 successful. Receipt sent.","gpay: your electricity bill payment of rs 1,890 successful. receipt sent.",en,LEGITIMATE_UPI,False,LOW,legitimate,synthetic,2.0.0-gamma,"{""urls"": [], ""phones"": [], ""emails"": []}",Delta expansion for weak category.,2026-07-30T11:26:19.718Z,2026-07-30T11:26:19.718Z
LEGITIMATE_UPI_0065,PhonePe: Recharge of Rs 599 for Airtel mobile done. Valid 28 days.,phonepe: recharge of rs 599 for airtel mobile done. valid 28 days.,en,LEGITIMATE_UPI,False,LOW,legitimate,synthetic,2.0.0-gamma,"{""urls"": [], ""phones"": [], ""emails"": []}",Delta expansion for weak category.,2026-07-30T11:26:19.718Z,2026-07-30T11:26:19.718Z
LEGITIMATE_UPI_0066,"GPay: Rs 5,000 transferred to Savings account from UPI. Ref: 345678901234.","gpay: rs 5,000 transferred to savings account from upi. ref: 345678901234.",en,LEGITIMATE_UPI,False,LOW,legitimate,synthetic,2.0.0-gamma,"{""urls"": [], ""phones"": [""345678901234""], ""emails"": []}",Delta expansion for weak category.,2026-07-30T11:26:19.718Z,2026-07-30T11:26:19.718Z
LEGITIMATE_UPI_0067,Paytm: Your DTH recharge of Rs 350 for 3 months completed.,paytm: your dth recharge of rs 350 for 3 months completed.,en,LEGITIMATE_UPI,False,LOW,legitimate,synthetic,2.0.0-gamma,"{""urls"": [], ""phones"": [], ""emails"": []}",Delta expansion for weak category.,2026-07-30T11:26:19.718Z,2026-07-30T11:26:19.718Z
LEGITIMATE_UPI_0068,"BHIM: Loan EMI of Rs 8,500 paid to HDFC. Thank you for auto-pay.","bhim: loan emi of rs 8,500 paid to hdfc. thank you for auto-pay.",en,LEGITIMATE_UPI,False,LOW,legitimate,synthetic,2.0.0-gamma,"{""urls"": [], ""phones"": [], ""emails"": []}",Delta expansion for weak category.,2026-07-30T11:26:19.718Z,2026-07-30T11:26:19.718Z
LEGITIMATE_UPI_0069,"PhonePe: Insurance premium of Rs 2,300 paid. Policy active till Dec 2025.","phonepe: insurance premium of rs 2,300 paid. policy active till dec 2025.",en,LEGITIMATE_UPI,False,LOW,legitimate,synthetic,2.0.0-gamma,"{""urls"": [], ""phones"": [], ""emails"": []}",Delta expansion for weak category.,2026-07-30T11:26:19.718Z,2026-07-30T11:26:19.718Z
LEGITIMATE_UPI_0070,GPay: Rs 350 sent to Milkman for monthly dairy bill. Payment successful.,gpay: rs 350 sent to milkman for monthly dairy bill. payment successful.,en,LEGITIMATE_UPI,False,LOW,legitimate,synthetic,2.0.0-gamma,"{""urls"": [], ""phones"": [], ""emails"": []}",Delta expansion for weak category.,2026-07-30T11:26:19.718Z,2026-07-30T11:26:19.718Z
LEGITIMATE_UPI_0071,Amazon Pay: Your credit card bill auto-paid. Receipt available in app.,amazon pay: your credit card bill auto-paid. receipt available in app.,en,LEGITIMATE_UPI,False,LOW,legitimate,synthetic,2.0.0-gamma,"{""urls"": [], ""phones"": [], ""emails"": []}",Delta expansion for weak category.,2026-07-30T11:26:19.718Z,2026-07-30T11:26:19.718Z
LEGITIMATE_UPI_0072,"CRED: Rent payment of Rs 18,000 to owner successful. 750 CRED coins earned.","cred: rent payment of rs 18,000 to owner successful. 750 cred coins earned.",en,LEGITIMATE_UPI,False,LOW,legitimate,synthetic,2.0.0-gamma,"{""urls"": [], ""phones"": [], ""emails"": []}",Delta expansion for weak category.,2026-07-30T11:26:19.718Z,2026-07-30T11:26:19.718Z
LEGITIMATE_UPI_0073,"PhonePe: Rs 2,000 requested from friend. Waiting for acceptance.","phonepe: rs 2,000 requested from friend. waiting for acceptance.",en,LEGITIMATE_UPI,False,LOW,legitimate,synthetic,2.0.0-gamma,"{""urls"": [], ""phones"": [], ""emails"": []}",Delta expansion for weak category.,2026-07-30T11:26:19.718Z,2026-07-30T11:26:19.718Z
LEGITIMATE_UPI_0074,GPay: Your QR payment of Rs 450 at Saravana Bhavan successful.,gpay: your qr payment of rs 450 at saravana bhavan successful.,en,LEGITIMATE_UPI,False,LOW,legitimate,synthetic,2.0.0-gamma,"{""urls"": [], ""phones"": [], ""emails"": []}",Delta expansion for weak category.,2026-07-30T11:26:19.718Z,2026-07-30T11:26:19.718Z
LEGITIMATE_UPI_0075,Paytm: Your FASTag recharged with Rs 500. Balance: Rs 750.,paytm: your fastag recharged with rs 500. balance: rs 750.,en,LEGITIMATE_UPI,False,LOW,legitimate,synthetic,2.0.0-gamma,"{""urls"": [], ""phones"": [], ""emails"": []}",Delta expansion for weak category.,2026-07-30T11:26:19.718Z,2026-07-30T11:26:19.718Z
LEGITIMATE_UPI_0076,"BHIM: Your municipal tax payment of Rs 3,200 successful. Receipt generated.","bhim: your municipal tax payment of rs 3,200 successful. receipt generated.",en,LEGITIMATE_UPI,False,LOW,legitimate,synthetic,2.0.0-gamma,"{""urls"": [], ""phones"": [], ""emails"": []}",Delta expansion for weak category.,2026-07-30T11:26:19.718Z,2026-07-30T11:26:19.718Z
LEGITIMATE_UPI_0077,"GPay: Mutual fund SIP of Rs 5,000 invested successfully. Fund: Axis Bluechip.","gpay: mutual fund sip of rs 5,000 invested successfully. fund: axis bluechip.",en,LEGITIMATE_UPI,False,LOW,legitimate,synthetic,2.0.0-gamma,"{""urls"": [], ""phones"": [], ""emails"": []}",Delta expansion for weak category.,2026-07-30T11:26:19.718Z,2026-07-30T11:26:19.718Z
LEGITIMATE_UPI_0078,"PhonePe: Gold purchase of Rs 1,000 at today's rate. 0.15g added to portfolio.","phonepe: gold purchase of rs 1,000 at today's rate. 0.15g added to portfolio.",en,LEGITIMATE_UPI,False,LOW,legitimate,synthetic,2.0.0-gamma,"{""urls"": [], ""phones"": [], ""emails"": []}",Delta expansion for weak category.,2026-07-30T11:26:19.718Z,2026-07-30T11:26:19.718Z
LEGITIMATE_UPI_0079,GPay: Rs 250 refund from Zomato for cancelled order. Credited to account.,gpay: rs 250 refund from zomato for cancelled order. credited to account.,en,LEGITIMATE_UPI,False,LOW,legitimate,synthetic,2.0.0-gamma,"{""urls"": [], ""phones"": [], ""emails"": []}",Delta expansion for weak category.,2026-07-30T11:26:19.718Z,2026-07-30T11:26:19.718Z
LEGITIMATE_UPI_0080,"Paytm: Your NPS contribution of Rs 3,000 invested. Tax benefit under 80C.","paytm: your nps contribution of rs 3,000 invested. tax benefit under 80c.",en,LEGITIMATE_UPI,False,LOW,legitimate,synthetic,2.0.0-gamma,"{""urls"": [], ""phones"": [], ""emails"": []}",Delta expansion for weak category.,2026-07-30T11:26:19.718Z,2026-07-30T11:26:19.718Z
LEGITIMATE_UPI_0081,"PhonePe: Your mobile postpaid bill of Rs 1,200 paid via auto-pay.","phonepe: your mobile postpaid bill of rs 1,200 paid via auto-pay.",en,LEGITIMATE_UPI,False,LOW,legitimate,synthetic,2.0.0-gamma,"{""urls"": [], ""phones"": [], ""emails"": []}",Delta expansion for weak category.,2026-07-30T11:26:19.718Z,2026-07-30T11:26:19.718Z
LEGITIMATE_UPI_0082,"GPay: College fee of Rs 85,000 paid to SRM University. Receipt generated.","gpay: college fee of rs 85,000 paid to srm university. receipt generated.",en,LEGITIMATE_UPI,False,LOW,legitimate,synthetic,2.0.0-gamma,"{""urls"": [], ""phones"": [], ""emails"": []}",Delta expansion for weak category.,2026-07-30T11:26:19.718Z,2026-07-30T11:26:19.718Z
LEGITIMATE_UPI_0083,"BHIM: LPG cylinder payment of Rs 1,050 made. Refill on the way.","bhim: lpg cylinder payment of rs 1,050 made. refill on the way.",en,LEGITIMATE_UPI,False,LOW,legitimate,synthetic,2.0.0-gamma,"{""urls"": [], ""phones"": [], ""emails"": []}",Delta expansion for weak category.,2026-07-30T11:26:19.718Z,2026-07-30T11:26:19.718Z
LEGITIMATE_UPI_0084,CRED: Your platinum membership fee of Rs 999 paid. Enjoy premium benefits.,cred: your platinum membership fee of rs 999 paid. enjoy premium benefits.,en,LEGITIMATE_UPI,False,LOW,legitimate,synthetic,2.0.0-gamma,"{""urls"": [], ""phones"": [], ""emails"": []}",Delta expansion for weak category.,2026-07-30T11:26:19.718Z,2026-07-30T11:26:19.718Z
LEGITIMATE_UPI_0085,"Amazon Pay: Your insurance policy premium of Rs 15,000 paid. Policy active.","amazon pay: your insurance policy premium of rs 15,000 paid. policy active.",en,LEGITIMATE_UPI,False,LOW,legitimate,synthetic,2.0.0-gamma,"{""urls"": [], ""phones"": [], ""emails"": []}",Delta expansion for weak category.,2026-07-30T11:26:19.718Z,2026-07-30T11:26:19.718Z
LEGITIMATE_OTP_0059,Your OTP for transaction is 123456. Valid for 10 minutes.,your otp for transaction is 123456. valid for 10 minutes.,en,LEGITIMATE_OTP,False,LOW,legitimate,synthetic,2.0.0-gamma,"{""urls"": [], ""phones"": [], ""emails"": []}",Delta expansion for weak category.,2026-07-30T11:26:19.718Z,2026-07-30T11:26:19.718Z
LEGITIMATE_OTP_0060,GPay: OTP 789012 for adding new payee. Valid 5 mins.,gpay: otp 789012 for adding new payee. valid 5 mins.,en,LEGITIMATE_OTP,False,LOW,legitimate,synthetic,2.0.0-gamma,"{""urls"": [], ""phones"": [], ""emails"": []}",Delta expansion for weak category.,2026-07-30T11:26:19.718Z,2026-07-30T11:26:19.718Z
LEGITIMATE_OTP_0061,PhonePe: Login OTP 345678. Do not share.,phonepe: login otp 345678. do not share.,en,LEGITIMATE_OTP,False,LOW,legitimate,synthetic,2.0.0-gamma,"{""urls"": [], ""phones"": [], ""emails"": []}",Delta expansion for weak category.,2026-07-30T11:26:19.718Z,2026-07-30T11:26:19.718Z
LEGITIMATE_OTP_0062,Amazon: One-time password 901234 for return pickup.,amazon: one-time password 901234 for return pickup.,en,LEGITIMATE_OTP,False,LOW,legitimate,synthetic,2.0.0-gamma,"{""urls"": [], ""phones"": [], ""emails"": []}",Delta expansion for weak category.,2026-07-30T11:26:19.719Z,2026-07-30T11:26:19.719Z
LEGITIMATE_OTP_0063,"SBI: Transaction OTP 567890 for Rs 5,000. Valid 10 minutes.","sbi: transaction otp 567890 for rs 5,000. valid 10 minutes.",en,LEGITIMATE_OTP,False,LOW,legitimate,synthetic,2.0.0-gamma,"{""urls"": [], ""phones"": [], ""emails"": []}",Delta expansion for weak category.,2026-07-30T11:26:19.719Z,2026-07-30T11:26:19.719Z
LEGITIMATE_OTP_0064,IRCTC: OTP 123478 for login. Valid 5 minutes.,irctc: otp 123478 for login. valid 5 minutes.,en,LEGITIMATE_OTP,False,LOW,legitimate,synthetic,2.0.0-gamma,"{""urls"": [], ""phones"": [], ""emails"": []}",Delta expansion for weak category.,2026-07-30T11:26:19.719Z,2026-07-30T11:26:19.719Z
LEGITIMATE_OTP_0065,Aadhaar: OTP 234589 for authentication. Valid 10 minutes.,aadhaar: otp 234589 for authentication. valid 10 minutes.,en,LEGITIMATE_OTP,False,LOW,legitimate,synthetic,2.0.0-gamma,"{""urls"": [], ""phones"": [], ""emails"": []}",Delta expansion for weak category.,2026-07-30T11:26:19.719Z,2026-07-30T11:26:19.719Z
LEGITIMATE_OTP_0066,Netflix: OTP 345690 for account access. Valid 15 minutes.,netflix: otp 345690 for account access. valid 15 minutes.,en,LEGITIMATE_OTP,False,LOW,legitimate,synthetic,2.0.0-gamma,"{""urls"": [], ""phones"": [], ""emails"": []}",Delta expansion for weak category.,2026-07-30T11:26:19.719Z,2026-07-30T11:26:19.719Z
LEGITIMATE_OTP_0067,Your Google verification code is 456701. Valid for 5 minutes.,your google verification code is 456701. valid for 5 minutes.,en,LEGITIMATE_OTP,False,LOW,legitimate,synthetic,2.0.0-gamma,"{""urls"": [], ""phones"": [], ""emails"": []}",Delta expansion for weak category.,2026-07-30T11:26:19.719Z,2026-07-30T11:26:19.719Z
LEGITIMATE_OTP_0068,Microsoft: OTP 567812 for account recovery. Do not share.,microsoft: otp 567812 for account recovery. do not share.,en,LEGITIMATE_OTP,False,LOW,legitimate,synthetic,2.0.0-gamma,"{""urls"": [], ""phones"": [], ""emails"": []}",Delta expansion for weak category.,2026-07-30T11:26:19.719Z,2026-07-30T11:26:19.719Z
LEGITIMATE_OTP_0069,WhatsApp: Your code is 678923. Valid for 5 mins.,whatsapp: your code is 678923. valid for 5 mins.,en,LEGITIMATE_OTP,False,LOW,legitimate,synthetic,2.0.0-gamma,"{""urls"": [], ""phones"": [], ""emails"": []}",Delta expansion for weak category.,2026-07-30T11:26:19.719Z,2026-07-30T11:26:19.719Z
LEGITIMATE_OTP_0070,Twitter: OTP 789034 for login verification. Valid 15 mins.,twitter: otp 789034 for login verification. valid 15 mins.,en,LEGITIMATE_OTP,False,LOW,legitimate,synthetic,2.0.0-gamma,"{""urls"": [], ""phones"": [], ""emails"": []}",Delta expansion for weak category.,2026-07-30T11:26:19.719Z,2026-07-30T11:26:19.719Z
LEGITIMATE_OTP_0071,Instagram: OTP 890145 for password reset. Valid 10 mins.,instagram: otp 890145 for password reset. valid 10 mins.,en,LEGITIMATE_OTP,False,LOW,legitimate,synthetic,2.0.0-gamma,"{""urls"": [], ""phones"": [], ""emails"": []}",Delta expansion for weak category.,2026-07-30T11:26:19.719Z,2026-07-30T11:26:19.719Z
LEGITIMATE_OTP_0072,Facebook: OTP 901256 for login approval. Valid 5 mins.,facebook: otp 901256 for login approval. valid 5 mins.,en,LEGITIMATE_OTP,False,LOW,legitimate,synthetic,2.0.0-gamma,"{""urls"": [], ""phones"": [], ""emails"": []}",Delta expansion for weak category.,2026-07-30T11:26:19.719Z,2026-07-30T11:26:19.719Z
LEGITIMATE_OTP_0073,LinkedIn: OTP 123467 for account recovery. Valid 10 mins.,linkedin: otp 123467 for account recovery. valid 10 mins.,en,LEGITIMATE_OTP,False,LOW,legitimate,synthetic,2.0.0-gamma,"{""urls"": [], ""phones"": [], ""emails"": []}",Delta expansion for weak category.,2026-07-30T11:26:19.719Z,2026-07-30T11:26:19.719Z
LEGITIMATE_OTP_0074,"UPI: OTP 234578 for transaction of Rs 1,500. Valid 5 mins.","upi: otp 234578 for transaction of rs 1,500. valid 5 mins.",en,LEGITIMATE_OTP,False,LOW,legitimate,synthetic,2.0.0-gamma,"{""urls"": [], ""phones"": [], ""emails"": []}",Delta expansion for weak category.,2026-07-30T11:26:19.720Z,2026-07-30T11:26:19.720Z
LEGITIMATE_OTP_0075,Bank: OTP 345689 for adding beneficiary. Valid 10 mins.,bank: otp 345689 for adding beneficiary. valid 10 mins.,en,LEGITIMATE_OTP,False,LOW,legitimate,synthetic,2.0.0-gamma,"{""urls"": [], ""phones"": [], ""emails"": []}",Delta expansion for weak category.,2026-07-30T11:26:19.720Z,2026-07-30T11:26:19.720Z
LEGITIMATE_OTP_0076,Email: OTP 456790 for account verification. Valid 15 mins.,email: otp 456790 for account verification. valid 15 mins.,en,LEGITIMATE_OTP,False,LOW,legitimate,synthetic,2.0.0-gamma,"{""urls"": [], ""phones"": [], ""emails"": []}",Delta expansion for weak category.,2026-07-30T11:26:19.720Z,2026-07-30T11:26:19.720Z
LEGITIMATE_OTP_0077,PayPal: OTP 567801 for payment confirmation. Valid 10 mins.,paypal: otp 567801 for payment confirmation. valid 10 mins.,en,LEGITIMATE_OTP,False,LOW,legitimate,synthetic,2.0.0-gamma,"{""urls"": [], ""phones"": [], ""emails"": []}",Delta expansion for weak category.,2026-07-30T11:26:19.720Z,2026-07-30T11:26:19.720Z
LEGITIMATE_OTP_0078,Razorpay: OTP 678912 for subscription. Valid 5 mins.,razorpay: otp 678912 for subscription. valid 5 mins.,en,LEGITIMATE_OTP,False,LOW,legitimate,synthetic,2.0.0-gamma,"{""urls"": [], ""phones"": [], ""emails"": []}",Delta expansion for weak category.,2026-07-30T11:26:19.720Z,2026-07-30T11:26:19.720Z
BANKING_FRAUD_0079,"Axis Bank: Your account from Mumbai login. If not you, share OTP to 9988776655.","axis bank: your account from mumbai login. if not you, share otp to 9988776655.",en,BANKING_FRAUD,True,HIGH,scam,synthetic,2.0.0-gamma,"{""urls"": [], ""phones"": [""9988776655""], ""emails"": []}",Delta expansion for weak category.,2026-07-30T11:26:19.720Z,2026-07-30T11:26:19.720Z
BANKING_FRAUD_0080,PNB: Your net banking password expiring. Keep same password at http://pnb-update.xyz.,pnb: your net banking password expiring. keep same password at http://pnb-update.xyz.,en,BANKING_FRAUD,True,HIGH,scam,synthetic,2.0.0-gamma,"{""urls"": [""http://pnb-update.xyz.""], ""phones"": [], ""emails"": []}",Delta expansion for weak category.,2026-07-30T11:26:19.720Z,2026-07-30T11:26:19.720Z
BANKING_FRAUD_0081,"HDFC: Your credit card has been used for Rs 1,25,000 in Dubai. Block at http://hdfc-block.tk.","hdfc: your credit card has been used for rs 1,25,000 in dubai. block at http://hdfc-block.tk.",en,BANKING_FRAUD,True,HIGH,scam,synthetic,2.0.0-gamma,"{""urls"": [""http://hdfc-block.tk.""], ""phones"": [], ""emails"": []}",Delta expansion for weak category.,2026-07-30T11:26:19.720Z,2026-07-30T11:26:19.720Z
BANKING_FRAUD_0082,ICICI: SIM swap request detected. Your account may be compromised. Call immediately.,icici: sim swap request detected. your account may be compromised. call immediately.,en,BANKING_FRAUD,True,HIGH,scam,synthetic,2.0.0-gamma,"{""urls"": [], ""phones"": [], ""emails"": []}",Delta expansion for weak category.,2026-07-30T11:26:19.720Z,2026-07-30T11:26:19.720Z
BANKING_FRAUD_0083,SBI: Your account has been accessed from 3 different cities in 1 hour. Verify now.,sbi: your account has been accessed from 3 different cities in 1 hour. verify now.,en,BANKING_FRAUD,True,HIGH,scam,synthetic,2.0.0-gamma,"{""urls"": [], ""phones"": [], ""emails"": []}",Delta expansion for weak category.,2026-07-30T11:26:19.720Z,2026-07-30T11:26:19.720Z
BANKING_FRAUD_0084,"Kotak: Your salary account upgraded to premium. Pay Rs 3,500 annual fee to activate.","kotak: your salary account upgraded to premium. pay rs 3,500 annual fee to activate.",en,BANKING_FRAUD,True,HIGH,scam,synthetic,2.0.0-gamma,"{""urls"": [], ""phones"": [], ""emails"": []}",Delta expansion for weak category.,2026-07-30T11:26:19.720Z,2026-07-30T11:26:19.720Z
BANKING_FRAUD_0085,"Your ATM card cloned. Rs 75,000 withdrawn from Jaipur ATM. Call dispute centre.","your atm card cloned. rs 75,000 withdrawn from jaipur atm. call dispute centre.",en,BANKING_FRAUD,True,HIGH,scam,synthetic,2.0.0-gamma,"{""urls"": [], ""phones"": [], ""emails"": []}",Delta expansion for weak category.,2026-07-30T11:26:19.720Z,2026-07-30T11:26:19.720Z
BANKING_FRAUD_0086,"Bank of India: Your account selected for government subsidy. Pay Rs 2,500 processing fee.","bank of india: your account selected for government subsidy. pay rs 2,500 processing fee.",en,BANKING_FRAUD,True,HIGH,scam,synthetic,2.0.0-gamma,"{""urls"": [], ""phones"": [], ""emails"": []}",Delta expansion for weak category.,2026-07-30T11:26:19.720Z,2026-07-30T11:26:19.720Z
BANKING_FRAUD_0087,RBI: All banks required to update customer details. Update at http://rbi-update.in.,rbi: all banks required to update customer details. update at http://rbi-update.in.,en,BANKING_FRAUD,True,HIGH,scam,synthetic,2.0.0-gamma,"{""urls"": [""http://rbi-update.in.""], ""phones"": [], ""emails"": []}",Delta expansion for weak category.,2026-07-30T11:26:19.720Z,2026-07-30T11:26:19.720Z
BANKING_FRAUD_0088,"Central Bank: Your locker rent overdue. Pay Rs 5,000 to avoid locker sealing.","central bank: your locker rent overdue. pay rs 5,000 to avoid locker sealing.",en,BANKING_FRAUD,True,HIGH,scam,synthetic,2.0.0-gamma,"{""urls"": [], ""phones"": [], ""emails"": []}",Delta expansion for weak category.,2026-07-30T11:26:19.720Z,2026-07-30T11:26:19.720Z
BANKING_FRAUD_0089,Dena Bank: Your account reviewed for PM Jan Dhan Yojana. Submit documents now.,dena bank: your account reviewed for pm jan dhan yojana. submit documents now.,en,BANKING_FRAUD,True,HIGH,scam,synthetic,2.0.0-gamma,"{""urls"": [], ""phones"": [], ""emails"": []}",Delta expansion for weak category.,2026-07-30T11:26:19.720Z,2026-07-30T11:26:19.720Z
BANKING_FRAUD_0090,"Corporation Bank: Your education loan sanctioned Rs 12,00,000. Pay Rs 25,000 processing.","corporation bank: your education loan sanctioned rs 12,00,000. pay rs 25,000 processing.",en,BANKING_FRAUD,True,HIGH,scam,synthetic,2.0.0-gamma,"{""urls"": [], ""phones"": [], ""emails"": []}",Delta expansion for weak category.,2026-07-30T11:26:19.720Z,2026-07-30T11:26:19.720Z
BANKING_FRAUD_0091,UCO Bank: Your pension account needs re-verification. Visit branch with Aadhaar.,uco bank: your pension account needs re-verification. visit branch with aadhaar.,en,BANKING_FRAUD,True,HIGH,scam,synthetic,2.0.0-gamma,"{""urls"": [], ""phones"": [], ""emails"": []}",Delta expansion for weak category.,2026-07-30T11:26:19.720Z,2026-07-30T11:26:19.720Z
BANKING_FRAUD_0092,Vijaya Bank merged with Bank of Baroda. Update account details at http://bob-merge.xyz.,vijaya bank merged with bank of baroda. update account details at http://bob-merge.xyz.,en,BANKING_FRAUD,True,HIGH,scam,synthetic,2.0.0-gamma,"{""urls"": [""http://bob-merge.xyz.""], ""phones"": [], ""emails"": []}",Delta expansion for weak category.,2026-07-30T11:26:19.720Z,2026-07-30T11:26:19.720Z
BANKING_FRAUD_0093,Syndicate Bank: Your KYC expired. Account operations limited. Update at our portal.,syndicate bank: your kyc expired. account operations limited. update at our portal.,en,BANKING_FRAUD,True,HIGH,scam,synthetic,2.0.0-gamma,"{""urls"": [], ""phones"": [], ""emails"": []}",Delta expansion for weak category.,2026-07-30T11:26:19.720Z,2026-07-30T11:26:19.720Z
UPI_FRAUD_0071,"GPay: UPI collect request from merchant 'ElectroWorld' for Rs 45,000. Approve? Reply Y.","gpay: upi collect request from merchant 'electroworld' for rs 45,000. approve? reply y.",en,UPI_FRAUD,True,HIGH,scam,synthetic,2.0.0-gamma,"{""urls"": [], ""phones"": [], ""emails"": []}",Delta expansion for weak category.,2026-07-30T11:26:19.720Z,2026-07-30T11:26:19.720Z
UPI_FRAUD_0072,"PhonePe: Request from unknown. Rs 8,500 for insurance policy. Block at http://phonepe-block.xyz.","phonepe: request from unknown. rs 8,500 for insurance policy. block at http://phonepe-block.xyz.",en,UPI_FRAUD,True,HIGH,scam,synthetic,2.0.0-gamma,"{""urls"": [""http://phonepe-block.xyz.""], ""phones"": [], ""emails"": []}",Delta expansion for weak category.,2026-07-30T11:26:19.721Z,2026-07-30T11:26:19.721Z
UPI_FRAUD_0073,"Paytm: Your wallet auto-debit of Rs 1,999/month activated for VIP membership. Cancel? Reply OTP.","paytm: your wallet auto-debit of rs 1,999/month activated for vip membership. cancel? reply otp.",en,UPI_FRAUD,True,HIGH,scam,synthetic,2.0.0-gamma,"{""urls"": [], ""phones"": [], ""emails"": []}",Delta expansion for weak category.,2026-07-30T11:26:19.721Z,2026-07-30T11:26:19.721Z
UPI_FRAUD_0074,BHIM: Your UPI PIN reset by someone from Pune. Not you? Share OTP to reverse.,bhim: your upi pin reset by someone from pune. not you? share otp to reverse.,en,UPI_FRAUD,True,HIGH,scam,synthetic,2.0.0-gamma,"{""urls"": [], ""phones"": [], ""emails"": []}",Delta expansion for weak category.,2026-07-30T11:26:19.721Z,2026-07-30T11:26:19.721Z
UPI_FRAUD_0075,"Amazon Pay: Your recurring payment of Rs 2,500 to unknown merchant. Dispute at http://amazon-dispute.tk.","amazon pay: your recurring payment of rs 2,500 to unknown merchant. dispute at http://amazon-dispute.tk.",en,UPI_FRAUD,True,HIGH,scam,synthetic,2.0.0-gamma,"{""urls"": [""http://amazon-dispute.tk.""], ""phones"": [], ""emails"": []}",Delta expansion for weak category.,2026-07-30T11:26:19.721Z,2026-07-30T11:26:19.721Z
UPI_FRAUD_0076,"GPay: Rs 12,500 sent to unknown UPI ID from your account. Reverse? Share OTP now.","gpay: rs 12,500 sent to unknown upi id from your account. reverse? share otp now.",en,UPI_FRAUD,True,HIGH,scam,synthetic,2.0.0-gamma,"{""urls"": [], ""phones"": [], ""emails"": []}",Delta expansion for weak category.,2026-07-30T11:26:19.721Z,2026-07-30T11:26:19.721Z
UPI_FRAUD_0077,"PhonePe: Your gold investment of Rs 50,000 auto-purchased. Cancel within 30 mins.","phonepe: your gold investment of rs 50,000 auto-purchased. cancel within 30 mins.",en,UPI_FRAUD,True,HIGH,scam,synthetic,2.0.0-gamma,"{""urls"": [], ""phones"": [], ""emails"": []}",Delta expansion for weak category.,2026-07-30T11:26:19.721Z,2026-07-30T11:26:19.721Z
UPI_FRAUD_0078,"CRED: Your credit card payment of Rs 65,000 failed due to bank issue. Retry with new card.","cred: your credit card payment of rs 65,000 failed due to bank issue. retry with new card.",en,UPI_FRAUD,True,HIGH,scam,synthetic,2.0.0-gamma,"{""urls"": [], ""phones"": [], ""emails"": []}",Delta expansion for weak category.,2026-07-30T11:26:19.721Z,2026-07-30T11:26:19.721Z
UPI_FRAUD_0079,GPay: Your account shared with 3 family members via UPI Circle. Manage at http://gpay-circle.xyz.,gpay: your account shared with 3 family members via upi circle. manage at http://gpay-circle.xyz.,en,UPI_FRAUD,True,HIGH,scam,synthetic,2.0.0-gamma,"{""urls"": [""http://gpay-circle.xyz.""], ""phones"": [], ""emails"": []}",Delta expansion for weak category.,2026-07-30T11:26:19.721Z,2026-07-30T11:26:19.721Z
UPI_FRAUD_0080,"PhonePe: Rs 5,000 cashback credited. Withdraw at http://phonepe-cashback.tk.","phonepe: rs 5,000 cashback credited. withdraw at http://phonepe-cashback.tk.",en,UPI_FRAUD,True,HIGH,scam,synthetic,2.0.0-gamma,"{""urls"": [""http://phonepe-cashback.tk.""], ""phones"": [], ""emails"": []}",Delta expansion for weak category.,2026-07-30T11:26:19.721Z,2026-07-30T11:26:19.721Z
UPI_FRAUD_0081,"BHIM: Your account registered for UPI123Pay. Transaction limit increased to Rs 50,000.","bhim: your account registered for upi123pay. transaction limit increased to rs 50,000.",en,UPI_FRAUD,True,HIGH,scam,synthetic,2.0.0-gamma,"{""urls"": [], ""phones"": [], ""emails"": []}",Delta expansion for weak category.,2026-07-30T11:26:19.721Z,2026-07-30T11:26:19.721Z
UPI_FRAUD_0082,Paytm: Fastag auto-recharge of Rs 500 failed. Your tag may be deactivated.,paytm: fastag auto-recharge of rs 500 failed. your tag may be deactivated.,en,UPI_FRAUD,True,HIGH,scam,synthetic,2.0.0-gamma,"{""urls"": [], ""phones"": [], ""emails"": []}",Delta expansion for weak category.,2026-07-30T11:26:19.721Z,2026-07-30T11:26:19.721Z
UPI_FRAUD_0083,"Amazon Pay: UPI mandate created for Rs 15,000/month. Not you? Cancel at http://amazon-mandate.xyz.","amazon pay: upi mandate created for rs 15,000/month. not you? cancel at http://amazon-mandate.xyz.",en,UPI_FRAUD,True,HIGH,scam,synthetic,2.0.0-gamma,"{""urls"": [""http://amazon-mandate.xyz.""], ""phones"": [], ""emails"": []}",Delta expansion for weak category.,2026-07-30T11:26:19.721Z,2026-07-30T11:26:19.721Z
UPI_FRAUD_0084,"GPay: Weekly transaction summary shows 5 unknown payments totalling Rs 23,000. Check now.","gpay: weekly transaction summary shows 5 unknown payments totalling rs 23,000. check now.",en,UPI_FRAUD,True,HIGH,scam,synthetic,2.0.0-gamma,"{""urls"": [], ""phones"": [], ""emails"": []}",Delta expansion for weak category.,2026-07-30T11:26:19.721Z,2026-07-30T11:26:19.721Z
UPI_FRAUD_0085,"PhonePe: Your UPI Lite balance of Rs 1,500 used for unknown merchant. Block now.","phonepe: your upi lite balance of rs 1,500 used for unknown merchant. block now.",en,UPI_FRAUD,True,HIGH,scam,synthetic,2.0.0-gamma,"{""urls"": [], ""phones"": [], ""emails"": []}",Delta expansion for weak category.,2026-07-30T11:26:19.721Z,2026-07-30T11:26:19.721Z
UPI_FRAUD_0086,"BHIM: Scan and pay of Rs 8,900 from your account at 'QuickMart'. Not recognised? Dispute now.","bhim: scan and pay of rs 8,900 from your account at 'quickmart'. not recognised? dispute now.",en,UPI_FRAUD,True,HIGH,scam,synthetic,2.0.0-gamma,"{""urls"": [], ""phones"": [], ""emails"": []}",Delta expansion for weak category.,2026-07-30T11:26:19.721Z,2026-07-30T11:26:19.721Z
UPI_FRAUD_0087,"Google Pay: Rs 7,500 sent to Sunil@upi. If not authorised, call 1800-419-6789.","google pay: rs 7,500 sent to sunil@upi. if not authorised, call 1800-419-6789.",en,UPI_FRAUD,True,HIGH,scam,synthetic,2.0.0-gamma,"{""urls"": [], ""phones"": [""1800-419-6789""], ""emails"": []}",Delta expansion for weak category.,2026-07-30T11:26:19.721Z,2026-07-30T11:26:19.721Z
UPI_FRAUD_0088,"PhonePe: Your auto-pay of Rs 2,500 to 'Grofers' activated. Not you? Cancel OTP sent.","phonepe: your auto-pay of rs 2,500 to 'grofers' activated. not you? cancel otp sent.",en,UPI_FRAUD,True,HIGH,scam,synthetic,2.0.0-gamma,"{""urls"": [], ""phones"": [], ""emails"": []}",Delta expansion for weak category.,2026-07-30T11:26:19.721Z,2026-07-30T11:26:19.721Z
UPI_FRAUD_0089,Amazon Pay: Rs 950 debited for Amazon Prime renewal. Not you? Cancel at http://amazon-cancel.xyz.,amazon pay: rs 950 debited for amazon prime renewal. not you? cancel at http://amazon-cancel.xyz.,en,UPI_FRAUD,True,HIGH,scam,synthetic,2.0.0-gamma,"{""urls"": [""http://amazon-cancel.xyz.""], ""phones"": [], ""emails"": []}",Delta expansion for weak category.,2026-07-30T11:26:19.721Z,2026-07-30T11:26:19.721Z
UPI_FRAUD_0090,"CRED: Reward points worth Rs 2,500 redeemed. If not you, report immediately.","cred: reward points worth rs 2,500 redeemed. if not you, report immediately.",en,UPI_FRAUD,True,HIGH,scam,synthetic,2.0.0-gamma,"{""urls"": [], ""phones"": [], ""emails"": []}",Delta expansion for weak category.,2026-07-30T11:26:19.721Z,2026-07-30T11:26:19.721Z
TELECOM_SCAM_0071,Your SIM has been used in illegal activities. Your number will be disconnected. Call 1800-123-4567.,your sim has been used in illegal activities. your number will be disconnected. call 1800-123-4567.,en,TELECOM_SCAM,True,HIGH,scam,synthetic,2.0.0-gamma,"{""urls"": [], ""phones"": [""1800-123-4567""], ""emails"": []}",Delta expansion for weak category.,2026-07-30T11:26:19.722Z,2026-07-30T11:26:19.722Z
TELECOM_SCAM_0072,Airtel: Your SIM is being replaced by someone in Chennai. Not you? Share OTP to stop.,airtel: your sim is being replaced by someone in chennai. not you? share otp to stop.,en,TELECOM_SCAM,True,HIGH,scam,synthetic,2.0.0-gamma,"{""urls"": [], ""phones"": [], ""emails"": []}",Delta expansion for weak category.,2026-07-30T11:26:19.722Z,2026-07-30T11:26:19.722Z
TELECOM_SCAM_0073,"TRAI: Your mobile number used for spam calls. Pay Rs 25,000 penalty or face disconnection.","trai: your mobile number used for spam calls. pay rs 25,000 penalty or face disconnection.",en,TELECOM_SCAM,True,HIGH,scam,synthetic,2.0.0-gamma,"{""urls"": [], ""phones"": [], ""emails"": []}",Delta expansion for weak category.,2026-07-30T11:26:19.722Z,2026-07-30T11:26:19.722Z
TELECOM_SCAM_0074,Jio: Your number selected for 5G upgrade. Submit documents at http://jio-upgrade.xyz.,jio: your number selected for 5g upgrade. submit documents at http://jio-upgrade.xyz.,en,TELECOM_SCAM,True,HIGH,scam,synthetic,2.0.0-gamma,"{""urls"": [""http://jio-upgrade.xyz.""], ""phones"": [], ""emails"": []}",Delta expansion for weak category.,2026-07-30T11:26:19.722Z,2026-07-30T11:26:19.722Z
TELECOM_SCAM_0075,VI: Your SIM card expiring. Re-KYC at http://vi-kyc.in or line will be cut.,vi: your sim card expiring. re-kyc at http://vi-kyc.in or line will be cut.,en,TELECOM_SCAM,True,HIGH,scam,synthetic,2.0.0-gamma,"{""urls"": [""http://vi-kyc.in""], ""phones"": [], ""emails"": []}",Delta expansion for weak category.,2026-07-30T11:26:19.722Z,2026-07-30T11:26:19.722Z
TELECOM_SCAM_0076,"BSNL: Your landline bill overdue Rs 4,500. Legal notice will be sent to your address.","bsnl: your landline bill overdue rs 4,500. legal notice will be sent to your address.",en,TELECOM_SCAM,True,HIGH,scam,synthetic,2.0.0-gamma,"{""urls"": [], ""phones"": [], ""emails"": []}",Delta expansion for weak category.,2026-07-30T11:26:19.722Z,2026-07-30T11:26:19.722Z
TELECOM_SCAM_0077,"Your mobile number has won Rs 25,00,000 in TRAI lucky draw. Claim at http://trai-winner.tk.","your mobile number has won rs 25,00,000 in trai lucky draw. claim at http://trai-winner.tk.",en,TELECOM_SCAM,True,HIGH,scam,synthetic,2.0.0-gamma,"{""urls"": [""http://trai-winner.tk.""], ""phones"": [], ""emails"": []}",Delta expansion for weak category.,2026-07-30T11:26:19.722Z,2026-07-30T11:26:19.722Z
TELECOM_SCAM_0078,DoT: Your SIM linked to drug trafficking case. Contact cyber cell immediately.,dot: your sim linked to drug trafficking case. contact cyber cell immediately.,en,TELECOM_SCAM,True,HIGH,scam,synthetic,2.0.0-gamma,"{""urls"": [], ""phones"": [], ""emails"": []}",Delta expansion for weak category.,2026-07-30T11:26:19.722Z,2026-07-30T11:26:19.722Z
TELECOM_SCAM_0079,"Airtel: Your international roaming activated for Rs 25,000 package. Reply YES to confirm.","airtel: your international roaming activated for rs 25,000 package. reply yes to confirm.",en,TELECOM_SCAM,True,HIGH,scam,synthetic,2.0.0-gamma,"{""urls"": [], ""phones"": [], ""emails"": []}",Delta expansion for weak category.,2026-07-30T11:26:19.722Z,2026-07-30T11:26:19.722Z
TELECOM_SCAM_0080,Jio: Free 5G upgrade for your number. Pay Rs 999 processing fee at http://jio-5g.top.,jio: free 5g upgrade for your number. pay rs 999 processing fee at http://jio-5g.top.,en,TELECOM_SCAM,True,HIGH,scam,synthetic,2.0.0-gamma,"{""urls"": [""http://jio-5g.top.""], ""phones"": [], ""emails"": []}",Delta expansion for weak category.,2026-07-30T11:26:19.722Z,2026-07-30T11:26:19.722Z
TELECOM_SCAM_0081,TRAI: Your phone number used in fraud. File online complaint at http://trai-complaint.xyz.,trai: your phone number used in fraud. file online complaint at http://trai-complaint.xyz.,en,TELECOM_SCAM,True,HIGH,scam,synthetic,2.0.0-gamma,"{""urls"": [""http://trai-complaint.xyz.""], ""phones"": [], ""emails"": []}",Delta expansion for weak category.,2026-07-30T11:26:19.722Z,2026-07-30T11:26:19.722Z
TELECOM_SCAM_0082,"VI: You have 50,000 VI reward points expiring. Redeem at http://vi-rewards.tk.","vi: you have 50,000 vi reward points expiring. redeem at http://vi-rewards.tk.",en,TELECOM_SCAM,True,HIGH,scam,synthetic,2.0.0-gamma,"{""urls"": [""http://vi-rewards.tk.""], ""phones"": [], ""emails"": []}",Delta expansion for weak category.,2026-07-30T11:26:19.722Z,2026-07-30T11:26:19.722Z
TELECOM_SCAM_0083,SIM swapping attempt detected. Your number will be blocked for 24 hours. Verify now.,sim swapping attempt detected. your number will be blocked for 24 hours. verify now.,en,TELECOM_SCAM,True,HIGH,scam,synthetic,2.0.0-gamma,"{""urls"": [], ""phones"": [], ""emails"": []}",Delta expansion for weak category.,2026-07-30T11:26:19.722Z,2026-07-30T11:26:19.722Z
TELECOM_SCAM_0084,Your mobile number has been cloned. Another device using your number. Call immediately.,your mobile number has been cloned. another device using your number. call immediately.,en,TELECOM_SCAM,True,HIGH,scam,synthetic,2.0.0-gamma,"{""urls"": [], ""phones"": [], ""emails"": []}",Delta expansion for weak category.,2026-07-30T11:26:19.722Z,2026-07-30T11:26:19.722Z
TELECOM_SCAM_0085,"Airtel: Rs 10,000 cashback on your next recharge. Click http://airtel-offer.xyz to claim.","airtel: rs 10,000 cashback on your next recharge. click http://airtel-offer.xyz to claim.",en,TELECOM_SCAM,True,HIGH,scam,synthetic,2.0.0-gamma,"{""urls"": [""http://airtel-offer.xyz""], ""phones"": [], ""emails"": []}",Delta expansion for weak category.,2026-07-30T11:26:19.723Z,2026-07-30T11:26:19.723Z
FAKE_CUSTOMER_CARE_0062,Netflix: Your payment failed. Update card at http://netflix-update.xyz or account suspended.,netflix: your payment failed. update card at http://netflix-update.xyz or account suspended.,en,FAKE_CUSTOMER_CARE,True,HIGH,scam,synthetic,2.0.0-gamma,"{""urls"": [""http://netflix-update.xyz""], ""phones"": [], ""emails"": []}",Delta expansion for weak category.,2026-07-30T11:26:19.723Z,2026-07-30T11:26:19.723Z
FAKE_CUSTOMER_CARE_0063,Amazon: Your account has been compromised. Call 1800-123-4567 to secure immediately.,amazon: your account has been compromised. call 1800-123-4567 to secure immediately.,en,FAKE_CUSTOMER_CARE,True,HIGH,scam,synthetic,2.0.0-gamma,"{""urls"": [], ""phones"": [""1800-123-4567""], ""emails"": []}",Delta expansion for weak category.,2026-07-30T11:26:19.723Z,2026-07-30T11:26:19.723Z
FAKE_CUSTOMER_CARE_0064,Google Pay: Suspicious transaction detected. Verify identity at http://gpay-verify.in.,google pay: suspicious transaction detected. verify identity at http://gpay-verify.in.,en,FAKE_CUSTOMER_CARE,True,HIGH,scam,synthetic,2.0.0-gamma,"{""urls"": [""http://gpay-verify.in.""], ""phones"": [], ""emails"": []}",Delta expansion for weak category.,2026-07-30T11:26:19.723Z,2026-07-30T11:26:19.723Z
FAKE_CUSTOMER_CARE_0065,"Swiggy: Your account credited with Rs 25,000 cashback. Withdraw at http://swiggy-cashback.tk.","swiggy: your account credited with rs 25,000 cashback. withdraw at http://swiggy-cashback.tk.",en,FAKE_CUSTOMER_CARE,True,HIGH,scam,synthetic,2.0.0-gamma,"{""urls"": [""http://swiggy-cashback.tk.""], ""phones"": [], ""emails"": []}",Delta expansion for weak category.,2026-07-30T11:26:19.723Z,2026-07-30T11:26:19.723Z
FAKE_CUSTOMER_CARE_0066,"Zomato: Pro membership auto-renewed. Rs 2,500 charged. Dispute at http://zomato-dispute.xyz.","zomato: pro membership auto-renewed. rs 2,500 charged. dispute at http://zomato-dispute.xyz.",en,FAKE_CUSTOMER_CARE,True,HIGH,scam,synthetic,2.0.0-gamma,"{""urls"": [""http://zomato-dispute.xyz.""], ""phones"": [], ""emails"": []}",Delta expansion for weak category.,2026-07-30T11:26:19.723Z,2026-07-30T11:26:19.723Z
FAKE_CUSTOMER_CARE_0067,"Microsoft: Your OneDrive storage 99% full. Upgrade to 1TB at Rs 1,500/year.","microsoft: your onedrive storage 99% full. upgrade to 1tb at rs 1,500/year.",en,FAKE_CUSTOMER_CARE,True,HIGH,scam,synthetic,2.0.0-gamma,"{""urls"": [], ""phones"": [], ""emails"": []}",Delta expansion for weak category.,2026-07-30T11:26:19.723Z,2026-07-30T11:26:19.723Z
FAKE_CUSTOMER_CARE_0068,Uber: Your payment method failed. Update to continue using Uber services.,uber: your payment method failed. update to continue using uber services.,en,FAKE_CUSTOMER_CARE,True,HIGH,scam,synthetic,2.0.0-gamma,"{""urls"": [], ""phones"": [], ""emails"": []}",Delta expansion for weak category.,2026-07-30T11:26:19.723Z,2026-07-30T11:26:19.723Z
FAKE_CUSTOMER_CARE_0069,"OLX: Your item sold. Buyer paid Rs 35,000. Collect at http://olx-payment.xyz.","olx: your item sold. buyer paid rs 35,000. collect at http://olx-payment.xyz.",en,FAKE_CUSTOMER_CARE,True,HIGH,scam,synthetic,2.0.0-gamma,"{""urls"": [""http://olx-payment.xyz.""], ""phones"": [], ""emails"": []}",Delta expansion for weak category.,2026-07-30T11:26:19.723Z,2026-07-30T11:26:19.723Z
FAKE_CUSTOMER_CARE_0070,"LinkedIn: Premium membership trial ending. Auto-renewal of Rs 3,500/year. Cancel now.","linkedin: premium membership trial ending. auto-renewal of rs 3,500/year. cancel now.",en,FAKE_CUSTOMER_CARE,True,HIGH,scam,synthetic,2.0.0-gamma,"{""urls"": [], ""phones"": [], ""emails"": []}",Delta expansion for weak category.,2026-07-30T11:26:19.723Z,2026-07-30T11:26:19.723Z
FAKE_CUSTOMER_CARE_0071,"Amazon: Your gift card of Rs 10,000 activated. Use at http://amazon-gift-card.xyz.","amazon: your gift card of rs 10,000 activated. use at http://amazon-gift-card.xyz.",en,FAKE_CUSTOMER_CARE,True,HIGH,scam,synthetic,2.0.0-gamma,"{""urls"": [""http://amazon-gift-card.xyz.""], ""phones"": [], ""emails"": []}",Delta expansion for weak category.,2026-07-30T11:26:19.723Z,2026-07-30T11:26:19.723Z
LOTTERY_SCAM_0064,"Congratulations! You have won Rs 50,00,000 in KBC Lucky Draw. Call 1800-123-4567 to claim.","congratulations! you have won rs 50,00,000 in kbc lucky draw. call 1800-123-4567 to claim.",en,LOTTERY_SCAM,True,HIGH,scam,synthetic,2.0.0-gamma,"{""urls"": [], ""phones"": [""1800-123-4567""], ""emails"": []}",Delta expansion for weak category.,2026-07-30T11:26:19.723Z,2026-07-30T11:26:19.723Z
LOTTERY_SCAM_0065,Tata Motors: You won a free Tiago car in our anniversary draw. Claim at http://tata-winner.xyz.,tata motors: you won a free tiago car in our anniversary draw. claim at http://tata-winner.xyz.,en,LOTTERY_SCAM,True,HIGH,scam,synthetic,2.0.0-gamma,"{""urls"": [""http://tata-winner.xyz.""], ""phones"": [], ""emails"": []}",Delta expansion for weak category.,2026-07-30T11:26:19.723Z,2026-07-30T11:26:19.723Z
LOTTERY_SCAM_0066,"Google: Your search history selected for Reward Program. Rs 2,00,000 prize. Call now.","google: your search history selected for reward program. rs 2,00,000 prize. call now.",en,LOTTERY_SCAM,True,HIGH,scam,synthetic,2.0.0-gamma,"{""urls"": [], ""phones"": [], ""emails"": []}",Delta expansion for weak category.,2026-07-30T11:26:19.723Z,2026-07-30T11:26:19.723Z
LOTTERY_SCAM_0067,"Amazon: You are our 1,000,000th customer! Win iPhone 15 Pro. Claim: http://amazon-million.tk.","amazon: you are our 1,000,000th customer! win iphone 15 pro. claim: http://amazon-million.tk.",en,LOTTERY_SCAM,True,HIGH,scam,synthetic,2.0.0-gamma,"{""urls"": [""http://amazon-million.tk.""], ""phones"": [], ""emails"": []}",Delta expansion for weak category.,2026-07-30T11:26:19.723Z,2026-07-30T11:26:19.723Z
LOTTERY_SCAM_0068,"Coca-Cola: You won Rs 10,00,000 in our summer contest. Pay Rs 5,000 processing to release prize.","coca-cola: you won rs 10,00,000 in our summer contest. pay rs 5,000 processing to release prize.",en,LOTTERY_SCAM,True,HIGH,scam,synthetic,2.0.0-gamma,"{""urls"": [], ""phones"": [], ""emails"": []}",Delta expansion for weak category.,2026-07-30T11:26:19.723Z,2026-07-30T11:26:19.723Z
LOTTERY_SCAM_0069,"Pepsi: You won a trip to Dubai worth Rs 5,00,000. Call 1800-425-6789 to confirm.","pepsi: you won a trip to dubai worth rs 5,00,000. call 1800-425-6789 to confirm.",en,LOTTERY_SCAM,True,HIGH,scam,synthetic,2.0.0-gamma,"{""urls"": [], ""phones"": [""1800-425-6789""], ""emails"": []}",Delta expansion for weak category.,2026-07-30T11:26:19.723Z,2026-07-30T11:26:19.723Z
LOTTERY_SCAM_0070,"Your phone number won Rs 25,00,000 in Mukesh Ambani birthday draw. Send Rs 2,500 for documents.","your phone number won rs 25,00,000 in mukesh ambani birthday draw. send rs 2,500 for documents.",en,LOTTERY_SCAM,True,HIGH,scam,synthetic,2.0.0-gamma,"{""urls"": [], ""phones"": [], ""emails"": []}",Delta expansion for weak category.,2026-07-30T11:26:19.723Z,2026-07-30T11:26:19.723Z
LOTTERY_SCAM_0071,"Flipkart: You won Rs 75,000 shopping voucher. Redeem at http://flipkart-winner.xyz.","flipkart: you won rs 75,000 shopping voucher. redeem at http://flipkart-winner.xyz.",en,LOTTERY_SCAM,True,HIGH,scam,synthetic,2.0.0-gamma,"{""urls"": [""http://flipkart-winner.xyz.""], ""phones"": [], ""emails"": []}",Delta expansion for weak category.,2026-07-30T11:26:19.723Z,2026-07-30T11:26:19.723Z
LOTTERY_SCAM_0072,"WhatsApp: Message forwarded 100 times! You win Rs 50,000. Claim at http://whatsapp-lucky.tk.","whatsapp: message forwarded 100 times! you win rs 50,000. claim at http://whatsapp-lucky.tk.",en,LOTTERY_SCAM,True,HIGH,scam,synthetic,2.0.0-gamma,"{""urls"": [""http://whatsapp-lucky.tk.""], ""phones"": [], ""emails"": []}",Delta expansion for weak category.,2026-07-30T11:26:19.723Z,2026-07-30T11:26:19.723Z
LOTTERY_SCAM_0073,"Your email ID won in Reliance Jio lucky draw. Rs 10,00,000 prize. Call now to claim.","your email id won in reliance jio lucky draw. rs 10,00,000 prize. call now to claim.",en,LOTTERY_SCAM,True,HIGH,scam,synthetic,2.0.0-gamma,"{""urls"": [], ""phones"": [], ""emails"": []}",Delta expansion for weak category.,2026-07-30T11:26:19.723Z,2026-07-30T11:26:19.723Z
LEGITIMATE_SHOPPING_0039,Aapka Amazon order dispatch ho gaya hai. Track karo yahan.,aapka amazon order dispatch ho gaya hai. track karo yahan.,hi-en,LEGITIMATE_SHOPPING,False,LOW,legitimate,synthetic,2.0.0-gamma,"{""urls"": [], ""phones"": [], ""emails"": []}",Delta expansion for weak category.,2026-07-30T11:26:19.723Z,2026-07-30T11:26:19.723Z
LEGITIMATE_SHOPPING_0040,Mee Amazon order dispatch ayindi. Track cheyandi.,mee amazon order dispatch ayindi. track cheyandi.,hi-en,LEGITIMATE_SHOPPING,False,LOW,legitimate,synthetic,2.0.0-gamma,"{""urls"": [], ""phones"": [], ""emails"": []}",Delta expansion for weak category.,2026-07-30T11:26:19.723Z,2026-07-30T11:26:19.723Z
LEGITIMATE_SHOPPING_0041,Amazon order dispatch aagirukku. Track pannugal.,amazon order dispatch aagirukku. track pannugal.,hi-en,LEGITIMATE_SHOPPING,False,LOW,legitimate,synthetic,2.0.0-gamma,"{""urls"": [], ""phones"": [], ""emails"": []}",Delta expansion for weak category.,2026-07-30T11:26:19.723Z,2026-07-30T11:26:19.723Z
LEGITIMATE_GOVERNMENT_0071,Your driving licence renewal reminder: Expires on 31 Oct. Renew at http://parivahan.gov.in.,your driving licence renewal reminder: expires on 31 oct. renew at http://parivahan.gov.in.,en,LEGITIMATE_GOVERNMENT,False,LOW,legitimate,synthetic,2.0.0-gamma,"{""urls"": [""http://parivahan.gov.in.""], ""phones"": [], ""emails"": []}",Delta expansion for weak category.,2026-07-30T11:26:19.724Z,2026-07-30T11:26:19.724Z
LEGITIMATE_GOVERNMENT_0072,Passport seva: Your application #AB1234567890 is under processing. Track online.,passport seva: your application #ab1234567890 is under processing. track online.,en,LEGITIMATE_GOVERNMENT,False,LOW,legitimate,synthetic,2.0.0-gamma,"{""urls"": [], ""phones"": [], ""emails"": []}",Delta expansion for weak category.,2026-07-30T11:26:19.724Z,2026-07-30T11:26:19.724Z
LEGITIMATE_GOVERNMENT_0073,Election Commission: Your voter ID issued. Download e-EPIC at http://nvsp.in.,election commission: your voter id issued. download e-epic at http://nvsp.in.,en,LEGITIMATE_GOVERNMENT,False,LOW,legitimate,synthetic,2.0.0-gamma,"{""urls"": [""http://nvsp.in.""], ""phones"": [], ""emails"": []}",Delta expansion for weak category.,2026-07-30T11:26:19.724Z,2026-07-30T11:26:19.724Z
LEGITIMATE_GOVERNMENT_0074,"Income Tax: Your ITR for FY 2024-25 processed. Refund of Rs 12,500 credited.","income tax: your itr for fy 2024-25 processed. refund of rs 12,500 credited.",en,LEGITIMATE_GOVERNMENT,False,LOW,legitimate,synthetic,2.0.0-gamma,"{""urls"": [], ""phones"": [], ""emails"": []}",Delta expansion for weak category.,2026-07-30T11:26:19.724Z,2026-07-30T11:26:19.724Z
LEGITIMATE_GOVERNMENT_0075,Aadhaar: Your address update request approved. Updated Aadhaar downloaded.,aadhaar: your address update request approved. updated aadhaar downloaded.,en,LEGITIMATE_GOVERNMENT,False,LOW,legitimate,synthetic,2.0.0-gamma,"{""urls"": [], ""phones"": [], ""emails"": []}",Delta expansion for weak category.,2026-07-30T11:26:19.724Z,2026-07-30T11:26:19.724Z
LEGITIMATE_GOVERNMENT_0076,Voter ID correction application status: Approved. New card dispatched.,voter id correction application status: approved. new card dispatched.,en,LEGITIMATE_GOVERNMENT,False,LOW,legitimate,synthetic,2.0.0-gamma,"{""urls"": [], ""phones"": [], ""emails"": []}",Delta expansion for weak category.,2026-07-30T11:26:19.724Z,2026-07-30T11:26:19.724Z
LEGITIMATE_GOVERNMENT_0077,Parivahan: Your vehicle registration renewal reminder. Pay Rs 600 road tax.,parivahan: your vehicle registration renewal reminder. pay rs 600 road tax.,en,LEGITIMATE_GOVERNMENT,False,LOW,legitimate,synthetic,2.0.0-gamma,"{""urls"": [], ""phones"": [], ""emails"": []}",Delta expansion for weak category.,2026-07-30T11:26:19.724Z,2026-07-30T11:26:19.724Z
LEGITIMATE_GOVERNMENT_0078,Your ration card updated. New members added. Check at http://epos.up.nic.in.,your ration card updated. new members added. check at http://epos.up.nic.in.,en,LEGITIMATE_GOVERNMENT,False,LOW,legitimate,synthetic,2.0.0-gamma,"{""urls"": [""http://epos.up.nic.in.""], ""phones"": [], ""emails"": []}",Delta expansion for weak category.,2026-07-30T11:26:19.724Z,2026-07-30T11:26:19.724Z
LEGITIMATE_GOVERNMENT_0079,"Pension: Your monthly pension of Rs 25,000 credited. PPO number: 123456789.","pension: your monthly pension of rs 25,000 credited. ppo number: 123456789.",en,LEGITIMATE_GOVERNMENT,False,LOW,legitimate,synthetic,2.0.0-gamma,"{""urls"": [], ""phones"": [], ""emails"": []}",Delta expansion for weak category.,2026-07-30T11:26:19.724Z,2026-07-30T11:26:19.724Z
LEGITIMATE_GOVERNMENT_0080,"Ayushman Bharat: Your health card generated. Coverage: Rs 5,00,000 per family.","ayushman bharat: your health card generated. coverage: rs 5,00,000 per family.",en,LEGITIMATE_GOVERNMENT,False,LOW,legitimate,synthetic,2.0.0-gamma,"{""urls"": [], ""phones"": [], ""emails"": []}",Delta expansion for weak category.,2026-07-30T11:26:19.724Z,2026-07-30T11:26:19.724Z
PERSONAL_SCAM_0001,"Beta, main hospital mein hoon. Emergency mein Rs 50,000 chahiye. Is account mein daalo - 1234567890.","beta, main hospital mein hoon. emergency mein rs 50,000 chahiye. is account mein daalo - 1234567890.",en,PERSONAL_SCAM,True,HIGH,scam,synthetic,2.0.0-gamma,"{""urls"": [], ""phones"": [""1234567890""], ""emails"": []}",Delta expansion for weak category.,2026-07-30T11:26:19.724Z,2026-07-30T11:26:19.724Z
PERSONAL_SCAM_0002,"Rahul here. I'm stuck in a different city without money. Can you send Rs 20,000 urgently?","rahul here. i'm stuck in a different city without money. can you send rs 20,000 urgently?",en,PERSONAL_SCAM,True,HIGH,scam,synthetic,2.0.0-gamma,"{""urls"": [], ""phones"": [], ""emails"": []}",Delta expansion for weak category.,2026-07-30T11:26:19.724Z,2026-07-30T11:26:19.724Z
PERSONAL_SCAM_0003,"Mummy ne bola aapko paise bhejne hain. Rs 25,000 emergency. Yahan bhejo: GPay 9876543210.","mummy ne bola aapko paise bhejne hain. rs 25,000 emergency. yahan bhejo: gpay 9876543210.",en,PERSONAL_SCAM,True,HIGH,scam,synthetic,2.0.0-gamma,"{""urls"": [], ""phones"": [""9876543210""], ""emails"": []}",Delta expansion for weak category.,2026-07-30T11:26:19.724Z,2026-07-30T11:26:19.724Z
PERSONAL_SCAM_0004,"Boss, I'm in trouble. Need Rs 15,000 immediately. Don't tell anyone. Will return tomorrow.","boss, i'm in trouble. need rs 15,000 immediately. don't tell anyone. will return tomorrow.",en,PERSONAL_SCAM,True,HIGH,scam,synthetic,2.0.0-gamma,"{""urls"": [], ""phones"": [], ""emails"": []}",Delta expansion for weak category.,2026-07-30T11:26:19.724Z,2026-07-30T11:26:19.724Z
PERSONAL_SCAM_0005,"Dost, meri tabiyat kharab hai. Hospital mein hoon. Rs 10,000 bhej de jaldi.","dost, meri tabiyat kharab hai. hospital mein hoon. rs 10,000 bhej de jaldi.",en,PERSONAL_SCAM,True,HIGH,scam,synthetic,2.0.0-gamma,"{""urls"": [], ""phones"": [], ""emails"": []}",Delta expansion for weak category.,2026-07-30T11:26:19.724Z,2026-07-30T11:26:19.724Z
PERSONAL_SCAM_0006,"Anna, naaku emergency lo Rs 30,000 kavali. GPay ki pampandi. Tharvaatha cheptha.","anna, naaku emergency lo rs 30,000 kavali. gpay ki pampandi. tharvaatha cheptha.",en,PERSONAL_SCAM,True,HIGH,scam,synthetic,2.0.0-gamma,"{""urls"": [], ""phones"": [], ""emails"": []}",Delta expansion for weak category.,2026-07-30T11:26:19.724Z,2026-07-30T11:26:19.724Z
PERSONAL_SCAM_0007,"Akka, naan hospital la irukken. Rs 20,000 urgent. PhonePe ku anupungal.","akka, naan hospital la irukken. rs 20,000 urgent. phonepe ku anupungal.",en,PERSONAL_SCAM,True,HIGH,scam,synthetic,2.0.0-gamma,"{""urls"": [], ""phones"": [], ""emails"": []}",Delta expansion for weak category.,2026-07-30T11:26:19.724Z,2026-07-30T11:26:19.724Z
PERSONAL_SCAM_0008,Bhai emergency hai. Please call me on this number: 9876543210. Matter is sensitive.,bhai emergency hai. please call me on this number: 9876543210. matter is sensitive.,en,PERSONAL_SCAM,True,HIGH,scam,synthetic,2.0.0-gamma,"{""urls"": [], ""phones"": [""9876543210""], ""emails"": []}",Delta expansion for weak category.,2026-07-30T11:26:19.724Z,2026-07-30T11:26:19.724Z
PERSONAL_SCAM_0009,"Hello, this is Rahul's friend. He met with an accident. Please send Rs 50,000 for treatment.","hello, this is rahul's friend. he met with an accident. please send rs 50,000 for treatment.",en,PERSONAL_SCAM,True,HIGH,scam,synthetic,2.0.0-gamma,"{""urls"": [], ""phones"": [], ""emails"": []}",Delta expansion for weak category.,2026-07-30T11:26:19.724Z,2026-07-30T11:26:19.724Z
PERSONAL_SCAM_0010,"Sir, main aapke bete ka dost hoon. Unhe accident hua hai. Rs 25,000 hospital ke liye chahiye.","sir, main aapke bete ka dost hoon. unhe accident hua hai. rs 25,000 hospital ke liye chahiye.",en,PERSONAL_SCAM,True,HIGH,scam,synthetic,2.0.0-gamma,"{""urls"": [], ""phones"": [], ""emails"": []}",Delta expansion for weak category.,2026-07-30T11:26:19.724Z,2026-07-30T11:26:19.724Z
FAKE_CUSTOMER_CARE_0072,"Amazon Prime: Your subscription auto-renewed Rs 1,499. Dispute? Call 1800-123-4567.","amazon prime: your subscription auto-renewed rs 1,499. dispute? call 1800-123-4567.",en,FAKE_CUSTOMER_CARE,True,HIGH,scam,synthetic,2.0.0-gamma,"{""urls"": [], ""phones"": [""1800-123-4567""], ""emails"": []}",Delta expansion for weak category.,2026-07-30T11:26:19.724Z,2026-07-30T11:26:19.724Z
FAKE_CUSTOMER_CARE_0073,"Google One: Your storage plan expiring. Renew Rs 1,300/year at http://google-one.xyz.","google one: your storage plan expiring. renew rs 1,300/year at http://google-one.xyz.",en,FAKE_CUSTOMER_CARE,True,HIGH,scam,synthetic,2.0.0-gamma,"{""urls"": [""http://google-one.xyz.""], ""phones"": [], ""emails"": []}",Delta expansion for weak category.,2026-07-30T11:26:19.724Z,2026-07-30T11:26:19.724Z
FAKE_CUSTOMER_CARE_0074,Swiggy: One order free on your birthday! Claim at http://swiggy-birthday.tk.,swiggy: one order free on your birthday! claim at http://swiggy-birthday.tk.,en,FAKE_CUSTOMER_CARE,True,HIGH,scam,synthetic,2.0.0-gamma,"{""urls"": [""http://swiggy-birthday.tk.""], ""phones"": [], ""emails"": []}",Delta expansion for weak category.,2026-07-30T11:26:19.725Z,2026-07-30T11:26:19.725Z
FAKE_CUSTOMER_CARE_0075,"Zomato: Gold membership expired. Renew Rs 2,999 at http://zomato-gold.xyz.","zomato: gold membership expired. renew rs 2,999 at http://zomato-gold.xyz.",en,FAKE_CUSTOMER_CARE,True,HIGH,scam,synthetic,2.0.0-gamma,"{""urls"": [""http://zomato-gold.xyz.""], ""phones"": [], ""emails"": []}",Delta expansion for weak category.,2026-07-30T11:26:19.725Z,2026-07-30T11:26:19.725Z
FAKE_CUSTOMER_CARE_0076,Flipkart: Your account blocked due to policy violation. Verify at http://flipkart-verify.in.,flipkart: your account blocked due to policy violation. verify at http://flipkart-verify.in.,en,FAKE_CUSTOMER_CARE,True,HIGH,scam,synthetic,2.0.0-gamma,"{""urls"": [""http://flipkart-verify.in.""], ""phones"": [], ""emails"": []}",Delta expansion for weak category.,2026-07-30T11:26:19.725Z,2026-07-30T11:26:19.725Z
FAKE_CUSTOMER_CARE_0077,"Myntra: Style session unlocked! Rs 15,000 shopping spree. Claim at http://myntra-style.xyz.","myntra: style session unlocked! rs 15,000 shopping spree. claim at http://myntra-style.xyz.",en,FAKE_CUSTOMER_CARE,True,HIGH,scam,synthetic,2.0.0-gamma,"{""urls"": [""http://myntra-style.xyz.""], ""phones"": [], ""emails"": []}",Delta expansion for weak category.,2026-07-30T11:26:19.725Z,2026-07-30T11:26:19.725Z
FAKE_CUSTOMER_CARE_0078,Uber Eats: Your order of Rs 450 eligible for free delivery. Use code FREEDEL.,uber eats: your order of rs 450 eligible for free delivery. use code freedel.,en,FAKE_CUSTOMER_CARE,True,HIGH,scam,synthetic,2.0.0-gamma,"{""urls"": [], ""phones"": [], ""emails"": []}",Delta expansion for weak category.,2026-07-30T11:26:19.725Z,2026-07-30T11:26:19.725Z
FAKE_CUSTOMER_CARE_0079,Netflix: Your account will be deleted due to inactivity. Reactivate at http://netflix-react.tk.,netflix: your account will be deleted due to inactivity. reactivate at http://netflix-react.tk.,en,FAKE_CUSTOMER_CARE,True,HIGH,scam,synthetic,2.0.0-gamma,"{""urls"": [""http://netflix-react.tk.""], ""phones"": [], ""emails"": []}",Delta expansion for weak category.,2026-07-30T11:26:19.725Z,2026-07-30T11:26:19.725Z
FAKE_CUSTOMER_CARE_0080,Amazon: Your registry enabled. Share wedding registry at http://amazon-registry.xyz.,amazon: your registry enabled. share wedding registry at http://amazon-registry.xyz.,en,FAKE_CUSTOMER_CARE,True,HIGH,scam,synthetic,2.0.0-gamma,"{""urls"": [""http://amazon-registry.xyz.""], ""phones"": [], ""emails"": []}",Delta expansion for weak category.,2026-07-30T11:26:19.725Z,2026-07-30T11:26:19.725Z
LOTTERY_SCAM_0074,"Your phone number won Rs 15,00,000 in Amazon Lucky Day. Claim at http://amazon-lucky.xyz.","your phone number won rs 15,00,000 in amazon lucky day. claim at http://amazon-lucky.xyz.",en,LOTTERY_SCAM,True,HIGH,scam,synthetic,2.0.0-gamma,"{""urls"": [""http://amazon-lucky.xyz.""], ""phones"": [], ""emails"": []}",Delta expansion for weak category.,2026-07-30T11:26:19.725Z,2026-07-30T11:26:19.725Z
LOTTERY_SCAM_0075,You won a luxury car in Times of India contest. Call 1800-123-456 to claim prize.,you won a luxury car in times of india contest. call 1800-123-456 to claim prize.,en,LOTTERY_SCAM,True,HIGH,scam,synthetic,2.0.0-gamma,"{""urls"": [], ""phones"": [""1800-123-456""], ""emails"": []}",Delta expansion for weak category.,2026-07-30T11:26:19.725Z,2026-07-30T11:26:19.725Z
LOTTERY_SCAM_0076,"Google Pay: You are our 5 crore user! Rs 5,00,000 prize. Claim at http://gpay-lucky.tk.","google pay: you are our 5 crore user! rs 5,00,000 prize. claim at http://gpay-lucky.tk.",en,LOTTERY_SCAM,True,HIGH,scam,synthetic,2.0.0-gamma,"{""urls"": [""http://gpay-lucky.tk.""], ""phones"": [], ""emails"": []}",Delta expansion for weak category.,2026-07-30T11:26:19.725Z,2026-07-30T11:26:19.725Z
LOTTERY_SCAM_0077,"Tesla: You won a Model 3 in our referral contest. Pay Rs 25,000 documentation fee.","tesla: you won a model 3 in our referral contest. pay rs 25,000 documentation fee.",en,LOTTERY_SCAM,True,HIGH,scam,synthetic,2.0.0-gamma,"{""urls"": [], ""phones"": [], ""emails"": []}",Delta expansion for weak category.,2026-07-30T11:26:19.725Z,2026-07-30T11:26:19.725Z
LOTTERY_SCAM_0078,Air India: You won two business class tickets to London. Call to confirm.,air india: you won two business class tickets to london. call to confirm.,en,LOTTERY_SCAM,True,HIGH,scam,synthetic,2.0.0-gamma,"{""urls"": [], ""phones"": [], ""emails"": []}",Delta expansion for weak category.,2026-07-30T11:26:19.725Z,2026-07-30T11:26:19.725Z
LOTTERY_SCAM_0079,"Samsung: You won Galaxy Z Fold 6 in launch event. Pay Rs 1,500 delivery charge.","samsung: you won galaxy z fold 6 in launch event. pay rs 1,500 delivery charge.",en,LOTTERY_SCAM,True,HIGH,scam,synthetic,2.0.0-gamma,"{""urls"": [], ""phones"": [], ""emails"": []}",Delta expansion for weak category.,2026-07-30T11:26:19.725Z,2026-07-30T11:26:19.725Z
LOTTERY_SCAM_0080,"Boat: You won Rs 2,00,000 in our anniversary sale. Claim at http://boat-winner.xyz.","boat: you won rs 2,00,000 in our anniversary sale. claim at http://boat-winner.xyz.",en,LOTTERY_SCAM,True,HIGH,scam,synthetic,2.0.0-gamma,"{""urls"": [""http://boat-winner.xyz.""], ""phones"": [], ""emails"": []}",Delta expansion for weak category.,2026-07-30T11:26:19.725Z,2026-07-30T11:26:19.725Z
PAN_SCAM_0064,Your PAN card deactivated due to non-usage. Reactivate at http://pan-reactivate.xyz.,your pan card deactivated due to non-usage. reactivate at http://pan-reactivate.xyz.,en,PAN_SCAM,True,HIGH,scam,synthetic,2.0.0-gamma,"{""urls"": [""http://pan-reactivate.xyz.""], ""phones"": [], ""emails"": []}",Delta expansion for weak category.,2026-07-30T11:26:19.725Z,2026-07-30T11:26:19.725Z
PAN_SCAM_0065,PAN-Aadhaar linking last date extended. Link now or PAN will be inoperative.,pan-aadhaar linking last date extended. link now or pan will be inoperative.,en,PAN_SCAM,True,HIGH,scam,synthetic,2.0.0-gamma,"{""urls"": [], ""phones"": [], ""emails"": []}",Delta expansion for weak category.,2026-07-30T11:26:19.725Z,2026-07-30T11:26:19.725Z
PAN_SCAM_0066,"Income Tax: Rs 75,000 refund for PAN ABCDE1234F pending. Submit bank details.","income tax: rs 75,000 refund for pan abcde1234f pending. submit bank details.",en,PAN_SCAM,True,HIGH,scam,synthetic,2.0.0-gamma,"{""urls"": [], ""phones"": [], ""emails"": []}",Delta expansion for weak category.,2026-07-30T11:26:19.725Z,2026-07-30T11:26:19.725Z
PAN_SCAM_0067,Your PAN used to open 3 companies in Gujarat. File complaint at 1800-123-4567.,your pan used to open 3 companies in gujarat. file complaint at 1800-123-4567.,en,PAN_SCAM,True,HIGH,scam,synthetic,2.0.0-gamma,"{""urls"": [], ""phones"": [""1800-123-4567""], ""emails"": []}",Delta expansion for weak category.,2026-07-30T11:26:19.725Z,2026-07-30T11:26:19.725Z
PAN_SCAM_0068,PAN card update: Your photo required for e-PAN generation. Upload at http://pan-photo.tk.,pan card update: your photo required for e-pan generation. upload at http://pan-photo.tk.,en,PAN_SCAM,True,HIGH,scam,synthetic,2.0.0-gamma,"{""urls"": [""http://pan-photo.tk.""], ""phones"": [], ""emails"": []}",Delta expansion for weak category.,2026-07-30T11:26:19.725Z,2026-07-30T11:26:19.725Z
PAN_SCAM_0069,"Tax notice: Your PAN has excess TDS of Rs 25,000. File return to claim refund.","tax notice: your pan has excess tds of rs 25,000. file return to claim refund.",en,PAN_SCAM,True,HIGH,scam,synthetic,2.0.0-gamma,"{""urls"": [], ""phones"": [], ""emails"": []}",Delta expansion for weak category.,2026-07-30T11:26:19.725Z,2026-07-30T11:26:19.725Z
PAN_SCAM_0070,Your PAN card has been dispatched. Track at http://pan-track.in.,your pan card has been dispatched. track at http://pan-track.in.,en,PAN_SCAM,True,HIGH,scam,synthetic,2.0.0-gamma,"{""urls"": [""http://pan-track.in.""], ""phones"": [], ""emails"": []}",Delta expansion for weak category.,2026-07-30T11:26:19.725Z,2026-07-30T11:26:19.725Z
QR_SCAM_0065,"Scan QR to pay Rs 12,500 and claim your iPhone 15. Limited offer!","scan qr to pay rs 12,500 and claim your iphone 15. limited offer!",en,QR_SCAM,True,HIGH,scam,synthetic,2.0.0-gamma,"{""urls"": [], ""phones"": [], ""emails"": []}",Delta expansion for weak category.,2026-07-30T11:26:19.725Z,2026-07-30T11:26:19.725Z
QR_SCAM_0066,"Flipkart: Scan this QR code to win Rs 50,000 shopping voucher.","flipkart: scan this qr code to win rs 50,000 shopping voucher.",en,QR_SCAM,True,HIGH,scam,synthetic,2.0.0-gamma,"{""urls"": [], ""phones"": [], ""emails"": []}",Delta expansion for weak category.,2026-07-30T11:26:19.725Z,2026-07-30T11:26:19.725Z
QR_SCAM_0067,"GPay: Scan QR to pay Rs 5 and win upto Rs 1,00,000. Lucky draw!","gpay: scan qr to pay rs 5 and win upto rs 1,00,000. lucky draw!",en,QR_SCAM,True,HIGH,scam,synthetic,2.0.0-gamma,"{""urls"": [], ""phones"": [], ""emails"": []}",Delta expansion for weak category.,2026-07-30T11:26:19.725Z,2026-07-30T11:26:19.725Z
QR_SCAM_0068,Amazon: Scan QR at store to get 90% off on your first purchase.,amazon: scan qr at store to get 90% off on your first purchase.,en,QR_SCAM,True,HIGH,scam,synthetic,2.0.0-gamma,"{""urls"": [], ""phones"": [], ""emails"": []}",Delta expansion for weak category.,2026-07-30T11:26:19.726Z,2026-07-30T11:26:19.726Z
QR_SCAM_0069,Electricity bill discount! Scan QR to pay bill and get 20% cashback.,electricity bill discount! scan qr to pay bill and get 20% cashback.,en,QR_SCAM,True,HIGH,scam,synthetic,2.0.0-gamma,"{""urls"": [], ""phones"": [], ""emails"": []}",Delta expansion for weak category.,2026-07-30T11:26:19.726Z,2026-07-30T11:26:19.726Z
QR_SCAM_0070,"PhonePe: Scan merchant QR to pay Rs 2,500 and get free insurance.","phonepe: scan merchant qr to pay rs 2,500 and get free insurance.",en,QR_SCAM,True,HIGH,scam,synthetic,2.0.0-gamma,"{""urls"": [], ""phones"": [], ""emails"": []}",Delta expansion for weak category.,2026-07-30T11:26:19.726Z,2026-07-30T11:26:19.726Z
DIGITAL_ARREST_0067,Cyber crime: Your Aadhaar used in online fraud. Report to cyber cell immediately.,cyber crime: your aadhaar used in online fraud. report to cyber cell immediately.,en,DIGITAL_ARREST,True,HIGH,scam,synthetic,2.0.0-gamma,"{""urls"": [], ""phones"": [], ""emails"": []}",Delta expansion for weak category.,2026-07-30T11:26:19.726Z,2026-07-30T11:26:19.726Z
DIGITAL_ARREST_0068,Supreme Court notice: Your bank accounts frozen for money laundering. Call helpline.,supreme court notice: your bank accounts frozen for money laundering. call helpline.,en,DIGITAL_ARREST,True,HIGH,scam,synthetic,2.0.0-gamma,"{""urls"": [], ""phones"": [], ""emails"": []}",Delta expansion for weak category.,2026-07-30T11:26:19.726Z,2026-07-30T11:26:19.726Z
DIGITAL_ARREST_0069,CBI investigation: Your IP address involved in hacking. Cooperate or arrest warrant issued.,cbi investigation: your ip address involved in hacking. cooperate or arrest warrant issued.,en,DIGITAL_ARREST,True,HIGH,scam,synthetic,2.0.0-gamma,"{""urls"": [], ""phones"": [], ""emails"": []}",Delta expansion for weak category.,2026-07-30T11:26:19.726Z,2026-07-30T11:26:19.726Z
DIGITAL_ARREST_0070,"Your digital arrest warrant issued by Cyber Crime India. Pay Rs 50,000 bail to avoid arrest.","your digital arrest warrant issued by cyber crime india. pay rs 50,000 bail to avoid arrest.",en,DIGITAL_ARREST,True,HIGH,scam,synthetic,2.0.0-gamma,"{""urls"": [], ""phones"": [], ""emails"": []}",Delta expansion for weak category.,2026-07-30T11:26:19.726Z,2026-07-30T11:26:19.726Z
INCOME_TAX_SCAM_0069,Income Tax: Your ITR processing stopped due to income mismatch. Correct at http://itr-correction.xyz.,income tax: your itr processing stopped due to income mismatch. correct at http://itr-correction.xyz.,en,INCOME_TAX_SCAM,True,HIGH,scam,synthetic,2.0.0-gamma,"{""urls"": [""http://itr-correction.xyz.""], ""phones"": [], ""emails"": []}",Delta expansion for weak category.,2026-07-30T11:26:19.726Z,2026-07-30T11:26:19.726Z
INCOME_TAX_SCAM_0070,"CBDT: Your tax refund of Rs 1,25,000 is on hold. Update bank account at http://tax-refund.tk.","cbdt: your tax refund of rs 1,25,000 is on hold. update bank account at http://tax-refund.tk.",en,INCOME_TAX_SCAM,True,HIGH,scam,synthetic,2.0.0-gamma,"{""urls"": [""http://tax-refund.tk.""], ""phones"": [], ""emails"": []}",Delta expansion for weak category.,2026-07-30T11:26:19.726Z,2026-07-30T11:26:19.726Z
TELECOM_SCAM_0086,Airtel: Your recharge plan is expiring soon. Renew now to avoid interruption.,airtel: your recharge plan is expiring soon. renew now to avoid interruption.,en,TELECOM_SCAM,True,HIGH,scam,synthetic,2.0.0-gamma,"{""urls"": [], ""phones"": [], ""emails"": []}",Delta2 expansion for weak category.,2026-07-30T11:45:20.406Z,2026-07-30T11:45:20.406Z
TELECOM_SCAM_0087,Jio: Your plan expires tomorrow. Recharge Rs 599 to continue unlimited benefits.,jio: your plan expires tomorrow. recharge rs 599 to continue unlimited benefits.,en,TELECOM_SCAM,True,HIGH,scam,synthetic,2.0.0-gamma,"{""urls"": [], ""phones"": [], ""emails"": []}",Delta2 expansion for weak category.,2026-07-30T11:45:20.406Z,2026-07-30T11:45:20.406Z
TELECOM_SCAM_0088,VI: Your unlimited plan is about to expire. Recharge now to keep your number active.,vi: your unlimited plan is about to expire. recharge now to keep your number active.,en,TELECOM_SCAM,True,HIGH,scam,synthetic,2.0.0-gamma,"{""urls"": [], ""phones"": [], ""emails"": []}",Delta2 expansion for weak category.,2026-07-30T11:45:20.406Z,2026-07-30T11:45:20.406Z
TELECOM_SCAM_0089,"TRAI: Your SIM will be disconnected for policy violation. Pay Rs 10,000 penalty.","trai: your sim will be disconnected for policy violation. pay rs 10,000 penalty.",en,TELECOM_SCAM,True,HIGH,scam,synthetic,2.0.0-gamma,"{""urls"": [], ""phones"": [], ""emails"": []}",Delta2 expansion for weak category.,2026-07-30T11:45:20.406Z,2026-07-30T11:45:20.406Z
TELECOM_SCAM_0090,DoT: Your mobile number used in illegal activities. Contact cyber cell immediately.,dot: your mobile number used in illegal activities. contact cyber cell immediately.,en,TELECOM_SCAM,True,HIGH,scam,synthetic,2.0.0-gamma,"{""urls"": [], ""phones"": [], ""emails"": []}",Delta2 expansion for weak category.,2026-07-30T11:45:20.406Z,2026-07-30T11:45:20.406Z
TELECOM_SCAM_0091,"Airtel: Your reward points worth Rs 5,000 expiring. Redeem at http://airtel-rewards.tk.","airtel: your reward points worth rs 5,000 expiring. redeem at http://airtel-rewards.tk.",en,TELECOM_SCAM,True,HIGH,scam,synthetic,2.0.0-gamma,"{""urls"": [""http://airtel-rewards.tk.""], ""phones"": [], ""emails"": []}",Delta2 expansion for weak category.,2026-07-30T11:45:20.406Z,2026-07-30T11:45:20.406Z
TELECOM_SCAM_0092,Jio: You have won 50GB free data. Claim at http://jio-free-data.xyz.,jio: you have won 50gb free data. claim at http://jio-free-data.xyz.,en,TELECOM_SCAM,True,HIGH,scam,synthetic,2.0.0-gamma,"{""urls"": [""http://jio-free-data.xyz.""], ""phones"": [], ""emails"": []}",Delta2 expansion for weak category.,2026-07-30T11:45:20.406Z,2026-07-30T11:45:20.406Z
TELECOM_SCAM_0093,"VI: Your number selected for premium upgrade. Pay Rs 2,500 activation fee.","vi: your number selected for premium upgrade. pay rs 2,500 activation fee.",en,TELECOM_SCAM,True,HIGH,scam,synthetic,2.0.0-gamma,"{""urls"": [], ""phones"": [], ""emails"": []}",Delta2 expansion for weak category.,2026-07-30T11:45:20.407Z,2026-07-30T11:45:20.407Z
TELECOM_SCAM_0094,"BSNL: Your landline bill overdue Rs 6,500. Legal notice dispatched to your address.","bsnl: your landline bill overdue rs 6,500. legal notice dispatched to your address.",en,TELECOM_SCAM,True,HIGH,scam,synthetic,2.0.0-gamma,"{""urls"": [], ""phones"": [], ""emails"": []}",Delta2 expansion for weak category.,2026-07-30T11:45:20.407Z,2026-07-30T11:45:20.407Z
TELECOM_SCAM_0095,Your SIM card has been deactivated due to KYC expiry. Re-verify online now.,your sim card has been deactivated due to kyc expiry. re-verify online now.,en,TELECOM_SCAM,True,HIGH,scam,synthetic,2.0.0-gamma,"{""urls"": [], ""phones"": [], ""emails"": []}",Delta2 expansion for weak category.,2026-07-30T11:45:20.407Z,2026-07-30T11:45:20.407Z
TELECOM_SCAM_0096,Airtel: Aapka recharge plan expire hone wala hai. Renew karo app se warna service band.,airtel: aapka recharge plan expire hone wala hai. renew karo app se warna service band.,hi-en,TELECOM_SCAM,True,HIGH,scam,synthetic,2.0.0-gamma,"{""urls"": [], ""phones"": [], ""emails"": []}",Delta2 expansion for weak category.,2026-07-30T11:45:20.407Z,2026-07-30T11:45:20.407Z
TELECOM_SCAM_0097,Jio: Aapka plan kal expire ho raha hai. Rs 599 ka recharge karo warna service band.,jio: aapka plan kal expire ho raha hai. rs 599 ka recharge karo warna service band.,hi-en,TELECOM_SCAM,True,HIGH,scam,synthetic,2.0.0-gamma,"{""urls"": [], ""phones"": [], ""emails"": []}",Delta2 expansion for weak category.,2026-07-30T11:45:20.407Z,2026-07-30T11:45:20.407Z
TELECOM_SCAM_0098,VI: Unlimited plan band hone wala hai. Abhi recharge karo warna number block.,vi: unlimited plan band hone wala hai. abhi recharge karo warna number block.,hi-en,TELECOM_SCAM,True,HIGH,scam,synthetic,2.0.0-gamma,"{""urls"": [], ""phones"": [], ""emails"": []}",Delta2 expansion for weak category.,2026-07-30T11:45:20.407Z,2026-07-30T11:45:20.407Z
TELECOM_SCAM_0099,BSNL: Aapka SIM expiry date nikal gayi. Re-KYC karo nearest office mein.,bsnl: aapka sim expiry date nikal gayi. re-kyc karo nearest office mein.,hi-en,TELECOM_SCAM,True,HIGH,scam,synthetic,2.0.0-gamma,"{""urls"": [], ""phones"": [], ""emails"": []}",Delta2 expansion for weak category.,2026-07-30T11:45:20.407Z,2026-07-30T11:45:20.407Z
TELECOM_SCAM_0100,"Airtel: Aapke account mein Rs 25,000 ka cashback. Claim at http://airtel-offer.tk.","airtel: aapke account mein rs 25,000 ka cashback. claim at http://airtel-offer.tk.",hi-en,TELECOM_SCAM,True,HIGH,scam,synthetic,2.0.0-gamma,"{""urls"": [""http://airtel-offer.tk.""], ""phones"": [], ""emails"": []}",Delta2 expansion for weak category.,2026-07-30T11:45:20.407Z,2026-07-30T11:45:20.407Z
TELECOM_SCAM_0101,"TRAI: Aapka number spam complaints ki vajah se band kiya jayega. Pay Rs 5,000 penalty.","trai: aapka number spam complaints ki vajah se band kiya jayega. pay rs 5,000 penalty.",hi-en,TELECOM_SCAM,True,HIGH,scam,synthetic,2.0.0-gamma,"{""urls"": [], ""phones"": [], ""emails"": []}",Delta2 expansion for weak category.,2026-07-30T11:45:20.407Z,2026-07-30T11:45:20.407Z
TELECOM_SCAM_0102,Jio: Free 5G upgrade. Rs 999 processing fee bhejein. http://jio-upgrade.top.,jio: free 5g upgrade. rs 999 processing fee bhejein. http://jio-upgrade.top.,hi-en,TELECOM_SCAM,True,HIGH,scam,synthetic,2.0.0-gamma,"{""urls"": [""http://jio-upgrade.top.""], ""phones"": [], ""emails"": []}",Delta2 expansion for weak category.,2026-07-30T11:45:20.407Z,2026-07-30T11:45:20.407Z
TELECOM_SCAM_0103,Aapka SIM doosre city mein activate hua hai. Not you? Call 1800-123-4567 immediately.,aapka sim doosre city mein activate hua hai. not you? call 1800-123-4567 immediately.,hi-en,TELECOM_SCAM,True,HIGH,scam,synthetic,2.0.0-gamma,"{""urls"": [], ""phones"": [""1800-123-4567""], ""emails"": []}",Delta2 expansion for weak category.,2026-07-30T11:45:20.407Z,2026-07-30T11:45:20.407Z
TELECOM_SCAM_0104,DoT: Aapka SIM mobile fraud mein use hua. Abhi 1800-425-6789 pe contact karein.,dot: aapka sim mobile fraud mein use hua. abhi 1800-425-6789 pe contact karein.,hi-en,TELECOM_SCAM,True,HIGH,scam,synthetic,2.0.0-gamma,"{""urls"": [], ""phones"": [""1800-425-6789""], ""emails"": []}",Delta2 expansion for weak category.,2026-07-30T11:45:20.407Z,2026-07-30T11:45:20.407Z
TELECOM_SCAM_0105,"VI: Aapke 50,000 reward points expire. Redeem at http://vi-rewards.xyz.","vi: aapke 50,000 reward points expire. redeem at http://vi-rewards.xyz.",hi-en,TELECOM_SCAM,True,HIGH,scam,synthetic,2.0.0-gamma,"{""urls"": [""http://vi-rewards.xyz.""], ""phones"": [], ""emails"": []}",Delta2 expansion for weak category.,2026-07-30T11:45:20.407Z,2026-07-30T11:45:20.407Z
TELECOM_SCAM_0106,Airtel: Ungal recharge plan expire aaga irukku. Renew pannugal app la.,airtel: ungal recharge plan expire aaga irukku. renew pannugal app la.,ta-en,TELECOM_SCAM,True,HIGH,scam,synthetic,2.0.0-gamma,"{""urls"": [], ""phones"": [], ""emails"": []}",Delta2 expansion for weak category.,2026-07-30T11:45:20.407Z,2026-07-30T11:45:20.407Z
TELECOM_SCAM_0107,Jio: Ungal plan naalai mudiyapoguthu. Rs 599 recharge pannunga.,jio: ungal plan naalai mudiyapoguthu. rs 599 recharge pannunga.,ta-en,TELECOM_SCAM,True,HIGH,scam,synthetic,2.0.0-gamma,"{""urls"": [], ""phones"": [], ""emails"": []}",Delta2 expansion for weak category.,2026-07-30T11:45:20.407Z,2026-07-30T11:45:20.407Z
TELECOM_SCAM_0108,VI: Ungal unlimited plan mudiyapoguthu. Ippave recharge pannuga.,vi: ungal unlimited plan mudiyapoguthu. ippave recharge pannuga.,ta-en,TELECOM_SCAM,True,HIGH,scam,synthetic,2.0.0-gamma,"{""urls"": [], ""phones"": [], ""emails"": []}",Delta2 expansion for weak category.,2026-07-30T11:45:20.407Z,2026-07-30T11:45:20.407Z
TELECOM_SCAM_0109,BSNL: Ungal SIM expiry date kadandhuduchi. Re-KYC nearest office la pannuga.,bsnl: ungal sim expiry date kadandhuduchi. re-kyc nearest office la pannuga.,ta-en,TELECOM_SCAM,True,HIGH,scam,synthetic,2.0.0-gamma,"{""urls"": [], ""phones"": [], ""emails"": []}",Delta2 expansion for weak category.,2026-07-30T11:45:20.407Z,2026-07-30T11:45:20.407Z
TELECOM_SCAM_0110,"Airtel: Ungal account ku Rs 25,000 cashback. Claim at http://airtel-offer.tk.","airtel: ungal account ku rs 25,000 cashback. claim at http://airtel-offer.tk.",ta-en,TELECOM_SCAM,True,HIGH,scam,synthetic,2.0.0-gamma,"{""urls"": [""http://airtel-offer.tk.""], ""phones"": [], ""emails"": []}",Delta2 expansion for weak category.,2026-07-30T11:45:20.407Z,2026-07-30T11:45:20.407Z
TELECOM_SCAM_0111,"TRAI: Ungal number spam complaint kaarana block aagum. Rs 5,000 fine kattuga.","trai: ungal number spam complaint kaarana block aagum. rs 5,000 fine kattuga.",ta-en,TELECOM_SCAM,True,HIGH,scam,synthetic,2.0.0-gamma,"{""urls"": [], ""phones"": [], ""emails"": []}",Delta2 expansion for weak category.,2026-07-30T11:45:20.407Z,2026-07-30T11:45:20.407Z
TELECOM_SCAM_0112,Jio: Free 5G upgrade. Rs 999 processing fee. http://jio-upgrade.top.,jio: free 5g upgrade. rs 999 processing fee. http://jio-upgrade.top.,ta-en,TELECOM_SCAM,True,HIGH,scam,synthetic,2.0.0-gamma,"{""urls"": [""http://jio-upgrade.top.""], ""phones"": [], ""emails"": []}",Delta2 expansion for weak category.,2026-07-30T11:45:20.408Z,2026-07-30T11:45:20.408Z
TELECOM_SCAM_0113,Ungal SIM vere city la activate aachu. Neengal illana 1800-123-4567 ku call pannuga.,ungal sim vere city la activate aachu. neengal illana 1800-123-4567 ku call pannuga.,ta-en,TELECOM_SCAM,True,HIGH,scam,synthetic,2.0.0-gamma,"{""urls"": [], ""phones"": [""1800-123-4567""], ""emails"": []}",Delta2 expansion for weak category.,2026-07-30T11:45:20.408Z,2026-07-30T11:45:20.408Z
TELECOM_SCAM_0114,DoT: Ungal SIM mobile fraud la use pannanga. Ippave 1800-425-6789 ku call pannuga.,dot: ungal sim mobile fraud la use pannanga. ippave 1800-425-6789 ku call pannuga.,ta-en,TELECOM_SCAM,True,HIGH,scam,synthetic,2.0.0-gamma,"{""urls"": [], ""phones"": [""1800-425-6789""], ""emails"": []}",Delta2 expansion for weak category.,2026-07-30T11:45:20.408Z,2026-07-30T11:45:20.408Z
TELECOM_SCAM_0115,"VI: Ungal 50,000 reward points expire aaguthu. Redeem at http://vi-rewards.xyz.","vi: ungal 50,000 reward points expire aaguthu. redeem at http://vi-rewards.xyz.",ta-en,TELECOM_SCAM,True,HIGH,scam,synthetic,2.0.0-gamma,"{""urls"": [""http://vi-rewards.xyz.""], ""phones"": [], ""emails"": []}",Delta2 expansion for weak category.,2026-07-30T11:45:20.408Z,2026-07-30T11:45:20.408Z
TELECOM_SCAM_0116,Airtel: Mee recharge plan expire avutundi. Renew chesukondi app lo.,airtel: mee recharge plan expire avutundi. renew chesukondi app lo.,te-en,TELECOM_SCAM,True,HIGH,scam,synthetic,2.0.0-gamma,"{""urls"": [], ""phones"": [], ""emails"": []}",Delta2 expansion for weak category.,2026-07-30T11:45:20.408Z,2026-07-30T11:45:20.408Z
TELECOM_SCAM_0117,Jio: Mee plan repu expire avutundi. Rs 599 recharge chesukondi.,jio: mee plan repu expire avutundi. rs 599 recharge chesukondi.,te-en,TELECOM_SCAM,True,HIGH,scam,synthetic,2.0.0-gamma,"{""urls"": [], ""phones"": [], ""emails"": []}",Delta2 expansion for weak category.,2026-07-30T11:45:20.408Z,2026-07-30T11:45:20.408Z
TELECOM_SCAM_0118,VI: Mee unlimited plan expire avutundi. Ippude recharge chesukondi.,vi: mee unlimited plan expire avutundi. ippude recharge chesukondi.,te-en,TELECOM_SCAM,True,HIGH,scam,synthetic,2.0.0-gamma,"{""urls"": [], ""phones"": [], ""emails"": []}",Delta2 expansion for weak category.,2026-07-30T11:45:20.408Z,2026-07-30T11:45:20.408Z
TELECOM_SCAM_0119,BSNL: Mee SIM expiry date aipoyindi. Re-KYC nearest office lo chesukondi.,bsnl: mee sim expiry date aipoyindi. re-kyc nearest office lo chesukondi.,te-en,TELECOM_SCAM,True,HIGH,scam,synthetic,2.0.0-gamma,"{""urls"": [], ""phones"": [], ""emails"": []}",Delta2 expansion for weak category.,2026-07-30T11:45:20.408Z,2026-07-30T11:45:20.408Z
TELECOM_SCAM_0120,"Airtel: Mee account lo Rs 25,000 cashback. Claim at http://airtel-offer.tk.","airtel: mee account lo rs 25,000 cashback. claim at http://airtel-offer.tk.",te-en,TELECOM_SCAM,True,HIGH,scam,synthetic,2.0.0-gamma,"{""urls"": [""http://airtel-offer.tk.""], ""phones"": [], ""emails"": []}",Delta2 expansion for weak category.,2026-07-30T11:45:20.408Z,2026-07-30T11:45:20.408Z
TELECOM_SCAM_0121,"TRAI: Mee number spam complaints valana block avutundi. Rs 5,000 fine kattandi.","trai: mee number spam complaints valana block avutundi. rs 5,000 fine kattandi.",te-en,TELECOM_SCAM,True,HIGH,scam,synthetic,2.0.0-gamma,"{""urls"": [], ""phones"": [], ""emails"": []}",Delta2 expansion for weak category.,2026-07-30T11:45:20.408Z,2026-07-30T11:45:20.408Z
TELECOM_SCAM_0122,Mee SIM vere city lo activate ayyindi. Meeru kaka pote 1800-123-4567 ki call cheyandi.,mee sim vere city lo activate ayyindi. meeru kaka pote 1800-123-4567 ki call cheyandi.,te-en,TELECOM_SCAM,True,HIGH,scam,synthetic,2.0.0-gamma,"{""urls"": [], ""phones"": [""1800-123-4567""], ""emails"": []}",Delta2 expansion for weak category.,2026-07-30T11:45:20.408Z,2026-07-30T11:45:20.408Z
TELECOM_SCAM_0123,DoT: Mee SIM mobile fraud lo use chesaru. Ippude 1800-425-6789 ki call cheyandi.,dot: mee sim mobile fraud lo use chesaru. ippude 1800-425-6789 ki call cheyandi.,te-en,TELECOM_SCAM,True,HIGH,scam,synthetic,2.0.0-gamma,"{""urls"": [], ""phones"": [""1800-425-6789""], ""emails"": []}",Delta2 expansion for weak category.,2026-07-30T11:45:20.408Z,2026-07-30T11:45:20.408Z
TELECOM_SCAM_0124,"VI: Mee 50,000 reward points expire avutunnayi. Redeem at http://vi-rewards.xyz.","vi: mee 50,000 reward points expire avutunnayi. redeem at http://vi-rewards.xyz.",te-en,TELECOM_SCAM,True,HIGH,scam,synthetic,2.0.0-gamma,"{""urls"": [""http://vi-rewards.xyz.""], ""phones"": [], ""emails"": []}",Delta2 expansion for weak category.,2026-07-30T11:45:20.408Z,2026-07-30T11:45:20.408Z
LEGITIMATE_SHOPPING_0042,Aapka Amazon order dispatch ho gaya hai. Track karo yahan: http://amazon-track.tk.,aapka amazon order dispatch ho gaya hai. track karo yahan: http://amazon-track.tk.,hi-en,LEGITIMATE_SHOPPING,True,HIGH,scam,synthetic,2.0.0-gamma,"{""urls"": [""http://amazon-track.tk.""], ""phones"": [], ""emails"": []}",Delta2 expansion for weak category.,2026-07-30T11:45:20.408Z,2026-07-30T11:45:20.408Z
LEGITIMATE_SHOPPING_0043,Flipkart: Aapka order bhej diya gaya hai. Yahan track karein: http://flipkart-track.xyz.,flipkart: aapka order bhej diya gaya hai. yahan track karein: http://flipkart-track.xyz.,hi-en,LEGITIMATE_SHOPPING,True,HIGH,scam,synthetic,2.0.0-gamma,"{""urls"": [""http://flipkart-track.xyz.""], ""phones"": [], ""emails"": []}",Delta2 expansion for weak category.,2026-07-30T11:45:20.408Z,2026-07-30T11:45:20.408Z
LEGITIMATE_SHOPPING_0044,Amazon: Aapke order mein problem hai. Is link se update karo: http://amazon-update.in.,amazon: aapke order mein problem hai. is link se update karo: http://amazon-update.in.,hi-en,LEGITIMATE_SHOPPING,True,HIGH,scam,synthetic,2.0.0-gamma,"{""urls"": [""http://amazon-update.in.""], ""phones"": [], ""emails"": []}",Delta2 expansion for weak category.,2026-07-30T11:45:20.408Z,2026-07-30T11:45:20.408Z
LEGITIMATE_SHOPPING_0045,Meesho: Aapka parcel dispatch. Delivery date confirm karo: http://meesho-dispatch.tk.,meesho: aapka parcel dispatch. delivery date confirm karo: http://meesho-dispatch.tk.,hi-en,LEGITIMATE_SHOPPING,True,HIGH,scam,synthetic,2.0.0-gamma,"{""urls"": [""http://meesho-dispatch.tk.""], ""phones"": [], ""emails"": []}",Delta2 expansion for weak category.,2026-07-30T11:45:20.408Z,2026-07-30T11:45:20.408Z
LEGITIMATE_SHOPPING_0046,Amazon: Aapka return pickup confirm hai. Kal 10-1 baje aayega delivery boy.,amazon: aapka return pickup confirm hai. kal 10-1 baje aayega delivery boy.,hi-en,LEGITIMATE_SHOPPING,True,HIGH,scam,synthetic,2.0.0-gamma,"{""urls"": [], ""phones"": [], ""emails"": []}",Delta2 expansion for weak category.,2026-07-30T11:45:20.408Z,2026-07-30T11:45:20.408Z
LEGITIMATE_SHOPPING_0047,Flipkart: Exchange ke liye pickup scheduled. Product ready rakhein.,flipkart: exchange ke liye pickup scheduled. product ready rakhein.,hi-en,LEGITIMATE_SHOPPING,True,HIGH,scam,synthetic,2.0.0-gamma,"{""urls"": [], ""phones"": [], ""emails"": []}",Delta2 expansion for weak category.,2026-07-30T11:45:20.408Z,2026-07-30T11:45:20.408Z
LEGITIMATE_SHOPPING_0048,Amazon: Aapki delivery aaj 6-9 PM ke beech hogi. Ghar pe rahein.,amazon: aapki delivery aaj 6-9 pm ke beech hogi. ghar pe rahein.,hi-en,LEGITIMATE_SHOPPING,True,HIGH,scam,synthetic,2.0.0-gamma,"{""urls"": [], ""phones"": [], ""emails"": []}",Delta2 expansion for weak category.,2026-07-30T11:45:20.408Z,2026-07-30T11:45:20.408Z
LEGITIMATE_SHOPPING_0049,Yourntra: Aapka order dispatch. 5-7 din mein delivery. Track karo app se.,yourntra: aapka order dispatch. 5-7 din mein delivery. track karo app se.,hi-en,LEGITIMATE_SHOPPING,True,HIGH,scam,synthetic,2.0.0-gamma,"{""urls"": [], ""phones"": [], ""emails"": []}",Delta2 expansion for weak category.,2026-07-30T11:45:20.408Z,2026-07-30T11:45:20.408Z
LEGITIMATE_SHOPPING_0050,Snapdeal: Aapka order shipped. Delivery address confirm karo: http://snapdeal-verify.xyz.,snapdeal: aapka order shipped. delivery address confirm karo: http://snapdeal-verify.xyz.,hi-en,LEGITIMATE_SHOPPING,True,HIGH,scam,synthetic,2.0.0-gamma,"{""urls"": [""http://snapdeal-verify.xyz.""], ""phones"": [], ""emails"": []}",Delta2 expansion for weak category.,2026-07-30T11:45:20.408Z,2026-07-30T11:45:20.408Z
LEGITIMATE_SHOPPING_0051,"Amazon: COD order Rs 2,499 out for delivery. Exact cash rakhein.","amazon: cod order rs 2,499 out for delivery. exact cash rakhein.",hi-en,LEGITIMATE_SHOPPING,True,HIGH,scam,synthetic,2.0.0-gamma,"{""urls"": [], ""phones"": [], ""emails"": []}",Delta2 expansion for weak category.,2026-07-30T11:45:20.408Z,2026-07-30T11:45:20.408Z
LEGITIMATE_SHOPPING_0052,Amazon order dispatch aagirukku. Track pannugal: http://amazon-track.tk.,amazon order dispatch aagirukku. track pannugal: http://amazon-track.tk.,ta-en,LEGITIMATE_SHOPPING,True,HIGH,scam,synthetic,2.0.0-gamma,"{""urls"": [""http://amazon-track.tk.""], ""phones"": [], ""emails"": []}",Delta2 expansion for weak category.,2026-07-30T11:45:20.408Z,2026-07-30T11:45:20.408Z
LEGITIMATE_SHOPPING_0053,Flipkart: Ungal order anupapadugirathu. Track pannugal: http://flipkart-track.xyz.,flipkart: ungal order anupapadugirathu. track pannugal: http://flipkart-track.xyz.,ta-en,LEGITIMATE_SHOPPING,True,HIGH,scam,synthetic,2.0.0-gamma,"{""urls"": [""http://flipkart-track.xyz.""], ""phones"": [], ""emails"": []}",Delta2 expansion for weak category.,2026-07-30T11:45:20.408Z,2026-07-30T11:45:20.408Z
LEGITIMATE_SHOPPING_0054,Amazon: Ungal order delivery ku varudhu. Konjam update pannuga: http://amazon-update.in.,amazon: ungal order delivery ku varudhu. konjam update pannuga: http://amazon-update.in.,ta-en,LEGITIMATE_SHOPPING,True,HIGH,scam,synthetic,2.0.0-gamma,"{""urls"": [""http://amazon-update.in.""], ""phones"": [], ""emails"": []}",Delta2 expansion for weak category.,2026-07-30T11:45:20.409Z,2026-07-30T11:45:20.409Z
LEGITIMATE_SHOPPING_0055,Meesho: Ungal parcel dispatch aachu. Delivery date confirm pannuga.,meesho: ungal parcel dispatch aachu. delivery date confirm pannuga.,ta-en,LEGITIMATE_SHOPPING,True,HIGH,scam,synthetic,2.0.0-gamma,"{""urls"": [], ""phones"": [], ""emails"": []}",Delta2 expansion for weak category.,2026-07-30T11:45:20.409Z,2026-07-30T11:45:20.409Z
LEGITIMATE_SHOPPING_0056,Amazon: Ungal return pickup confirm aachu. Naalaikku 10-1 varuvaanga.,amazon: ungal return pickup confirm aachu. naalaikku 10-1 varuvaanga.,ta-en,LEGITIMATE_SHOPPING,True,HIGH,scam,synthetic,2.0.0-gamma,"{""urls"": [], ""phones"": [], ""emails"": []}",Delta2 expansion for weak category.,2026-07-30T11:45:20.409Z,2026-07-30T11:45:20.409Z
LEGITIMATE_SHOPPING_0057,Flipkart: Exchange pickup scheduled aachu. Product ready vaithundu.,flipkart: exchange pickup scheduled aachu. product ready vaithundu.,ta-en,LEGITIMATE_SHOPPING,True,HIGH,scam,synthetic,2.0.0-gamma,"{""urls"": [], ""phones"": [], ""emails"": []}",Delta2 expansion for weak category.,2026-07-30T11:45:20.409Z,2026-07-30T11:45:20.409Z
LEGITIMATE_SHOPPING_0058,Amazon: Ungal delivery innikku 6-9 PM. Veetla irundhuga.,amazon: ungal delivery innikku 6-9 pm. veetla irundhuga.,ta-en,LEGITIMATE_SHOPPING,True,HIGH,scam,synthetic,2.0.0-gamma,"{""urls"": [], ""phones"": [], ""emails"": []}",Delta2 expansion for weak category.,2026-07-30T11:45:20.409Z,2026-07-30T11:45:20.409Z
LEGITIMATE_SHOPPING_0059,Myntra: Ungal order dispatch. 5-7 days la delivery varum. App la track pannuga.,myntra: ungal order dispatch. 5-7 days la delivery varum. app la track pannuga.,ta-en,LEGITIMATE_SHOPPING,True,HIGH,scam,synthetic,2.0.0-gamma,"{""urls"": [], ""phones"": [], ""emails"": []}",Delta2 expansion for weak category.,2026-07-30T11:45:20.409Z,2026-07-30T11:45:20.409Z
LEGITIMATE_SHOPPING_0060,Snapdeal: Ungal order shipped. Delivery address confirm pannuga: http://snapdeal-verify.xyz.,snapdeal: ungal order shipped. delivery address confirm pannuga: http://snapdeal-verify.xyz.,ta-en,LEGITIMATE_SHOPPING,True,HIGH,scam,synthetic,2.0.0-gamma,"{""urls"": [""http://snapdeal-verify.xyz.""], ""phones"": [], ""emails"": []}",Delta2 expansion for weak category.,2026-07-30T11:45:20.409Z,2026-07-30T11:45:20.409Z
LEGITIMATE_SHOPPING_0061,"Amazon: COD order Rs 2,499 out for delivery. Exact cash vaithundu.","amazon: cod order rs 2,499 out for delivery. exact cash vaithundu.",ta-en,LEGITIMATE_SHOPPING,True,HIGH,scam,synthetic,2.0.0-gamma,"{""urls"": [], ""phones"": [], ""emails"": []}",Delta2 expansion for weak category.,2026-07-30T11:45:20.409Z,2026-07-30T11:45:20.409Z
LEGITIMATE_SHOPPING_0062,Amazon order dispatch ayindi. Track cheyandi: http://amazon-track.tk.,amazon order dispatch ayindi. track cheyandi: http://amazon-track.tk.,te-en,LEGITIMATE_SHOPPING,True,HIGH,scam,synthetic,2.0.0-gamma,"{""urls"": [""http://amazon-track.tk.""], ""phones"": [], ""emails"": []}",Delta2 expansion for weak category.,2026-07-30T11:45:20.409Z,2026-07-30T11:45:20.409Z
LEGITIMATE_SHOPPING_0063,Flipkart: Mee order pampabadindi. Track cheyandi: http://flipkart-track.xyz.,flipkart: mee order pampabadindi. track cheyandi: http://flipkart-track.xyz.,te-en,LEGITIMATE_SHOPPING,True,HIGH,scam,synthetic,2.0.0-gamma,"{""urls"": [""http://flipkart-track.xyz.""], ""phones"": [], ""emails"": []}",Delta2 expansion for weak category.,2026-07-30T11:45:20.409Z,2026-07-30T11:45:20.409Z
LEGITIMATE_SHOPPING_0064,Amazon: Mee order lo problem undi. Update cheyandi: http://amazon-update.in.,amazon: mee order lo problem undi. update cheyandi: http://amazon-update.in.,te-en,LEGITIMATE_SHOPPING,True,HIGH,scam,synthetic,2.0.0-gamma,"{""urls"": [""http://amazon-update.in.""], ""phones"": [], ""emails"": []}",Delta2 expansion for weak category.,2026-07-30T11:45:20.409Z,2026-07-30T11:45:20.409Z
LEGITIMATE_SHOPPING_0065,Meesho: Mee parcel dispatch ayyindi. Delivery date confirm cheyandi.,meesho: mee parcel dispatch ayyindi. delivery date confirm cheyandi.,te-en,LEGITIMATE_SHOPPING,True,HIGH,scam,synthetic,2.0.0-gamma,"{""urls"": [], ""phones"": [], ""emails"": []}",Delta2 expansion for weak category.,2026-07-30T11:45:20.409Z,2026-07-30T11:45:20.409Z
LEGITIMATE_SHOPPING_0066,Amazon: Mee return pickup confirm ayyindi. Repu 10-1 varuvalu.,amazon: mee return pickup confirm ayyindi. repu 10-1 varuvalu.,te-en,LEGITIMATE_SHOPPING,True,HIGH,scam,synthetic,2.0.0-gamma,"{""urls"": [], ""phones"": [], ""emails"": []}",Delta2 expansion for weak category.,2026-07-30T11:45:20.409Z,2026-07-30T11:45:20.409Z
LEGITIMATE_SHOPPING_0067,Flipkart: Exchange pickup scheduled. Product ready ga unchandi.,flipkart: exchange pickup scheduled. product ready ga unchandi.,te-en,LEGITIMATE_SHOPPING,True,HIGH,scam,synthetic,2.0.0-gamma,"{""urls"": [], ""phones"": [], ""emails"": []}",Delta2 expansion for weak category.,2026-07-30T11:45:20.409Z,2026-07-30T11:45:20.409Z
LEGITIMATE_SHOPPING_0068,Amazon: Mee delivery iedu 6-9 PM madhya. Intlo undandi.,amazon: mee delivery iedu 6-9 pm madhya. intlo undandi.,te-en,LEGITIMATE_SHOPPING,True,HIGH,scam,synthetic,2.0.0-gamma,"{""urls"": [], ""phones"": [], ""emails"": []}",Delta2 expansion for weak category.,2026-07-30T11:45:20.409Z,2026-07-30T11:45:20.409Z
LEGITIMATE_SHOPPING_0069,Myntra: Mee order dispatch. 5-7 days lo delivery. App lo track cheyandi.,myntra: mee order dispatch. 5-7 days lo delivery. app lo track cheyandi.,te-en,LEGITIMATE_SHOPPING,True,HIGH,scam,synthetic,2.0.0-gamma,"{""urls"": [], ""phones"": [], ""emails"": []}",Delta2 expansion for weak category.,2026-07-30T11:45:20.409Z,2026-07-30T11:45:20.409Z
LEGITIMATE_SHOPPING_0070,Snapdeal: Mee order shipped. Delivery address confirm cheyandi.,snapdeal: mee order shipped. delivery address confirm cheyandi.,te-en,LEGITIMATE_SHOPPING,True,HIGH,scam,synthetic,2.0.0-gamma,"{""urls"": [], ""phones"": [], ""emails"": []}",Delta2 expansion for weak category.,2026-07-30T11:45:20.409Z,2026-07-30T11:45:20.409Z
LEGITIMATE_SHOPPING_0071,"Amazon: COD order Rs 2,499 out for delivery. Exact cash unchandi.","amazon: cod order rs 2,499 out for delivery. exact cash unchandi.",te-en,LEGITIMATE_SHOPPING,True,HIGH,scam,synthetic,2.0.0-gamma,"{""urls"": [], ""phones"": [], ""emails"": []}",Delta2 expansion for weak category.,2026-07-30T11:45:20.409Z,2026-07-30T11:45:20.409Z
FAKE_CUSTOMER_CARE_0081,Amazon: Aapka order return ho gaya hai. Refund ke liye bank details update karo.,amazon: aapka order return ho gaya hai. refund ke liye bank details update karo.,hi-en,FAKE_CUSTOMER_CARE,True,HIGH,scam,synthetic,2.0.0-gamma,"{""urls"": [], ""phones"": [], ""emails"": []}",Delta2 expansion for weak category.,2026-07-30T11:45:20.409Z,2026-07-30T11:45:20.409Z
FAKE_CUSTOMER_CARE_0082,LinkedIn: Aapka account restriction ke liye pending hai. Verify at http://linkedin-verify.tk.,linkedin: aapka account restriction ke liye pending hai. verify at http://linkedin-verify.tk.,hi-en,FAKE_CUSTOMER_CARE,True,HIGH,scam,synthetic,2.0.0-gamma,"{""urls"": [""http://linkedin-verify.tk.""], ""phones"": [], ""emails"": []}",Delta2 expansion for weak category.,2026-07-30T11:45:20.409Z,2026-07-30T11:45:20.409Z
FAKE_CUSTOMER_CARE_0083,"Amazon Pay: Aapke wallet se Rs 5,000 debit hua hai. Dispute? Call 1800-123-4567.","amazon pay: aapke wallet se rs 5,000 debit hua hai. dispute? call 1800-123-4567.",hi-en,FAKE_CUSTOMER_CARE,True,HIGH,scam,synthetic,2.0.0-gamma,"{""urls"": [], ""phones"": [""1800-123-4567""], ""emails"": []}",Delta2 expansion for weak category.,2026-07-30T11:45:20.409Z,2026-07-30T11:45:20.409Z
FAKE_CUSTOMER_CARE_0084,Google: Aapka account suspicious activity ki vajah se block ho gaya. http://google-recover.tk.,google: aapka account suspicious activity ki vajah se block ho gaya. http://google-recover.tk.,hi-en,FAKE_CUSTOMER_CARE,True,HIGH,scam,synthetic,2.0.0-gamma,"{""urls"": [""http://google-recover.tk.""], ""phones"": [], ""emails"": []}",Delta2 expansion for weak category.,2026-07-30T11:45:20.409Z,2026-07-30T11:45:20.409Z
FAKE_CUSTOMER_CARE_0085,Netflix: Aapka payment fail ho gaya. Card update karo warna account band.,netflix: aapka payment fail ho gaya. card update karo warna account band.,hi-en,FAKE_CUSTOMER_CARE,True,HIGH,scam,synthetic,2.0.0-gamma,"{""urls"": [], ""phones"": [], ""emails"": []}",Delta2 expansion for weak category.,2026-07-30T11:45:20.409Z,2026-07-30T11:45:20.409Z
FAKE_CUSTOMER_CARE_0086,Facebook: Aapka page delete kar diya gaya hai. Appeal at http://fb-appeal.xyz.,facebook: aapka page delete kar diya gaya hai. appeal at http://fb-appeal.xyz.,hi-en,FAKE_CUSTOMER_CARE,True,HIGH,scam,synthetic,2.0.0-gamma,"{""urls"": [""http://fb-appeal.xyz.""], ""phones"": [], ""emails"": []}",Delta2 expansion for weak category.,2026-07-30T11:45:20.409Z,2026-07-30T11:45:20.409Z
FAKE_CUSTOMER_CARE_0087,"Swiggy: Aapka account mein Rs 15,000 cashback. Claim karo: http://swiggy-gold.xyz.","swiggy: aapka account mein rs 15,000 cashback. claim karo: http://swiggy-gold.xyz.",hi-en,FAKE_CUSTOMER_CARE,True,HIGH,scam,synthetic,2.0.0-gamma,"{""urls"": [""http://swiggy-gold.xyz.""], ""phones"": [], ""emails"": []}",Delta2 expansion for weak category.,2026-07-30T11:45:20.410Z,2026-07-30T11:45:20.410Z
FAKE_CUSTOMER_CARE_0088,"Zomato: Pro membership Rs 2,999 auto-renew. Cancel nahi kiya to charge hoga.","zomato: pro membership rs 2,999 auto-renew. cancel nahi kiya to charge hoga.",hi-en,FAKE_CUSTOMER_CARE,True,HIGH,scam,synthetic,2.0.0-gamma,"{""urls"": [], ""phones"": [], ""emails"": []}",Delta2 expansion for weak category.,2026-07-30T11:45:20.410Z,2026-07-30T11:45:20.410Z
FAKE_CUSTOMER_CARE_0089,"Amazon Prime: Rs 1,499 auto-renewal successful. Cancel at http://amazon-cancel.tk.","amazon prime: rs 1,499 auto-renewal successful. cancel at http://amazon-cancel.tk.",hi-en,FAKE_CUSTOMER_CARE,True,HIGH,scam,synthetic,2.0.0-gamma,"{""urls"": [""http://amazon-cancel.tk.""], ""phones"": [], ""emails"": []}",Delta2 expansion for weak category.,2026-07-30T11:45:20.410Z,2026-07-30T11:45:20.410Z
FAKE_CUSTOMER_CARE_0090,"Google One: 100GB storage upgrade Rs 1,300/year. Pay now to avoid data loss.","google one: 100gb storage upgrade rs 1,300/year. pay now to avoid data loss.",hi-en,FAKE_CUSTOMER_CARE,True,HIGH,scam,synthetic,2.0.0-gamma,"{""urls"": [], ""phones"": [], ""emails"": []}",Delta2 expansion for weak category.,2026-07-30T11:45:20.410Z,2026-07-30T11:45:20.410Z
FAKE_CUSTOMER_CARE_0091,Amazon: Ungal order return aagirukku. Refund ku bank details update pannuga.,amazon: ungal order return aagirukku. refund ku bank details update pannuga.,ta-en,FAKE_CUSTOMER_CARE,True,HIGH,scam,synthetic,2.0.0-gamma,"{""urls"": [], ""phones"": [], ""emails"": []}",Delta2 expansion for weak category.,2026-07-30T11:45:20.410Z,2026-07-30T11:45:20.410Z
FAKE_CUSTOMER_CARE_0092,LinkedIn: Ungal account restriction pending. Verify at http://linkedin-verify.tk.,linkedin: ungal account restriction pending. verify at http://linkedin-verify.tk.,ta-en,FAKE_CUSTOMER_CARE,True,HIGH,scam,synthetic,2.0.0-gamma,"{""urls"": [""http://linkedin-verify.tk.""], ""phones"": [], ""emails"": []}",Delta2 expansion for weak category.,2026-07-30T11:45:20.410Z,2026-07-30T11:45:20.410Z
FAKE_CUSTOMER_CARE_0093,"Amazon Pay: Ungal wallet la Rs 5,000 debit aachu. Dispute na 1800-123-4567 ku call.","amazon pay: ungal wallet la rs 5,000 debit aachu. dispute na 1800-123-4567 ku call.",ta-en,FAKE_CUSTOMER_CARE,True,HIGH,scam,synthetic,2.0.0-gamma,"{""urls"": [], ""phones"": [""1800-123-4567""], ""emails"": []}",Delta2 expansion for weak category.,2026-07-30T11:45:20.410Z,2026-07-30T11:45:20.410Z
FAKE_CUSTOMER_CARE_0094,Google: Ungal account suspicious activity la block aachu. http://google-recover.tk.,google: ungal account suspicious activity la block aachu. http://google-recover.tk.,ta-en,FAKE_CUSTOMER_CARE,True,HIGH,scam,synthetic,2.0.0-gamma,"{""urls"": [""http://google-recover.tk.""], ""phones"": [], ""emails"": []}",Delta2 expansion for weak category.,2026-07-30T11:45:20.410Z,2026-07-30T11:45:20.410Z
FAKE_CUSTOMER_CARE_0095,Netflix: Ungal payment fail aachu. Card update pannuga illana account block.,netflix: ungal payment fail aachu. card update pannuga illana account block.,ta-en,FAKE_CUSTOMER_CARE,True,HIGH,scam,synthetic,2.0.0-gamma,"{""urls"": [], ""phones"": [], ""emails"": []}",Delta2 expansion for weak category.,2026-07-30T11:45:20.410Z,2026-07-30T11:45:20.410Z
FAKE_CUSTOMER_CARE_0096,Facebook: Ungal page delete pannitanga. Appeal at http://fb-appeal.xyz.,facebook: ungal page delete pannitanga. appeal at http://fb-appeal.xyz.,ta-en,FAKE_CUSTOMER_CARE,True,HIGH,scam,synthetic,2.0.0-gamma,"{""urls"": [""http://fb-appeal.xyz.""], ""phones"": [], ""emails"": []}",Delta2 expansion for weak category.,2026-07-30T11:45:20.410Z,2026-07-30T11:45:20.410Z
FAKE_CUSTOMER_CARE_0097,"Swiggy: Ungal account ku Rs 15,000 cashback. Claim pannuga: http://swiggy-gold.xyz.","swiggy: ungal account ku rs 15,000 cashback. claim pannuga: http://swiggy-gold.xyz.",ta-en,FAKE_CUSTOMER_CARE,True,HIGH,scam,synthetic,2.0.0-gamma,"{""urls"": [""http://swiggy-gold.xyz.""], ""phones"": [], ""emails"": []}",Delta2 expansion for weak category.,2026-07-30T11:45:20.410Z,2026-07-30T11:45:20.410Z
FAKE_CUSTOMER_CARE_0098,"Zomato: Pro membership Rs 2,999 auto-renew. Cancel pannalum charge aagum.","zomato: pro membership rs 2,999 auto-renew. cancel pannalum charge aagum.",ta-en,FAKE_CUSTOMER_CARE,True,HIGH,scam,synthetic,2.0.0-gamma,"{""urls"": [], ""phones"": [], ""emails"": []}",Delta2 expansion for weak category.,2026-07-30T11:45:20.410Z,2026-07-30T11:45:20.410Z
FAKE_CUSTOMER_CARE_0099,"Amazon Prime: Rs 1,499 auto-renewal aachu. Cancel at http://amazon-cancel.tk.","amazon prime: rs 1,499 auto-renewal aachu. cancel at http://amazon-cancel.tk.",ta-en,FAKE_CUSTOMER_CARE,True,HIGH,scam,synthetic,2.0.0-gamma,"{""urls"": [""http://amazon-cancel.tk.""], ""phones"": [], ""emails"": []}",Delta2 expansion for weak category.,2026-07-30T11:45:20.410Z,2026-07-30T11:45:20.410Z
FAKE_CUSTOMER_CARE_0100,Amazon: Mee order return ayyindi. Refund ki bank details update cheyandi.,amazon: mee order return ayyindi. refund ki bank details update cheyandi.,te-en,FAKE_CUSTOMER_CARE,True,HIGH,scam,synthetic,2.0.0-gamma,"{""urls"": [], ""phones"": [], ""emails"": []}",Delta2 expansion for weak category.,2026-07-30T11:45:20.410Z,2026-07-30T11:45:20.410Z
FAKE_CUSTOMER_CARE_0101,LinkedIn: Mee account restriction pending. Verify at http://linkedin-verify.tk.,linkedin: mee account restriction pending. verify at http://linkedin-verify.tk.,te-en,FAKE_CUSTOMER_CARE,True,HIGH,scam,synthetic,2.0.0-gamma,"{""urls"": [""http://linkedin-verify.tk.""], ""phones"": [], ""emails"": []}",Delta2 expansion for weak category.,2026-07-30T11:45:20.410Z,2026-07-30T11:45:20.410Z
FAKE_CUSTOMER_CARE_0102,"Amazon Pay: Mee wallet nundi Rs 5,000 debit ayyindi. Dispute ante 1800-123-4567 ki call.","amazon pay: mee wallet nundi rs 5,000 debit ayyindi. dispute ante 1800-123-4567 ki call.",te-en,FAKE_CUSTOMER_CARE,True,HIGH,scam,synthetic,2.0.0-gamma,"{""urls"": [], ""phones"": [""1800-123-4567""], ""emails"": []}",Delta2 expansion for weak category.,2026-07-30T11:45:20.410Z,2026-07-30T11:45:20.410Z
FAKE_CUSTOMER_CARE_0103,Google: Mee account suspicious activity valla block ayyindi. http://google-recover.tk.,google: mee account suspicious activity valla block ayyindi. http://google-recover.tk.,te-en,FAKE_CUSTOMER_CARE,True,HIGH,scam,synthetic,2.0.0-gamma,"{""urls"": [""http://google-recover.tk.""], ""phones"": [], ""emails"": []}",Delta2 expansion for weak category.,2026-07-30T11:45:20.410Z,2026-07-30T11:45:20.410Z
FAKE_CUSTOMER_CARE_0104,Netflix: Mee payment fail ayyindi. Card update cheyandi leka account block.,netflix: mee payment fail ayyindi. card update cheyandi leka account block.,te-en,FAKE_CUSTOMER_CARE,True,HIGH,scam,synthetic,2.0.0-gamma,"{""urls"": [], ""phones"": [], ""emails"": []}",Delta2 expansion for weak category.,2026-07-30T11:45:20.410Z,2026-07-30T11:45:20.410Z
FAKE_CUSTOMER_CARE_0105,Facebook: Mee page delete chesaru. Appeal at http://fb-appeal.xyz.,facebook: mee page delete chesaru. appeal at http://fb-appeal.xyz.,te-en,FAKE_CUSTOMER_CARE,True,HIGH,scam,synthetic,2.0.0-gamma,"{""urls"": [""http://fb-appeal.xyz.""], ""phones"": [], ""emails"": []}",Delta2 expansion for weak category.,2026-07-30T11:45:20.410Z,2026-07-30T11:45:20.410Z
FAKE_CUSTOMER_CARE_0106,"Swiggy: Mee account lo Rs 15,000 cashback. Claim cheyandi: http://swiggy-gold.xyz.","swiggy: mee account lo rs 15,000 cashback. claim cheyandi: http://swiggy-gold.xyz.",te-en,FAKE_CUSTOMER_CARE,True,HIGH,scam,synthetic,2.0.0-gamma,"{""urls"": [""http://swiggy-gold.xyz.""], ""phones"": [], ""emails"": []}",Delta2 expansion for weak category.,2026-07-30T11:45:20.410Z,2026-07-30T11:45:20.410Z
FAKE_CUSTOMER_CARE_0107,"Zomato: Pro membership Rs 2,999 auto-renew. Cancel chesina charge avutundi.","zomato: pro membership rs 2,999 auto-renew. cancel chesina charge avutundi.",te-en,FAKE_CUSTOMER_CARE,True,HIGH,scam,synthetic,2.0.0-gamma,"{""urls"": [], ""phones"": [], ""emails"": []}",Delta2 expansion for weak category.,2026-07-30T11:45:20.410Z,2026-07-30T11:45:20.410Z
FAKE_CUSTOMER_CARE_0108,"Amazon Prime: Rs 1,499 auto-renewal ayyindi. Cancel at http://amazon-cancel.tk.","amazon prime: rs 1,499 auto-renewal ayyindi. cancel at http://amazon-cancel.tk.",te-en,FAKE_CUSTOMER_CARE,True,HIGH,scam,synthetic,2.0.0-gamma,"{""urls"": [""http://amazon-cancel.tk.""], ""phones"": [], ""emails"": []}",Delta2 expansion for weak category.,2026-07-30T11:45:20.410Z,2026-07-30T11:45:20.410Z
OTP_SCAM_0075,Aapka Google verification code 482916. 5 minute mein expire. Kisi ko na bataye.,aapka google verification code 482916. 5 minute mein expire. kisi ko na bataye.,hi-en,OTP_SCAM,True,HIGH,scam,synthetic,2.0.0-gamma,"{""urls"": [], ""phones"": [], ""emails"": []}",Delta2 expansion for weak category.,2026-07-30T11:45:20.410Z,2026-07-30T11:45:20.410Z
OTP_SCAM_0076,Amazon OTP 563412 login ke liye. Not you? Call 1800-3000-1234.,amazon otp 563412 login ke liye. not you? call 1800-3000-1234.,hi-en,OTP_SCAM,True,HIGH,scam,synthetic,2.0.0-gamma,"{""urls"": [], ""phones"": [""1800-3000-1234""], ""emails"": []}",Delta2 expansion for weak category.,2026-07-30T11:45:20.410Z,2026-07-30T11:45:20.410Z
OTP_SCAM_0077,PhonePe OTP 345678. Naya beneficiary. Not you? Forward OTP to 9988776655.,phonepe otp 345678. naya beneficiary. not you? forward otp to 9988776655.,hi-en,OTP_SCAM,True,HIGH,scam,synthetic,2.0.0-gamma,"{""urls"": [], ""phones"": [""9988776655""], ""emails"": []}",Delta2 expansion for weak category.,2026-07-30T11:45:20.410Z,2026-07-30T11:45:20.410Z
OTP_SCAM_0078,"SBI OTP 891234. Rs 45,000 transfer. Not you? Call 1800-425-3800.","sbi otp 891234. rs 45,000 transfer. not you? call 1800-425-3800.",hi-en,OTP_SCAM,True,HIGH,scam,synthetic,2.0.0-gamma,"{""urls"": [], ""phones"": [""1800-425-3800""], ""emails"": []}",Delta2 expansion for weak category.,2026-07-30T11:45:20.410Z,2026-07-30T11:45:20.410Z
OTP_SCAM_0079,WhatsApp OTP 673489. Share na karein. Forward 9876543210 agar aapne nahi kiya.,whatsapp otp 673489. share na karein. forward 9876543210 agar aapne nahi kiya.,hi-en,OTP_SCAM,True,HIGH,scam,synthetic,2.0.0-gamma,"{""urls"": [], ""phones"": [""9876543210""], ""emails"": []}",Delta2 expansion for weak category.,2026-07-30T11:45:20.411Z,2026-07-30T11:45:20.411Z
OTP_SCAM_0080,IRCTC OTP 945612. PNR cancellation. Not you? Call immediately.,irctc otp 945612. pnr cancellation. not you? call immediately.,hi-en,OTP_SCAM,True,HIGH,scam,synthetic,2.0.0-gamma,"{""urls"": [], ""phones"": [], ""emails"": []}",Delta2 expansion for weak category.,2026-07-30T11:45:20.411Z,2026-07-30T11:45:20.411Z
OTP_SCAM_0081,"GPay OTP 623489. Rs 12,500 payment. Not you? Share OTP to reverse.","gpay otp 623489. rs 12,500 payment. not you? share otp to reverse.",hi-en,OTP_SCAM,True,HIGH,scam,synthetic,2.0.0-gamma,"{""urls"": [], ""phones"": [], ""emails"": []}",Delta2 expansion for weak category.,2026-07-30T11:45:20.411Z,2026-07-30T11:45:20.411Z
OTP_SCAM_0082,"Paytm OTP 890123. Rs 25,000 wallet transfer. Send OTP to block.","paytm otp 890123. rs 25,000 wallet transfer. send otp to block.",hi-en,OTP_SCAM,True,HIGH,scam,synthetic,2.0.0-gamma,"{""urls"": [], ""phones"": [], ""emails"": []}",Delta2 expansion for weak category.,2026-07-30T11:45:20.411Z,2026-07-30T11:45:20.411Z
OTP_SCAM_0083,Facebook OTP 784512 password reset. Not you? Reply OTP to secure.,facebook otp 784512 password reset. not you? reply otp to secure.,hi-en,OTP_SCAM,True,HIGH,scam,synthetic,2.0.0-gamma,"{""urls"": [], ""phones"": [], ""emails"": []}",Delta2 expansion for weak category.,2026-07-30T11:45:20.411Z,2026-07-30T11:45:20.411Z
OTP_SCAM_0084,Netflix OTP 234567 account recovery. Share OTP to lock if not you.,netflix otp 234567 account recovery. share otp to lock if not you.,hi-en,OTP_SCAM,True,HIGH,scam,synthetic,2.0.0-gamma,"{""urls"": [], ""phones"": [], ""emails"": []}",Delta2 expansion for weak category.,2026-07-30T11:45:20.411Z,2026-07-30T11:45:20.411Z
OTP_SCAM_0085,Google verification code 482916. 5 minutes la expire aagum. Yaarukkum share pannathinga.,google verification code 482916. 5 minutes la expire aagum. yaarukkum share pannathinga.,ta-en,OTP_SCAM,True,HIGH,scam,synthetic,2.0.0-gamma,"{""urls"": [], ""phones"": [], ""emails"": []}",Delta2 expansion for weak category.,2026-07-30T11:45:20.411Z,2026-07-30T11:45:20.411Z
OTP_SCAM_0086,Amazon OTP 563412 login ku. Neenga illana 1800-3000-1234 ku call.,amazon otp 563412 login ku. neenga illana 1800-3000-1234 ku call.,ta-en,OTP_SCAM,True,HIGH,scam,synthetic,2.0.0-gamma,"{""urls"": [], ""phones"": [""1800-3000-1234""], ""emails"": []}",Delta2 expansion for weak category.,2026-07-30T11:45:20.411Z,2026-07-30T11:45:20.411Z
OTP_SCAM_0087,PhonePe OTP 345678. Puthu beneficiary. Not you? OTP ah forward pannuga.,phonepe otp 345678. puthu beneficiary. not you? otp ah forward pannuga.,ta-en,OTP_SCAM,True,HIGH,scam,synthetic,2.0.0-gamma,"{""urls"": [], ""phones"": [], ""emails"": []}",Delta2 expansion for weak category.,2026-07-30T11:45:20.411Z,2026-07-30T11:45:20.411Z
OTP_SCAM_0088,"SBI OTP 891234. Rs 45,000 transfer. Neenga illana 1800-425-3800.","sbi otp 891234. rs 45,000 transfer. neenga illana 1800-425-3800.",ta-en,OTP_SCAM,True,HIGH,scam,synthetic,2.0.0-gamma,"{""urls"": [], ""phones"": [""1800-425-3800""], ""emails"": []}",Delta2 expansion for weak category.,2026-07-30T11:45:20.411Z,2026-07-30T11:45:20.411Z
OTP_SCAM_0089,WhatsApp OTP 673489. Share pannathinga. Forward 9876543210.,whatsapp otp 673489. share pannathinga. forward 9876543210.,ta-en,OTP_SCAM,True,HIGH,scam,synthetic,2.0.0-gamma,"{""urls"": [], ""phones"": [""9876543210""], ""emails"": []}",Delta2 expansion for weak category.,2026-07-30T11:45:20.411Z,2026-07-30T11:45:20.411Z
OTP_SCAM_0090,IRCTC OTP 945612. PNR cancellation. Neenga illana call pannuga.,irctc otp 945612. pnr cancellation. neenga illana call pannuga.,ta-en,OTP_SCAM,True,HIGH,scam,synthetic,2.0.0-gamma,"{""urls"": [], ""phones"": [], ""emails"": []}",Delta2 expansion for weak category.,2026-07-30T11:45:20.411Z,2026-07-30T11:45:20.411Z
OTP_SCAM_0091,"GPay OTP 623489. Rs 12,500 payment. Not you? OTP share pannuga reverse ku.","gpay otp 623489. rs 12,500 payment. not you? otp share pannuga reverse ku.",ta-en,OTP_SCAM,True,HIGH,scam,synthetic,2.0.0-gamma,"{""urls"": [], ""phones"": [], ""emails"": []}",Delta2 expansion for weak category.,2026-07-30T11:45:20.411Z,2026-07-30T11:45:20.411Z
OTP_SCAM_0092,"Paytm OTP 890123. Rs 25,000 transfer. OTP anupuga block panna.","paytm otp 890123. rs 25,000 transfer. otp anupuga block panna.",ta-en,OTP_SCAM,True,HIGH,scam,synthetic,2.0.0-gamma,"{""urls"": [], ""phones"": [], ""emails"": []}",Delta2 expansion for weak category.,2026-07-30T11:45:20.411Z,2026-07-30T11:45:20.411Z
OTP_SCAM_0093,Facebook OTP 784512 password reset. Not you? OTP reply pannuga secure panna.,facebook otp 784512 password reset. not you? otp reply pannuga secure panna.,ta-en,OTP_SCAM,True,HIGH,scam,synthetic,2.0.0-gamma,"{""urls"": [], ""phones"": [], ""emails"": []}",Delta2 expansion for weak category.,2026-07-30T11:45:20.411Z,2026-07-30T11:45:20.411Z
OTP_SCAM_0094,Google verification code 482916. 5 minutes lo expire. Evvariki share cheyyakandi.,google verification code 482916. 5 minutes lo expire. evvariki share cheyyakandi.,te-en,OTP_SCAM,True,HIGH,scam,synthetic,2.0.0-gamma,"{""urls"": [], ""phones"": [], ""emails"": []}",Delta2 expansion for weak category.,2026-07-30T11:45:20.411Z,2026-07-30T11:45:20.411Z
OTP_SCAM_0095,Amazon OTP 563412 login ki. Meeru kaka pote 1800-3000-1234 ki call.,amazon otp 563412 login ki. meeru kaka pote 1800-3000-1234 ki call.,te-en,OTP_SCAM,True,HIGH,scam,synthetic,2.0.0-gamma,"{""urls"": [], ""phones"": [""1800-3000-1234""], ""emails"": []}",Delta2 expansion for weak category.,2026-07-30T11:45:20.411Z,2026-07-30T11:45:20.411Z
OTP_SCAM_0096,PhonePe OTP 345678. Kotha beneficiary. Not you? OTP forward cheyandi.,phonepe otp 345678. kotha beneficiary. not you? otp forward cheyandi.,te-en,OTP_SCAM,True,HIGH,scam,synthetic,2.0.0-gamma,"{""urls"": [], ""phones"": [], ""emails"": []}",Delta2 expansion for weak category.,2026-07-30T11:45:20.411Z,2026-07-30T11:45:20.411Z
OTP_SCAM_0097,"SBI OTP 891234. Rs 45,000 transfer. Meeru kaka pote 1800-425-3800.","sbi otp 891234. rs 45,000 transfer. meeru kaka pote 1800-425-3800.",te-en,OTP_SCAM,True,HIGH,scam,synthetic,2.0.0-gamma,"{""urls"": [], ""phones"": [""1800-425-3800""], ""emails"": []}",Delta2 expansion for weak category.,2026-07-30T11:45:20.411Z,2026-07-30T11:45:20.411Z
OTP_SCAM_0098,WhatsApp OTP 673489. Share cheyyakandi. Send to 9876543210.,whatsapp otp 673489. share cheyyakandi. send to 9876543210.,te-en,OTP_SCAM,True,HIGH,scam,synthetic,2.0.0-gamma,"{""urls"": [], ""phones"": [""9876543210""], ""emails"": []}",Delta2 expansion for weak category.,2026-07-30T11:45:20.411Z,2026-07-30T11:45:20.411Z
OTP_SCAM_0099,IRCTC OTP 945612. PNR cancellation. Meeru kaka pote call cheyandi.,irctc otp 945612. pnr cancellation. meeru kaka pote call cheyandi.,te-en,OTP_SCAM,True,HIGH,scam,synthetic,2.0.0-gamma,"{""urls"": [], ""phones"": [], ""emails"": []}",Delta2 expansion for weak category.,2026-07-30T11:45:20.411Z,2026-07-30T11:45:20.411Z
OTP_SCAM_0100,"GPay OTP 623489. Rs 12,500 payment. Not you? OTP share cheyandi reverse ki.","gpay otp 623489. rs 12,500 payment. not you? otp share cheyandi reverse ki.",te-en,OTP_SCAM,True,HIGH,scam,synthetic,2.0.0-gamma,"{""urls"": [], ""phones"": [], ""emails"": []}",Delta2 expansion for weak category.,2026-07-30T11:45:20.411Z,2026-07-30T11:45:20.411Z
UPI_FRAUD_0091,"GPay se Rs 5,000 Rahul ko bheje gaye. Ref: 7890123456. Kya aapne kiya?","gpay se rs 5,000 rahul ko bheje gaye. ref: 7890123456. kya aapne kiya?",hi-en,UPI_FRAUD,True,HIGH,scam,synthetic,2.0.0-gamma,"{""urls"": [], ""phones"": [""7890123456""], ""emails"": []}",Delta2 expansion for weak category.,2026-07-30T11:45:20.411Z,2026-07-30T11:45:20.411Z
UPI_FRAUD_0092,"PhonePe: Rs 12,500 ka collect request aaya hai 'QuickMart' se. Approve karein?","phonepe: rs 12,500 ka collect request aaya hai 'quickmart' se. approve karein?",hi-en,UPI_FRAUD,True,HIGH,scam,synthetic,2.0.0-gamma,"{""urls"": [], ""phones"": [], ""emails"": []}",Delta2 expansion for weak category.,2026-07-30T11:45:20.411Z,2026-07-30T11:45:20.411Z
UPI_FRAUD_0093,"Paytm: Aapka wallet se Rs 2,000 debit. Not you? Call 1800-123-4567.","paytm: aapka wallet se rs 2,000 debit. not you? call 1800-123-4567.",hi-en,UPI_FRAUD,True,HIGH,scam,synthetic,2.0.0-gamma,"{""urls"": [], ""phones"": [""1800-123-4567""], ""emails"": []}",Delta2 expansion for weak category.,2026-07-30T11:45:20.411Z,2026-07-30T11:45:20.411Z
UPI_FRAUD_0094,"Amazon Pay: Rs 8,500 ka UPI payment unknown merchant ko. Dispute karein.","amazon pay: rs 8,500 ka upi payment unknown merchant ko. dispute karein.",hi-en,UPI_FRAUD,True,HIGH,scam,synthetic,2.0.0-gamma,"{""urls"": [], ""phones"": [], ""emails"": []}",Delta2 expansion for weak category.,2026-07-30T11:45:20.411Z,2026-07-30T11:45:20.411Z
UPI_FRAUD_0095,"BHIM: Rs 15,000 aapke account se nikal gaye. Block karein? OTP bhejein.","bhim: rs 15,000 aapke account se nikal gaye. block karein? otp bhejein.",hi-en,UPI_FRAUD,True,HIGH,scam,synthetic,2.0.0-gamma,"{""urls"": [], ""phones"": [], ""emails"": []}",Delta2 expansion for weak category.,2026-07-30T11:45:20.412Z,2026-07-30T11:45:20.412Z
UPI_FRAUD_0096,GPay: Aapka UPI PIN reset hua. Not you? Share OTP to block.,gpay: aapka upi pin reset hua. not you? share otp to block.,hi-en,UPI_FRAUD,True,HIGH,scam,synthetic,2.0.0-gamma,"{""urls"": [], ""phones"": [], ""emails"": []}",Delta2 expansion for weak category.,2026-07-30T11:45:20.412Z,2026-07-30T11:45:20.412Z
UPI_FRAUD_0097,"PhonePe: Rs 50,000 ka loan approved. EMI Rs 2,500/month. Reject? Reply NO.","phonepe: rs 50,000 ka loan approved. emi rs 2,500/month. reject? reply no.",hi-en,UPI_FRAUD,True,HIGH,scam,synthetic,2.0.0-gamma,"{""urls"": [], ""phones"": [], ""emails"": []}",Delta2 expansion for weak category.,2026-07-30T11:45:20.412Z,2026-07-30T11:45:20.412Z
UPI_FRAUD_0098,"CRED: Credit card bill Rs 45,000 auto-pay scheduled. Cancel at http://cred-cancel.xyz.","cred: credit card bill rs 45,000 auto-pay scheduled. cancel at http://cred-cancel.xyz.",hi-en,UPI_FRAUD,True,HIGH,scam,synthetic,2.0.0-gamma,"{""urls"": [""http://cred-cancel.xyz.""], ""phones"": [], ""emails"": []}",Delta2 expansion for weak category.,2026-07-30T11:45:20.412Z,2026-07-30T11:45:20.412Z
UPI_FRAUD_0099,Paytm: Fastag Rs 500 recharge failed. Your tag may be deactivated.,paytm: fastag rs 500 recharge failed. your tag may be deactivated.,hi-en,UPI_FRAUD,True,HIGH,scam,synthetic,2.0.0-gamma,"{""urls"": [], ""phones"": [], ""emails"": []}",Delta2 expansion for weak category.,2026-07-30T11:45:20.412Z,2026-07-30T11:45:20.412Z
UPI_FRAUD_0100,GPay: UPI Circle mein 2 log add hue. Not you? Call 1800-180-1234.,gpay: upi circle mein 2 log add hue. not you? call 1800-180-1234.,hi-en,UPI_FRAUD,True,HIGH,scam,synthetic,2.0.0-gamma,"{""urls"": [], ""phones"": [""1800-180-1234""], ""emails"": []}",Delta2 expansion for weak category.,2026-07-30T11:45:20.412Z,2026-07-30T11:45:20.412Z
UPI_FRAUD_0101,"GPay le Rs 5,000 Rahul ku anupirukkom. Ref: 7890123456. Neenga panniningala?","gpay le rs 5,000 rahul ku anupirukkom. ref: 7890123456. neenga panniningala?",ta-en,UPI_FRAUD,True,HIGH,scam,synthetic,2.0.0-gamma,"{""urls"": [], ""phones"": [""7890123456""], ""emails"": []}",Delta2 expansion for weak category.,2026-07-30T11:45:20.412Z,2026-07-30T11:45:20.412Z
UPI_FRAUD_0102,"PhonePe: Rs 12,500 collect request 'QuickMart' la irundhu. Approve pannuringala?","phonepe: rs 12,500 collect request 'quickmart' la irundhu. approve pannuringala?",ta-en,UPI_FRAUD,True,HIGH,scam,synthetic,2.0.0-gamma,"{""urls"": [], ""phones"": [], ""emails"": []}",Delta2 expansion for weak category.,2026-07-30T11:45:20.412Z,2026-07-30T11:45:20.412Z
UPI_FRAUD_0103,"Paytm: Ungal wallet la Rs 2,000 debit aachu. Not you? 1800-123-4567 ku call.","paytm: ungal wallet la rs 2,000 debit aachu. not you? 1800-123-4567 ku call.",ta-en,UPI_FRAUD,True,HIGH,scam,synthetic,2.0.0-gamma,"{""urls"": [], ""phones"": [""1800-123-4567""], ""emails"": []}",Delta2 expansion for weak category.,2026-07-30T11:45:20.412Z,2026-07-30T11:45:20.412Z
UPI_FRAUD_0104,"Amazon Pay: Rs 8,500 unknown merchant ku UPI payment. Dispute pannuga.","amazon pay: rs 8,500 unknown merchant ku upi payment. dispute pannuga.",ta-en,UPI_FRAUD,True,HIGH,scam,synthetic,2.0.0-gamma,"{""urls"": [], ""phones"": [], ""emails"": []}",Delta2 expansion for weak category.,2026-07-30T11:45:20.412Z,2026-07-30T11:45:20.412Z
UPI_FRAUD_0105,"BHIM: Rs 15,000 ungal account la send aachu. Block pannattuma? OTP anupuga.","bhim: rs 15,000 ungal account la send aachu. block pannattuma? otp anupuga.",ta-en,UPI_FRAUD,True,HIGH,scam,synthetic,2.0.0-gamma,"{""urls"": [], ""phones"": [], ""emails"": []}",Delta2 expansion for weak category.,2026-07-30T11:45:20.412Z,2026-07-30T11:45:20.412Z
UPI_FRAUD_0106,GPay: Ungal UPI PIN reset aachu. Not you? OTP share pannuga block panna.,gpay: ungal upi pin reset aachu. not you? otp share pannuga block panna.,ta-en,UPI_FRAUD,True,HIGH,scam,synthetic,2.0.0-gamma,"{""urls"": [], ""phones"": [], ""emails"": []}",Delta2 expansion for weak category.,2026-07-30T11:45:20.412Z,2026-07-30T11:45:20.412Z
UPI_FRAUD_0107,"PhonePe: Rs 50,000 loan approved. EMI Rs 2,500/month. Reject pannattuma?","phonepe: rs 50,000 loan approved. emi rs 2,500/month. reject pannattuma?",ta-en,UPI_FRAUD,True,HIGH,scam,synthetic,2.0.0-gamma,"{""urls"": [], ""phones"": [], ""emails"": []}",Delta2 expansion for weak category.,2026-07-30T11:45:20.412Z,2026-07-30T11:45:20.412Z
UPI_FRAUD_0108,Paytm: Fastag Rs 500 recharge fail aachu. Tag deactivate aagum.,paytm: fastag rs 500 recharge fail aachu. tag deactivate aagum.,ta-en,UPI_FRAUD,True,HIGH,scam,synthetic,2.0.0-gamma,"{""urls"": [], ""phones"": [], ""emails"": []}",Delta2 expansion for weak category.,2026-07-30T11:45:20.412Z,2026-07-30T11:45:20.412Z
UPI_FRAUD_0109,GPay: UPI Circle ku 2 per add aachu. Not you? 1800-180-1234 ku call.,gpay: upi circle ku 2 per add aachu. not you? 1800-180-1234 ku call.,ta-en,UPI_FRAUD,True,HIGH,scam,synthetic,2.0.0-gamma,"{""urls"": [], ""phones"": [""1800-180-1234""], ""emails"": []}",Delta2 expansion for weak category.,2026-07-30T11:45:20.412Z,2026-07-30T11:45:20.412Z
UPI_FRAUD_0110,"GPay lo Rs 5,000 Rahul ki pampiyaru. Ref: 7890123456. Meeru chesara?","gpay lo rs 5,000 rahul ki pampiyaru. ref: 7890123456. meeru chesara?",te-en,UPI_FRAUD,True,HIGH,scam,synthetic,2.0.0-gamma,"{""urls"": [], ""phones"": [""7890123456""], ""emails"": []}",Delta2 expansion for weak category.,2026-07-30T11:45:20.412Z,2026-07-30T11:45:20.412Z
UPI_FRAUD_0111,"PhonePe: Rs 12,500 collect request 'QuickMart' nundi. Approve chestara?","phonepe: rs 12,500 collect request 'quickmart' nundi. approve chestara?",te-en,UPI_FRAUD,True,HIGH,scam,synthetic,2.0.0-gamma,"{""urls"": [], ""phones"": [], ""emails"": []}",Delta2 expansion for weak category.,2026-07-30T11:45:20.412Z,2026-07-30T11:45:20.412Z
UPI_FRAUD_0112,"Paytm: Mee wallet nundi Rs 2,000 debit ayyindi. Not you? 1800-123-4567 ki call.","paytm: mee wallet nundi rs 2,000 debit ayyindi. not you? 1800-123-4567 ki call.",te-en,UPI_FRAUD,True,HIGH,scam,synthetic,2.0.0-gamma,"{""urls"": [], ""phones"": [""1800-123-4567""], ""emails"": []}",Delta2 expansion for weak category.,2026-07-30T11:45:20.412Z,2026-07-30T11:45:20.412Z
UPI_FRAUD_0113,"Amazon Pay: Rs 8,500 unknown merchant ki UPI payment. Dispute cheyandi.","amazon pay: rs 8,500 unknown merchant ki upi payment. dispute cheyandi.",te-en,UPI_FRAUD,True,HIGH,scam,synthetic,2.0.0-gamma,"{""urls"": [], ""phones"": [], ""emails"": []}",Delta2 expansion for weak category.,2026-07-30T11:45:20.412Z,2026-07-30T11:45:20.412Z
UPI_FRAUD_0114,"BHIM: Rs 15,000 mee account nundi velipoyayi. Block cheyala? OTP pampandi.","bhim: rs 15,000 mee account nundi velipoyayi. block cheyala? otp pampandi.",te-en,UPI_FRAUD,True,HIGH,scam,synthetic,2.0.0-gamma,"{""urls"": [], ""phones"": [], ""emails"": []}",Delta2 expansion for weak category.,2026-07-30T11:45:20.412Z,2026-07-30T11:45:20.412Z
UPI_FRAUD_0115,GPay: Mee UPI PIN reset ayyindi. Not you? OTP share cheyandi block ki.,gpay: mee upi pin reset ayyindi. not you? otp share cheyandi block ki.,te-en,UPI_FRAUD,True,HIGH,scam,synthetic,2.0.0-gamma,"{""urls"": [], ""phones"": [], ""emails"": []}",Delta2 expansion for weak category.,2026-07-30T11:45:20.412Z,2026-07-30T11:45:20.412Z
UPI_FRAUD_0116,"PhonePe: Rs 50,000 loan approved. EMI Rs 2,500/month. Reject chestara?","phonepe: rs 50,000 loan approved. emi rs 2,500/month. reject chestara?",te-en,UPI_FRAUD,True,HIGH,scam,synthetic,2.0.0-gamma,"{""urls"": [], ""phones"": [], ""emails"": []}",Delta2 expansion for weak category.,2026-07-30T11:45:20.412Z,2026-07-30T11:45:20.412Z
UPI_FRAUD_0117,Paytm: Fastag Rs 500 recharge fail ayyindi. Tag deactivate avutundi.,paytm: fastag rs 500 recharge fail ayyindi. tag deactivate avutundi.,te-en,UPI_FRAUD,True,HIGH,scam,synthetic,2.0.0-gamma,"{""urls"": [], ""phones"": [], ""emails"": []}",Delta2 expansion for weak category.,2026-07-30T11:45:20.412Z,2026-07-30T11:45:20.412Z
UPI_FRAUD_0118,GPay: UPI Circle lo 2 peru add ayyaru. Not you? 1800-180-1234 ki call.,gpay: upi circle lo 2 peru add ayyaru. not you? 1800-180-1234 ki call.,te-en,UPI_FRAUD,True,HIGH,scam,synthetic,2.0.0-gamma,"{""urls"": [], ""phones"": [""1800-180-1234""], ""emails"": []}",Delta2 expansion for weak category.,2026-07-30T11:45:20.412Z,2026-07-30T11:45:20.412Z
LEGITIMATE_UPI_0086,GPay: Rs 500 received from friend for dinner split. Ref: 456789012345.,gpay: rs 500 received from friend for dinner split. ref: 456789012345.,en,LEGITIMATE_UPI,False,LOW,legitimate,synthetic,2.0.0-gamma,"{""urls"": [], ""phones"": [""456789012345""], ""emails"": []}",Delta2 expansion for weak category.,2026-07-30T11:45:20.412Z,2026-07-30T11:45:20.412Z
LEGITIMATE_UPI_0087,PhonePe: Your recharge of Rs 299 for Jio successful. Valid 28 days.,phonepe: your recharge of rs 299 for jio successful. valid 28 days.,en,LEGITIMATE_UPI,False,LOW,legitimate,synthetic,2.0.0-gamma,"{""urls"": [], ""phones"": [], ""emails"": []}",Delta2 expansion for weak category.,2026-07-30T11:45:20.412Z,2026-07-30T11:45:20.412Z
LEGITIMATE_UPI_0088,"Paytm: FASTag recharge Rs 500 successful. Balance: Rs 1,250.","paytm: fastag recharge rs 500 successful. balance: rs 1,250.",en,LEGITIMATE_UPI,False,LOW,legitimate,synthetic,2.0.0-gamma,"{""urls"": [], ""phones"": [], ""emails"": []}",Delta2 expansion for weak category.,2026-07-30T11:45:20.412Z,2026-07-30T11:45:20.412Z
LEGITIMATE_UPI_0089,"BHIM: Your LPG payment of Rs 1,050 made to HP Gas. Ref: 567890123456.","bhim: your lpg payment of rs 1,050 made to hp gas. ref: 567890123456.",en,LEGITIMATE_UPI,False,LOW,legitimate,synthetic,2.0.0-gamma,"{""urls"": [], ""phones"": [""567890123456""], ""emails"": []}",Delta2 expansion for weak category.,2026-07-30T11:45:20.413Z,2026-07-30T11:45:20.413Z
LEGITIMATE_UPI_0090,"CRED: Rent payment of Rs 22,000 to Landlord successful. 900 CRED coins.","cred: rent payment of rs 22,000 to landlord successful. 900 cred coins.",en,LEGITIMATE_UPI,False,LOW,legitimate,synthetic,2.0.0-gamma,"{""urls"": [], ""phones"": [], ""emails"": []}",Delta2 expansion for weak category.,2026-07-30T11:45:20.413Z,2026-07-30T11:45:20.413Z
LEGITIMATE_UPI_0091,"GPay: Your weekly transaction summary: 8 payments totalling Rs 6,250.","gpay: your weekly transaction summary: 8 payments totalling rs 6,250.",en,LEGITIMATE_UPI,False,LOW,legitimate,synthetic,2.0.0-gamma,"{""urls"": [], ""phones"": [], ""emails"": []}",Delta2 expansion for weak category.,2026-07-30T11:45:20.413Z,2026-07-30T11:45:20.413Z
LEGITIMATE_UPI_0092,"PhonePe: Gold purchase of Rs 1,500 successful. 0.22g added.","phonepe: gold purchase of rs 1,500 successful. 0.22g added.",en,LEGITIMATE_UPI,False,LOW,legitimate,synthetic,2.0.0-gamma,"{""urls"": [], ""phones"": [], ""emails"": []}",Delta2 expansion for weak category.,2026-07-30T11:45:20.413Z,2026-07-30T11:45:20.413Z
LEGITIMATE_UPI_0093,"Amazon Pay: Your NPS contribution of Rs 3,000 invested. Tax benefit under 80C.","amazon pay: your nps contribution of rs 3,000 invested. tax benefit under 80c.",en,LEGITIMATE_UPI,False,LOW,legitimate,synthetic,2.0.0-gamma,"{""urls"": [], ""phones"": [], ""emails"": []}",Delta2 expansion for weak category.,2026-07-30T11:45:20.413Z,2026-07-30T11:45:20.413Z
LEGITIMATE_UPI_0094,"GPay: College fee of Rs 95,000 paid to IIT Bombay. Receipt generated.","gpay: college fee of rs 95,000 paid to iit bombay. receipt generated.",en,LEGITIMATE_UPI,False,LOW,legitimate,synthetic,2.0.0-gamma,"{""urls"": [], ""phones"": [], ""emails"": []}",Delta2 expansion for weak category.,2026-07-30T11:45:20.413Z,2026-07-30T11:45:20.413Z
LEGITIMATE_UPI_0095,"BHIM: Your mutual fund SIP of Rs 5,000 in HDFC Top 100 invested.","bhim: your mutual fund sip of rs 5,000 in hdfc top 100 invested.",en,LEGITIMATE_UPI,False,LOW,legitimate,synthetic,2.0.0-gamma,"{""urls"": [], ""phones"": [], ""emails"": []}",Delta2 expansion for weak category.,2026-07-30T11:45:20.413Z,2026-07-30T11:45:20.413Z
LEGITIMATE_PERSONAL_0085,Chalo aaj party karte hain. Sabko bulao. Raat 8 baje.,chalo aaj party karte hain. sabko bulao. raat 8 baje.,hi-en,LEGITIMATE_PERSONAL,False,LOW,legitimate,synthetic,2.0.0-gamma,"{""urls"": [], ""phones"": [], ""emails"": []}",Delta2 expansion for weak category.,2026-07-30T11:45:20.413Z,2026-07-30T11:45:20.413Z
LEGITIMATE_PERSONAL_0086,Aaj bahut garmi hai. AC chala do please.,aaj bahut garmi hai. ac chala do please.,hi-en,LEGITIMATE_PERSONAL,False,LOW,legitimate,synthetic,2.0.0-gamma,"{""urls"": [], ""phones"": [], ""emails"": []}",Delta2 expansion for weak category.,2026-07-30T11:45:20.413Z,2026-07-30T11:45:20.413Z
LEGITIMATE_PERSONAL_0087,Bachche school se aa gaye. Unko khana khila diya.,bachche school se aa gaye. unko khana khila diya.,hi-en,LEGITIMATE_PERSONAL,False,LOW,legitimate,synthetic,2.0.0-gamma,"{""urls"": [], ""phones"": [], ""emails"": []}",Delta2 expansion for weak category.,2026-07-30T11:45:20.413Z,2026-07-30T11:45:20.413Z
LEGITIMATE_PERSONAL_0088,Office se late aaunga. Meeting chal rahi hai.,office se late aaunga. meeting chal rahi hai.,hi-en,LEGITIMATE_PERSONAL,False,LOW,legitimate,synthetic,2.0.0-gamma,"{""urls"": [], ""phones"": [], ""emails"": []}",Delta2 expansion for weak category.,2026-07-30T11:45:20.413Z,2026-07-30T11:45:20.413Z
LEGITIMATE_PERSONAL_0089,Kal Sunday hai. Gharpe sab log milenge.,kal sunday hai. gharpe sab log milenge.,hi-en,LEGITIMATE_PERSONAL,False,LOW,legitimate,synthetic,2.0.0-gamma,"{""urls"": [], ""phones"": [], ""emails"": []}",Delta2 expansion for weak category.,2026-07-30T11:45:20.413Z,2026-07-30T11:45:20.413Z
LEGITIMATE_PERSONAL_0090,Train 9:15 PM ki hai. Platform 3. Saman sambhal ke.,train 9:15 pm ki hai. platform 3. saman sambhal ke.,hi-en,LEGITIMATE_PERSONAL,False,LOW,legitimate,synthetic,2.0.0-gamma,"{""urls"": [], ""phones"": [], ""emails"": []}",Delta2 expansion for weak category.,2026-07-30T11:45:20.413Z,2026-07-30T11:45:20.413Z
LEGITIMATE_PERSONAL_0091,Doctor ne kaha hai aaram karne ko. Chutti le lo.,doctor ne kaha hai aaram karne ko. chutti le lo.,hi-en,LEGITIMATE_PERSONAL,False,LOW,legitimate,synthetic,2.0.0-gamma,"{""urls"": [], ""phones"": [], ""emails"": []}",Delta2 expansion for weak category.,2026-07-30T11:45:20.413Z,2026-07-30T11:45:20.413Z
LEGITIMATE_PERSONAL_0092,Aaj mere saath shopping chaloge? Bahut saari cheezein leni hain.,aaj mere saath shopping chaloge? bahut saari cheezein leni hain.,hi-en,LEGITIMATE_PERSONAL,False,LOW,legitimate,synthetic,2.0.0-gamma,"{""urls"": [], ""phones"": [], ""emails"": []}",Delta2 expansion for weak category.,2026-07-30T11:45:20.413Z,2026-07-30T11:45:20.413Z
LEGITIMATE_PERSONAL_0093,Ghar ke liye naya sofa lena hai. Kal dekhte hain.,ghar ke liye naya sofa lena hai. kal dekhte hain.,hi-en,LEGITIMATE_PERSONAL,False,LOW,legitimate,synthetic,2.0.0-gamma,"{""urls"": [], ""phones"": [], ""emails"": []}",Delta2 expansion for weak category.,2026-07-30T11:45:20.413Z,2026-07-30T11:45:20.413Z
LEGITIMATE_PERSONAL_0094,"Beta, padhai kar lo. Exam aane wale hain.","beta, padhai kar lo. exam aane wale hain.",hi-en,LEGITIMATE_PERSONAL,False,LOW,legitimate,synthetic,2.0.0-gamma,"{""urls"": [], ""phones"": [], ""emails"": []}",Delta2 expansion for weak category.,2026-07-30T11:45:20.413Z,2026-07-30T11:45:20.413Z
LEGITIMATE_PERSONAL_0095,Inniku party pannalaam. Ellaaraiyum koottunga. Raathiri 8 maniku.,inniku party pannalaam. ellaaraiyum koottunga. raathiri 8 maniku.,ta-en,LEGITIMATE_PERSONAL,False,LOW,legitimate,synthetic,2.0.0-gamma,"{""urls"": [], ""phones"": [], ""emails"": []}",Delta2 expansion for weak category.,2026-07-30T11:45:20.413Z,2026-07-30T11:45:20.413Z
LEGITIMATE_PERSONAL_0096,Inniku romba veyyil. AC podunga please.,inniku romba veyyil. ac podunga please.,ta-en,LEGITIMATE_PERSONAL,False,LOW,legitimate,synthetic,2.0.0-gamma,"{""urls"": [], ""phones"": [], ""emails"": []}",Delta2 expansion for weak category.,2026-07-30T11:45:20.413Z,2026-07-30T11:45:20.413Z
LEGITIMATE_PERSONAL_0097,Pillai school irundhu vanthutanga. Unavu kuduthen.,pillai school irundhu vanthutanga. unavu kuduthen.,ta-en,LEGITIMATE_PERSONAL,False,LOW,legitimate,synthetic,2.0.0-gamma,"{""urls"": [], ""phones"": [], ""emails"": []}",Delta2 expansion for weak category.,2026-07-30T11:45:20.413Z,2026-07-30T11:45:20.413Z
LEGITIMATE_PERSONAL_0098,Office la late aaguen. Meeting nadakuthu.,office la late aaguen. meeting nadakuthu.,ta-en,LEGITIMATE_PERSONAL,False,LOW,legitimate,synthetic,2.0.0-gamma,"{""urls"": [], ""phones"": [], ""emails"": []}",Delta2 expansion for weak category.,2026-07-30T11:45:20.413Z,2026-07-30T11:45:20.413Z
LEGITIMATE_PERSONAL_0099,Naalaiku Sunday. Veetla ellarum sernel.,naalaiku sunday. veetla ellarum sernel.,ta-en,LEGITIMATE_PERSONAL,False,LOW,legitimate,synthetic,2.0.0-gamma,"{""urls"": [], ""phones"": [], ""emails"": []}",Delta2 expansion for weak category.,2026-07-30T11:45:20.413Z,2026-07-30T11:45:20.413Z
LEGITIMATE_PERSONAL_0100,Train 9:15 PM platform 3. Parthu ponga.,train 9:15 pm platform 3. parthu ponga.,ta-en,LEGITIMATE_PERSONAL,False,LOW,legitimate,synthetic,2.0.0-gamma,"{""urls"": [], ""phones"": [], ""emails"": []}",Delta2 expansion for weak category.,2026-07-30T11:45:20.413Z,2026-07-30T11:45:20.413Z
LEGITIMATE_PERSONAL_0101,Doctor rest eduka sonnar. Leave pottudunga.,doctor rest eduka sonnar. leave pottudunga.,ta-en,LEGITIMATE_PERSONAL,False,LOW,legitimate,synthetic,2.0.0-gamma,"{""urls"": [], ""phones"": [], ""emails"": []}",Delta2 expansion for weak category.,2026-07-30T11:45:20.413Z,2026-07-30T11:45:20.413Z
LEGITIMATE_PERSONAL_0102,Inniku en kooda shopping varathingala? Niraiya items vanganum.,inniku en kooda shopping varathingala? niraiya items vanganum.,ta-en,LEGITIMATE_PERSONAL,False,LOW,legitimate,synthetic,2.0.0-gamma,"{""urls"": [], ""phones"": [], ""emails"": []}",Delta2 expansion for weak category.,2026-07-30T11:45:20.413Z,2026-07-30T11:45:20.413Z
LEGITIMATE_PERSONAL_0103,Iedu party cheddam. Andarini piluvandi. Ratri 8 ki.,iedu party cheddam. andarini piluvandi. ratri 8 ki.,te-en,LEGITIMATE_PERSONAL,False,LOW,legitimate,synthetic,2.0.0-gamma,"{""urls"": [], ""phones"": [], ""emails"": []}",Delta2 expansion for weak category.,2026-07-30T11:45:20.413Z,2026-07-30T11:45:20.413Z
LEGITIMATE_PERSONAL_0104,Iedu chaala veyil. AC veyyandi please.,iedu chaala veyil. ac veyyandi please.,te-en,LEGITIMATE_PERSONAL,False,LOW,legitimate,synthetic,2.0.0-gamma,"{""urls"": [], ""phones"": [], ""emails"": []}",Delta2 expansion for weak category.,2026-07-30T11:45:20.413Z,2026-07-30T11:45:20.413Z
LEGITIMATE_PERSONAL_0105,Pillalu school nundi vacharu. Vaallaki annam pettanu.,pillalu school nundi vacharu. vaallaki annam pettanu.,te-en,LEGITIMATE_PERSONAL,False,LOW,legitimate,synthetic,2.0.0-gamma,"{""urls"": [], ""phones"": [], ""emails"": []}",Delta2 expansion for weak category.,2026-07-30T11:45:20.413Z,2026-07-30T11:45:20.413Z
LEGITIMATE_PERSONAL_0106,Office nundi late ga vastanu. Meeting jarugutundi.,office nundi late ga vastanu. meeting jarugutundi.,te-en,LEGITIMATE_PERSONAL,False,LOW,legitimate,synthetic,2.0.0-gamma,"{""urls"": [], ""phones"": [], ""emails"": []}",Delta2 expansion for weak category.,2026-07-30T11:45:20.413Z,2026-07-30T11:45:20.413Z
LEGITIMATE_PERSONAL_0107,Repu Sunday. Intlo andaram kalustam.,repu sunday. intlo andaram kalustam.,te-en,LEGITIMATE_PERSONAL,False,LOW,legitimate,synthetic,2.0.0-gamma,"{""urls"": [], ""phones"": [], ""emails"": []}",Delta2 expansion for weak category.,2026-07-30T11:45:20.413Z,2026-07-30T11:45:20.413Z
LEGITIMATE_PERSONAL_0108,Train 9:15 PM ki platform 3. Jaagratha.,train 9:15 pm ki platform 3. jaagratha.,te-en,LEGITIMATE_PERSONAL,False,LOW,legitimate,synthetic,2.0.0-gamma,"{""urls"": [], ""phones"": [], ""emails"": []}",Delta2 expansion for weak category.,2026-07-30T11:45:20.414Z,2026-07-30T11:45:20.414Z
LEGITIMATE_PERSONAL_0109,Doctor rest teesukomannaru. Leave veyyandi.,doctor rest teesukomannaru. leave veyyandi.,te-en,LEGITIMATE_PERSONAL,False,LOW,legitimate,synthetic,2.0.0-gamma,"{""urls"": [], ""phones"": [], ""emails"": []}",Delta2 expansion for weak category.,2026-07-30T11:45:20.414Z,2026-07-30T11:45:20.414Z
LEGITIMATE_PERSONAL_0110,Iedu natho shopping ki vastara? Chaala items konali.,iedu natho shopping ki vastara? chaala items konali.,te-en,LEGITIMATE_PERSONAL,False,LOW,legitimate,synthetic,2.0.0-gamma,"{""urls"": [], ""phones"": [], ""emails"": []}",Delta2 expansion for weak category.,2026-07-30T11:45:20.414Z,2026-07-30T11:45:20.414Z
LEGITIMATE_SHOPPING_0072,Amazon: Aapka order kal deliver hoga. 6-9 PM ke beech.,amazon: aapka order kal deliver hoga. 6-9 pm ke beech.,hi-en,LEGITIMATE_SHOPPING,False,LOW,legitimate,synthetic,2.0.0-gamma,"{""urls"": [], ""phones"": [], ""emails"": []}",Delta2 expansion for weak category.,2026-07-30T11:45:20.414Z,2026-07-30T11:45:20.414Z
LEGITIMATE_SHOPPING_0073,Flipkart: Aapka order out for delivery. Track app se karein.,flipkart: aapka order out for delivery. track app se karein.,hi-en,LEGITIMATE_SHOPPING,False,LOW,legitimate,synthetic,2.0.0-gamma,"{""urls"": [], ""phones"": [], ""emails"": []}",Delta2 expansion for weak category.,2026-07-30T11:45:20.414Z,2026-07-30T11:45:20.414Z
LEGITIMATE_SHOPPING_0074,Myntra: 50-80% off end of season sale! Shop now at http://myntra.com.,myntra: 50-80% off end of season sale! shop now at http://myntra.com.,hi-en,LEGITIMATE_SHOPPING,False,LOW,legitimate,synthetic,2.0.0-gamma,"{""urls"": [""http://myntra.com.""], ""phones"": [], ""emails"": []}",Delta2 expansion for weak category.,2026-07-30T11:45:20.414Z,2026-07-30T11:45:20.414Z
LEGITIMATE_SHOPPING_0075,Meesho: Diwali sale live! 90% off on home decor. Order now.,meesho: diwali sale live! 90% off on home decor. order now.,hi-en,LEGITIMATE_SHOPPING,False,LOW,legitimate,synthetic,2.0.0-gamma,"{""urls"": [], ""phones"": [], ""emails"": []}",Delta2 expansion for weak category.,2026-07-30T11:45:20.414Z,2026-07-30T11:45:20.414Z
LEGITIMATE_SHOPPING_0076,Ajio: New collection arrived. Extra 20% off on prepaid orders.,ajio: new collection arrived. extra 20% off on prepaid orders.,hi-en,LEGITIMATE_SHOPPING,False,LOW,legitimate,synthetic,2.0.0-gamma,"{""urls"": [], ""phones"": [], ""emails"": []}",Delta2 expansion for weak category.,2026-07-30T11:45:20.414Z,2026-07-30T11:45:20.414Z
LEGITIMATE_SHOPPING_0077,Tata CLiQ: Electronics sale. Up to 60% off on smartphones.,tata cliq: electronics sale. up to 60% off on smartphones.,hi-en,LEGITIMATE_SHOPPING,False,LOW,legitimate,synthetic,2.0.0-gamma,"{""urls"": [], ""phones"": [], ""emails"": []}",Delta2 expansion for weak category.,2026-07-30T11:45:20.414Z,2026-07-30T11:45:20.414Z
LEGITIMATE_SHOPPING_0078,Nykaa: Beauty products par 30% off. Use code NYKAA30.,nykaa: beauty products par 30% off. use code nykaa30.,hi-en,LEGITIMATE_SHOPPING,False,LOW,legitimate,synthetic,2.0.0-gamma,"{""urls"": [], ""phones"": [], ""emails"": []}",Delta2 expansion for weak category.,2026-07-30T11:45:20.414Z,2026-07-30T11:45:20.414Z
LEGITIMATE_SHOPPING_0079,Zepto: Aapka order aa raha hai. 10 minute mein delivery.,zepto: aapka order aa raha hai. 10 minute mein delivery.,hi-en,LEGITIMATE_SHOPPING,False,LOW,legitimate,synthetic,2.0.0-gamma,"{""urls"": [], ""phones"": [], ""emails"": []}",Delta2 expansion for weak category.,2026-07-30T11:45:20.414Z,2026-07-30T11:45:20.414Z
LEGITIMATE_SHOPPING_0080,Blinkit: Grocery order pick ho gaya. 15 minute mein.,blinkit: grocery order pick ho gaya. 15 minute mein.,hi-en,LEGITIMATE_SHOPPING,False,LOW,legitimate,synthetic,2.0.0-gamma,"{""urls"": [], ""phones"": [], ""emails"": []}",Delta2 expansion for weak category.,2026-07-30T11:45:20.414Z,2026-07-30T11:45:20.414Z
LEGITIMATE_SHOPPING_0081,BigBasket: Kal ki delivery confirm. Slot 7-9 AM.,bigbasket: kal ki delivery confirm. slot 7-9 am.,hi-en,LEGITIMATE_SHOPPING,False,LOW,legitimate,synthetic,2.0.0-gamma,"{""urls"": [], ""phones"": [], ""emails"": []}",Delta2 expansion for weak category.,2026-07-30T11:45:20.414Z,2026-07-30T11:45:20.414Z
LEGITIMATE_SHOPPING_0082,Amazon: Ungal order naalai deliver aagum. 6-9 PM.,amazon: ungal order naalai deliver aagum. 6-9 pm.,ta-en,LEGITIMATE_SHOPPING,False,LOW,legitimate,synthetic,2.0.0-gamma,"{""urls"": [], ""phones"": [], ""emails"": []}",Delta2 expansion for weak category.,2026-07-30T11:45:20.414Z,2026-07-30T11:45:20.414Z
LEGITIMATE_SHOPPING_0083,Flipkart: Ungal order out for delivery. App la track pannuga.,flipkart: ungal order out for delivery. app la track pannuga.,ta-en,LEGITIMATE_SHOPPING,False,LOW,legitimate,synthetic,2.0.0-gamma,"{""urls"": [], ""phones"": [], ""emails"": []}",Delta2 expansion for weak category.,2026-07-30T11:45:20.414Z,2026-07-30T11:45:20.414Z
LEGITIMATE_SHOPPING_0084,Myntra: 50-80% off end of season sale! Shop now.,myntra: 50-80% off end of season sale! shop now.,ta-en,LEGITIMATE_SHOPPING,False,LOW,legitimate,synthetic,2.0.0-gamma,"{""urls"": [], ""phones"": [], ""emails"": []}",Delta2 expansion for weak category.,2026-07-30T11:45:20.414Z,2026-07-30T11:45:20.414Z
LEGITIMATE_SHOPPING_0085,Meesho: Diwali sale live! 90% off home decor.,meesho: diwali sale live! 90% off home decor.,ta-en,LEGITIMATE_SHOPPING,False,LOW,legitimate,synthetic,2.0.0-gamma,"{""urls"": [], ""phones"": [], ""emails"": []}",Delta2 expansion for weak category.,2026-07-30T11:45:20.414Z,2026-07-30T11:45:20.414Z
LEGITIMATE_SHOPPING_0086,Ajio: New collection. Extra 20% off prepaid orders.,ajio: new collection. extra 20% off prepaid orders.,ta-en,LEGITIMATE_SHOPPING,False,LOW,legitimate,synthetic,2.0.0-gamma,"{""urls"": [], ""phones"": [], ""emails"": []}",Delta2 expansion for weak category.,2026-07-30T11:45:20.414Z,2026-07-30T11:45:20.414Z
LEGITIMATE_SHOPPING_0087,Amazon: Mee order repu deliver avutundi. 6-9 PM.,amazon: mee order repu deliver avutundi. 6-9 pm.,te-en,LEGITIMATE_SHOPPING,False,LOW,legitimate,synthetic,2.0.0-gamma,"{""urls"": [], ""phones"": [], ""emails"": []}",Delta2 expansion for weak category.,2026-07-30T11:45:20.414Z,2026-07-30T11:45:20.414Z
LEGITIMATE_SHOPPING_0088,Flipkart: Mee order out for delivery. App lo track cheyandi.,flipkart: mee order out for delivery. app lo track cheyandi.,te-en,LEGITIMATE_SHOPPING,False,LOW,legitimate,synthetic,2.0.0-gamma,"{""urls"": [], ""phones"": [], ""emails"": []}",Delta2 expansion for weak category.,2026-07-30T11:45:20.414Z,2026-07-30T11:45:20.414Z
LEGITIMATE_TELECOM_0037,Airtel: Aapka Rs 299 plan renew ho gaya. Valid 28 din.,airtel: aapka rs 299 plan renew ho gaya. valid 28 din.,hi-en,LEGITIMATE_TELECOM,False,LOW,legitimate,synthetic,2.0.0-gamma,"{""urls"": [], ""phones"": [], ""emails"": []}",Delta2 expansion for weak category.,2026-07-30T11:45:20.414Z,2026-07-30T11:45:20.414Z
LEGITIMATE_TELECOM_0038,Jio: 2GB/day data add. Balance 22GB. Recharge at http://jio.com.,jio: 2gb/day data add. balance 22gb. recharge at http://jio.com.,hi-en,LEGITIMATE_TELECOM,False,LOW,legitimate,synthetic,2.0.0-gamma,"{""urls"": [""http://jio.com.""], ""phones"": [], ""emails"": []}",Delta2 expansion for weak category.,2026-07-30T11:45:20.414Z,2026-07-30T11:45:20.414Z
LEGITIMATE_TELECOM_0039,VI: Aapka Rs 599 unlimited plan active hai. Valid 84 din.,vi: aapka rs 599 unlimited plan active hai. valid 84 din.,hi-en,LEGITIMATE_TELECOM,False,LOW,legitimate,synthetic,2.0.0-gamma,"{""urls"": [], ""phones"": [], ""emails"": []}",Delta2 expansion for weak category.,2026-07-30T11:45:20.414Z,2026-07-30T11:45:20.414Z
LEGITIMATE_TELECOM_0040,BSNL: Aapka broadband bill Rs 799 generate. Due date 15 Aug.,bsnl: aapka broadband bill rs 799 generate. due date 15 aug.,hi-en,LEGITIMATE_TELECOM,False,LOW,legitimate,synthetic,2.0.0-gamma,"{""urls"": [], ""phones"": [], ""emails"": []}",Delta2 expansion for weak category.,2026-07-30T11:45:20.415Z,2026-07-30T11:45:20.415Z
LEGITIMATE_TELECOM_0041,"Airtel Black: Combined plan Rs 1,299/month. All services active.","airtel black: combined plan rs 1,299/month. all services active.",hi-en,LEGITIMATE_TELECOM,False,LOW,legitimate,synthetic,2.0.0-gamma,"{""urls"": [], ""phones"": [], ""emails"": []}",Delta2 expansion for weak category.,2026-07-30T11:45:20.415Z,2026-07-30T11:45:20.415Z
LEGITIMATE_TELECOM_0042,JioFiber: 100 Mbps plan active. Next billing 5 Sep.,jiofiber: 100 mbps plan active. next billing 5 sep.,hi-en,LEGITIMATE_TELECOM,False,LOW,legitimate,synthetic,2.0.0-gamma,"{""urls"": [], ""phones"": [], ""emails"": []}",Delta2 expansion for weak category.,2026-07-30T11:45:20.415Z,2026-07-30T11:45:20.415Z
LEGITIMATE_TELECOM_0043,VI: Family plan Rs 699 mein 6 members. All benefits active.,vi: family plan rs 699 mein 6 members. all benefits active.,hi-en,LEGITIMATE_TELECOM,False,LOW,legitimate,synthetic,2.0.0-gamma,"{""urls"": [], ""phones"": [], ""emails"": []}",Delta2 expansion for weak category.,2026-07-30T11:45:20.415Z,2026-07-30T11:45:20.415Z
LEGITIMATE_TELECOM_0044,BSNL: FTTH plan 30 Mbps unlimited. Rs 799/month.,bsnl: ftth plan 30 mbps unlimited. rs 799/month.,hi-en,LEGITIMATE_TELECOM,False,LOW,legitimate,synthetic,2.0.0-gamma,"{""urls"": [], ""phones"": [], ""emails"": []}",Delta2 expansion for weak category.,2026-07-30T11:45:20.415Z,2026-07-30T11:45:20.415Z
LEGITIMATE_TELECOM_0045,"Airtel: Postpaid bill Rs 1,245 generated. Auto-pay on 5 Sep.","airtel: postpaid bill rs 1,245 generated. auto-pay on 5 sep.",hi-en,LEGITIMATE_TELECOM,False,LOW,legitimate,synthetic,2.0.0-gamma,"{""urls"": [], ""phones"": [], ""emails"": []}",Delta2 expansion for weak category.,2026-07-30T11:45:20.415Z,2026-07-30T11:45:20.415Z
LEGITIMATE_TELECOM_0046,Jio: Rs 51 data add-on active. 1GB/day for 3 days.,jio: rs 51 data add-on active. 1gb/day for 3 days.,hi-en,LEGITIMATE_TELECOM,False,LOW,legitimate,synthetic,2.0.0-gamma,"{""urls"": [], ""phones"": [], ""emails"": []}",Delta2 expansion for weak category.,2026-07-30T11:45:20.415Z,2026-07-30T11:45:20.415Z
LEGITIMATE_TELECOM_0047,Airtel: Ungal Rs 299 plan renew aachu. Valid 28 days.,airtel: ungal rs 299 plan renew aachu. valid 28 days.,ta-en,LEGITIMATE_TELECOM,False,LOW,legitimate,synthetic,2.0.0-gamma,"{""urls"": [], ""phones"": [], ""emails"": []}",Delta2 expansion for weak category.,2026-07-30T11:45:20.415Z,2026-07-30T11:45:20.415Z
LEGITIMATE_TELECOM_0048,VI: Ungal Rs 599 unlimited plan active. Valid 84 days.,vi: ungal rs 599 unlimited plan active. valid 84 days.,ta-en,LEGITIMATE_TELECOM,False,LOW,legitimate,synthetic,2.0.0-gamma,"{""urls"": [], ""phones"": [], ""emails"": []}",Delta2 expansion for weak category.,2026-07-30T11:45:20.415Z,2026-07-30T11:45:20.415Z
LEGITIMATE_TELECOM_0049,BSNL: Broadband bill Rs 799 generate. Due date 15 Aug.,bsnl: broadband bill rs 799 generate. due date 15 aug.,ta-en,LEGITIMATE_TELECOM,False,LOW,legitimate,synthetic,2.0.0-gamma,"{""urls"": [], ""phones"": [], ""emails"": []}",Delta2 expansion for weak category.,2026-07-30T11:45:20.415Z,2026-07-30T11:45:20.415Z
LEGITIMATE_TELECOM_0050,Airtel: Mee Rs 299 plan renew ayyindi. Valid 28 days.,airtel: mee rs 299 plan renew ayyindi. valid 28 days.,te-en,LEGITIMATE_TELECOM,False,LOW,legitimate,synthetic,2.0.0-gamma,"{""urls"": [], ""phones"": [], ""emails"": []}",Delta2 expansion for weak category.,2026-07-30T11:45:20.415Z,2026-07-30T11:45:20.415Z
LEGITIMATE_TELECOM_0051,VI: Mee Rs 599 unlimited plan active. Valid 84 days.,vi: mee rs 599 unlimited plan active. valid 84 days.,te-en,LEGITIMATE_TELECOM,False,LOW,legitimate,synthetic,2.0.0-gamma,"{""urls"": [], ""phones"": [], ""emails"": []}",Delta2 expansion for weak category.,2026-07-30T11:45:20.415Z,2026-07-30T11:45:20.415Z
PERSONAL_SCAM_0011,"Papa, main hospital mein hoon. Accident ho gaya. Rs 30,000 bhejo jaldi.","papa, main hospital mein hoon. accident ho gaya. rs 30,000 bhejo jaldi.",hi-en,PERSONAL_SCAM,True,HIGH,scam,synthetic,2.0.0-gamma,"{""urls"": [], ""phones"": [], ""emails"": []}",Delta2 expansion for weak category.,2026-07-30T11:45:20.415Z,2026-07-30T11:45:20.415Z
PERSONAL_SCAM_0012,"Mummy, mera phone kho gaya hai. Is number se likh raha hoon. Rs 15,000 bhejo.","mummy, mera phone kho gaya hai. is number se likh raha hoon. rs 15,000 bhejo.",hi-en,PERSONAL_SCAM,True,HIGH,scam,synthetic,2.0.0-gamma,"{""urls"": [], ""phones"": [], ""emails"": []}",Delta2 expansion for weak category.,2026-07-30T11:45:20.415Z,2026-07-30T11:45:20.415Z
PERSONAL_SCAM_0013,"Beta, main police station mein hoon. Galti se case mein fas gaya. Rs 50,000 bhejo.","beta, main police station mein hoon. galti se case mein fas gaya. rs 50,000 bhejo.",hi-en,PERSONAL_SCAM,True,HIGH,scam,synthetic,2.0.0-gamma,"{""urls"": [], ""phones"": [], ""emails"": []}",Delta2 expansion for weak category.,2026-07-30T11:45:20.415Z,2026-07-30T11:45:20.415Z
PERSONAL_SCAM_0014,"Bhai, meri tabiyat kharab hai. Operation ke liye Rs 25,000 chahiye. Jaldi bhejo.","bhai, meri tabiyat kharab hai. operation ke liye rs 25,000 chahiye. jaldi bhejo.",hi-en,PERSONAL_SCAM,True,HIGH,scam,synthetic,2.0.0-gamma,"{""urls"": [], ""phones"": [], ""emails"": []}",Delta2 expansion for weak category.,2026-07-30T11:45:20.415Z,2026-07-30T11:45:20.415Z
PERSONAL_SCAM_0015,"Sir, main aapke bete ka classmate hoon. Unhe accident hua hai. Rs 20,000 chahiye.","sir, main aapke bete ka classmate hoon. unhe accident hua hai. rs 20,000 chahiye.",hi-en,PERSONAL_SCAM,True,HIGH,scam,synthetic,2.0.0-gamma,"{""urls"": [], ""phones"": [], ""emails"": []}",Delta2 expansion for weak category.,2026-07-30T11:45:20.415Z,2026-07-30T11:45:20.415Z
PERSONAL_SCAM_0016,"Rahul bhai, main foreign mein phas gaya hoon. Ticket ke liye Rs 40,000 bhejo.","rahul bhai, main foreign mein phas gaya hoon. ticket ke liye rs 40,000 bhejo.",hi-en,PERSONAL_SCAM,True,HIGH,scam,synthetic,2.0.0-gamma,"{""urls"": [], ""phones"": [], ""emails"": []}",Delta2 expansion for weak category.,2026-07-30T11:45:20.415Z,2026-07-30T11:45:20.415Z
PERSONAL_SCAM_0017,"Maa, mujhe kidnap kar liya gaya hai. Police ko mat batana. Rs 2,00,000 chahiye.","maa, mujhe kidnap kar liya gaya hai. police ko mat batana. rs 2,00,000 chahiye.",hi-en,PERSONAL_SCAM,True,HIGH,scam,synthetic,2.0.0-gamma,"{""urls"": [], ""phones"": [], ""emails"": []}",Delta2 expansion for weak category.,2026-07-30T11:45:20.415Z,2026-07-30T11:45:20.415Z
PERSONAL_SCAM_0018,"Didi, main ghar se bhag gaya hoon. Wapas aane ke liye Rs 10,000 bhejo.","didi, main ghar se bhag gaya hoon. wapas aane ke liye rs 10,000 bhejo.",hi-en,PERSONAL_SCAM,True,HIGH,scam,synthetic,2.0.0-gamma,"{""urls"": [], ""phones"": [], ""emails"": []}",Delta2 expansion for weak category.,2026-07-30T11:45:20.415Z,2026-07-30T11:45:20.415Z
PERSONAL_SCAM_0019,"Chachu, main hospital mein hoon. Emergency operation. Rs 60,000 jaldi bhejo.","chachu, main hospital mein hoon. emergency operation. rs 60,000 jaldi bhejo.",hi-en,PERSONAL_SCAM,True,HIGH,scam,synthetic,2.0.0-gamma,"{""urls"": [], ""phones"": [], ""emails"": []}",Delta2 expansion for weak category.,2026-07-30T11:45:20.415Z,2026-07-30T11:45:20.415Z
PERSONAL_SCAM_0020,"Bhabhi, bhai ko accident hua hai. Hospital admit hai. Rs 35,000 bhejo.","bhabhi, bhai ko accident hua hai. hospital admit hai. rs 35,000 bhejo.",hi-en,PERSONAL_SCAM,True,HIGH,scam,synthetic,2.0.0-gamma,"{""urls"": [], ""phones"": [], ""emails"": []}",Delta2 expansion for weak category.,2026-07-30T11:45:20.415Z,2026-07-30T11:45:20.415Z
PERSONAL_SCAM_0021,"Appa, naan hospital la irukken. Accident aachu. Rs 30,000 anupunga.","appa, naan hospital la irukken. accident aachu. rs 30,000 anupunga.",ta-en,PERSONAL_SCAM,True,HIGH,scam,synthetic,2.0.0-gamma,"{""urls"": [], ""phones"": [], ""emails"": []}",Delta2 expansion for weak category.,2026-07-30T11:45:20.416Z,2026-07-30T11:45:20.416Z
PERSONAL_SCAM_0022,"Amma, en phone poyiduchu. Indha number la pesuren. Rs 15,000 anupunga.","amma, en phone poyiduchu. indha number la pesuren. rs 15,000 anupunga.",ta-en,PERSONAL_SCAM,True,HIGH,scam,synthetic,2.0.0-gamma,"{""urls"": [], ""phones"": [], ""emails"": []}",Delta2 expansion for weak category.,2026-07-30T11:45:20.416Z,2026-07-30T11:45:20.416Z
PERSONAL_SCAM_0023,"Anna, naan police station la irukken. Case la sikkiten. Rs 50,000 anupunga.","anna, naan police station la irukken. case la sikkiten. rs 50,000 anupunga.",ta-en,PERSONAL_SCAM,True,HIGH,scam,synthetic,2.0.0-gamma,"{""urls"": [], ""phones"": [], ""emails"": []}",Delta2 expansion for weak category.,2026-07-30T11:45:20.416Z,2026-07-30T11:45:20.416Z
PERSONAL_SCAM_0024,"Akka, enaku operation ku Rs 25,000 venum. Jaldi anupunga.","akka, enaku operation ku rs 25,000 venum. jaldi anupunga.",ta-en,PERSONAL_SCAM,True,HIGH,scam,synthetic,2.0.0-gamma,"{""urls"": [], ""phones"": [], ""emails"": []}",Delta2 expansion for weak category.,2026-07-30T11:45:20.416Z,2026-07-30T11:45:20.416Z
PERSONAL_SCAM_0025,"Sir, naan unga ponnoda classmate. Avangalku accident aachu. Rs 20,000 venum.","sir, naan unga ponnoda classmate. avangalku accident aachu. rs 20,000 venum.",ta-en,PERSONAL_SCAM,True,HIGH,scam,synthetic,2.0.0-gamma,"{""urls"": [], ""phones"": [], ""emails"": []}",Delta2 expansion for weak category.,2026-07-30T11:45:20.416Z,2026-07-30T11:45:20.416Z
PERSONAL_SCAM_0026,"Thambi, naan foreign la sikkiten. Ticket ku Rs 40,000 anupunga.","thambi, naan foreign la sikkiten. ticket ku rs 40,000 anupunga.",ta-en,PERSONAL_SCAM,True,HIGH,scam,synthetic,2.0.0-gamma,"{""urls"": [], ""phones"": [], ""emails"": []}",Delta2 expansion for weak category.,2026-07-30T11:45:20.416Z,2026-07-30T11:45:20.416Z
PERSONAL_SCAM_0027,"Amma, enna kidnap pannitanga. Police ku sollathinga. Rs 2,00,000 venum.","amma, enna kidnap pannitanga. police ku sollathinga. rs 2,00,000 venum.",ta-en,PERSONAL_SCAM,True,HIGH,scam,synthetic,2.0.0-gamma,"{""urls"": [], ""phones"": [], ""emails"": []}",Delta2 expansion for weak category.,2026-07-30T11:45:20.416Z,2026-07-30T11:45:20.416Z
PERSONAL_SCAM_0028,"Nanna, nenu hospital lo unna. Accident ayyindi. Rs 30,000 pampandi.","nanna, nenu hospital lo unna. accident ayyindi. rs 30,000 pampandi.",te-en,PERSONAL_SCAM,True,HIGH,scam,synthetic,2.0.0-gamma,"{""urls"": [], ""phones"": [], ""emails"": []}",Delta2 expansion for weak category.,2026-07-30T11:45:20.416Z,2026-07-30T11:45:20.416Z
PERSONAL_SCAM_0029,"Amma, naa phone poyindi. Ee number nundi matladutunna. Rs 15,000 pampandi.","amma, naa phone poyindi. ee number nundi matladutunna. rs 15,000 pampandi.",te-en,PERSONAL_SCAM,True,HIGH,scam,synthetic,2.0.0-gamma,"{""urls"": [], ""phones"": [], ""emails"": []}",Delta2 expansion for weak category.,2026-07-30T11:45:20.416Z,2026-07-30T11:45:20.416Z
PERSONAL_SCAM_0030,"Anna, nenu police station lo unna. Case lo chikkina. Rs 50,000 pampandi.","anna, nenu police station lo unna. case lo chikkina. rs 50,000 pampandi.",te-en,PERSONAL_SCAM,True,HIGH,scam,synthetic,2.0.0-gamma,"{""urls"": [], ""phones"": [], ""emails"": []}",Delta2 expansion for weak category.,2026-07-30T11:45:20.416Z,2026-07-30T11:45:20.416Z
PERSONAL_SCAM_0031,"Akka, naku operation ki Rs 25,000 kavali. Tondaraga pampandi.","akka, naku operation ki rs 25,000 kavali. tondaraga pampandi.",te-en,PERSONAL_SCAM,True,HIGH,scam,synthetic,2.0.0-gamma,"{""urls"": [], ""phones"": [], ""emails"": []}",Delta2 expansion for weak category.,2026-07-30T11:45:20.416Z,2026-07-30T11:45:20.416Z
PERSONAL_SCAM_0032,"Sir, nenu mee koduku classmate. Ayanaku accident ayyindi. Rs 20,000 kavali.","sir, nenu mee koduku classmate. ayanaku accident ayyindi. rs 20,000 kavali.",te-en,PERSONAL_SCAM,True,HIGH,scam,synthetic,2.0.0-gamma,"{""urls"": [], ""phones"": [], ""emails"": []}",Delta2 expansion for weak category.,2026-07-30T11:45:20.416Z,2026-07-30T11:45:20.416Z
PERSONAL_SCAM_0033,"Thammudu, nenu foreign lo chikkina. Ticket ki Rs 40,000 pampandi.","thammudu, nenu foreign lo chikkina. ticket ki rs 40,000 pampandi.",te-en,PERSONAL_SCAM,True,HIGH,scam,synthetic,2.0.0-gamma,"{""urls"": [], ""phones"": [], ""emails"": []}",Delta2 expansion for weak category.,2026-07-30T11:45:20.416Z,2026-07-30T11:45:20.416Z
PERSONAL_SCAM_0034,"Amma, nannu kidnap chesaru. Police ki cheppakandi. Rs 2,00,000 kavali.","amma, nannu kidnap chesaru. police ki cheppakandi. rs 2,00,000 kavali.",te-en,PERSONAL_SCAM,True,HIGH,scam,synthetic,2.0.0-gamma,"{""urls"": [], ""phones"": [], ""emails"": []}",Delta2 expansion for weak category.,2026-07-30T11:45:20.416Z,2026-07-30T11:45:20.416Z
BANKING_FRAUD_0094,SBI: Aapka account 3 alag cities se access hua. Verify at http://sbi-verify.tk.,sbi: aapka account 3 alag cities se access hua. verify at http://sbi-verify.tk.,hi-en,BANKING_FRAUD,True,HIGH,scam,synthetic,2.0.0-gamma,"{""urls"": [""http://sbi-verify.tk.""], ""phones"": [], ""emails"": []}",Delta2 expansion for weak category.,2026-07-30T11:45:20.416Z,2026-07-30T11:45:20.416Z
BANKING_FRAUD_0095,"HDFC: Rs 1,25,000 credit card Dubai mein use hua. Block at http://hdfc-block.xyz.","hdfc: rs 1,25,000 credit card dubai mein use hua. block at http://hdfc-block.xyz.",hi-en,BANKING_FRAUD,True,HIGH,scam,synthetic,2.0.0-gamma,"{""urls"": [""http://hdfc-block.xyz.""], ""phones"": [], ""emails"": []}",Delta2 expansion for weak category.,2026-07-30T11:45:20.416Z,2026-07-30T11:45:20.416Z
BANKING_FRAUD_0096,ICICI: SIM swap request aaya hai. Aapka account compromised ho sakta hai.,icici: sim swap request aaya hai. aapka account compromised ho sakta hai.,hi-en,BANKING_FRAUD,True,HIGH,scam,synthetic,2.0.0-gamma,"{""urls"": [], ""phones"": [], ""emails"": []}",Delta2 expansion for weak category.,2026-07-30T11:45:20.416Z,2026-07-30T11:45:20.416Z
BANKING_FRAUD_0097,"Axis Bank: Aapke account mein Rs 50,00,000 ka loan approve. Rs 5,000 processing fee.","axis bank: aapke account mein rs 50,00,000 ka loan approve. rs 5,000 processing fee.",hi-en,BANKING_FRAUD,True,HIGH,scam,synthetic,2.0.0-gamma,"{""urls"": [], ""phones"": [], ""emails"": []}",Delta2 expansion for weak category.,2026-07-30T11:45:20.416Z,2026-07-30T11:45:20.416Z
BANKING_FRAUD_0098,PNB: Aapka net banking password expired. Update at http://pnb-update.in.,pnb: aapka net banking password expired. update at http://pnb-update.in.,hi-en,BANKING_FRAUD,True,HIGH,scam,synthetic,2.0.0-gamma,"{""urls"": [""http://pnb-update.in.""], ""phones"": [], ""emails"": []}",Delta2 expansion for weak category.,2026-07-30T11:45:20.416Z,2026-07-30T11:45:20.416Z
BANKING_FRAUD_0099,"Canara Bank: Aapka locker rent overdue. Rs 6,500 pay karo warna locker seal.","canara bank: aapka locker rent overdue. rs 6,500 pay karo warna locker seal.",hi-en,BANKING_FRAUD,True,HIGH,scam,synthetic,2.0.0-gamma,"{""urls"": [], ""phones"": [], ""emails"": []}",Delta2 expansion for weak category.,2026-07-30T11:45:20.416Z,2026-07-30T11:45:20.416Z
BANKING_FRAUD_0100,Bank of Baroda: Aapka account money laundering mein involve. Call compliance officer.,bank of baroda: aapka account money laundering mein involve. call compliance officer.,hi-en,BANKING_FRAUD,True,HIGH,scam,synthetic,2.0.0-gamma,"{""urls"": [], ""phones"": [], ""emails"": []}",Delta2 expansion for weak category.,2026-07-30T11:45:20.416Z,2026-07-30T11:45:20.416Z
BANKING_FRAUD_0101,"Kotak: Aapki credit card limit badh gayi Rs 8,00,000. Accept at http://kotak-offer.xyz.","kotak: aapki credit card limit badh gayi rs 8,00,000. accept at http://kotak-offer.xyz.",hi-en,BANKING_FRAUD,True,HIGH,scam,synthetic,2.0.0-gamma,"{""urls"": [""http://kotak-offer.xyz.""], ""phones"": [], ""emails"": []}",Delta2 expansion for weak category.,2026-07-30T11:45:20.416Z,2026-07-30T11:45:20.416Z
BANKING_FRAUD_0102,"Yes Bank: Aapka savings account upgraded. Rs 3,500 annual fee pay karo.","yes bank: aapka savings account upgraded. rs 3,500 annual fee pay karo.",hi-en,BANKING_FRAUD,True,HIGH,scam,synthetic,2.0.0-gamma,"{""urls"": [], ""phones"": [], ""emails"": []}",Delta2 expansion for weak category.,2026-07-30T11:45:20.416Z,2026-07-30T11:45:20.416Z
BANKING_FRAUD_0103,RBI: All banks need customer re-verification. Update at http://rbi-verify.tk.,rbi: all banks need customer re-verification. update at http://rbi-verify.tk.,hi-en,BANKING_FRAUD,True,HIGH,scam,synthetic,2.0.0-gamma,"{""urls"": [""http://rbi-verify.tk.""], ""phones"": [], ""emails"": []}",Delta2 expansion for weak category.,2026-07-30T11:45:20.416Z,2026-07-30T11:45:20.416Z
BANKING_FRAUD_0104,SBI: Ungal account 3 cities la access pannanga. Verify at http://sbi-verify.tk.,sbi: ungal account 3 cities la access pannanga. verify at http://sbi-verify.tk.,ta-en,BANKING_FRAUD,True,HIGH,scam,synthetic,2.0.0-gamma,"{""urls"": [""http://sbi-verify.tk.""], ""phones"": [], ""emails"": []}",Delta2 expansion for weak category.,2026-07-30T11:45:20.416Z,2026-07-30T11:45:20.416Z
BANKING_FRAUD_0105,"HDFC: Rs 1,25,000 credit card Dubai la use pannanga. Block at http://hdfc-block.xyz.","hdfc: rs 1,25,000 credit card dubai la use pannanga. block at http://hdfc-block.xyz.",ta-en,BANKING_FRAUD,True,HIGH,scam,synthetic,2.0.0-gamma,"{""urls"": [""http://hdfc-block.xyz.""], ""phones"": [], ""emails"": []}",Delta2 expansion for weak category.,2026-07-30T11:45:20.417Z,2026-07-30T11:45:20.417Z
BANKING_FRAUD_0106,ICICI: SIM swap request. Ungal account compromised aagalaam.,icici: sim swap request. ungal account compromised aagalaam.,ta-en,BANKING_FRAUD,True,HIGH,scam,synthetic,2.0.0-gamma,"{""urls"": [], ""phones"": [], ""emails"": []}",Delta2 expansion for weak category.,2026-07-30T11:45:20.417Z,2026-07-30T11:45:20.417Z
BANKING_FRAUD_0107,"Axis Bank: Rs 50,00,000 loan approved. Rs 5,000 processing fee.","axis bank: rs 50,00,000 loan approved. rs 5,000 processing fee.",ta-en,BANKING_FRAUD,True,HIGH,scam,synthetic,2.0.0-gamma,"{""urls"": [], ""phones"": [], ""emails"": []}",Delta2 expansion for weak category.,2026-07-30T11:45:20.417Z,2026-07-30T11:45:20.417Z
BANKING_FRAUD_0108,PNB: Net banking password expired. Update at http://pnb-update.in.,pnb: net banking password expired. update at http://pnb-update.in.,ta-en,BANKING_FRAUD,True,HIGH,scam,synthetic,2.0.0-gamma,"{""urls"": [""http://pnb-update.in.""], ""phones"": [], ""emails"": []}",Delta2 expansion for weak category.,2026-07-30T11:45:20.417Z,2026-07-30T11:45:20.417Z
BANKING_FRAUD_0109,SBI: Mee account 3 cities nundi access chesaru. Verify at http://sbi-verify.tk.,sbi: mee account 3 cities nundi access chesaru. verify at http://sbi-verify.tk.,te-en,BANKING_FRAUD,True,HIGH,scam,synthetic,2.0.0-gamma,"{""urls"": [""http://sbi-verify.tk.""], ""phones"": [], ""emails"": []}",Delta2 expansion for weak category.,2026-07-30T11:45:20.417Z,2026-07-30T11:45:20.417Z
BANKING_FRAUD_0110,"HDFC: Rs 1,25,000 credit card Dubai lo use chesaru. Block at http://hdfc-block.xyz.","hdfc: rs 1,25,000 credit card dubai lo use chesaru. block at http://hdfc-block.xyz.",te-en,BANKING_FRAUD,True,HIGH,scam,synthetic,2.0.0-gamma,"{""urls"": [""http://hdfc-block.xyz.""], ""phones"": [], ""emails"": []}",Delta2 expansion for weak category.,2026-07-30T11:45:20.417Z,2026-07-30T11:45:20.417Z
BANKING_FRAUD_0111,ICICI: SIM swap request. Mee account compromised avocchu.,icici: sim swap request. mee account compromised avocchu.,te-en,BANKING_FRAUD,True,HIGH,scam,synthetic,2.0.0-gamma,"{""urls"": [], ""phones"": [], ""emails"": []}",Delta2 expansion for weak category.,2026-07-30T11:45:20.417Z,2026-07-30T11:45:20.417Z
LOTTERY_SCAM_0081,"Mubarak ho! Aapne KBC mein Rs 75,00,000 jeete. Call 1800-123-4567 claim ke liye.","mubarak ho! aapne kbc mein rs 75,00,000 jeete. call 1800-123-4567 claim ke liye.",hi-en,LOTTERY_SCAM,True,HIGH,scam,synthetic,2.0.0-gamma,"{""urls"": [], ""phones"": [""1800-123-4567""], ""emails"": []}",Delta2 expansion for weak category.,2026-07-30T11:45:20.417Z,2026-07-30T11:45:20.417Z
LOTTERY_SCAM_0082,"Amazon: Aap 1,000,000th customer. iPhone 16 jeete! Claim: http://amazon-winner.tk.","amazon: aap 1,000,000th customer. iphone 16 jeete! claim: http://amazon-winner.tk.",hi-en,LOTTERY_SCAM,True,HIGH,scam,synthetic,2.0.0-gamma,"{""urls"": [""http://amazon-winner.tk.""], ""phones"": [], ""emails"": []}",Delta2 expansion for weak category.,2026-07-30T11:45:20.417Z,2026-07-30T11:45:20.417Z
LOTTERY_SCAM_0083,"Google: Aapki search history ne Rs 3,00,000 jeete. Call now to claim.","google: aapki search history ne rs 3,00,000 jeete. call now to claim.",hi-en,LOTTERY_SCAM,True,HIGH,scam,synthetic,2.0.0-gamma,"{""urls"": [], ""phones"": [], ""emails"": []}",Delta2 expansion for weak category.,2026-07-30T11:45:20.417Z,2026-07-30T11:45:20.417Z
LOTTERY_SCAM_0084,"Flipkart: Aapne Big Billion Day mein Rs 1,00,000 shopping voucher jeeta.","flipkart: aapne big billion day mein rs 1,00,000 shopping voucher jeeta.",hi-en,LOTTERY_SCAM,True,HIGH,scam,synthetic,2.0.0-gamma,"{""urls"": [], ""phones"": [], ""emails"": []}",Delta2 expansion for weak category.,2026-07-30T11:45:20.417Z,2026-07-30T11:45:20.417Z
LOTTERY_SCAM_0085,"Reliance: Aapne Mukesh Ambani birthday draw mein Rs 25,00,000 jeete.","reliance: aapne mukesh ambani birthday draw mein rs 25,00,000 jeete.",hi-en,LOTTERY_SCAM,True,HIGH,scam,synthetic,2.0.0-gamma,"{""urls"": [], ""phones"": [], ""emails"": []}",Delta2 expansion for weak category.,2026-07-30T11:45:20.417Z,2026-07-30T11:45:20.417Z
LOTTERY_SCAM_0086,"Tata Motors: Aapne Tata Nexon car jeeti. Rs 25,000 delivery charges pay karo.","tata motors: aapne tata nexon car jeeti. rs 25,000 delivery charges pay karo.",hi-en,LOTTERY_SCAM,True,HIGH,scam,synthetic,2.0.0-gamma,"{""urls"": [], ""phones"": [], ""emails"": []}",Delta2 expansion for weak category.,2026-07-30T11:45:20.417Z,2026-07-30T11:45:20.417Z
LOTTERY_SCAM_0087,"WhatsApp: Aapka forwarded message 1,00,000 times share hua. Rs 50,000 prize.","whatsapp: aapka forwarded message 1,00,000 times share hua. rs 50,000 prize.",hi-en,LOTTERY_SCAM,True,HIGH,scam,synthetic,2.0.0-gamma,"{""urls"": [], ""phones"": [], ""emails"": []}",Delta2 expansion for weak category.,2026-07-30T11:45:20.417Z,2026-07-30T11:45:20.417Z
LOTTERY_SCAM_0088,"Pepsi: Aapne Dubai trip jeeti. Rs 15,000 processing fee bhejein.","pepsi: aapne dubai trip jeeti. rs 15,000 processing fee bhejein.",hi-en,LOTTERY_SCAM,True,HIGH,scam,synthetic,2.0.0-gamma,"{""urls"": [], ""phones"": [], ""emails"": []}",Delta2 expansion for weak category.,2026-07-30T11:45:20.417Z,2026-07-30T11:45:20.417Z
LOTTERY_SCAM_0089,"Coca-Cola: Aapne Rs 10,00,000 summer contest mein jeete. Call now.","coca-cola: aapne rs 10,00,000 summer contest mein jeete. call now.",hi-en,LOTTERY_SCAM,True,HIGH,scam,synthetic,2.0.0-gamma,"{""urls"": [], ""phones"": [], ""emails"": []}",Delta2 expansion for weak category.,2026-07-30T11:45:20.417Z,2026-07-30T11:45:20.417Z
LOTTERY_SCAM_0090,"Samsung: Aapne Galaxy S25 Ultra launch event mein jeeta. Rs 2,500 shipping.","samsung: aapne galaxy s25 ultra launch event mein jeeta. rs 2,500 shipping.",hi-en,LOTTERY_SCAM,True,HIGH,scam,synthetic,2.0.0-gamma,"{""urls"": [], ""phones"": [], ""emails"": []}",Delta2 expansion for weak category.,2026-07-30T11:45:20.417Z,2026-07-30T11:45:20.417Z
LOTTERY_SCAM_0091,"Vaazhthukkal! KBC la Rs 75,00,000 jechinga. 1800-123-4567 ku call pannuga.","vaazhthukkal! kbc la rs 75,00,000 jechinga. 1800-123-4567 ku call pannuga.",ta-en,LOTTERY_SCAM,True,HIGH,scam,synthetic,2.0.0-gamma,"{""urls"": [], ""phones"": [""1800-123-4567""], ""emails"": []}",Delta2 expansion for weak category.,2026-07-30T11:45:20.417Z,2026-07-30T11:45:20.417Z
LOTTERY_SCAM_0092,"Amazon: Neenga 1,000,000th customer. iPhone 16 jechinga! Claim: http://amazon-winner.tk.","amazon: neenga 1,000,000th customer. iphone 16 jechinga! claim: http://amazon-winner.tk.",ta-en,LOTTERY_SCAM,True,HIGH,scam,synthetic,2.0.0-gamma,"{""urls"": [""http://amazon-winner.tk.""], ""phones"": [], ""emails"": []}",Delta2 expansion for weak category.,2026-07-30T11:45:20.417Z,2026-07-30T11:45:20.417Z
LOTTERY_SCAM_0093,"Google: Ungal search history Rs 3,00,000 jechiduchu. Ippave call pannuga.","google: ungal search history rs 3,00,000 jechiduchu. ippave call pannuga.",ta-en,LOTTERY_SCAM,True,HIGH,scam,synthetic,2.0.0-gamma,"{""urls"": [], ""phones"": [], ""emails"": []}",Delta2 expansion for weak category.,2026-07-30T11:45:20.417Z,2026-07-30T11:45:20.417Z
LOTTERY_SCAM_0094,"Flipkart: Big Billion Day la Rs 1,00,000 shopping voucher jechinga.","flipkart: big billion day la rs 1,00,000 shopping voucher jechinga.",ta-en,LOTTERY_SCAM,True,HIGH,scam,synthetic,2.0.0-gamma,"{""urls"": [], ""phones"": [], ""emails"": []}",Delta2 expansion for weak category.,2026-07-30T11:45:20.417Z,2026-07-30T11:45:20.417Z
LOTTERY_SCAM_0095,"Reliance: Mukesh Ambani birthday draw la Rs 25,00,000 jechinga.","reliance: mukesh ambani birthday draw la rs 25,00,000 jechinga.",ta-en,LOTTERY_SCAM,True,HIGH,scam,synthetic,2.0.0-gamma,"{""urls"": [], ""phones"": [], ""emails"": []}",Delta2 expansion for weak category.,2026-07-30T11:45:20.417Z,2026-07-30T11:45:20.417Z
LOTTERY_SCAM_0096,"Abhinaandanalu! KBC lo Rs 75,00,000 gachincharu. 1800-123-4567 ki call cheyandi.","abhinaandanalu! kbc lo rs 75,00,000 gachincharu. 1800-123-4567 ki call cheyandi.",te-en,LOTTERY_SCAM,True,HIGH,scam,synthetic,2.0.0-gamma,"{""urls"": [], ""phones"": [""1800-123-4567""], ""emails"": []}",Delta2 expansion for weak category.,2026-07-30T11:45:20.417Z,2026-07-30T11:45:20.417Z
LOTTERY_SCAM_0097,"Amazon: Meeru 1,000,000th customer. iPhone 16 gachincharu! Claim: http://amazon-winner.tk.","amazon: meeru 1,000,000th customer. iphone 16 gachincharu! claim: http://amazon-winner.tk.",te-en,LOTTERY_SCAM,True,HIGH,scam,synthetic,2.0.0-gamma,"{""urls"": [""http://amazon-winner.tk.""], ""phones"": [], ""emails"": []}",Delta2 expansion for weak category.,2026-07-30T11:45:20.417Z,2026-07-30T11:45:20.417Z
LOTTERY_SCAM_0098,"Google: Mee search history Rs 3,00,000 gachinchindi. Ippude call cheyandi.","google: mee search history rs 3,00,000 gachinchindi. ippude call cheyandi.",te-en,LOTTERY_SCAM,True,HIGH,scam,synthetic,2.0.0-gamma,"{""urls"": [], ""phones"": [], ""emails"": []}",Delta2 expansion for weak category.,2026-07-30T11:45:20.417Z,2026-07-30T11:45:20.417Z
LOTTERY_SCAM_0099,"Flipkart: Big Billion Day lo Rs 1,00,000 shopping voucher gachincharu.","flipkart: big billion day lo rs 1,00,000 shopping voucher gachincharu.",te-en,LOTTERY_SCAM,True,HIGH,scam,synthetic,2.0.0-gamma,"{""urls"": [], ""phones"": [], ""emails"": []}",Delta2 expansion for weak category.,2026-07-30T11:45:20.417Z,2026-07-30T11:45:20.417Z
LOTTERY_SCAM_0100,"Reliance: Mukesh Ambani birthday draw lo Rs 25,00,000 gachincharu.","reliance: mukesh ambani birthday draw lo rs 25,00,000 gachincharu.",te-en,LOTTERY_SCAM,True,HIGH,scam,synthetic,2.0.0-gamma,"{""urls"": [], ""phones"": [], ""emails"": []}",Delta2 expansion for weak category.,2026-07-30T11:45:20.418Z,2026-07-30T11:45:20.418Z
LEGITIMATE_TELECOM_0052,Jio: Your 5G service activated in your area. Enjoy unlimited 5G data.,jio: your 5g service activated in your area. enjoy unlimited 5g data.,en,LEGITIMATE_TELECOM,False,LOW,legitimate,synthetic,2.0.0-gamma,"{""urls"": [], ""phones"": [], ""emails"": []}",Delta2 expansion for weak category.,2026-07-30T11:45:20.418Z,2026-07-30T11:45:20.418Z
LEGITIMATE_TELECOM_0053,Airtel: Welcome Rs 100 cashback on next recharge above Rs 299.,airtel: welcome rs 100 cashback on next recharge above rs 299.,en,LEGITIMATE_TELECOM,False,LOW,legitimate,synthetic,2.0.0-gamma,"{""urls"": [], ""phones"": [], ""emails"": []}",Delta2 expansion for weak category.,2026-07-30T11:45:20.418Z,2026-07-30T11:45:20.418Z
LEGITIMATE_TELECOM_0054,VI: Your number eligible for free upgrade to 4G. Visit store with Aadhaar.,vi: your number eligible for free upgrade to 4g. visit store with aadhaar.,en,LEGITIMATE_TELECOM,False,LOW,legitimate,synthetic,2.0.0-gamma,"{""urls"": [], ""phones"": [], ""emails"": []}",Delta2 expansion for weak category.,2026-07-30T11:45:20.418Z,2026-07-30T11:45:20.418Z
LEGITIMATE_TELECOM_0055,BSNL: Your complaint #1234567890 resolved. Thank you for your patience.,bsnl: your complaint #1234567890 resolved. thank you for your patience.,en,LEGITIMATE_TELECOM,False,LOW,legitimate,synthetic,2.0.0-gamma,"{""urls"": [], ""phones"": [""1234567890""], ""emails"": []}",Delta2 expansion for weak category.,2026-07-30T11:45:20.418Z,2026-07-30T11:45:20.418Z
LEGITIMATE_TELECOM_0056,TRAI: DND check: Your number is registered. No promotional SMS till 30 Sep.,trai: dnd check: your number is registered. no promotional sms till 30 sep.,en,LEGITIMATE_TELECOM,False,LOW,legitimate,synthetic,2.0.0-gamma,"{""urls"": [], ""phones"": [], ""emails"": []}",Delta2 expansion for weak category.,2026-07-30T11:45:20.418Z,2026-07-30T11:45:20.418Z
LEGITIMATE_TELECOM_0057,Airtel: SIM replacement request completed. New SIM active from tomorrow.,airtel: sim replacement request completed. new sim active from tomorrow.,en,LEGITIMATE_TELECOM,False,LOW,legitimate,synthetic,2.0.0-gamma,"{""urls"": [], ""phones"": [], ""emails"": []}",Delta2 expansion for weak category.,2026-07-30T11:45:20.418Z,2026-07-30T11:45:20.418Z
LEGITIMATE_TELECOM_0058,JioFiber: Your installation technician will visit tomorrow 9-11 AM.,jiofiber: your installation technician will visit tomorrow 9-11 am.,en,LEGITIMATE_TELECOM,False,LOW,legitimate,synthetic,2.0.0-gamma,"{""urls"": [], ""phones"": [], ""emails"": []}",Delta2 expansion for weak category.,2026-07-30T11:45:20.418Z,2026-07-30T11:45:20.418Z
LEGITIMATE_TELECOM_0059,VI: Your family add-on plan of Rs 99/month for extra 50GB activated.,vi: your family add-on plan of rs 99/month for extra 50gb activated.,en,LEGITIMATE_TELECOM,False,LOW,legitimate,synthetic,2.0.0-gamma,"{""urls"": [], ""phones"": [], ""emails"": []}",Delta2 expansion for weak category.,2026-07-30T11:45:20.418Z,2026-07-30T11:45:20.418Z
LEGITIMATE_TELECOM_0060,BSNL: Your FTTH broadband usage: 1.5TB of 3TB FUP limit.,bsnl: your ftth broadband usage: 1.5tb of 3tb fup limit.,en,LEGITIMATE_TELECOM,False,LOW,legitimate,synthetic,2.0.0-gamma,"{""urls"": [], ""phones"": [], ""emails"": []}",Delta2 expansion for weak category.,2026-07-30T11:45:20.418Z,2026-07-30T11:45:20.418Z
LEGITIMATE_TELECOM_0061,Airtel Xstream: Netflix + Prime + Hotstar included in your plan.,airtel xstream: netflix + prime + hotstar included in your plan.,en,LEGITIMATE_TELECOM,False,LOW,legitimate,synthetic,2.0.0-gamma,"{""urls"": [], ""phones"": [], ""emails"": []}",Delta2 expansion for weak category.,2026-07-30T11:45:20.418Z,2026-07-30T11:45:20.418Z
LEGITIMATE_SHOPPING_0089,Amazon: Your order of books has been delivered. Rate your experience.,amazon: your order of books has been delivered. rate your experience.,en,LEGITIMATE_SHOPPING,False,LOW,legitimate,synthetic,2.0.0-gamma,"{""urls"": [], ""phones"": [], ""emails"": []}",Delta2 expansion for weak category.,2026-07-30T11:45:20.418Z,2026-07-30T11:45:20.418Z
LEGITIMATE_SHOPPING_0090,"Flipkart: Your exchange of old phone completed. Rs 8,000 credit applied.","flipkart: your exchange of old phone completed. rs 8,000 credit applied.",en,LEGITIMATE_SHOPPING,False,LOW,legitimate,synthetic,2.0.0-gamma,"{""urls"": [], ""phones"": [], ""emails"": []}",Delta2 expansion for weak category.,2026-07-30T11:45:20.418Z,2026-07-30T11:45:20.418Z
LEGITIMATE_SHOPPING_0091,Myntra: Your size exchange approved. New item will be shipped after pickup.,myntra: your size exchange approved. new item will be shipped after pickup.,en,LEGITIMATE_SHOPPING,False,LOW,legitimate,synthetic,2.0.0-gamma,"{""urls"": [], ""phones"": [], ""emails"": []}",Delta2 expansion for weak category.,2026-07-30T11:45:20.418Z,2026-07-30T11:45:20.418Z
LEGITIMATE_SHOPPING_0092,Meesho: Your order has reached your city hub. Out for delivery tomorrow.,meesho: your order has reached your city hub. out for delivery tomorrow.,en,LEGITIMATE_SHOPPING,False,LOW,legitimate,synthetic,2.0.0-gamma,"{""urls"": [], ""phones"": [], ""emails"": []}",Delta2 expansion for weak category.,2026-07-30T11:45:20.418Z,2026-07-30T11:45:20.418Z
LEGITIMATE_SHOPPING_0093,Nykaa: Your order is being packed. You will receive tracking shortly.,nykaa: your order is being packed. you will receive tracking shortly.,en,LEGITIMATE_SHOPPING,False,LOW,legitimate,synthetic,2.0.0-gamma,"{""urls"": [], ""phones"": [], ""emails"": []}",Delta2 expansion for weak category.,2026-07-30T11:45:20.418Z,2026-07-30T11:45:20.418Z
LEGITIMATE_SHOPPING_0094,Snapdeal: Your product has been dispatched from seller's warehouse.,snapdeal: your product has been dispatched from seller's warehouse.,en,LEGITIMATE_SHOPPING,False,LOW,legitimate,synthetic,2.0.0-gamma,"{""urls"": [], ""phones"": [], ""emails"": []}",Delta2 expansion for weak category.,2026-07-30T11:45:20.418Z,2026-07-30T11:45:20.418Z
LEGITIMATE_SHOPPING_0095,Tata CLiQ: Your order of smartwatch has been shipped. Track now.,tata cliq: your order of smartwatch has been shipped. track now.,en,LEGITIMATE_SHOPPING,False,LOW,legitimate,synthetic,2.0.0-gamma,"{""urls"": [], ""phones"": [], ""emails"": []}",Delta2 expansion for weak category.,2026-07-30T11:45:20.418Z,2026-07-30T11:45:20.418Z
LEGITIMATE_SHOPPING_0096,"Ajio: Extra Rs 500 off on prepaid orders above Rs 2,000. Code AJIO500.","ajio: extra rs 500 off on prepaid orders above rs 2,000. code ajio500.",en,LEGITIMATE_SHOPPING,False,LOW,legitimate,synthetic,2.0.0-gamma,"{""urls"": [], ""phones"": [], ""emails"": []}",Delta2 expansion for weak category.,2026-07-30T11:45:20.418Z,2026-07-30T11:45:20.418Z
LEGITIMATE_SHOPPING_0097,Lenskart: Your new glasses are ready. Track at http://lenskart.com/track.,lenskart: your new glasses are ready. track at http://lenskart.com/track.,en,LEGITIMATE_SHOPPING,False,LOW,legitimate,synthetic,2.0.0-gamma,"{""urls"": [""http://lenskart.com/track.""], ""phones"": [], ""emails"": []}",Delta2 expansion for weak category.,2026-07-30T11:45:20.418Z,2026-07-30T11:45:20.418Z
LEGITIMATE_SHOPPING_0098,Cult.fit: Your activewear order dispatched. Get fit with Cult!,cult.fit: your activewear order dispatched. get fit with cult!,en,LEGITIMATE_SHOPPING,False,LOW,legitimate,synthetic,2.0.0-gamma,"{""urls"": [], ""phones"": [], ""emails"": []}",Delta2 expansion for weak category.,2026-07-30T11:45:20.418Z,2026-07-30T11:45:20.418Z
LEGITIMATE_COLLEGE_0041,IIT Madras: BS Degree program applications open for 2025 session.,iit madras: bs degree program applications open for 2025 session.,en,LEGITIMATE_COLLEGE,False,LOW,legitimate,synthetic,2.0.0-gamma,"{""urls"": [], ""phones"": [], ""emails"": []}",Delta2 expansion for weak category.,2026-07-30T11:45:20.418Z,2026-07-30T11:45:20.418Z
LEGITIMATE_COLLEGE_0042,BITS Pilani: Your semester fee payment confirmed. Receipt available.,bits pilani: your semester fee payment confirmed. receipt available.,en,LEGITIMATE_COLLEGE,False,LOW,legitimate,synthetic,2.0.0-gamma,"{""urls"": [], ""phones"": [], ""emails"": []}",Delta2 expansion for weak category.,2026-07-30T11:45:20.418Z,2026-07-30T11:45:20.418Z
LEGITIMATE_COLLEGE_0043,NIT Warangal: Hostel reopening on 10 Aug. Report by 5 PM.,nit warangal: hostel reopening on 10 aug. report by 5 pm.,en,LEGITIMATE_COLLEGE,False,LOW,legitimate,synthetic,2.0.0-gamma,"{""urls"": [], ""phones"": [], ""emails"": []}",Delta2 expansion for weak category.,2026-07-30T11:45:20.418Z,2026-07-30T11:45:20.418Z
LEGITIMATE_COLLEGE_0044,"Jadavpur University: Your admission confirmation fee Rs 5,000 paid.","jadavpur university: your admission confirmation fee rs 5,000 paid.",en,LEGITIMATE_COLLEGE,False,LOW,legitimate,synthetic,2.0.0-gamma,"{""urls"": [], ""phones"": [], ""emails"": []}",Delta2 expansion for weak category.,2026-07-30T11:45:20.418Z,2026-07-30T11:45:20.418Z
LEGITIMATE_COLLEGE_0045,Manipal: Your semester registration pending. Complete within 7 days.,manipal: your semester registration pending. complete within 7 days.,en,LEGITIMATE_COLLEGE,False,LOW,legitimate,synthetic,2.0.0-gamma,"{""urls"": [], ""phones"": [], ""emails"": []}",Delta2 expansion for weak category.,2026-07-30T11:45:20.418Z,2026-07-30T11:45:20.418Z
LEGITIMATE_COLLEGE_0046,Amrita University: Placement training sessions start from 12 Aug.,amrita university: placement training sessions start from 12 aug.,en,LEGITIMATE_COLLEGE,False,LOW,legitimate,synthetic,2.0.0-gamma,"{""urls"": [], ""phones"": [], ""emails"": []}",Delta2 expansion for weak category.,2026-07-30T11:45:20.418Z,2026-07-30T11:45:20.418Z
LEGITIMATE_COLLEGE_0047,VIT: Your internal assessment marks for July published in VTOP.,vit: your internal assessment marks for july published in vtop.,en,LEGITIMATE_COLLEGE,False,LOW,legitimate,synthetic,2.0.0-gamma,"{""urls"": [], ""phones"": [], ""emails"": []}",Delta2 expansion for weak category.,2026-07-30T11:45:20.419Z,2026-07-30T11:45:20.419Z
LEGITIMATE_COLLEGE_0048,SRM: Your project review scheduled for 15 Aug with guide.,srm: your project review scheduled for 15 aug with guide.,en,LEGITIMATE_COLLEGE,False,LOW,legitimate,synthetic,2.0.0-gamma,"{""urls"": [], ""phones"": [], ""emails"": []}",Delta2 expansion for weak category.,2026-07-30T11:45:20.419Z,2026-07-30T11:45:20.419Z
LEGITIMATE_COLLEGE_0049,Christ University: Your library membership card ready for collection.,christ university: your library membership card ready for collection.,en,LEGITIMATE_COLLEGE,False,LOW,legitimate,synthetic,2.0.0-gamma,"{""urls"": [], ""phones"": [], ""emails"": []}",Delta2 expansion for weak category.,2026-07-30T11:45:20.419Z,2026-07-30T11:45:20.419Z
LEGITIMATE_COLLEGE_0050,"LPU: Your scholarship amount of Rs 40,000 credited to your account.","lpu: your scholarship amount of rs 40,000 credited to your account.",en,LEGITIMATE_COLLEGE,False,LOW,legitimate,synthetic,2.0.0-gamma,"{""urls"": [], ""phones"": [], ""emails"": []}",Delta2 expansion for weak category.,2026-07-30T11:45:20.419Z,2026-07-30T11:45:20.419Z
LEGITIMATE_UTILITY_0026,"Tata Power: Your bill payment of Rs 2,100 received. Thank you.","tata power: your bill payment of rs 2,100 received. thank you.",en,LEGITIMATE_UTILITY,False,LOW,legitimate,synthetic,2.0.0-gamma,"{""urls"": [], ""phones"": [], ""emails"": []}",Delta2 expansion for weak category.,2026-07-30T11:45:20.419Z,2026-07-30T11:45:20.419Z
LEGITIMATE_UTILITY_0027,BSES: Power maintenance in your area on 20 Aug 10 AM-2 PM.,bses: power maintenance in your area on 20 aug 10 am-2 pm.,en,LEGITIMATE_UTILITY,False,LOW,legitimate,synthetic,2.0.0-gamma,"{""urls"": [], ""phones"": [], ""emails"": []}",Delta2 expansion for weak category.,2026-07-30T11:45:20.419Z,2026-07-30T11:45:20.419Z
LEGITIMATE_UTILITY_0028,"Adani Electricity: Your consumption 280 units this month. Bill Rs 1,680.","adani electricity: your consumption 280 units this month. bill rs 1,680.",en,LEGITIMATE_UTILITY,False,LOW,legitimate,synthetic,2.0.0-gamma,"{""urls"": [], ""phones"": [], ""emails"": []}",Delta2 expansion for weak category.,2026-07-30T11:45:20.419Z,2026-07-30T11:45:20.419Z
LEGITIMATE_UTILITY_0029,Mahanagar Gas: Your gas bill of Rs 820 paid. Receipt: 123456789.,mahanagar gas: your gas bill of rs 820 paid. receipt: 123456789.,en,LEGITIMATE_UTILITY,False,LOW,legitimate,synthetic,2.0.0-gamma,"{""urls"": [], ""phones"": [], ""emails"": []}",Delta2 expansion for weak category.,2026-07-30T11:45:20.419Z,2026-07-30T11:45:20.419Z
LEGITIMATE_UTILITY_0030,HP Gas: Your LPG refill delivered. Please collect cylinder.,hp gas: your lpg refill delivered. please collect cylinder.,en,LEGITIMATE_UTILITY,False,LOW,legitimate,synthetic,2.0.0-gamma,"{""urls"": [], ""phones"": [], ""emails"": []}",Delta2 expansion for weak category.,2026-07-30T11:45:20.419Z,2026-07-30T11:45:20.419Z
LEGITIMATE_UTILITY_0031,Bharat Gas: Your subsidy of Rs 300 credited for refill #12345.,bharat gas: your subsidy of rs 300 credited for refill #12345.,en,LEGITIMATE_UTILITY,False,LOW,legitimate,synthetic,2.0.0-gamma,"{""urls"": [], ""phones"": [], ""emails"": []}",Delta2 expansion for weak category.,2026-07-30T11:45:20.419Z,2026-07-30T11:45:20.419Z
LEGITIMATE_UTILITY_0032,IOCL: Your new gas connection application approved. Installation in 7 days.,iocl: your new gas connection application approved. installation in 7 days.,en,LEGITIMATE_UTILITY,False,LOW,legitimate,synthetic,2.0.0-gamma,"{""urls"": [], ""phones"": [], ""emails"": []}",Delta2 expansion for weak category.,2026-07-30T11:45:20.419Z,2026-07-30T11:45:20.419Z
LEGITIMATE_UTILITY_0033,Chennai Metro Water: Your water connection bill Rs 380 generated.,chennai metro water: your water connection bill rs 380 generated.,en,LEGITIMATE_UTILITY,False,LOW,legitimate,synthetic,2.0.0-gamma,"{""urls"": [], ""phones"": [], ""emails"": []}",Delta2 expansion for weak category.,2026-07-30T11:45:20.419Z,2026-07-30T11:45:20.419Z
LEGITIMATE_UTILITY_0034,Delhi Jal Board: Water supply disruption on 22 Aug for maintenance.,delhi jal board: water supply disruption on 22 aug for maintenance.,en,LEGITIMATE_UTILITY,False,LOW,legitimate,synthetic,2.0.0-gamma,"{""urls"": [], ""phones"": [], ""emails"": []}",Delta2 expansion for weak category.,2026-07-30T11:45:20.419Z,2026-07-30T11:45:20.419Z
LEGITIMATE_UTILITY_0035,"Society maintenance: Your parking renewal fee Rs 2,400 for 2025-26 due.","society maintenance: your parking renewal fee rs 2,400 for 2025-26 due.",en,LEGITIMATE_UTILITY,False,LOW,legitimate,synthetic,2.0.0-gamma,"{""urls"": [], ""phones"": [], ""emails"": []}",Delta2 expansion for weak category.,2026-07-30T11:45:20.419Z,2026-07-30T11:45:20.419Z
