id,text,text_clean,language,category,is_scam,risk_level,ground_truth_label,source,version,extracted_entities,annotation_notes,created_at,updated_at
GOLD_UPI_FRAUD_0001,Your GPay account has been blocked due to multiple failed attempts. Recover here: http://gpay-help.xyz,your gpay account has been blocked due to multiple failed attempts. recover here: http://gpay-help.xyz,en,UPI_FRAUD,True,HIGH,scam,gold_evaluation,1.0.0-gold,{},Gold evaluation sample for UPI_FRAUD.,2026-07-30T11:02:16.779Z,2026-07-30T11:02:16.779Z
GOLD_UPI_FRAUD_0002,"UPI transaction of Rs 7,450 to unknown beneficiary detected from your PhonePe. Reverse? Share OTP 871234.","upi transaction of rs 7,450 to unknown beneficiary detected from your phonepe. reverse? share otp 871234.",en,UPI_FRAUD,True,HIGH,scam,gold_evaluation,1.0.0-gold,{},Gold evaluation sample for UPI_FRAUD.,2026-07-30T11:02:16.779Z,2026-07-30T11:02:16.779Z
GOLD_UPI_FRAUD_0003,BHIM app update required: Your UPI services will stop in 24 hours. Update via http://bhim-update.in,bhim app update required: your upi services will stop in 24 hours. update via http://bhim-update.in,en,UPI_FRAUD,True,HIGH,scam,gold_evaluation,1.0.0-gold,{},Gold evaluation sample for UPI_FRAUD.,2026-07-30T11:02:16.779Z,2026-07-30T11:02:16.779Z
GOLD_UPI_FRAUD_0004,"Paytm UPI: You received Rs 25,000 from an unknown sender. Click to accept or return: http://paytm-claim.tk","paytm upi: you received rs 25,000 from an unknown sender. click to accept or return: http://paytm-claim.tk",en,UPI_FRAUD,True,HIGH,scam,gold_evaluation,1.0.0-gold,{},Gold evaluation sample for UPI_FRAUD.,2026-07-30T11:02:16.779Z,2026-07-30T11:02:16.779Z
GOLD_UPI_FRAUD_0005,"Your UPI PIN was changed from a new device. If not you, block here: http://upi-secure.xyz","your upi pin was changed from a new device. if not you, block here: http://upi-secure.xyz",en,UPI_FRAUD,True,HIGH,scam,gold_evaluation,1.0.0-gold,{},Gold evaluation sample for UPI_FRAUD.,2026-07-30T11:02:16.779Z,2026-07-30T11:02:16.779Z
GOLD_UPI_FRAUD_0006,"Amazon Pay UPI: Cashback reward of Rs 10,000 unlocked. Claim at http://amazon-pay-reward.xyz","amazon pay upi: cashback reward of rs 10,000 unlocked. claim at http://amazon-pay-reward.xyz",en,UPI_FRAUD,True,HIGH,scam,gold_evaluation,1.0.0-gold,{},Gold evaluation sample for UPI_FRAUD.,2026-07-30T11:02:16.779Z,2026-07-30T11:02:16.779Z
GOLD_UPI_FRAUD_0007,"Tez UPI collect request from merchant 'ShopEasy': Rs 12,500. Approve? Reply Y or ignore.","tez upi collect request from merchant 'shopeasy': rs 12,500. approve? reply y or ignore.",en,UPI_FRAUD,True,HIGH,scam,gold_evaluation,1.0.0-gold,{},Gold evaluation sample for UPI_FRAUD.,2026-07-30T11:02:16.779Z,2026-07-30T11:02:16.779Z
GOLD_UPI_FRAUD_0008,PhonePe UPI limit increased to Rs 2 lakh. Activation fee Rs 99: http://phonepe-upgrade.tk,phonepe upi limit increased to rs 2 lakh. activation fee rs 99: http://phonepe-upgrade.tk,en,UPI_FRAUD,True,HIGH,scam,gold_evaluation,1.0.0-gold,{},Gold evaluation sample for UPI_FRAUD.,2026-07-30T11:02:16.779Z,2026-07-30T11:02:16.779Z
GOLD_UPI_FRAUD_0009,"UPI auto-pay mandate set for Rs 5,000 monthly to QuickLoan. Cancel at http://cancel-mandate.xyz","upi auto-pay mandate set for rs 5,000 monthly to quickloan. cancel at http://cancel-mandate.xyz",en,UPI_FRAUD,True,HIGH,scam,gold_evaluation,1.0.0-gold,{},Gold evaluation sample for UPI_FRAUD.,2026-07-30T11:02:16.779Z,2026-07-30T11:02:16.779Z
GOLD_UPI_FRAUD_0010,"Your BHIM UPI account is credited with Rs 5,000. Thanks for using Digital India!","your bhim upi account is credited with rs 5,000. thanks for using digital india!",en,UPI_FRAUD,True,HIGH,scam,gold_evaluation,1.0.0-gold,{},Gold evaluation sample for UPI_FRAUD.,2026-07-30T11:02:16.779Z,2026-07-30T11:02:16.779Z
GOLD_KYC_SCAM_0011,SBI KYC warning: Your account will be frozen within 48 hours. Update KYC: http://sbi-kyc-update.xyz,sbi kyc warning: your account will be frozen within 48 hours. update kyc: http://sbi-kyc-update.xyz,en,KYC_SCAM,True,HIGH,scam,gold_evaluation,1.0.0-gold,{},Gold evaluation sample for KYC_SCAM.,2026-07-30T11:02:16.779Z,2026-07-30T11:02:16.779Z
GOLD_KYC_SCAM_0012,HDFC Bank: Your KYC documents are rejected. Re-submit at http://hdfc-kyc-reverify.in within 24 hours.,hdfc bank: your kyc documents are rejected. re-submit at http://hdfc-kyc-reverify.in within 24 hours.,en,KYC_SCAM,True,HIGH,scam,gold_evaluation,1.0.0-gold,{},Gold evaluation sample for KYC_SCAM.,2026-07-30T11:02:16.779Z,2026-07-30T11:02:16.779Z
GOLD_KYC_SCAM_0013,ICICI Prudential: KYC pending for your insurance policy. Policy will lapse. Upload at http://icicipru-kyc.tk,icici prudential: kyc pending for your insurance policy. policy will lapse. upload at http://icicipru-kyc.tk,en,KYC_SCAM,True,HIGH,scam,gold_evaluation,1.0.0-gold,{},Gold evaluation sample for KYC_SCAM.,2026-07-30T11:02:16.779Z,2026-07-30T11:02:16.779Z
GOLD_KYC_SCAM_0014,RBI mandate: All bank accounts must complete Video KYC by March 31. Book slot: http://vkyc-rbi.xyz,rbi mandate: all bank accounts must complete video kyc by march 31. book slot: http://vkyc-rbi.xyz,en,KYC_SCAM,True,HIGH,scam,gold_evaluation,1.0.0-gold,{},Gold evaluation sample for KYC_SCAM.,2026-07-30T11:02:16.779Z,2026-07-30T11:02:16.779Z
GOLD_KYC_SCAM_0015,Your demat account KYC is expired. Shares will be frozen. Update at http://demat-kyc.in,your demat account kyc is expired. shares will be frozen. update at http://demat-kyc.in,en,KYC_SCAM,True,HIGH,scam,gold_evaluation,1.0.0-gold,{},Gold evaluation sample for KYC_SCAM.,2026-07-30T11:02:16.779Z,2026-07-30T11:02:16.779Z
GOLD_KYC_SCAM_0016,Aadhaar based e-KYC failed for your HDFC account. Visit nearest branch or click http://ekyc-fix.xyz,aadhaar based e-kyc failed for your hdfc account. visit nearest branch or click http://ekyc-fix.xyz,en,KYC_SCAM,True,HIGH,scam,gold_evaluation,1.0.0-gold,{},Gold evaluation sample for KYC_SCAM.,2026-07-30T11:02:16.779Z,2026-07-30T11:02:16.779Z
GOLD_KYC_SCAM_0017,Mutual Fund KYC is mandatory. Your investments will be halted. Complete at http://mf-kyc.tk,mutual fund kyc is mandatory. your investments will be halted. complete at http://mf-kyc.tk,en,KYC_SCAM,True,HIGH,scam,gold_evaluation,1.0.0-gold,{},Gold evaluation sample for KYC_SCAM.,2026-07-30T11:02:16.779Z,2026-07-30T11:02:16.779Z
GOLD_KYC_SCAM_0018,Your PM Kisan KYC is due by 15th. Benefits will stop. Update at http://pmkisan-kyc-update.xyz,your pm kisan kyc is due by 15th. benefits will stop. update at http://pmkisan-kyc-update.xyz,en,KYC_SCAM,True,HIGH,scam,gold_evaluation,1.0.0-gold,{},Gold evaluation sample for KYC_SCAM.,2026-07-30T11:02:16.779Z,2026-07-30T11:02:16.779Z
GOLD_KYC_SCAM_0019,"Insurance KYC: Your policy will be surrendered if not completed. Documents needed: Aadhaar, PAN.","insurance kyc: your policy will be surrendered if not completed. documents needed: aadhaar, pan.",en,KYC_SCAM,True,HIGH,scam,gold_evaluation,1.0.0-gold,{},Gold evaluation sample for KYC_SCAM.,2026-07-30T11:02:16.779Z,2026-07-30T11:02:16.779Z
GOLD_KYC_SCAM_0020,TRAI: SIM KYC expired for your mobile number. Re-verify at http://sim-kyc-verify.in or line cut.,trai: sim kyc expired for your mobile number. re-verify at http://sim-kyc-verify.in or line cut.,en,KYC_SCAM,True,HIGH,scam,gold_evaluation,1.0.0-gold,{},Gold evaluation sample for KYC_SCAM.,2026-07-30T11:02:16.779Z,2026-07-30T11:02:16.779Z
GOLD_BANKING_FRAUD_0021,"SBI Alert: Rs 45,000 withdrawn from your account at Mumbai ATM. Not you? Call 1800-123-4567 immediately.","sbi alert: rs 45,000 withdrawn from your account at mumbai atm. not you? call 1800-123-4567 immediately.",en,BANKING_FRAUD,True,HIGH,scam,gold_evaluation,1.0.0-gold,{},Gold evaluation sample for BANKING_FRAUD.,2026-07-30T11:02:16.779Z,2026-07-30T11:02:16.779Z
GOLD_BANKING_FRAUD_0022,HDFC Bank: Your debit card blocked due to 3 wrong PIN attempts. Unblock at http://hdfc-unblock.xyz,hdfc bank: your debit card blocked due to 3 wrong pin attempts. unblock at http://hdfc-unblock.xyz,en,BANKING_FRAUD,True,HIGH,scam,gold_evaluation,1.0.0-gold,{},Gold evaluation sample for BANKING_FRAUD.,2026-07-30T11:02:16.779Z,2026-07-30T11:02:16.779Z
GOLD_BANKING_FRAUD_0023,ICICI Bank: Your net banking password will expire today. Renew at http://icici-renew.in,icici bank: your net banking password will expire today. renew at http://icici-renew.in,en,BANKING_FRAUD,True,HIGH,scam,gold_evaluation,1.0.0-gold,{},Gold evaluation sample for BANKING_FRAUD.,2026-07-30T11:02:16.779Z,2026-07-30T11:02:16.779Z
GOLD_BANKING_FRAUD_0024,"Axis Bank: Your account has been credited with Rs 75,000 from unknown source. Return via this link.","axis bank: your account has been credited with rs 75,000 from unknown source. return via this link.",en,BANKING_FRAUD,True,HIGH,scam,gold_evaluation,1.0.0-gold,{},Gold evaluation sample for BANKING_FRAUD.,2026-07-30T11:02:16.779Z,2026-07-30T11:02:16.779Z
GOLD_BANKING_FRAUD_0025,PNB: New login from Delhi detected on your account. Secure at http://pnb-alert.xyz,pnb: new login from delhi detected on your account. secure at http://pnb-alert.xyz,en,BANKING_FRAUD,True,HIGH,scam,gold_evaluation,1.0.0-gold,{},Gold evaluation sample for BANKING_FRAUD.,2026-07-30T11:02:16.779Z,2026-07-30T11:02:16.779Z
GOLD_BANKING_FRAUD_0026,Canara Bank: Your cheque book ordered successfully. Delivery tracking: http://canara-cheque.tk,canara bank: your cheque book ordered successfully. delivery tracking: http://canara-cheque.tk,en,BANKING_FRAUD,True,HIGH,scam,gold_evaluation,1.0.0-gold,{},Gold evaluation sample for BANKING_FRAUD.,2026-07-30T11:02:16.779Z,2026-07-30T11:02:16.779Z
GOLD_BANKING_FRAUD_0027,Bank of Baroda: Your international transactions blocked due to security reasons. Unblock globally at http://bob-global.xyz,bank of baroda: your international transactions blocked due to security reasons. unblock globally at http://bob-global.xyz,en,BANKING_FRAUD,True,HIGH,scam,gold_evaluation,1.0.0-gold,{},Gold evaluation sample for BANKING_FRAUD.,2026-07-30T11:02:16.779Z,2026-07-30T11:02:16.779Z
GOLD_BANKING_FRAUD_0028,"Kotak Mahindra: Your credit card EMI payment failed. Pay Rs 12,500 now to avoid late fee: http://kotak-pay.in","kotak mahindra: your credit card emi payment failed. pay rs 12,500 now to avoid late fee: http://kotak-pay.in",en,BANKING_FRAUD,True,HIGH,scam,gold_evaluation,1.0.0-gold,{},Gold evaluation sample for BANKING_FRAUD.,2026-07-30T11:02:16.779Z,2026-07-30T11:02:16.779Z
GOLD_BANKING_FRAUD_0029,"Yes Bank: Your savings account converted to premium. Annual fee Rs 3,500 deducted. Dispute? Call 1800-258-3690.","yes bank: your savings account converted to premium. annual fee rs 3,500 deducted. dispute? call 1800-258-3690.",en,BANKING_FRAUD,True,HIGH,scam,gold_evaluation,1.0.0-gold,{},Gold evaluation sample for BANKING_FRAUD.,2026-07-30T11:02:16.779Z,2026-07-30T11:02:16.779Z
GOLD_BANKING_FRAUD_0030,"IndusInd Bank: Your salary account upgraded to Private Banking. Fee of Rs 12,500 applicable.","indusind bank: your salary account upgraded to private banking. fee of rs 12,500 applicable.",en,BANKING_FRAUD,True,HIGH,scam,gold_evaluation,1.0.0-gold,{},Gold evaluation sample for BANKING_FRAUD.,2026-07-30T11:02:16.779Z,2026-07-30T11:02:16.779Z
GOLD_BANKING_FRAUD_0031,SBI: Your account is marked as dormant. Activate now at http://sbi-activate.xyz,sbi: your account is marked as dormant. activate now at http://sbi-activate.xyz,en,BANKING_FRAUD,True,HIGH,scam,gold_evaluation,1.0.0-gold,{},Gold evaluation sample for BANKING_FRAUD.,2026-07-30T11:02:16.779Z,2026-07-30T11:02:16.779Z
GOLD_BANKING_FRAUD_0032,HDFC Bank: Unauthorized access detected from Kolkata IP. Confirm identity at http://hdfc-safe.in,hdfc bank: unauthorized access detected from kolkata ip. confirm identity at http://hdfc-safe.in,en,BANKING_FRAUD,True,HIGH,scam,gold_evaluation,1.0.0-gold,{},Gold evaluation sample for BANKING_FRAUD.,2026-07-30T11:02:16.779Z,2026-07-30T11:02:16.779Z
GOLD_BANKING_FRAUD_0033,"ICICI Bank: Your credit card fraud alert. Transaction of Rs 65,000 at Apple Store. Block card? Reply BLOCK.","icici bank: your credit card fraud alert. transaction of rs 65,000 at apple store. block card? reply block.",en,BANKING_FRAUD,True,HIGH,scam,gold_evaluation,1.0.0-gold,{},Gold evaluation sample for BANKING_FRAUD.,2026-07-30T11:02:16.779Z,2026-07-30T11:02:16.779Z
GOLD_BANKING_FRAUD_0034,"Axis Bank reward points: 25,000 points expiring. Redeem at http://axis-rewards.xyz","axis bank reward points: 25,000 points expiring. redeem at http://axis-rewards.xyz",en,BANKING_FRAUD,True,HIGH,scam,gold_evaluation,1.0.0-gold,{},Gold evaluation sample for BANKING_FRAUD.,2026-07-30T11:02:16.779Z,2026-07-30T11:02:16.779Z
GOLD_COURIER_SCAM_0035,"FedEx: Your international parcel contains undeclared items. Customs clearance fee Rs 8,500: http://fedex-fee.xyz","fedex: your international parcel contains undeclared items. customs clearance fee rs 8,500: http://fedex-fee.xyz",en,COURIER_SCAM,True,HIGH,scam,gold_evaluation,1.0.0-gold,{},Gold evaluation sample for COURIER_SCAM.,2026-07-30T11:02:16.779Z,2026-07-30T11:02:16.779Z
GOLD_COURIER_SCAM_0036,"DHL: Your shipment from New York is detained. Insurance fee Rs 3,200 required: http://dhl-insure.tk","dhl: your shipment from new york is detained. insurance fee rs 3,200 required: http://dhl-insure.tk",en,COURIER_SCAM,True,HIGH,scam,gold_evaluation,1.0.0-gold,{},Gold evaluation sample for COURIER_SCAM.,2026-07-30T11:02:16.779Z,2026-07-30T11:02:16.779Z
GOLD_COURIER_SCAM_0037,"Blue Dart: Your passport delivery requires Rs 1,500 address verification fee. Pay now.","blue dart: your passport delivery requires rs 1,500 address verification fee. pay now.",en,COURIER_SCAM,True,HIGH,scam,gold_evaluation,1.0.0-gold,{},Gold evaluation sample for COURIER_SCAM.,2026-07-30T11:02:16.779Z,2026-07-30T11:02:16.779Z
GOLD_COURIER_SCAM_0038,India Post: Your registered parcel held due to incomplete address. Update at http://indiapost-update.in,india post: your registered parcel held due to incomplete address. update at http://indiapost-update.in,en,COURIER_SCAM,True,HIGH,scam,gold_evaluation,1.0.0-gold,{},Gold evaluation sample for COURIER_SCAM.,2026-07-30T11:02:16.779Z,2026-07-30T11:02:16.779Z
GOLD_COURIER_SCAM_0039,"Amazon Logistics: Your package damaged in transit. Claim Rs 12,500 compensation: http://amazon-claim.xyz","amazon logistics: your package damaged in transit. claim rs 12,500 compensation: http://amazon-claim.xyz",en,COURIER_SCAM,True,HIGH,scam,gold_evaluation,1.0.0-gold,{},Gold evaluation sample for COURIER_SCAM.,2026-07-30T11:02:16.779Z,2026-07-30T11:02:16.779Z
GOLD_COURIER_SCAM_0040,"Delhivery: Your COD order of Rs 25,000 out for delivery. Confirm payment method: http://delhivery-pay.tk","delhivery: your cod order of rs 25,000 out for delivery. confirm payment method: http://delhivery-pay.tk",en,COURIER_SCAM,True,HIGH,scam,gold_evaluation,1.0.0-gold,{},Gold evaluation sample for COURIER_SCAM.,2026-07-30T11:02:16.779Z,2026-07-30T11:02:16.779Z
GOLD_COURIER_SCAM_0041,"DTDC: Your courier from Dubai requires customs clearance of Rs 15,000. Pay at http://dtdc-customs.xyz","dtdc: your courier from dubai requires customs clearance of rs 15,000. pay at http://dtdc-customs.xyz",en,COURIER_SCAM,True,HIGH,scam,gold_evaluation,1.0.0-gold,{},Gold evaluation sample for COURIER_SCAM.,2026-07-30T11:02:16.779Z,2026-07-30T11:02:16.779Z
GOLD_COURIER_SCAM_0042,Shiprocket: Your parcel weight mismatch. Additional Rs 500 shipping charge required.,shiprocket: your parcel weight mismatch. additional rs 500 shipping charge required.,en,COURIER_SCAM,True,HIGH,scam,gold_evaluation,1.0.0-gold,{},Gold evaluation sample for COURIER_SCAM.,2026-07-30T11:02:16.779Z,2026-07-30T11:02:16.779Z
GOLD_OTP_SCAM_0043,"Your Google verification code is 482916. Do not share this code with anyone. If not you, call 1800-425-6789.","your google verification code is 482916. do not share this code with anyone. if not you, call 1800-425-6789.",en,OTP_SCAM,True,HIGH,scam,gold_evaluation,1.0.0-gold,{},Gold evaluation sample for OTP_SCAM.,2026-07-30T11:02:16.779Z,2026-07-30T11:02:16.779Z
GOLD_OTP_SCAM_0044,Facebook security: OTP 739185 for login from Mumbai. Not you? Secure account: http://fb-secure.xyz,facebook security: otp 739185 for login from mumbai. not you? secure account: http://fb-secure.xyz,en,OTP_SCAM,True,HIGH,scam,gold_evaluation,1.0.0-gold,{},Gold evaluation sample for OTP_SCAM.,2026-07-30T11:02:16.779Z,2026-07-30T11:02:16.779Z
GOLD_OTP_SCAM_0045,"WhatsApp Web login attempt detected. OTP 561234. If not you, reset at http://whatsapp-reset.tk","whatsapp web login attempt detected. otp 561234. if not you, reset at http://whatsapp-reset.tk",en,OTP_SCAM,True,HIGH,scam,gold_evaluation,1.0.0-gold,{},Gold evaluation sample for OTP_SCAM.,2026-07-30T11:02:16.779Z,2026-07-30T11:02:16.779Z
GOLD_OTP_SCAM_0046,"SBI OTP 891234 for transfer of Rs 45,000 to account XX6789. If not authorised, call immediately.","sbi otp 891234 for transfer of rs 45,000 to account xx6789. if not authorised, call immediately.",en,OTP_SCAM,True,HIGH,scam,gold_evaluation,1.0.0-gold,{},Gold evaluation sample for OTP_SCAM.,2026-07-30T11:02:16.779Z,2026-07-30T11:02:16.779Z
GOLD_OTP_SCAM_0047,"GPay transaction OTP: 623489. Amount: Rs 12,500 to Paytm merchant. Not you? Block at http://gpay-block.in","gpay transaction otp: 623489. amount: rs 12,500 to paytm merchant. not you? block at http://gpay-block.in",en,OTP_SCAM,True,HIGH,scam,gold_evaluation,1.0.0-gold,{},Gold evaluation sample for OTP_SCAM.,2026-07-30T11:02:16.779Z,2026-07-30T11:02:16.779Z
GOLD_OTP_SCAM_0048,"Microsoft account recovery OTP: 451278. If you did not request this, ignore or visit http://microsoft-alert.xyz","microsoft account recovery otp: 451278. if you did not request this, ignore or visit http://microsoft-alert.xyz",en,OTP_SCAM,True,HIGH,scam,gold_evaluation,1.0.0-gold,{},Gold evaluation sample for OTP_SCAM.,2026-07-30T11:02:16.779Z,2026-07-30T11:02:16.779Z
GOLD_OTP_SCAM_0049,Telegram: Login OTP 782345. Someone is trying to access your account from Hyderabad.,telegram: login otp 782345. someone is trying to access your account from hyderabad.,en,OTP_SCAM,True,HIGH,scam,gold_evaluation,1.0.0-gold,{},Gold evaluation sample for OTP_SCAM.,2026-07-30T11:02:16.779Z,2026-07-30T11:02:16.779Z
GOLD_OTP_SCAM_0050,IRCTC: OTP 945612 for booking cancellation of PNR 4567890123. Not you? Contact support.,irctc: otp 945612 for booking cancellation of pnr 4567890123. not you? contact support.,en,OTP_SCAM,True,HIGH,scam,gold_evaluation,1.0.0-gold,{},Gold evaluation sample for OTP_SCAM.,2026-07-30T11:02:16.780Z,2026-07-30T11:02:16.780Z
GOLD_INVESTMENT_SCAM_0051,"Stock market tip: Midcap gem identified. 300% returns in 6 months. Join paid group Rs 12,999. Call 1800-258-3690.","stock market tip: midcap gem identified. 300% returns in 6 months. join paid group rs 12,999. call 1800-258-3690.",en,INVESTMENT_SCAM,True,HIGH,scam,gold_evaluation,1.0.0-gold,{},Gold evaluation sample for INVESTMENT_SCAM.,2026-07-30T11:02:16.780Z,2026-07-30T11:02:16.780Z
GOLD_INVESTMENT_SCAM_0052,"Mutual fund SIP: 28% annualized returns guaranteed. Minimum Rs 3,000/month. Free consultation now.","mutual fund sip: 28% annualized returns guaranteed. minimum rs 3,000/month. free consultation now.",en,INVESTMENT_SCAM,True,HIGH,scam,gold_evaluation,1.0.0-gold,{},Gold evaluation sample for INVESTMENT_SCAM.,2026-07-30T11:02:16.780Z,2026-07-30T11:02:16.780Z
GOLD_INVESTMENT_SCAM_0053,"Forex trading: Make Rs 25,000 per day with our AI robot. One-time setup fee Rs 15,000: http://forex-robot.xyz","forex trading: make rs 25,000 per day with our ai robot. one-time setup fee rs 15,000: http://forex-robot.xyz",en,INVESTMENT_SCAM,True,HIGH,scam,gold_evaluation,1.0.0-gold,{},Gold evaluation sample for INVESTMENT_SCAM.,2026-07-30T11:02:16.780Z,2026-07-30T11:02:16.780Z
GOLD_INVESTMENT_SCAM_0054,"IPO allotment guaranteed for HNI category. Invest Rs 50,000 for 10x returns. Limited seats.","ipo allotment guaranteed for hni category. invest rs 50,000 for 10x returns. limited seats.",en,INVESTMENT_SCAM,True,HIGH,scam,gold_evaluation,1.0.0-gold,{},Gold evaluation sample for INVESTMENT_SCAM.,2026-07-30T11:02:16.780Z,2026-07-30T11:02:16.780Z
GOLD_INVESTMENT_SCAM_0055,"Real estate: Buy under-construction flats in Noida at 50% market rate. Booking amount Rs 25,000.","real estate: buy under-construction flats in noida at 50% market rate. booking amount rs 25,000.",en,INVESTMENT_SCAM,True,HIGH,scam,gold_evaluation,1.0.0-gold,{},Gold evaluation sample for INVESTMENT_SCAM.,2026-07-30T11:02:16.780Z,2026-07-30T11:02:16.780Z
GOLD_INVESTMENT_SCAM_0056,"Gold savings: Pay Rs 11,000 for 11 months, get 1 year free. Total 13 months gold at 11 months price.","gold savings: pay rs 11,000 for 11 months, get 1 year free. total 13 months gold at 11 months price.",en,INVESTMENT_SCAM,True,HIGH,scam,gold_evaluation,1.0.0-gold,{},Gold evaluation sample for INVESTMENT_SCAM.,2026-07-30T11:02:16.780Z,2026-07-30T11:02:16.780Z
GOLD_INVESTMENT_SCAM_0057,"P2P lending: 24% interest on your investment. Principal protected. Start with Rs 10,000 at http://p2p-earn.tk","p2p lending: 24% interest on your investment. principal protected. start with rs 10,000 at http://p2p-earn.tk",en,INVESTMENT_SCAM,True,HIGH,scam,gold_evaluation,1.0.0-gold,{},Gold evaluation sample for INVESTMENT_SCAM.,2026-07-30T11:02:16.780Z,2026-07-30T11:02:16.780Z
GOLD_INVESTMENT_SCAM_0058,"Cattle farming investment: 35% returns annually. Buy a cow for Rs 50,000, earn Rs 17,500 yearly.","cattle farming investment: 35% returns annually. buy a cow for rs 50,000, earn rs 17,500 yearly.",en,INVESTMENT_SCAM,True,HIGH,scam,gold_evaluation,1.0.0-gold,{},Gold evaluation sample for INVESTMENT_SCAM.,2026-07-30T11:02:16.780Z,2026-07-30T11:02:16.780Z
GOLD_INVESTMENT_SCAM_0059,"HYIP: High yield investment program. 5% daily returns for 30 days. Minimum deposit Rs 5,000.","hyip: high yield investment program. 5% daily returns for 30 days. minimum deposit rs 5,000.",en,INVESTMENT_SCAM,True,HIGH,scam,gold_evaluation,1.0.0-gold,{},Gold evaluation sample for INVESTMENT_SCAM.,2026-07-30T11:02:16.780Z,2026-07-30T11:02:16.780Z
GOLD_INVESTMENT_SCAM_0060,"Your old LIC policy matured: Rs 2,85,000 ready for settlement. Pay Rs 8,500 processing fee.","your old lic policy matured: rs 2,85,000 ready for settlement. pay rs 8,500 processing fee.",en,INVESTMENT_SCAM,True,HIGH,scam,gold_evaluation,1.0.0-gold,{},Gold evaluation sample for INVESTMENT_SCAM.,2026-07-30T11:02:16.780Z,2026-07-30T11:02:16.780Z
GOLD_JOB_SCAM_0061,"Data entry job: Earn Rs 60,000/month from home. Registration fee Rs 2,999. Limited positions.","data entry job: earn rs 60,000/month from home. registration fee rs 2,999. limited positions.",en,JOB_SCAM,True,HIGH,scam,gold_evaluation,1.0.0-gold,{},Gold evaluation sample for JOB_SCAM.,2026-07-30T11:02:16.780Z,2026-07-30T11:02:16.780Z
GOLD_JOB_SCAM_0062,"Google is hiring remote data annotators. Salary Rs 45,000/month. Apply with Rs 1,500 registration: http://google-jobs.xyz","google is hiring remote data annotators. salary rs 45,000/month. apply with rs 1,500 registration: http://google-jobs.xyz",en,JOB_SCAM,True,HIGH,scam,gold_evaluation,1.0.0-gold,{},Gold evaluation sample for JOB_SCAM.,2026-07-30T11:02:16.780Z,2026-07-30T11:02:16.780Z
GOLD_JOB_SCAM_0063,"Air India ground staff recruitment. Age 18-30. Application fee Rs 3,500. Last date 31 July.","air india ground staff recruitment. age 18-30. application fee rs 3,500. last date 31 july.",en,JOB_SCAM,True,HIGH,scam,gold_evaluation,1.0.0-gold,{},Gold evaluation sample for JOB_SCAM.,2026-07-30T11:02:16.780Z,2026-07-30T11:02:16.780Z
GOLD_JOB_SCAM_0064,"Work from home: Amazon product reviewers needed. Rs 500 per review. Join now: membership Rs 2,500.","work from home: amazon product reviewers needed. rs 500 per review. join now: membership rs 2,500.",en,JOB_SCAM,True,HIGH,scam,gold_evaluation,1.0.0-gold,{},Gold evaluation sample for JOB_SCAM.,2026-07-30T11:02:16.780Z,2026-07-30T11:02:16.780Z
GOLD_JOB_SCAM_0065,"Call center jobs in Mumbai: Voice process. Salary Rs 35,000 + incentives. Training bond Rs 25,000.","call center jobs in mumbai: voice process. salary rs 35,000 + incentives. training bond rs 25,000.",en,JOB_SCAM,True,HIGH,scam,gold_evaluation,1.0.0-gold,{},Gold evaluation sample for JOB_SCAM.,2026-07-30T11:02:16.780Z,2026-07-30T11:02:16.780Z
GOLD_JOB_SCAM_0066,"Government job: Postal department vacancies. Guaranteed selection. Coaching fee Rs 45,000.","government job: postal department vacancies. guaranteed selection. coaching fee rs 45,000.",en,JOB_SCAM,True,HIGH,scam,gold_evaluation,1.0.0-gold,{},Gold evaluation sample for JOB_SCAM.,2026-07-30T11:02:16.780Z,2026-07-30T11:02:16.780Z
GOLD_JOB_SCAM_0067,"Freelance translation: English to Hindi translators needed. Pay per word. Portfolio fee Rs 1,000.","freelance translation: english to hindi translators needed. pay per word. portfolio fee rs 1,000.",en,JOB_SCAM,True,HIGH,scam,gold_evaluation,1.0.0-gold,{},Gold evaluation sample for JOB_SCAM.,2026-07-30T11:02:16.780Z,2026-07-30T11:02:16.780Z
GOLD_JOB_SCAM_0068,"Modeling assignment for international brand. Stipend Rs 2 lakh. Registration Rs 7,500.","modeling assignment for international brand. stipend rs 2 lakh. registration rs 7,500.",en,JOB_SCAM,True,HIGH,scam,gold_evaluation,1.0.0-gold,{},Gold evaluation sample for JOB_SCAM.,2026-07-30T11:02:16.780Z,2026-07-30T11:02:16.780Z
GOLD_LOTTERY_SCAM_0069,"KBC lucky draw: You won Rs 75,00,000 in Sony TV contest. Claim ID WIN789. Call 1800-123-4567.","kbc lucky draw: you won rs 75,00,000 in sony tv contest. claim id win789. call 1800-123-4567.",en,LOTTERY_SCAM,True,HIGH,scam,gold_evaluation,1.0.0-gold,{},Gold evaluation sample for LOTTERY_SCAM.,2026-07-30T11:02:16.780Z,2026-07-30T11:02:16.780Z
GOLD_LOTTERY_SCAM_0070,"Amazon Great Indian Sale winner: You won Rs 50,000 shopping voucher. Redeem at http://amazon-voucher-claim.xyz","amazon great indian sale winner: you won rs 50,000 shopping voucher. redeem at http://amazon-voucher-claim.xyz",en,LOTTERY_SCAM,True,HIGH,scam,gold_evaluation,1.0.0-gold,{},Gold evaluation sample for LOTTERY_SCAM.,2026-07-30T11:02:16.780Z,2026-07-30T11:02:16.780Z
GOLD_LOTTERY_SCAM_0071,"Google Pay scratch card: Congratulations Rs 1,00,000 winner. Processing fee Rs 2,500 to release prize.","google pay scratch card: congratulations rs 1,00,000 winner. processing fee rs 2,500 to release prize.",en,LOTTERY_SCAM,True,HIGH,scam,gold_evaluation,1.0.0-gold,{},Gold evaluation sample for LOTTERY_SCAM.,2026-07-30T11:02:16.780Z,2026-07-30T11:02:16.780Z
GOLD_LOTTERY_SCAM_0072,"Deepavali bumper: Your ticket number 452367 won Rs 25,00,000. Claim at http://lottery-claim.tk","deepavali bumper: your ticket number 452367 won rs 25,00,000. claim at http://lottery-claim.tk",en,LOTTERY_SCAM,True,HIGH,scam,gold_evaluation,1.0.0-gold,{},Gold evaluation sample for LOTTERY_SCAM.,2026-07-30T11:02:16.780Z,2026-07-30T11:02:16.780Z
GOLD_LOTTERY_SCAM_0073,"You won a brand new Honda City in Flipkart Big Billion Days. Pay Rs 15,000 documentation to deliver.","you won a brand new honda city in flipkart big billion days. pay rs 15,000 documentation to deliver.",en,LOTTERY_SCAM,True,HIGH,scam,gold_evaluation,1.0.0-gold,{},Gold evaluation sample for LOTTERY_SCAM.,2026-07-30T11:02:16.780Z,2026-07-30T11:02:16.780Z
GOLD_LOTTERY_SCAM_0074,"Lotto India jackpot: You won Rs 5 crore. Registration fee Rs 12,500 for final processing.","lotto india jackpot: you won rs 5 crore. registration fee rs 12,500 for final processing.",en,LOTTERY_SCAM,True,HIGH,scam,gold_evaluation,1.0.0-gold,{},Gold evaluation sample for LOTTERY_SCAM.,2026-07-30T11:02:16.780Z,2026-07-30T11:02:16.780Z
GOLD_DIGITAL_ARREST_0075,Mumbai Cyber Cell: Your Aadhaar linked to a child pornography racket. Digital arrest warrant issued. Connect now on video call.,mumbai cyber cell: your aadhaar linked to a child pornography racket. digital arrest warrant issued. connect now on video call.,en,DIGITAL_ARREST,True,HIGH,scam,gold_evaluation,1.0.0-gold,{},Gold evaluation sample for DIGITAL_ARREST.,2026-07-30T11:02:16.780Z,2026-07-30T11:02:16.780Z
GOLD_DIGITAL_ARREST_0076,CBI Hyderabad: Rs 15 crore bank fraud traced to your account. You are under digital arrest until investigation completes.,cbi hyderabad: rs 15 crore bank fraud traced to your account. you are under digital arrest until investigation completes.,en,DIGITAL_ARREST,True,HIGH,scam,gold_evaluation,1.0.0-gold,{},Gold evaluation sample for DIGITAL_ARREST.,2026-07-30T11:02:16.780Z,2026-07-30T11:02:16.780Z
GOLD_DIGITAL_ARREST_0077,Enforcement Directorate: Money laundering case PMLA 2026. Your assets will be attached. Digital custody ordered.,enforcement directorate: money laundering case pmla 2026. your assets will be attached. digital custody ordered.,en,DIGITAL_ARREST,True,HIGH,scam,gold_evaluation,1.0.0-gold,{},Gold evaluation sample for DIGITAL_ARREST.,2026-07-30T11:02:16.780Z,2026-07-30T11:02:16.780Z
GOLD_DIGITAL_ARREST_0078,Delhi Police: Your phone number was used to send ransom messages to the CM office. Stay on the line for interrogation.,delhi police: your phone number was used to send ransom messages to the cm office. stay on the line for interrogation.,en,DIGITAL_ARREST,True,HIGH,scam,gold_evaluation,1.0.0-gold,{},Gold evaluation sample for DIGITAL_ARREST.,2026-07-30T11:02:16.780Z,2026-07-30T11:02:16.780Z
GOLD_DIGITAL_ARREST_0079,RBI Cyber Fraud: 87 unauthorized transactions from your account. Do not disconnect. Video verification in progress.,rbi cyber fraud: 87 unauthorized transactions from your account. do not disconnect. video verification in progress.,en,DIGITAL_ARREST,True,HIGH,scam,gold_evaluation,1.0.0-gold,{},Gold evaluation sample for DIGITAL_ARREST.,2026-07-30T11:02:16.780Z,2026-07-30T11:02:16.780Z
GOLD_DIGITAL_ARREST_0080,Supreme Court notice: You are summoned in a 2 crore fraud case. Non-compliance = arrest warrant.,supreme court notice: you are summoned in a 2 crore fraud case. non-compliance = arrest warrant.,en,DIGITAL_ARREST,True,HIGH,scam,gold_evaluation,1.0.0-gold,{},Gold evaluation sample for DIGITAL_ARREST.,2026-07-30T11:02:16.780Z,2026-07-30T11:02:16.780Z
GOLD_DIGITAL_ARREST_0081,NCB Delhi: A parcel with 3kg MDMA is booked in your name. You are under narcotics investigation. Stay online.,ncb delhi: a parcel with 3kg mdma is booked in your name. you are under narcotics investigation. stay online.,en,DIGITAL_ARREST,True,HIGH,scam,gold_evaluation,1.0.0-gold,{},Gold evaluation sample for DIGITAL_ARREST.,2026-07-30T11:02:16.780Z,2026-07-30T11:02:16.780Z
GOLD_DIGITAL_ARREST_0082,Kolkata Police: Your social media account is used for fake news. Digital house arrest. Do not leave your location.,kolkata police: your social media account is used for fake news. digital house arrest. do not leave your location.,en,DIGITAL_ARREST,True,HIGH,scam,gold_evaluation,1.0.0-gold,{},Gold evaluation sample for DIGITAL_ARREST.,2026-07-30T11:02:16.780Z,2026-07-30T11:02:16.780Z
GOLD_INCOME_TAX_SCAM_0083,"Income Tax: You have a pending refund of Rs 42,500. Update bank details at http://itr-refund-process.xyz","income tax: you have a pending refund of rs 42,500. update bank details at http://itr-refund-process.xyz",en,INCOME_TAX_SCAM,True,HIGH,scam,gold_evaluation,1.0.0-gold,{},Gold evaluation sample for INCOME_TAX_SCAM.,2026-07-30T11:02:16.780Z,2026-07-30T11:02:16.780Z
GOLD_INCOME_TAX_SCAM_0084,IT department: Your tax return has discrepancies. Call 1800-258-3690 to resolve within 7 days.,it department: your tax return has discrepancies. call 1800-258-3690 to resolve within 7 days.,en,INCOME_TAX_SCAM,True,HIGH,scam,gold_evaluation,1.0.0-gold,{},Gold evaluation sample for INCOME_TAX_SCAM.,2026-07-30T11:02:16.780Z,2026-07-30T11:02:16.780Z
GOLD_INCOME_TAX_SCAM_0085,"CBDT notice: You under-reported income of Rs 12,50,000 in FY 2024-25. Pay 30% penalty now.","cbdt notice: you under-reported income of rs 12,50,000 in fy 2024-25. pay 30% penalty now.",en,INCOME_TAX_SCAM,True,HIGH,scam,gold_evaluation,1.0.0-gold,{},Gold evaluation sample for INCOME_TAX_SCAM.,2026-07-30T11:02:16.780Z,2026-07-30T11:02:16.780Z
GOLD_INCOME_TAX_SCAM_0086,"Form 16 not matching your ITR: Tax liability of Rs 85,000 calculated. Pay at http://tax-pay.in","form 16 not matching your itr: tax liability of rs 85,000 calculated. pay at http://tax-pay.in",en,INCOME_TAX_SCAM,True,HIGH,scam,gold_evaluation,1.0.0-gold,{},Gold evaluation sample for INCOME_TAX_SCAM.,2026-07-30T11:02:16.780Z,2026-07-30T11:02:16.780Z
GOLD_INCOME_TAX_SCAM_0087,Section 148 notice: Income escaping assessment for AY 2023-24. Submit revised return within 30 days.,section 148 notice: income escaping assessment for ay 2023-24. submit revised return within 30 days.,en,INCOME_TAX_SCAM,True,HIGH,scam,gold_evaluation,1.0.0-gold,{},Gold evaluation sample for INCOME_TAX_SCAM.,2026-07-30T11:02:16.780Z,2026-07-30T11:02:16.780Z
GOLD_PAN_SCAM_0088,IT Dept: Your PAN ABCDE1234F has been used for tax evasion in Surat. Call immediately to avoid arrest.,it dept: your pan abcde1234f has been used for tax evasion in surat. call immediately to avoid arrest.,en,PAN_SCAM,True,HIGH,scam,gold_evaluation,1.0.0-gold,{},Gold evaluation sample for PAN_SCAM.,2026-07-30T11:02:16.780Z,2026-07-30T11:02:16.780Z
GOLD_PAN_SCAM_0089,PAN card: Your PAN is linked to 5 different Aadhaar numbers. This is illegal. Contact us at 1800-123-4567.,pan card: your pan is linked to 5 different aadhaar numbers. this is illegal. contact us at 1800-123-4567.,en,PAN_SCAM,True,HIGH,scam,gold_evaluation,1.0.0-gold,{},Gold evaluation sample for PAN_SCAM.,2026-07-30T11:02:16.780Z,2026-07-30T11:02:16.780Z
GOLD_PAN_SCAM_0090,PAN-Aadhaar linking incomplete: Your PAN will be deactivated permanently. Link now at http://link-pan-aadhaar.xyz,pan-aadhaar linking incomplete: your pan will be deactivated permanently. link now at http://link-pan-aadhaar.xyz,en,PAN_SCAM,True,HIGH,scam,gold_evaluation,1.0.0-gold,{},Gold evaluation sample for PAN_SCAM.,2026-07-30T11:02:16.780Z,2026-07-30T11:02:16.780Z
GOLD_PAN_SCAM_0091,Your PAN has been used to buy property worth Rs 85 lakhs in Jaipur. Verify ownership at http://pan-verify.in,your pan has been used to buy property worth rs 85 lakhs in jaipur. verify ownership at http://pan-verify.in,en,PAN_SCAM,True,HIGH,scam,gold_evaluation,1.0.0-gold,{},Gold evaluation sample for PAN_SCAM.,2026-07-30T11:02:16.780Z,2026-07-30T11:02:16.780Z
GOLD_PAN_SCAM_0092,"PAN card update: Biometric verification required for your PAN. Visit nearest centre or pay Rs 3,500 for doorstep.","pan card update: biometric verification required for your pan. visit nearest centre or pay rs 3,500 for doorstep.",en,PAN_SCAM,True,HIGH,scam,gold_evaluation,1.0.0-gold,{},Gold evaluation sample for PAN_SCAM.,2026-07-30T11:02:16.780Z,2026-07-30T11:02:16.780Z
GOLD_PAN_SCAM_0093,ITR filed using your PAN without your knowledge. File police complaint and call our helpline immediately.,itr filed using your pan without your knowledge. file police complaint and call our helpline immediately.,en,PAN_SCAM,True,HIGH,scam,gold_evaluation,1.0.0-gold,{},Gold evaluation sample for PAN_SCAM.,2026-07-30T11:02:16.780Z,2026-07-30T11:02:16.780Z
GOLD_ROMANCE_SCAM_0094,"Hey baby, I am Maria from Spain. I saw your profile and fell in love. I want to come to India but my father needs Rs 50,000 for my tickets.","hey baby, i am maria from spain. i saw your profile and fell in love. i want to come to india but my father needs rs 50,000 for my tickets.",en,ROMANCE_SCAM,True,HIGH,scam,gold_evaluation,1.0.0-gold,{},Gold evaluation sample for ROMANCE_SCAM.,2026-07-30T11:02:16.780Z,2026-07-30T11:02:16.780Z
GOLD_ROMANCE_SCAM_0095,"Hello ji, I am Priya, 26 years old from London. I have 2 crore inheritance but need Rs 75,000 for legal fees to release it.","hello ji, i am priya, 26 years old from london. i have 2 crore inheritance but need rs 75,000 for legal fees to release it.",en,ROMANCE_SCAM,True,HIGH,scam,gold_evaluation,1.0.0-gold,{},Gold evaluation sample for ROMANCE_SCAM.,2026-07-30T11:02:16.780Z,2026-07-30T11:02:16.780Z
GOLD_ROMANCE_SCAM_0096,"I am Jessica, US Army nurse in Syria. My contract is ending. Send $1,000 for my flight to meet you in India.","i am jessica, us army nurse in syria. my contract is ending. send $1,000 for my flight to meet you in india.",en,ROMANCE_SCAM,True,HIGH,scam,gold_evaluation,1.0.0-gold,{},Gold evaluation sample for ROMANCE_SCAM.,2026-07-30T11:02:16.780Z,2026-07-30T11:02:16.780Z
GOLD_ROMANCE_SCAM_0097,"Hi dear, I am a Japanese fashion model. I want to settle in India with you. My agency demands Rs 1,50,000 release fee.","hi dear, i am a japanese fashion model. i want to settle in india with you. my agency demands rs 1,50,000 release fee.",en,ROMANCE_SCAM,True,HIGH,scam,gold_evaluation,1.0.0-gold,{},Gold evaluation sample for ROMANCE_SCAM.,2026-07-30T11:02:16.780Z,2026-07-30T11:02:16.780Z
GOLD_ROMANCE_SCAM_0098,I am a rich widow from Dubai. My husband died leaving me 5 million dollars. Help me transfer this money for a 30% cut.,i am a rich widow from dubai. my husband died leaving me 5 million dollars. help me transfer this money for a 30% cut.,en,ROMANCE_SCAM,True,HIGH,scam,gold_evaluation,1.0.0-gold,{},Gold evaluation sample for ROMANCE_SCAM.,2026-07-30T11:02:16.780Z,2026-07-30T11:02:16.780Z
GOLD_CRYPTO_SCAM_0099,"Bitcoin halving: Prices will hit Rs 1.5 crore by Dec 2026. Buy now at http://btc-invest.xyz Minimum Rs 25,000.","bitcoin halving: prices will hit rs 1.5 crore by dec 2026. buy now at http://btc-invest.xyz minimum rs 25,000.",en,CRYPTO_SCAM,True,HIGH,scam,gold_evaluation,1.0.0-gold,{},Gold evaluation sample for CRYPTO_SCAM.,2026-07-30T11:02:16.780Z,2026-07-30T11:02:16.780Z
GOLD_CRYPTO_SCAM_0100,Ethereum merge upgrade: Staking rewards 30% APY. Stake now via our platform: http://eth-stake-rewards.tk,ethereum merge upgrade: staking rewards 30% apy. stake now via our platform: http://eth-stake-rewards.tk,en,CRYPTO_SCAM,True,HIGH,scam,gold_evaluation,1.0.0-gold,{},Gold evaluation sample for CRYPTO_SCAM.,2026-07-30T11:02:16.780Z,2026-07-30T11:02:16.780Z
GOLD_CRYPTO_SCAM_0101,New meme coin launch: ShibaFloki. Pre-sale at Rs 0.01. Expected 1000x returns. Join at http://shibafloki.xyz,new meme coin launch: shibafloki. pre-sale at rs 0.01. expected 1000x returns. join at http://shibafloki.xyz,en,CRYPTO_SCAM,True,HIGH,scam,gold_evaluation,1.0.0-gold,{},Gold evaluation sample for CRYPTO_SCAM.,2026-07-30T11:02:16.780Z,2026-07-30T11:02:16.780Z
GOLD_CRYPTO_SCAM_0102,Your MetaMask wallet has been compromised. Move funds to our secure wallet: http://metamask-safe.in,your metamask wallet has been compromised. move funds to our secure wallet: http://metamask-safe.in,en,CRYPTO_SCAM,True,HIGH,scam,gold_evaluation,1.0.0-gold,{},Gold evaluation sample for CRYPTO_SCAM.,2026-07-30T11:02:16.780Z,2026-07-30T11:02:16.780Z
GOLD_CRYPTO_SCAM_0103,"Solana NFT mint: Exclusive collection of 10,000 digital art pieces. Guaranteed 5x on listing. Mint at http://sol-nft.xyz","solana nft mint: exclusive collection of 10,000 digital art pieces. guaranteed 5x on listing. mint at http://sol-nft.xyz",en,CRYPTO_SCAM,True,HIGH,scam,gold_evaluation,1.0.0-gold,{},Gold evaluation sample for CRYPTO_SCAM.,2026-07-30T11:02:16.780Z,2026-07-30T11:02:16.780Z
GOLD_CRYPTO_SCAM_0104,"Crypto arbitrage: Earn 2% daily by trading between exchanges. Our bot handles everything. Deposit Rs 50,000.","crypto arbitrage: earn 2% daily by trading between exchanges. our bot handles everything. deposit rs 50,000.",en,CRYPTO_SCAM,True,HIGH,scam,gold_evaluation,1.0.0-gold,{},Gold evaluation sample for CRYPTO_SCAM.,2026-07-30T11:02:16.780Z,2026-07-30T11:02:16.780Z
GOLD_QR_SCAM_0105,"Flipkart gift card QR: http://qr-flipkart.tk. Scan to add Rs 10,000 voucher to your wallet.","flipkart gift card qr: http://qr-flipkart.tk. scan to add rs 10,000 voucher to your wallet.",en,QR_SCAM,True,HIGH,scam,gold_evaluation,1.0.0-gold,{},Gold evaluation sample for QR_SCAM.,2026-07-30T11:02:16.780Z,2026-07-30T11:02:16.780Z
GOLD_QR_SCAM_0106,Swiggy food voucher QR code: http://qr-swiggy.xyz. Scan for Rs 500 off on your next order.,swiggy food voucher qr code: http://qr-swiggy.xyz. scan for rs 500 off on your next order.,en,QR_SCAM,True,HIGH,scam,gold_evaluation,1.0.0-gold,{},Gold evaluation sample for QR_SCAM.,2026-07-30T11:02:16.780Z,2026-07-30T11:02:16.780Z
GOLD_QR_SCAM_0107,Your vaccination certificate QR is ready: http://cowin-qr-download.in. Download and keep for travel.,your vaccination certificate qr is ready: http://cowin-qr-download.in. download and keep for travel.,en,QR_SCAM,True,HIGH,scam,gold_evaluation,1.0.0-gold,{},Gold evaluation sample for QR_SCAM.,2026-07-30T11:02:16.780Z,2026-07-30T11:02:16.780Z
GOLD_QR_SCAM_0108,Metro recharge: Scan QR code at http://metro-recharge-qr.xyz for Rs 500 free travel credit.,metro recharge: scan qr code at http://metro-recharge-qr.xyz for rs 500 free travel credit.,en,QR_SCAM,True,HIGH,scam,gold_evaluation,1.0.0-gold,{},Gold evaluation sample for QR_SCAM.,2026-07-30T11:02:16.780Z,2026-07-30T11:02:16.780Z
GOLD_QR_SCAM_0109,Zomato Pro membership QR: http://qr-zomato-pro.tk. Scan to activate 1 year free membership.,zomato pro membership qr: http://qr-zomato-pro.tk. scan to activate 1 year free membership.,en,QR_SCAM,True,HIGH,scam,gold_evaluation,1.0.0-gold,{},Gold evaluation sample for QR_SCAM.,2026-07-30T11:02:16.780Z,2026-07-30T11:02:16.780Z
GOLD_QR_SCAM_0110,QR code payment of Rs 250 to 'Parking Solutions' failed. Re-pay at http://parking-pay.xyz,qr code payment of rs 250 to 'parking solutions' failed. re-pay at http://parking-pay.xyz,en,QR_SCAM,True,HIGH,scam,gold_evaluation,1.0.0-gold,{},Gold evaluation sample for QR_SCAM.,2026-07-30T11:02:16.780Z,2026-07-30T11:02:16.780Z
GOLD_LOAN_SCAM_0111,"Personal loan of Rs 50,000 instantly approved. Zero documents. Processing fee just Rs 2,999: http://instant-cash.xyz","personal loan of rs 50,000 instantly approved. zero documents. processing fee just rs 2,999: http://instant-cash.xyz",en,LOAN_SCAM,True,HIGH,scam,gold_evaluation,1.0.0-gold,{},Gold evaluation sample for LOAN_SCAM.,2026-07-30T11:02:16.780Z,2026-07-30T11:02:16.780Z
GOLD_LOAN_SCAM_0112,"Your loan application of Rs 2,00,000 is approved by XYZ Finance. Pay Rs 12,500 insurance to disburse.","your loan application of rs 2,00,000 is approved by xyz finance. pay rs 12,500 insurance to disburse.",en,LOAN_SCAM,True,HIGH,scam,gold_evaluation,1.0.0-gold,{},Gold evaluation sample for LOAN_SCAM.,2026-07-30T11:02:16.780Z,2026-07-30T11:02:16.780Z
GOLD_LOAN_SCAM_0113,"Loan EMI overdue: Your credit score will be damaged. Pay Rs 15,000 immediately to regularize.","loan emi overdue: your credit score will be damaged. pay rs 15,000 immediately to regularize.",en,LOAN_SCAM,True,HIGH,scam,gold_evaluation,1.0.0-gold,{},Gold evaluation sample for LOAN_SCAM.,2026-07-30T11:02:16.780Z,2026-07-30T11:02:16.780Z
GOLD_LOAN_SCAM_0114,Business loan up to Rs 50 lakhs at 8% interest. No collateral. Processing fee 2% of loan amount upfront.,business loan up to rs 50 lakhs at 8% interest. no collateral. processing fee 2% of loan amount upfront.,en,LOAN_SCAM,True,HIGH,scam,gold_evaluation,1.0.0-gold,{},Gold evaluation sample for LOAN_SCAM.,2026-07-30T11:02:16.780Z,2026-07-30T11:02:16.780Z
GOLD_LOAN_SCAM_0115,"Two wheeler loan approved: Honda Activa at zero down payment. EMI Rs 2,500. Booking fee Rs 3,500.","two wheeler loan approved: honda activa at zero down payment. emi rs 2,500. booking fee rs 3,500.",en,LOAN_SCAM,True,HIGH,scam,gold_evaluation,1.0.0-gold,{},Gold evaluation sample for LOAN_SCAM.,2026-07-30T11:02:16.780Z,2026-07-30T11:02:16.780Z
GOLD_LOAN_SCAM_0116,"Personal loan repayment: Your cheque bounced. Legal notice under NI Act will be filed. Settle with Rs 25,000.","personal loan repayment: your cheque bounced. legal notice under ni act will be filed. settle with rs 25,000.",en,LOAN_SCAM,True,HIGH,scam,gold_evaluation,1.0.0-gold,{},Gold evaluation sample for LOAN_SCAM.,2026-07-30T11:02:16.780Z,2026-07-30T11:02:16.780Z
GOLD_FAKE_CUSTOMER_CARE_0117,Netflix: Your account is on hold. Update payment at http://netflix-pay.xyz or subscription will be cancelled.,netflix: your account is on hold. update payment at http://netflix-pay.xyz or subscription will be cancelled.,en,FAKE_CUSTOMER_CARE,True,HIGH,scam,gold_evaluation,1.0.0-gold,{},Gold evaluation sample for FAKE_CUSTOMER_CARE.,2026-07-30T11:02:16.780Z,2026-07-30T11:02:16.780Z
GOLD_FAKE_CUSTOMER_CARE_0118,Amazon: Your account has been temporarily suspended. Verify identity at http://amazon-verify-account.xyz,amazon: your account has been temporarily suspended. verify identity at http://amazon-verify-account.xyz,en,FAKE_CUSTOMER_CARE,True,HIGH,scam,gold_evaluation,1.0.0-gold,{},Gold evaluation sample for FAKE_CUSTOMER_CARE.,2026-07-30T11:02:16.780Z,2026-07-30T11:02:16.780Z
GOLD_FAKE_CUSTOMER_CARE_0119,"Microsoft: Your Windows license has expired. Renew for Rs 7,999 at http://microsoft-renew.in to continue updates.","microsoft: your windows license has expired. renew for rs 7,999 at http://microsoft-renew.in to continue updates.",en,FAKE_CUSTOMER_CARE,True,HIGH,scam,gold_evaluation,1.0.0-gold,{},Gold evaluation sample for FAKE_CUSTOMER_CARE.,2026-07-30T11:02:16.780Z,2026-07-30T11:02:16.780Z
GOLD_FAKE_CUSTOMER_CARE_0120,Apple Support: Your iCloud has been accessed from China. Secure at http://apple-id-secure.xyz,apple support: your icloud has been accessed from china. secure at http://apple-id-secure.xyz,en,FAKE_CUSTOMER_CARE,True,HIGH,scam,gold_evaluation,1.0.0-gold,{},Gold evaluation sample for FAKE_CUSTOMER_CARE.,2026-07-30T11:02:16.780Z,2026-07-30T11:02:16.780Z
GOLD_FAKE_CUSTOMER_CARE_0121,"Google: Your workspace storage is full. Emails will stop. Upgrade to 2TB at Rs 1,200/year: http://google-storage.tk","google: your workspace storage is full. emails will stop. upgrade to 2tb at rs 1,200/year: http://google-storage.tk",en,FAKE_CUSTOMER_CARE,True,HIGH,scam,gold_evaluation,1.0.0-gold,{},Gold evaluation sample for FAKE_CUSTOMER_CARE.,2026-07-30T11:02:16.780Z,2026-07-30T11:02:16.780Z
GOLD_FAKE_CUSTOMER_CARE_0122,Swiggy: Your account has won a free meal for 1 year. Confirm at http://swiggy-free.tk with delivery fee Rs 299.,swiggy: your account has won a free meal for 1 year. confirm at http://swiggy-free.tk with delivery fee rs 299.,en,FAKE_CUSTOMER_CARE,True,HIGH,scam,gold_evaluation,1.0.0-gold,{},Gold evaluation sample for FAKE_CUSTOMER_CARE.,2026-07-30T11:02:16.780Z,2026-07-30T11:02:16.780Z
GOLD_FAKE_CUSTOMER_CARE_0123,Telegram: Unusual login from Indonesia. Secure your account at http://telegram-secure.xyz,telegram: unusual login from indonesia. secure your account at http://telegram-secure.xyz,en,FAKE_CUSTOMER_CARE,True,HIGH,scam,gold_evaluation,1.0.0-gold,{},Gold evaluation sample for FAKE_CUSTOMER_CARE.,2026-07-30T11:02:16.780Z,2026-07-30T11:02:16.780Z
GOLD_FAKE_CUSTOMER_CARE_0124,LinkedIn: Your account will be restricted due to policy violation. Appeal at http://linkedin-appeal.in,linkedin: your account will be restricted due to policy violation. appeal at http://linkedin-appeal.in,en,FAKE_CUSTOMER_CARE,True,HIGH,scam,gold_evaluation,1.0.0-gold,{},Gold evaluation sample for FAKE_CUSTOMER_CARE.,2026-07-30T11:02:16.780Z,2026-07-30T11:02:16.780Z
GOLD_GOVERNMENT_IMPERSONATION_0125,"PM Awas Yojana: Your housing subsidy of Rs 2,50,000 is approved. Pay Rs 15,000 processing fee to credit.","pm awas yojana: your housing subsidy of rs 2,50,000 is approved. pay rs 15,000 processing fee to credit.",en,GOVERNMENT_IMPERSONATION,True,HIGH,scam,gold_evaluation,1.0.0-gold,{},Gold evaluation sample for GOVERNMENT_IMPERSONATION.,2026-07-30T11:02:16.780Z,2026-07-30T11:02:16.780Z
GOLD_GOVERNMENT_IMPERSONATION_0126,"Ministry of Labour: You are eligible for Rs 75,000 skill development grant. Apply at http://govt-grant.xyz","ministry of labour: you are eligible for rs 75,000 skill development grant. apply at http://govt-grant.xyz",en,GOVERNMENT_IMPERSONATION,True,HIGH,scam,gold_evaluation,1.0.0-gold,{},Gold evaluation sample for GOVERNMENT_IMPERSONATION.,2026-07-30T11:02:16.780Z,2026-07-30T11:02:16.780Z
GOLD_GOVERNMENT_IMPERSONATION_0127,"Ayushman Bharat: Your health insurance coverage increased to Rs 10 lakh. Pay Rs 3,500 upgrade fee.","ayushman bharat: your health insurance coverage increased to rs 10 lakh. pay rs 3,500 upgrade fee.",en,GOVERNMENT_IMPERSONATION,True,HIGH,scam,gold_evaluation,1.0.0-gold,{},Gold evaluation sample for GOVERNMENT_IMPERSONATION.,2026-07-30T11:02:16.780Z,2026-07-30T11:02:16.780Z
GOLD_GOVERNMENT_IMPERSONATION_0128,Voter ID correction: Your name has discrepancies. Update at http://voter-id-correction.in. Fee Rs 500.,voter id correction: your name has discrepancies. update at http://voter-id-correction.in. fee rs 500.,en,GOVERNMENT_IMPERSONATION,True,HIGH,scam,gold_evaluation,1.0.0-gold,{},Gold evaluation sample for GOVERNMENT_IMPERSONATION.,2026-07-30T11:02:16.780Z,2026-07-30T11:02:16.780Z
GOLD_GOVERNMENT_IMPERSONATION_0129,"Passport Seva: Your application requires police verification urgently. Pay Rs 2,500 fast-track fee.","passport seva: your application requires police verification urgently. pay rs 2,500 fast-track fee.",en,GOVERNMENT_IMPERSONATION,True,HIGH,scam,gold_evaluation,1.0.0-gold,{},Gold evaluation sample for GOVERNMENT_IMPERSONATION.,2026-07-30T11:02:16.780Z,2026-07-30T11:02:16.780Z
GOLD_GOVERNMENT_IMPERSONATION_0130,"Caste certificate online: Apply for certificate at http://caste-cert.xyz. Processing fee Rs 1,500.","caste certificate online: apply for certificate at http://caste-cert.xyz. processing fee rs 1,500.",en,GOVERNMENT_IMPERSONATION,True,HIGH,scam,gold_evaluation,1.0.0-gold,{},Gold evaluation sample for GOVERNMENT_IMPERSONATION.,2026-07-30T11:02:16.781Z,2026-07-30T11:02:16.781Z
GOLD_TELECOM_SCAM_0131,Jio: Your SIM card will be deactivated in 12 hours. Re-verify at http://jio-reverify.xyz,jio: your sim card will be deactivated in 12 hours. re-verify at http://jio-reverify.xyz,en,TELECOM_SCAM,True,HIGH,scam,gold_evaluation,1.0.0-gold,{},Gold evaluation sample for TELECOM_SCAM.,2026-07-30T11:02:16.785Z,2026-07-30T11:02:16.785Z
GOLD_TELECOM_SCAM_0132,"Airtel Black: Your plan upgraded to premium. Rs 7,999 annual fee will be auto-debited. Cancel at http://airtel-cancel.tk","airtel black: your plan upgraded to premium. rs 7,999 annual fee will be auto-debited. cancel at http://airtel-cancel.tk",en,TELECOM_SCAM,True,HIGH,scam,gold_evaluation,1.0.0-gold,{},Gold evaluation sample for TELECOM_SCAM.,2026-07-30T11:02:16.785Z,2026-07-30T11:02:16.785Z
GOLD_TELECOM_SCAM_0133,"VI: Your number porting request received. Cancellation fee Rs 2,500 applies. Call to stop.","vi: your number porting request received. cancellation fee rs 2,500 applies. call to stop.",en,TELECOM_SCAM,True,HIGH,scam,gold_evaluation,1.0.0-gold,{},Gold evaluation sample for TELECOM_SCAM.,2026-07-30T11:02:16.785Z,2026-07-30T11:02:16.785Z
GOLD_TELECOM_SCAM_0134,"BSNL: Your landline has outstanding dues of Rs 4,500. Pay at http://bsnl-dues.in or connection will be terminated.","bsnl: your landline has outstanding dues of rs 4,500. pay at http://bsnl-dues.in or connection will be terminated.",en,TELECOM_SCAM,True,HIGH,scam,gold_evaluation,1.0.0-gold,{},Gold evaluation sample for TELECOM_SCAM.,2026-07-30T11:02:16.785Z,2026-07-30T11:02:16.785Z
GOLD_TELECOM_SCAM_0135,"TRAI: Your number reported for SMS spam. Fine of Rs 8,500 imposed. Pay at http://trai-fine.xyz","trai: your number reported for sms spam. fine of rs 8,500 imposed. pay at http://trai-fine.xyz",en,TELECOM_SCAM,True,HIGH,scam,gold_evaluation,1.0.0-gold,{},Gold evaluation sample for TELECOM_SCAM.,2026-07-30T11:02:16.785Z,2026-07-30T11:02:16.785Z
GOLD_TELECOM_SCAM_0136,"JioFiber: Your internet speed upgraded to 1 Gbps. Installation fee Rs 2,500 required.","jiofiber: your internet speed upgraded to 1 gbps. installation fee rs 2,500 required.",en,TELECOM_SCAM,True,HIGH,scam,gold_evaluation,1.0.0-gold,{},Gold evaluation sample for TELECOM_SCAM.,2026-07-30T11:02:16.785Z,2026-07-30T11:02:16.785Z
GOLD_ELECTRICITY_BILL_SCAM_0137,"Tata Power-DDL: Your bill of Rs 6,200 overdue. Disconnection team dispatched. Pay at http://tatapower-pay.xyz","tata power-ddl: your bill of rs 6,200 overdue. disconnection team dispatched. pay at http://tatapower-pay.xyz",en,ELECTRICITY_BILL_SCAM,True,HIGH,scam,gold_evaluation,1.0.0-gold,{},Gold evaluation sample for ELECTRICITY_BILL_SCAM.,2026-07-30T11:02:16.785Z,2026-07-30T11:02:16.785Z
GOLD_ELECTRICITY_BILL_SCAM_0138,"BSES Rajdhani: Final notice before meter removal. Pay Rs 4,800 at http://bses-final.in","bses rajdhani: final notice before meter removal. pay rs 4,800 at http://bses-final.in",en,ELECTRICITY_BILL_SCAM,True,HIGH,scam,gold_evaluation,1.0.0-gold,{},Gold evaluation sample for ELECTRICITY_BILL_SCAM.,2026-07-30T11:02:16.785Z,2026-07-30T11:02:16.785Z
GOLD_ELECTRICITY_BILL_SCAM_0139,"Adani Electricity: Smart meter installation mandatory. Fee Rs 3,500. Ignore = penalty of Rs 10,000.","adani electricity: smart meter installation mandatory. fee rs 3,500. ignore = penalty of rs 10,000.",en,ELECTRICITY_BILL_SCAM,True,HIGH,scam,gold_evaluation,1.0.0-gold,{},Gold evaluation sample for ELECTRICITY_BILL_SCAM.,2026-07-30T11:02:16.785Z,2026-07-30T11:02:16.785Z
GOLD_ELECTRICITY_BILL_SCAM_0140,"MSEB: Power theft suspected at your premises. Inspection ordered. Settlement fee Rs 25,000 if found guilty.","mseb: power theft suspected at your premises. inspection ordered. settlement fee rs 25,000 if found guilty.",en,ELECTRICITY_BILL_SCAM,True,HIGH,scam,gold_evaluation,1.0.0-gold,{},Gold evaluation sample for ELECTRICITY_BILL_SCAM.,2026-07-30T11:02:16.785Z,2026-07-30T11:02:16.785Z
GOLD_ELECTRICITY_BILL_SCAM_0141,"UPPCL: Your security deposit needs enhancement by Rs 8,000. Pay at http://uppcl-deposit.tk","uppcl: your security deposit needs enhancement by rs 8,000. pay at http://uppcl-deposit.tk",en,ELECTRICITY_BILL_SCAM,True,HIGH,scam,gold_evaluation,1.0.0-gold,{},Gold evaluation sample for ELECTRICITY_BILL_SCAM.,2026-07-30T11:02:16.785Z,2026-07-30T11:02:16.785Z
GOLD_ELECTRICITY_BILL_SCAM_0142,"KSEB: Smart meter reading shows abnormal usage. Fine of Rs 7,500 imposed.","kseb: smart meter reading shows abnormal usage. fine of rs 7,500 imposed.",en,ELECTRICITY_BILL_SCAM,True,HIGH,scam,gold_evaluation,1.0.0-gold,{},Gold evaluation sample for ELECTRICITY_BILL_SCAM.,2026-07-30T11:02:16.785Z,2026-07-30T11:02:16.785Z
GOLD_ELECTRICITY_BILL_SCAM_0143,"TPC: Your electricity connection will be removed for non-payment. Pay Rs 9,500 now.","tpc: your electricity connection will be removed for non-payment. pay rs 9,500 now.",en,ELECTRICITY_BILL_SCAM,True,HIGH,scam,gold_evaluation,1.0.0-gold,{},Gold evaluation sample for ELECTRICITY_BILL_SCAM.,2026-07-30T11:02:16.785Z,2026-07-30T11:02:16.785Z
GOLD_ELECTRICITY_BILL_SCAM_0144,"CESC: Your meter was tampered. Penalty of Rs 50,000 imposed. Call to settle at discount.","cesc: your meter was tampered. penalty of rs 50,000 imposed. call to settle at discount.",en,ELECTRICITY_BILL_SCAM,True,HIGH,scam,gold_evaluation,1.0.0-gold,{},Gold evaluation sample for ELECTRICITY_BILL_SCAM.,2026-07-30T11:02:16.785Z,2026-07-30T11:02:16.785Z
GOLD_AADHAAR_SCAM_0145,Aapka Aadhaar card block hone wala hai. Update karo yahan: http://uidai-update.xyz,aapka aadhaar card block hone wala hai. update karo yahan: http://uidai-update.xyz,hi-en,AADHAAR_SCAM,True,HIGH,scam,gold_evaluation,1.0.0-gold,{},Gold evaluation sample for AADHAAR_SCAM.,2026-07-30T11:02:16.785Z,2026-07-30T11:02:16.785Z
GOLD_KYC_SCAM_0146,SBI account freeze ho jayega agar KYC complete nahi kiya. Click karo: http://sbi-kyc.in,sbi account freeze ho jayega agar kyc complete nahi kiya. click karo: http://sbi-kyc.in,hi-en,KYC_SCAM,True,HIGH,scam,gold_evaluation,1.0.0-gold,{},Gold evaluation sample for KYC_SCAM.,2026-07-30T11:02:16.785Z,2026-07-30T11:02:16.785Z
GOLD_PAN_SCAM_0147,Aapke PAN card se income tax fraud hua hai. Turant call karo 1800-123-4567.,aapke pan card se income tax fraud hua hai. turant call karo 1800-123-4567.,hi-en,PAN_SCAM,True,HIGH,scam,gold_evaluation,1.0.0-gold,{},Gold evaluation sample for PAN_SCAM.,2026-07-30T11:02:16.785Z,2026-07-30T11:02:16.785Z
GOLD_LOAN_SCAM_0148,"Rs 50,000 ka loan instantly approved. Processing fee sirf Rs 2,999. Apply abhi.","rs 50,000 ka loan instantly approved. processing fee sirf rs 2,999. apply abhi.",hi-en,LOAN_SCAM,True,HIGH,scam,gold_evaluation,1.0.0-gold,{},Gold evaluation sample for LOAN_SCAM.,2026-07-30T11:02:16.785Z,2026-07-30T11:02:16.785Z
GOLD_DIGITAL_ARREST_0149,CBI ne aapke khilaf warrant issue kiya hai. Digital arrest. Video call pe connect karo.,cbi ne aapke khilaf warrant issue kiya hai. digital arrest. video call pe connect karo.,hi-en,DIGITAL_ARREST,True,HIGH,scam,gold_evaluation,1.0.0-gold,{},Gold evaluation sample for DIGITAL_ARREST.,2026-07-30T11:02:16.785Z,2026-07-30T11:02:16.785Z
GOLD_INCOME_TAX_SCAM_0150,"Income tax refund of Rs 37,500 aapke naam par hai. Bank details update karo.","income tax refund of rs 37,500 aapke naam par hai. bank details update karo.",hi-en,INCOME_TAX_SCAM,True,HIGH,scam,gold_evaluation,1.0.0-gold,{},Gold evaluation sample for INCOME_TAX_SCAM.,2026-07-30T11:02:16.785Z,2026-07-30T11:02:16.785Z
GOLD_LOTTERY_SCAM_0151,"KBC mein aapne Rs 25,00,000 jeete hain. Claim karne ke liye call karo.","kbc mein aapne rs 25,00,000 jeete hain. claim karne ke liye call karo.",hi-en,LOTTERY_SCAM,True,HIGH,scam,gold_evaluation,1.0.0-gold,{},Gold evaluation sample for LOTTERY_SCAM.,2026-07-30T11:02:16.785Z,2026-07-30T11:02:16.785Z
GOLD_UPI_FRAUD_0152,"GPay se Rs 5,000 ka transaction hua hai. Not you? Call karo turant.","gpay se rs 5,000 ka transaction hua hai. not you? call karo turant.",hi-en,UPI_FRAUD,True,HIGH,scam,gold_evaluation,1.0.0-gold,{},Gold evaluation sample for UPI_FRAUD.,2026-07-30T11:02:16.785Z,2026-07-30T11:02:16.785Z
GOLD_FAKE_CUSTOMER_CARE_0153,Aapka Amazon order return ho gaya hai. Refund ke liye bank details update karo.,aapka amazon order return ho gaya hai. refund ke liye bank details update karo.,hi-en,FAKE_CUSTOMER_CARE,True,HIGH,scam,gold_evaluation,1.0.0-gold,{},Gold evaluation sample for FAKE_CUSTOMER_CARE.,2026-07-30T11:02:16.785Z,2026-07-30T11:02:16.785Z
GOLD_JOB_SCAM_0154,"Job chahiye? Ghar baithe Rs 60,000/month. Registration fee Rs 2,500.","job chahiye? ghar baithe rs 60,000/month. registration fee rs 2,500.",hi-en,JOB_SCAM,True,HIGH,scam,gold_evaluation,1.0.0-gold,{},Gold evaluation sample for JOB_SCAM.,2026-07-30T11:02:16.785Z,2026-07-30T11:02:16.785Z
GOLD_GOVERNMENT_IMPERSONATION_0155,"PM Awas Yojana mein aapka subsidy approve hua hai. Rs 12,500 processing fee pay karo.","pm awas yojana mein aapka subsidy approve hua hai. rs 12,500 processing fee pay karo.",hi-en,GOVERNMENT_IMPERSONATION,True,HIGH,scam,gold_evaluation,1.0.0-gold,{},Gold evaluation sample for GOVERNMENT_IMPERSONATION.,2026-07-30T11:02:16.785Z,2026-07-30T11:02:16.785Z
GOLD_DIGITAL_ARREST_0156,Your Aadhaar used in drug trafficking case. Police case registered. Call now.,your aadhaar used in drug trafficking case. police case registered. call now.,hi-en,DIGITAL_ARREST,True,HIGH,scam,gold_evaluation,1.0.0-gold,{},Gold evaluation sample for DIGITAL_ARREST.,2026-07-30T11:02:16.785Z,2026-07-30T11:02:16.785Z
GOLD_INVESTMENT_SCAM_0157,"APNA number se 5 saal ka FD khola hai. Amount: Rs 50,000. Maturity par milega Rs 85,000.","apna number se 5 saal ka fd khola hai. amount: rs 50,000. maturity par milega rs 85,000.",hi-en,INVESTMENT_SCAM,True,HIGH,scam,gold_evaluation,1.0.0-gold,{},Gold evaluation sample for INVESTMENT_SCAM.,2026-07-30T11:02:16.785Z,2026-07-30T11:02:16.785Z
GOLD_LEGITIMATE_BANKING_0158,"SBI: Aapke account mein Rs 25,000 credit hue hain. Thank you for using SBI.","sbi: aapke account mein rs 25,000 credit hue hain. thank you for using sbi.",hi-en,LEGITIMATE_BANKING,True,HIGH,scam,gold_evaluation,1.0.0-gold,{},Gold evaluation sample for LEGITIMATE_BANKING.,2026-07-30T11:02:16.785Z,2026-07-30T11:02:16.785Z
GOLD_LEGITIMATE_TELECOM_0159,Airtel: Aapka recharge plan expire hone wala hai. Renew karo app se.,airtel: aapka recharge plan expire hone wala hai. renew karo app se.,hi-en,LEGITIMATE_TELECOM,True,HIGH,scam,gold_evaluation,1.0.0-gold,{},Gold evaluation sample for LEGITIMATE_TELECOM.,2026-07-30T11:02:16.785Z,2026-07-30T11:02:16.785Z
GOLD_LEGITIMATE_SHOPPING_0160,Aapka Flipkart order dispatch ho gaya hai. Track karo yahan.,aapka flipkart order dispatch ho gaya hai. track karo yahan.,hi-en,LEGITIMATE_SHOPPING,True,HIGH,scam,gold_evaluation,1.0.0-gold,{},Gold evaluation sample for LEGITIMATE_SHOPPING.,2026-07-30T11:02:16.785Z,2026-07-30T11:02:16.785Z
GOLD_LEGITIMATE_BANKING_0161,"Aapke SBI account mein Rs 50,000 credit hue hain. NEFT se.","aapke sbi account mein rs 50,000 credit hue hain. neft se.",hi-en,LEGITIMATE_BANKING,True,HIGH,scam,gold_evaluation,1.0.0-gold,{},Gold evaluation sample for LEGITIMATE_BANKING.,2026-07-30T11:02:16.785Z,2026-07-30T11:02:16.785Z
GOLD_LEGITIMATE_UPI_0162,"UPI se Rs 2,000 Rahul ko bheje gaye. Ref: 7890123456.","upi se rs 2,000 rahul ko bheje gaye. ref: 7890123456.",hi-en,LEGITIMATE_UPI,True,HIGH,scam,gold_evaluation,1.0.0-gold,{},Gold evaluation sample for LEGITIMATE_UPI.,2026-07-30T11:02:16.785Z,2026-07-30T11:02:16.785Z
GOLD_LEGITIMATE_SHOPPING_0163,Amazon ka order deliver ho gaya. Rating do please.,amazon ka order deliver ho gaya. rating do please.,hi-en,LEGITIMATE_SHOPPING,True,HIGH,scam,gold_evaluation,1.0.0-gold,{},Gold evaluation sample for LEGITIMATE_SHOPPING.,2026-07-30T11:02:16.785Z,2026-07-30T11:02:16.785Z
GOLD_LEGITIMATE_PERSONAL_0164,Aaj dinner 8 baje. Restaurant book kar liya hai.,aaj dinner 8 baje. restaurant book kar liya hai.,hi-en,LEGITIMATE_PERSONAL,True,HIGH,scam,gold_evaluation,1.0.0-gold,{},Gold evaluation sample for LEGITIMATE_PERSONAL.,2026-07-30T11:02:16.785Z,2026-07-30T11:02:16.785Z
GOLD_LEGITIMATE_TELECOM_0165,Mobile recharge Rs 599 successful. Plan valid 84 days.,mobile recharge rs 599 successful. plan valid 84 days.,hi-en,LEGITIMATE_TELECOM,True,HIGH,scam,gold_evaluation,1.0.0-gold,{},Gold evaluation sample for LEGITIMATE_TELECOM.,2026-07-30T11:02:16.785Z,2026-07-30T11:02:16.785Z
GOLD_AADHAAR_SCAM_0166,Ungal Aadhaar card block aagum. Udanave update pannugal: http://aadhaar-update.xyz,ungal aadhaar card block aagum. udanave update pannugal: http://aadhaar-update.xyz,ta-en,AADHAAR_SCAM,True,HIGH,scam,gold_evaluation,1.0.0-gold,{},Gold evaluation sample for AADHAAR_SCAM.,2026-07-30T11:02:16.785Z,2026-07-30T11:02:16.785Z
GOLD_KYC_SCAM_0167,SBI KYC complete pannavittaal account freeze aagum. Click pannugal: http://sbi-kyc-update.in,sbi kyc complete pannavittaal account freeze aagum. click pannugal: http://sbi-kyc-update.in,ta-en,KYC_SCAM,True,HIGH,scam,gold_evaluation,1.0.0-gold,{},Gold evaluation sample for KYC_SCAM.,2026-07-30T11:02:16.785Z,2026-07-30T11:02:16.785Z
GOLD_PAN_SCAM_0168,Ungal PAN card use panni tax evasion pannirukkaanga. Udanave 1800-123-4567 kku call pannugal.,ungal pan card use panni tax evasion pannirukkaanga. udanave 1800-123-4567 kku call pannugal.,ta-en,PAN_SCAM,True,HIGH,scam,gold_evaluation,1.0.0-gold,{},Gold evaluation sample for PAN_SCAM.,2026-07-30T11:02:16.785Z,2026-07-30T11:02:16.785Z
GOLD_LOAN_SCAM_0169,"Rs 50,000 loan instant approval. Processing fee matum Rs 2,999. Apply now.","rs 50,000 loan instant approval. processing fee matum rs 2,999. apply now.",ta-en,LOAN_SCAM,True,HIGH,scam,gold_evaluation,1.0.0-gold,{},Gold evaluation sample for LOAN_SCAM.,2026-07-30T11:02:16.785Z,2026-07-30T11:02:16.785Z
GOLD_DIGITAL_ARREST_0170,CBI warrant issued against you. Digital arrest. Video call connect aavom.,cbi warrant issued against you. digital arrest. video call connect aavom.,ta-en,DIGITAL_ARREST,True,HIGH,scam,gold_evaluation,1.0.0-gold,{},Gold evaluation sample for DIGITAL_ARREST.,2026-07-30T11:02:16.785Z,2026-07-30T11:02:16.785Z
GOLD_INCOME_TAX_SCAM_0171,"Income tax refund Rs 37,500 ready. Bank details update pannugal.","income tax refund rs 37,500 ready. bank details update pannugal.",ta-en,INCOME_TAX_SCAM,True,HIGH,scam,gold_evaluation,1.0.0-gold,{},Gold evaluation sample for INCOME_TAX_SCAM.,2026-07-30T11:02:16.785Z,2026-07-30T11:02:16.785Z
GOLD_LOTTERY_SCAM_0172,"KBC-la Rs 25,00,000 winner! Claim panna call pannugal.","kbc-la rs 25,00,000 winner! claim panna call pannugal.",ta-en,LOTTERY_SCAM,True,HIGH,scam,gold_evaluation,1.0.0-gold,{},Gold evaluation sample for LOTTERY_SCAM.,2026-07-30T11:02:16.785Z,2026-07-30T11:02:16.785Z
GOLD_UPI_FRAUD_0173,"GPay-la Rs 5,000 transaction aagirukku. Not you? Call now.","gpay-la rs 5,000 transaction aagirukku. not you? call now.",ta-en,UPI_FRAUD,True,HIGH,scam,gold_evaluation,1.0.0-gold,{},Gold evaluation sample for UPI_FRAUD.,2026-07-30T11:02:16.785Z,2026-07-30T11:02:16.785Z
GOLD_UPI_FRAUD_0174,Ungal GPay account block aagirukku. Recover panna http://gpay-help.xyz kku pongal.,ungal gpay account block aagirukku. recover panna http://gpay-help.xyz kku pongal.,ta-en,UPI_FRAUD,True,HIGH,scam,gold_evaluation,1.0.0-gold,{},Gold evaluation sample for UPI_FRAUD.,2026-07-30T11:02:16.785Z,2026-07-30T11:02:16.785Z
GOLD_FAKE_CUSTOMER_CARE_0175,Amazon order return aagirukku. Refund receive panna bank details update pannugal.,amazon order return aagirukku. refund receive panna bank details update pannugal.,ta-en,FAKE_CUSTOMER_CARE,True,HIGH,scam,gold_evaluation,1.0.0-gold,{},Gold evaluation sample for FAKE_CUSTOMER_CARE.,2026-07-30T11:02:16.785Z,2026-07-30T11:02:16.785Z
GOLD_JOB_SCAM_0176,"Veedla irundhu job pannalam. Rs 60,000/month. Registration fee Rs 2,500.","veedla irundhu job pannalam. rs 60,000/month. registration fee rs 2,500.",ta-en,JOB_SCAM,True,HIGH,scam,gold_evaluation,1.0.0-gold,{},Gold evaluation sample for JOB_SCAM.,2026-07-30T11:02:16.785Z,2026-07-30T11:02:16.785Z
GOLD_GOVERNMENT_IMPERSONATION_0177,"PM Awas Yojana subsidy approved. Rs 12,500 processing fee pay pannugal.","pm awas yojana subsidy approved. rs 12,500 processing fee pay pannugal.",ta-en,GOVERNMENT_IMPERSONATION,True,HIGH,scam,gold_evaluation,1.0.0-gold,{},Gold evaluation sample for GOVERNMENT_IMPERSONATION.,2026-07-30T11:02:16.785Z,2026-07-30T11:02:16.785Z
GOLD_LEGITIMATE_BANKING_0178,"SBI: Ungal account ku Rs 25,000 credit aagirukku.","sbi: ungal account ku rs 25,000 credit aagirukku.",ta-en,LEGITIMATE_BANKING,True,HIGH,scam,gold_evaluation,1.0.0-gold,{},Gold evaluation sample for LEGITIMATE_BANKING.,2026-07-30T11:02:16.785Z,2026-07-30T11:02:16.785Z
GOLD_LEGITIMATE_TELECOM_0179,Airtel: Ungal recharge plan expire aaga irukku. Renew pannugal.,airtel: ungal recharge plan expire aaga irukku. renew pannugal.,ta-en,LEGITIMATE_TELECOM,True,HIGH,scam,gold_evaluation,1.0.0-gold,{},Gold evaluation sample for LEGITIMATE_TELECOM.,2026-07-30T11:02:16.785Z,2026-07-30T11:02:16.785Z
GOLD_LEGITIMATE_SHOPPING_0180,Amazon order dispatch aagirukku. Track pannugal.,amazon order dispatch aagirukku. track pannugal.,ta-en,LEGITIMATE_SHOPPING,True,HIGH,scam,gold_evaluation,1.0.0-gold,{},Gold evaluation sample for LEGITIMATE_SHOPPING.,2026-07-30T11:02:16.785Z,2026-07-30T11:02:16.785Z
GOLD_LEGITIMATE_BANKING_0181,"SBI: Ungal account ku Rs 50,000 NEFT la credit aagirukku.","sbi: ungal account ku rs 50,000 neft la credit aagirukku.",ta-en,LEGITIMATE_BANKING,True,HIGH,scam,gold_evaluation,1.0.0-gold,{},Gold evaluation sample for LEGITIMATE_BANKING.,2026-07-30T11:02:16.785Z,2026-07-30T11:02:16.785Z
GOLD_LEGITIMATE_UPI_0182,"GPay la Rs 2,000 Rahul ku anupirukkom. Ref: 7890123456.","gpay la rs 2,000 rahul ku anupirukkom. ref: 7890123456.",ta-en,LEGITIMATE_UPI,True,HIGH,scam,gold_evaluation,1.0.0-gold,{},Gold evaluation sample for LEGITIMATE_UPI.,2026-07-30T11:02:16.785Z,2026-07-30T11:02:16.785Z
GOLD_LEGITIMATE_SHOPPING_0183,Amazon order deliver aachu. Rating kudungal.,amazon order deliver aachu. rating kudungal.,ta-en,LEGITIMATE_SHOPPING,True,HIGH,scam,gold_evaluation,1.0.0-gold,{},Gold evaluation sample for LEGITIMATE_SHOPPING.,2026-07-30T11:02:16.785Z,2026-07-30T11:02:16.785Z
GOLD_LEGITIMATE_PERSONAL_0184,Indru dinner 8 manikku. Restaurant book panniten.,indru dinner 8 manikku. restaurant book panniten.,ta-en,LEGITIMATE_PERSONAL,True,HIGH,scam,gold_evaluation,1.0.0-gold,{},Gold evaluation sample for LEGITIMATE_PERSONAL.,2026-07-30T11:02:16.785Z,2026-07-30T11:02:16.785Z
GOLD_LEGITIMATE_TELECOM_0185,Mobile recharge Rs 599 successful. Plan valid 84 days.,mobile recharge rs 599 successful. plan valid 84 days.,ta-en,LEGITIMATE_TELECOM,True,HIGH,scam,gold_evaluation,1.0.0-gold,{},Gold evaluation sample for LEGITIMATE_TELECOM.,2026-07-30T11:02:16.785Z,2026-07-30T11:02:16.785Z
GOLD_AADHAAR_SCAM_0186,Mee Aadhaar card block avutundi. Venti update chesukondi: http://aadhaar-update.xyz,mee aadhaar card block avutundi. venti update chesukondi: http://aadhaar-update.xyz,te-en,AADHAAR_SCAM,True,HIGH,scam,gold_evaluation,1.0.0-gold,{},Gold evaluation sample for AADHAAR_SCAM.,2026-07-30T11:02:16.785Z,2026-07-30T11:02:16.785Z
GOLD_KYC_SCAM_0187,SBI KYC complete cheyakapote account freeze avutundi. Click cheyandi: http://sbi-kyc.in,sbi kyc complete cheyakapote account freeze avutundi. click cheyandi: http://sbi-kyc.in,te-en,KYC_SCAM,True,HIGH,scam,gold_evaluation,1.0.0-gold,{},Gold evaluation sample for KYC_SCAM.,2026-07-30T11:02:16.785Z,2026-07-30T11:02:16.785Z
GOLD_PAN_SCAM_0188,Mee PAN card tho income tax fraud jarigindi. Vente 1800-123-4567 ki call cheyandi.,mee pan card tho income tax fraud jarigindi. vente 1800-123-4567 ki call cheyandi.,te-en,PAN_SCAM,True,HIGH,scam,gold_evaluation,1.0.0-gold,{},Gold evaluation sample for PAN_SCAM.,2026-07-30T11:02:16.785Z,2026-07-30T11:02:16.785Z
GOLD_LOAN_SCAM_0189,"Rs 50,000 loan instant approval. Processing fee Rs 2,999 matrame.","rs 50,000 loan instant approval. processing fee rs 2,999 matrame.",te-en,LOAN_SCAM,True,HIGH,scam,gold_evaluation,1.0.0-gold,{},Gold evaluation sample for LOAN_SCAM.,2026-07-30T11:02:16.785Z,2026-07-30T11:02:16.785Z
GOLD_DIGITAL_ARREST_0190,CBI mee meeda warrant issue chesindi. Digital arrest. Video call connect avvali.,cbi mee meeda warrant issue chesindi. digital arrest. video call connect avvali.,te-en,DIGITAL_ARREST,True,HIGH,scam,gold_evaluation,1.0.0-gold,{},Gold evaluation sample for DIGITAL_ARREST.,2026-07-30T11:02:16.785Z,2026-07-30T11:02:16.785Z
GOLD_INCOME_TAX_SCAM_0191,"Income tax refund Rs 37,500 ready. Bank details update chesukondi.","income tax refund rs 37,500 ready. bank details update chesukondi.",te-en,INCOME_TAX_SCAM,True,HIGH,scam,gold_evaluation,1.0.0-gold,{},Gold evaluation sample for INCOME_TAX_SCAM.,2026-07-30T11:02:16.785Z,2026-07-30T11:02:16.785Z
GOLD_LOTTERY_SCAM_0192,"KBC lo Rs 25,00,000 gelicharu! Claim cheyandi call cheyandi.","kbc lo rs 25,00,000 gelicharu! claim cheyandi call cheyandi.",te-en,LOTTERY_SCAM,True,HIGH,scam,gold_evaluation,1.0.0-gold,{},Gold evaluation sample for LOTTERY_SCAM.,2026-07-30T11:02:16.785Z,2026-07-30T11:02:16.785Z
GOLD_UPI_FRAUD_0193,"GPay lo Rs 5,000 transaction jarigindi. Not you? Call now.","gpay lo rs 5,000 transaction jarigindi. not you? call now.",te-en,UPI_FRAUD,True,HIGH,scam,gold_evaluation,1.0.0-gold,{},Gold evaluation sample for UPI_FRAUD.,2026-07-30T11:02:16.785Z,2026-07-30T11:02:16.785Z
GOLD_FAKE_CUSTOMER_CARE_0194,Amazon order return ayindi. Refund ki bank details update cheyandi.,amazon order return ayindi. refund ki bank details update cheyandi.,te-en,FAKE_CUSTOMER_CARE,True,HIGH,scam,gold_evaluation,1.0.0-gold,{},Gold evaluation sample for FAKE_CUSTOMER_CARE.,2026-07-30T11:02:16.785Z,2026-07-30T11:02:16.785Z
GOLD_JOB_SCAM_0195,"Intlo nunchi job cheyyochu. Rs 60,000/month. Registration fee Rs 2,500.","intlo nunchi job cheyyochu. rs 60,000/month. registration fee rs 2,500.",te-en,JOB_SCAM,True,HIGH,scam,gold_evaluation,1.0.0-gold,{},Gold evaluation sample for JOB_SCAM.,2026-07-30T11:02:16.785Z,2026-07-30T11:02:16.785Z
GOLD_GOVERNMENT_IMPERSONATION_0196,"PM Awas Yojana subsidy approved. Rs 12,500 processing fee cheyandi.","pm awas yojana subsidy approved. rs 12,500 processing fee cheyandi.",te-en,GOVERNMENT_IMPERSONATION,True,HIGH,scam,gold_evaluation,1.0.0-gold,{},Gold evaluation sample for GOVERNMENT_IMPERSONATION.,2026-07-30T11:02:16.785Z,2026-07-30T11:02:16.785Z
GOLD_LEGITIMATE_BANKING_0197,"SBI: Mee account ki Rs 25,000 credit ayindi.","sbi: mee account ki rs 25,000 credit ayindi.",te-en,LEGITIMATE_BANKING,True,HIGH,scam,gold_evaluation,1.0.0-gold,{},Gold evaluation sample for LEGITIMATE_BANKING.,2026-07-30T11:02:16.785Z,2026-07-30T11:02:16.785Z
GOLD_LEGITIMATE_SHOPPING_0198,Mee Amazon order dispatch ayindi. Track cheyandi.,mee amazon order dispatch ayindi. track cheyandi.,te-en,LEGITIMATE_SHOPPING,True,HIGH,scam,gold_evaluation,1.0.0-gold,{},Gold evaluation sample for LEGITIMATE_SHOPPING.,2026-07-30T11:02:16.785Z,2026-07-30T11:02:16.785Z
GOLD_LEGITIMATE_TELECOM_0199,Airtel: Mee recharge plan expire avutundi. Renew chesukondi.,airtel: mee recharge plan expire avutundi. renew chesukondi.,te-en,LEGITIMATE_TELECOM,True,HIGH,scam,gold_evaluation,1.0.0-gold,{},Gold evaluation sample for LEGITIMATE_TELECOM.,2026-07-30T11:02:16.785Z,2026-07-30T11:02:16.785Z
GOLD_LEGITIMATE_BANKING_0200,"SBI: Mee account ki Rs 50,000 NEFT dwara credit ayindi.","sbi: mee account ki rs 50,000 neft dwara credit ayindi.",te-en,LEGITIMATE_BANKING,True,HIGH,scam,gold_evaluation,1.0.0-gold,{},Gold evaluation sample for LEGITIMATE_BANKING.,2026-07-30T11:02:16.785Z,2026-07-30T11:02:16.785Z
GOLD_LEGITIMATE_UPI_0201,"GPay lo Rs 2,000 Rahul ki pampiyaru. Ref: 7890123456.","gpay lo rs 2,000 rahul ki pampiyaru. ref: 7890123456.",te-en,LEGITIMATE_UPI,True,HIGH,scam,gold_evaluation,1.0.0-gold,{},Gold evaluation sample for LEGITIMATE_UPI.,2026-07-30T11:02:16.785Z,2026-07-30T11:02:16.785Z
GOLD_LEGITIMATE_SHOPPING_0202,Amazon order deliver ayindi. Rating ivvandi.,amazon order deliver ayindi. rating ivvandi.,te-en,LEGITIMATE_SHOPPING,True,HIGH,scam,gold_evaluation,1.0.0-gold,{},Gold evaluation sample for LEGITIMATE_SHOPPING.,2026-07-30T11:02:16.785Z,2026-07-30T11:02:16.785Z
GOLD_LEGITIMATE_PERSONAL_0203,Repu dinner 8 ki. Restaurant book chesanu.,repu dinner 8 ki. restaurant book chesanu.,te-en,LEGITIMATE_PERSONAL,True,HIGH,scam,gold_evaluation,1.0.0-gold,{},Gold evaluation sample for LEGITIMATE_PERSONAL.,2026-07-30T11:02:16.786Z,2026-07-30T11:02:16.786Z
GOLD_LEGITIMATE_TELECOM_0204,Mobile recharge Rs 599 successful. Plan valid 84 days.,mobile recharge rs 599 successful. plan valid 84 days.,te-en,LEGITIMATE_TELECOM,True,HIGH,scam,gold_evaluation,1.0.0-gold,{},Gold evaluation sample for LEGITIMATE_TELECOM.,2026-07-30T11:02:16.786Z,2026-07-30T11:02:16.786Z
GOLD_LEGITIMATE_BANKING_0205,"SBI: Your account XX3456 is credited with Rs 50,000 by NEFT from ABC Corp. Ref: NEFT1234567890.","sbi: your account xx3456 is credited with rs 50,000 by neft from abc corp. ref: neft1234567890.",en,LEGITIMATE_BANKING,False,NONE,legitimate,gold_evaluation,1.0.0-gold,{},Gold evaluation sample for LEGITIMATE_BANKING.,2026-07-30T11:02:16.786Z,2026-07-30T11:02:16.786Z
GOLD_LEGITIMATE_BANKING_0206,"HDFC Bank: Your credit card payment of Rs 15,000 received on 28 July 2026. Thank you.","hdfc bank: your credit card payment of rs 15,000 received on 28 july 2026. thank you.",en,LEGITIMATE_BANKING,False,NONE,legitimate,gold_evaluation,1.0.0-gold,{},Gold evaluation sample for LEGITIMATE_BANKING.,2026-07-30T11:02:16.786Z,2026-07-30T11:02:16.786Z
GOLD_LEGITIMATE_BANKING_0207,"ICICI Bank: Your FD of Rs 3,00,000 matured on 25 July. Renewed for 1 year at 7.5% p.a.","icici bank: your fd of rs 3,00,000 matured on 25 july. renewed for 1 year at 7.5% p.a.",en,LEGITIMATE_BANKING,False,NONE,legitimate,gold_evaluation,1.0.0-gold,{},Gold evaluation sample for LEGITIMATE_BANKING.,2026-07-30T11:02:16.786Z,2026-07-30T11:02:16.786Z
GOLD_LEGITIMATE_BANKING_0208,"Axis Bank: Reward points earned this month: 2,450. Redeem via Axis Rewards portal.","axis bank: reward points earned this month: 2,450. redeem via axis rewards portal.",en,LEGITIMATE_BANKING,False,NONE,legitimate,gold_evaluation,1.0.0-gold,{},Gold evaluation sample for LEGITIMATE_BANKING.,2026-07-30T11:02:16.786Z,2026-07-30T11:02:16.786Z
GOLD_LEGITIMATE_BANKING_0209,PNB: Your passbook is updated at ATM. Last 5 transactions printed on 29 July.,pnb: your passbook is updated at atm. last 5 transactions printed on 29 july.,en,LEGITIMATE_BANKING,False,NONE,legitimate,gold_evaluation,1.0.0-gold,{},Gold evaluation sample for LEGITIMATE_BANKING.,2026-07-30T11:02:16.786Z,2026-07-30T11:02:16.786Z
GOLD_LEGITIMATE_BANKING_0210,"Kotak Mahindra: Your salary for July 2026 of Rs 1,25,000 has been credited.","kotak mahindra: your salary for july 2026 of rs 1,25,000 has been credited.",en,LEGITIMATE_BANKING,False,NONE,legitimate,gold_evaluation,1.0.0-gold,{},Gold evaluation sample for LEGITIMATE_BANKING.,2026-07-30T11:02:16.786Z,2026-07-30T11:02:16.786Z
GOLD_LEGITIMATE_BANKING_0211,"Canara Bank: Your loan EMI of Rs 35,200 deducted successfully for home loan account.","canara bank: your loan emi of rs 35,200 deducted successfully for home loan account.",en,LEGITIMATE_BANKING,False,NONE,legitimate,gold_evaluation,1.0.0-gold,{},Gold evaluation sample for LEGITIMATE_BANKING.,2026-07-30T11:02:16.786Z,2026-07-30T11:02:16.786Z
GOLD_LEGITIMATE_BANKING_0212,"Bank of Baroda: Interest of Rs 3,540 credited to your savings account for Q1.","bank of baroda: interest of rs 3,540 credited to your savings account for q1.",en,LEGITIMATE_BANKING,False,NONE,legitimate,gold_evaluation,1.0.0-gold,{},Gold evaluation sample for LEGITIMATE_BANKING.,2026-07-30T11:02:16.786Z,2026-07-30T11:02:16.786Z
GOLD_LEGITIMATE_BANKING_0213,SBI: Your e-statement for July 2026 is ready. Download from SBI YONO app.,sbi: your e-statement for july 2026 is ready. download from sbi yono app.,en,LEGITIMATE_BANKING,False,NONE,legitimate,gold_evaluation,1.0.0-gold,{},Gold evaluation sample for LEGITIMATE_BANKING.,2026-07-30T11:02:16.786Z,2026-07-30T11:02:16.786Z
GOLD_LEGITIMATE_BANKING_0214,"HDFC Securities: Your dividend of Rs 8,500 credited for shares held.","hdfc securities: your dividend of rs 8,500 credited for shares held.",en,LEGITIMATE_BANKING,False,NONE,legitimate,gold_evaluation,1.0.0-gold,{},Gold evaluation sample for LEGITIMATE_BANKING.,2026-07-30T11:02:16.786Z,2026-07-30T11:02:16.786Z
GOLD_LEGITIMATE_UPI_0215,"Rs 2,000 sent to Rahul Sharma via GPay. UPI ref: 7890123456. Date: 28 July 2026.","rs 2,000 sent to rahul sharma via gpay. upi ref: 7890123456. date: 28 july 2026.",en,LEGITIMATE_UPI,False,NONE,legitimate,gold_evaluation,1.0.0-gold,{},Gold evaluation sample for LEGITIMATE_UPI.,2026-07-30T11:02:16.786Z,2026-07-30T11:02:16.786Z
GOLD_LEGITIMATE_UPI_0216,"PhonePe: Rs 650 received from your mother. UPI ref: 8765432109. Available balance: Rs 12,340.","phonepe: rs 650 received from your mother. upi ref: 8765432109. available balance: rs 12,340.",en,LEGITIMATE_UPI,False,NONE,legitimate,gold_evaluation,1.0.0-gold,{},Gold evaluation sample for LEGITIMATE_UPI.,2026-07-30T11:02:16.786Z,2026-07-30T11:02:16.786Z
GOLD_LEGITIMATE_UPI_0217,"Paytm UPI: Rs 3,200 paid to BigBasket for groceries. UPI mandate active.","paytm upi: rs 3,200 paid to bigbasket for groceries. upi mandate active.",en,LEGITIMATE_UPI,False,NONE,legitimate,gold_evaluation,1.0.0-gold,{},Gold evaluation sample for LEGITIMATE_UPI.,2026-07-30T11:02:16.786Z,2026-07-30T11:02:16.786Z
GOLD_LEGITIMATE_UPI_0218,"BHIM: Your UPI transaction of Rs 1,500 to Metro recharge successful. Token: BHIM789012.","bhim: your upi transaction of rs 1,500 to metro recharge successful. token: bhim789012.",en,LEGITIMATE_UPI,False,NONE,legitimate,gold_evaluation,1.0.0-gold,{},Gold evaluation sample for LEGITIMATE_UPI.,2026-07-30T11:02:16.786Z,2026-07-30T11:02:16.786Z
GOLD_LEGITIMATE_UPI_0219,"Amazon Pay: Rs 15,000 refund credited to your bank for cancelled order #OD9876543210.","amazon pay: rs 15,000 refund credited to your bank for cancelled order #od9876543210.",en,LEGITIMATE_UPI,False,NONE,legitimate,gold_evaluation,1.0.0-gold,{},Gold evaluation sample for LEGITIMATE_UPI.,2026-07-30T11:02:16.786Z,2026-07-30T11:02:16.786Z
GOLD_LEGITIMATE_UPI_0220,"GPay: Your weekly transaction summary: 12 payments totalling Rs 8,750.","gpay: your weekly transaction summary: 12 payments totalling rs 8,750.",en,LEGITIMATE_UPI,False,NONE,legitimate,gold_evaluation,1.0.0-gold,{},Gold evaluation sample for LEGITIMATE_UPI.,2026-07-30T11:02:16.786Z,2026-07-30T11:02:16.786Z
GOLD_LEGITIMATE_UPI_0221,"UPI collect request from Flipkart: Rs 2,499 for order OD123456. Pay by 31 July.","upi collect request from flipkart: rs 2,499 for order od123456. pay by 31 july.",en,LEGITIMATE_UPI,False,NONE,legitimate,gold_evaluation,1.0.0-gold,{},Gold evaluation sample for LEGITIMATE_UPI.,2026-07-30T11:02:16.786Z,2026-07-30T11:02:16.786Z
GOLD_LEGITIMATE_UPI_0222,Cred UPI: Cashback of Rs 287 credited for timely bill payments this month.,cred upi: cashback of rs 287 credited for timely bill payments this month.,en,LEGITIMATE_UPI,False,NONE,legitimate,gold_evaluation,1.0.0-gold,{},Gold evaluation sample for LEGITIMATE_UPI.,2026-07-30T11:02:16.786Z,2026-07-30T11:02:16.786Z
GOLD_LEGITIMATE_COURIER_0223,Amazon: Your order #OD8765432109 has been shipped via Delhivery. Track: http://amazon.in/track,amazon: your order #od8765432109 has been shipped via delhivery. track: http://amazon.in/track,en,LEGITIMATE_COURIER,False,NONE,legitimate,gold_evaluation,1.0.0-gold,{},Gold evaluation sample for LEGITIMATE_COURIER.,2026-07-30T11:02:16.786Z,2026-07-30T11:02:16.786Z
GOLD_LEGITIMATE_COURIER_0224,Delhivery: Your parcel from Myntra is out for delivery. Expected between 4-7 PM today.,delhivery: your parcel from myntra is out for delivery. expected between 4-7 pm today.,en,LEGITIMATE_COURIER,False,NONE,legitimate,gold_evaluation,1.0.0-gold,{},Gold evaluation sample for LEGITIMATE_COURIER.,2026-07-30T11:02:16.786Z,2026-07-30T11:02:16.786Z
GOLD_LEGITIMATE_COURIER_0225,FedEx: Your international package cleared customs. Delivery scheduled for 30 July.,fedex: your international package cleared customs. delivery scheduled for 30 july.,en,LEGITIMATE_COURIER,False,NONE,legitimate,gold_evaluation,1.0.0-gold,{},Gold evaluation sample for LEGITIMATE_COURIER.,2026-07-30T11:02:16.786Z,2026-07-30T11:02:16.786Z
GOLD_LEGITIMATE_COURIER_0226,India Post: Speed post article ED123456789IN delivered to addressee on 28 July at 11:30 AM.,india post: speed post article ed123456789in delivered to addressee on 28 july at 11:30 am.,en,LEGITIMATE_COURIER,False,NONE,legitimate,gold_evaluation,1.0.0-gold,{},Gold evaluation sample for LEGITIMATE_COURIER.,2026-07-30T11:02:16.786Z,2026-07-30T11:02:16.786Z
GOLD_LEGITIMATE_COURIER_0227,DTDC: Your important documents courier delivered to Bangalore office. Signatory: Rajesh K.,dtdc: your important documents courier delivered to bangalore office. signatory: rajesh k.,en,LEGITIMATE_COURIER,False,NONE,legitimate,gold_evaluation,1.0.0-gold,{},Gold evaluation sample for LEGITIMATE_COURIER.,2026-07-30T11:02:16.786Z,2026-07-30T11:02:16.786Z
GOLD_LEGITIMATE_COURIER_0228,Blue Dart: Your return pickup confirmed for 30 July between 10 AM - 1 PM.,blue dart: your return pickup confirmed for 30 july between 10 am - 1 pm.,en,LEGITIMATE_COURIER,False,NONE,legitimate,gold_evaluation,1.0.0-gold,{},Gold evaluation sample for LEGITIMATE_COURIER.,2026-07-30T11:02:16.786Z,2026-07-30T11:02:16.786Z
GOLD_LEGITIMATE_COURIER_0229,Ecom Express: Delivery attempted but address not found. Update location: http://ecom-update.tk,ecom express: delivery attempted but address not found. update location: http://ecom-update.tk,en,LEGITIMATE_COURIER,False,NONE,legitimate,gold_evaluation,1.0.0-gold,{},Gold evaluation sample for LEGITIMATE_COURIER.,2026-07-30T11:02:16.786Z,2026-07-30T11:02:16.786Z
GOLD_LEGITIMATE_COURIER_0230,Shiprocket: Your order is in transit from Mumbai hub. AWB: 1234567890123.,shiprocket: your order is in transit from mumbai hub. awb: 1234567890123.,en,LEGITIMATE_COURIER,False,NONE,legitimate,gold_evaluation,1.0.0-gold,{},Gold evaluation sample for LEGITIMATE_COURIER.,2026-07-30T11:02:16.786Z,2026-07-30T11:02:16.786Z
GOLD_LEGITIMATE_COURIER_0231,XpressBees: Your package from Ajio is shipped. Expected delivery in 2-3 business days.,xpressbees: your package from ajio is shipped. expected delivery in 2-3 business days.,en,LEGITIMATE_COURIER,False,NONE,legitimate,gold_evaluation,1.0.0-gold,{},Gold evaluation sample for LEGITIMATE_COURIER.,2026-07-30T11:02:16.786Z,2026-07-30T11:02:16.786Z
GOLD_LEGITIMATE_GOVERNMENT_0232,"PM Kisan: The 19th installment of Rs 2,000 has been credited to your Aadhaar-linked account.","pm kisan: the 19th installment of rs 2,000 has been credited to your aadhaar-linked account.",en,LEGITIMATE_GOVERNMENT,False,NONE,legitimate,gold_evaluation,1.0.0-gold,{},Gold evaluation sample for LEGITIMATE_GOVERNMENT.,2026-07-30T11:02:16.786Z,2026-07-30T11:02:16.786Z
GOLD_LEGITIMATE_GOVERNMENT_0233,"EPFO: Your EPF claim of Rs 1,85,000 has been approved. Amount will be credited within 5 working days.","epfo: your epf claim of rs 1,85,000 has been approved. amount will be credited within 5 working days.",en,LEGITIMATE_GOVERNMENT,False,NONE,legitimate,gold_evaluation,1.0.0-gold,{},Gold evaluation sample for LEGITIMATE_GOVERNMENT.,2026-07-30T11:02:16.786Z,2026-07-30T11:02:16.786Z
GOLD_LEGITIMATE_GOVERNMENT_0234,Aadhaar: Your address update request has been processed. Download updated Aadhaar from UIDAI portal.,aadhaar: your address update request has been processed. download updated aadhaar from uidai portal.,en,LEGITIMATE_GOVERNMENT,False,NONE,legitimate,gold_evaluation,1.0.0-gold,{},Gold evaluation sample for LEGITIMATE_GOVERNMENT.,2026-07-30T11:02:16.786Z,2026-07-30T11:02:16.786Z
GOLD_LEGITIMATE_GOVERNMENT_0235,Voter ID: Your new EPIC card has been dispatched via India Post. Track at http://eci.gov.in,voter id: your new epic card has been dispatched via india post. track at http://eci.gov.in,en,LEGITIMATE_GOVERNMENT,False,NONE,legitimate,gold_evaluation,1.0.0-gold,{},Gold evaluation sample for LEGITIMATE_GOVERNMENT.,2026-07-30T11:02:16.786Z,2026-07-30T11:02:16.786Z
GOLD_LEGITIMATE_GOVERNMENT_0236,Passport: Your application status updated to 'Printed'. Will be dispatched shortly.,passport: your application status updated to 'printed'. will be dispatched shortly.,en,LEGITIMATE_GOVERNMENT,False,NONE,legitimate,gold_evaluation,1.0.0-gold,{},Gold evaluation sample for LEGITIMATE_GOVERNMENT.,2026-07-30T11:02:16.786Z,2026-07-30T11:02:16.786Z
GOLD_LEGITIMATE_GOVERNMENT_0237,"NPS: Your Tier 1 account balance as of 31 July: Rs 8,25,000. Monthly contribution Rs 10,000.","nps: your tier 1 account balance as of 31 july: rs 8,25,000. monthly contribution rs 10,000.",en,LEGITIMATE_GOVERNMENT,False,NONE,legitimate,gold_evaluation,1.0.0-gold,{},Gold evaluation sample for LEGITIMATE_GOVERNMENT.,2026-07-30T11:02:16.786Z,2026-07-30T11:02:16.786Z
GOLD_LEGITIMATE_GOVERNMENT_0238,"MGNREGA: Wages for 22 days in June 2026 credited: Rs 7,480. Check your account.","mgnrega: wages for 22 days in june 2026 credited: rs 7,480. check your account.",en,LEGITIMATE_GOVERNMENT,False,NONE,legitimate,gold_evaluation,1.0.0-gold,{},Gold evaluation sample for LEGITIMATE_GOVERNMENT.,2026-07-30T11:02:16.786Z,2026-07-30T11:02:16.786Z
GOLD_LEGITIMATE_GOVERNMENT_0239,RTO: Your driving licence renewal application is approved. New valid till 30 July 2036.,rto: your driving licence renewal application is approved. new valid till 30 july 2036.,en,LEGITIMATE_GOVERNMENT,False,NONE,legitimate,gold_evaluation,1.0.0-gold,{},Gold evaluation sample for LEGITIMATE_GOVERNMENT.,2026-07-30T11:02:16.786Z,2026-07-30T11:02:16.786Z
GOLD_LEGITIMATE_OTP_0240,"Your SBI OTP for transaction of Rs 25,000 is 392847. Valid for 5 minutes.","your sbi otp for transaction of rs 25,000 is 392847. valid for 5 minutes.",en,LEGITIMATE_OTP,False,NONE,legitimate,gold_evaluation,1.0.0-gold,{},Gold evaluation sample for LEGITIMATE_OTP.,2026-07-30T11:02:16.786Z,2026-07-30T11:02:16.786Z
GOLD_LEGITIMATE_OTP_0241,"Amazon login OTP: 583920. If you did not request this, reset your password immediately.","amazon login otp: 583920. if you did not request this, reset your password immediately.",en,LEGITIMATE_OTP,False,NONE,legitimate,gold_evaluation,1.0.0-gold,{},Gold evaluation sample for LEGITIMATE_OTP.,2026-07-30T11:02:16.786Z,2026-07-30T11:02:16.786Z
GOLD_LEGITIMATE_OTP_0242,HDFC Bank: OTP 829475 for adding beneficiary. Valid until 15:45.,hdfc bank: otp 829475 for adding beneficiary. valid until 15:45.,en,LEGITIMATE_OTP,False,NONE,legitimate,gold_evaluation,1.0.0-gold,{},Gold evaluation sample for LEGITIMATE_OTP.,2026-07-30T11:02:16.786Z,2026-07-30T11:02:16.786Z
GOLD_LEGITIMATE_OTP_0243,GPay: OTP 746281 for sending money to new contact. Do not share.,gpay: otp 746281 for sending money to new contact. do not share.,en,LEGITIMATE_OTP,False,NONE,legitimate,gold_evaluation,1.0.0-gold,{},Gold evaluation sample for LEGITIMATE_OTP.,2026-07-30T11:02:16.786Z,2026-07-30T11:02:16.786Z
GOLD_LEGITIMATE_OTP_0244,IRCTC: OTP 938472 for booking of PNR 2345678901. Valid for 10 minutes.,irctc: otp 938472 for booking of pnr 2345678901. valid for 10 minutes.,en,LEGITIMATE_OTP,False,NONE,legitimate,gold_evaluation,1.0.0-gold,{},Gold evaluation sample for LEGITIMATE_OTP.,2026-07-30T11:02:16.786Z,2026-07-30T11:02:16.786Z
GOLD_LEGITIMATE_OTP_0245,DigiLocker: OTP 562839 for accessing your documents. Valid for 5 minutes.,digilocker: otp 562839 for accessing your documents. valid for 5 minutes.,en,LEGITIMATE_OTP,False,NONE,legitimate,gold_evaluation,1.0.0-gold,{},Gold evaluation sample for LEGITIMATE_OTP.,2026-07-30T11:02:16.786Z,2026-07-30T11:02:16.786Z
GOLD_LEGITIMATE_OTP_0246,PhonePe: OTP 183945 for login from new device. Ignore if not you.,phonepe: otp 183945 for login from new device. ignore if not you.,en,LEGITIMATE_OTP,False,NONE,legitimate,gold_evaluation,1.0.0-gold,{},Gold evaluation sample for LEGITIMATE_OTP.,2026-07-30T11:02:16.786Z,2026-07-30T11:02:16.786Z
GOLD_LEGITIMATE_OTP_0247,Aadhaar PVC card: OTP 674839 for ordering. Delivery in 7 working days.,aadhaar pvc card: otp 674839 for ordering. delivery in 7 working days.,en,LEGITIMATE_OTP,False,NONE,legitimate,gold_evaluation,1.0.0-gold,{},Gold evaluation sample for LEGITIMATE_OTP.,2026-07-30T11:02:16.786Z,2026-07-30T11:02:16.786Z
GOLD_LEGITIMATE_TELECOM_0248,Jio: Your monthly plan of Rs 599 will expire on 5 Aug. Recharge to continue services.,jio: your monthly plan of rs 599 will expire on 5 aug. recharge to continue services.,en,LEGITIMATE_TELECOM,False,NONE,legitimate,gold_evaluation,1.0.0-gold,{},Gold evaluation sample for LEGITIMATE_TELECOM.,2026-07-30T11:02:16.786Z,2026-07-30T11:02:16.786Z
GOLD_LEGITIMATE_TELECOM_0249,Airtel: Your data usage is 90% of 2GB/day limit. Top up at http://airtel.in,airtel: your data usage is 90% of 2gb/day limit. top up at http://airtel.in,en,LEGITIMATE_TELECOM,False,NONE,legitimate,gold_evaluation,1.0.0-gold,{},Gold evaluation sample for LEGITIMATE_TELECOM.,2026-07-30T11:02:16.786Z,2026-07-30T11:02:16.786Z
GOLD_LEGITIMATE_TELECOM_0250,"VI: International roaming pack for UAE activated. Rs 2,999 charged. Valid 30 days.","vi: international roaming pack for uae activated. rs 2,999 charged. valid 30 days.",en,LEGITIMATE_TELECOM,False,NONE,legitimate,gold_evaluation,1.0.0-gold,{},Gold evaluation sample for LEGITIMATE_TELECOM.,2026-07-30T11:02:16.786Z,2026-07-30T11:02:16.786Z
GOLD_LEGITIMATE_TELECOM_0251,BSNL: Your FTTH plan auto-renewed for Rs 799. Next billing: 28 August.,bsnl: your ftth plan auto-renewed for rs 799. next billing: 28 august.,en,LEGITIMATE_TELECOM,False,NONE,legitimate,gold_evaluation,1.0.0-gold,{},Gold evaluation sample for LEGITIMATE_TELECOM.,2026-07-30T11:02:16.786Z,2026-07-30T11:02:16.786Z
GOLD_LEGITIMATE_TELECOM_0252,JioFiber: Your monthly data usage: 850GB out of 1000GB. Speed: 100Mbps.,jiofiber: your monthly data usage: 850gb out of 1000gb. speed: 100mbps.,en,LEGITIMATE_TELECOM,False,NONE,legitimate,gold_evaluation,1.0.0-gold,{},Gold evaluation sample for LEGITIMATE_TELECOM.,2026-07-30T11:02:16.786Z,2026-07-30T11:02:16.786Z
GOLD_LEGITIMATE_TELECOM_0253,TRAI: Do not disturb registered. You will not receive promotional calls.,trai: do not disturb registered. you will not receive promotional calls.,en,LEGITIMATE_TELECOM,False,NONE,legitimate,gold_evaluation,1.0.0-gold,{},Gold evaluation sample for LEGITIMATE_TELECOM.,2026-07-30T11:02:16.786Z,2026-07-30T11:02:16.786Z
GOLD_LEGITIMATE_COLLEGE_0254,IIT Madras: Your semester exam results for May 2026 are published. Check academic portal.,iit madras: your semester exam results for may 2026 are published. check academic portal.,en,LEGITIMATE_COLLEGE,False,NONE,legitimate,gold_evaluation,1.0.0-gold,{},Gold evaluation sample for LEGITIMATE_COLLEGE.,2026-07-30T11:02:16.786Z,2026-07-30T11:02:16.786Z
GOLD_LEGITIMATE_COLLEGE_0255,"Delhi University: Fee payment for semester 3 of Rs 25,000 is due by 15 Aug. Pay online.","delhi university: fee payment for semester 3 of rs 25,000 is due by 15 aug. pay online.",en,LEGITIMATE_COLLEGE,False,NONE,legitimate,gold_evaluation,1.0.0-gold,{},Gold evaluation sample for LEGITIMATE_COLLEGE.,2026-07-30T11:02:16.786Z,2026-07-30T11:02:16.786Z
GOLD_LEGITIMATE_COLLEGE_0256,Anna University: Your hall ticket for end semester exams is available for download.,anna university: your hall ticket for end semester exams is available for download.,en,LEGITIMATE_COLLEGE,False,NONE,legitimate,gold_evaluation,1.0.0-gold,{},Gold evaluation sample for LEGITIMATE_COLLEGE.,2026-07-30T11:02:16.786Z,2026-07-30T11:02:16.786Z
GOLD_LEGITIMATE_COLLEGE_0257,Amrita Vishwa: Your project submission deadline extended to 10 August 2026.,amrita vishwa: your project submission deadline extended to 10 august 2026.,en,LEGITIMATE_COLLEGE,False,NONE,legitimate,gold_evaluation,1.0.0-gold,{},Gold evaluation sample for LEGITIMATE_COLLEGE.,2026-07-30T11:02:16.786Z,2026-07-30T11:02:16.786Z
GOLD_LEGITIMATE_COLLEGE_0258,VIT Vellore: Campus placement drive on 5 Aug. Register at http://vit-placement.in,vit vellore: campus placement drive on 5 aug. register at http://vit-placement.in,en,LEGITIMATE_COLLEGE,False,NONE,legitimate,gold_evaluation,1.0.0-gold,{},Gold evaluation sample for LEGITIMATE_COLLEGE.,2026-07-30T11:02:16.786Z,2026-07-30T11:02:16.786Z
GOLD_LEGITIMATE_UTILITY_0259,"Tata Power: Your electricity bill for July is Rs 2,850. Due date: 15 Aug. Pay via app.","tata power: your electricity bill for july is rs 2,850. due date: 15 aug. pay via app.",en,LEGITIMATE_UTILITY,False,NONE,legitimate,gold_evaluation,1.0.0-gold,{},Gold evaluation sample for LEGITIMATE_UTILITY.,2026-07-30T11:02:16.786Z,2026-07-30T11:02:16.786Z
GOLD_LEGITIMATE_UTILITY_0260,"BSES: Thank you for your payment of Rs 3,200 received on 28 July.","bses: thank you for your payment of rs 3,200 received on 28 july.",en,LEGITIMATE_UTILITY,False,NONE,legitimate,gold_evaluation,1.0.0-gold,{},Gold evaluation sample for LEGITIMATE_UTILITY.,2026-07-30T11:02:16.786Z,2026-07-30T11:02:16.786Z
GOLD_LEGITIMATE_UTILITY_0261,"Ajao Water: Your water bill for Q2 is Rs 1,250. Pay before 31 Aug to avoid late fee.","ajao water: your water bill for q2 is rs 1,250. pay before 31 aug to avoid late fee.",en,LEGITIMATE_UTILITY,False,NONE,legitimate,gold_evaluation,1.0.0-gold,{},Gold evaluation sample for LEGITIMATE_UTILITY.,2026-07-30T11:02:16.786Z,2026-07-30T11:02:16.786Z
GOLD_LEGITIMATE_UTILITY_0262,"Housing society: Maintenance bill for August is Rs 4,500. Pay by 10th.","housing society: maintenance bill for august is rs 4,500. pay by 10th.",en,LEGITIMATE_UTILITY,False,NONE,legitimate,gold_evaluation,1.0.0-gold,{},Gold evaluation sample for LEGITIMATE_UTILITY.,2026-07-30T11:02:16.786Z,2026-07-30T11:02:16.786Z
GOLD_LEGITIMATE_UTILITY_0263,"Property tax: Your payment for FY 2025-26 of Rs 12,750 received successfully.","property tax: your payment for fy 2025-26 of rs 12,750 received successfully.",en,LEGITIMATE_UTILITY,False,NONE,legitimate,gold_evaluation,1.0.0-gold,{},Gold evaluation sample for LEGITIMATE_UTILITY.,2026-07-30T11:02:16.786Z,2026-07-30T11:02:16.786Z
GOLD_LEGITIMATE_SHOPPING_0264,Amazon: Your order of iPhone 16 has been delivered. Rate your purchase on the app.,amazon: your order of iphone 16 has been delivered. rate your purchase on the app.,en,LEGITIMATE_SHOPPING,False,NONE,legitimate,gold_evaluation,1.0.0-gold,{},Gold evaluation sample for LEGITIMATE_SHOPPING.,2026-07-30T11:02:16.786Z,2026-07-30T11:02:16.786Z
GOLD_LEGITIMATE_SHOPPING_0265,Flipkart: Your return request for jeans has been approved. Pickup scheduled for 31 July.,flipkart: your return request for jeans has been approved. pickup scheduled for 31 july.,en,LEGITIMATE_SHOPPING,False,NONE,legitimate,gold_evaluation,1.0.0-gold,{},Gold evaluation sample for LEGITIMATE_SHOPPING.,2026-07-30T11:02:16.786Z,2026-07-30T11:02:16.786Z
GOLD_LEGITIMATE_SHOPPING_0266,Myntra: 50% off on your favourite brands. Use code MINT50. Shop now: http://myntra.com,myntra: 50% off on your favourite brands. use code mint50. shop now: http://myntra.com,en,LEGITIMATE_SHOPPING,False,NONE,legitimate,gold_evaluation,1.0.0-gold,{},Gold evaluation sample for LEGITIMATE_SHOPPING.,2026-07-30T11:02:16.786Z,2026-07-30T11:02:16.786Z
GOLD_LEGITIMATE_SHOPPING_0267,"BigBasket: Your order of Rs 2,800 has been delivered. Fresh vegetables guaranteed!","bigbasket: your order of rs 2,800 has been delivered. fresh vegetables guaranteed!",en,LEGITIMATE_SHOPPING,False,NONE,legitimate,gold_evaluation,1.0.0-gold,{},Gold evaluation sample for LEGITIMATE_SHOPPING.,2026-07-30T11:02:16.786Z,2026-07-30T11:02:16.786Z
GOLD_LEGITIMATE_SHOPPING_0268,Zomato: Your order from Pind Balluchi is being prepared. ETA 25 minutes.,zomato: your order from pind balluchi is being prepared. eta 25 minutes.,en,LEGITIMATE_SHOPPING,False,NONE,legitimate,gold_evaluation,1.0.0-gold,{},Gold evaluation sample for LEGITIMATE_SHOPPING.,2026-07-30T11:02:16.786Z,2026-07-30T11:02:16.786Z
GOLD_LEGITIMATE_SHOPPING_0269,Blinkit: Your order of Rs 450 will be delivered in 10 minutes. Track live.,blinkit: your order of rs 450 will be delivered in 10 minutes. track live.,en,LEGITIMATE_SHOPPING,False,NONE,legitimate,gold_evaluation,1.0.0-gold,{},Gold evaluation sample for LEGITIMATE_SHOPPING.,2026-07-30T11:02:16.786Z,2026-07-30T11:02:16.786Z
GOLD_LEGITIMATE_PERSONAL_0270,"Hey mom, I reached the hostel safely. Will call you in the evening.","hey mom, i reached the hostel safely. will call you in the evening.",en,LEGITIMATE_PERSONAL,False,NONE,legitimate,gold_evaluation,1.0.0-gold,{},Gold evaluation sample for LEGITIMATE_PERSONAL.,2026-07-30T11:02:16.786Z,2026-07-30T11:02:16.786Z
GOLD_LEGITIMATE_PERSONAL_0271,Dinner tonight at 8? I'll book the restaurant. Let me know.,dinner tonight at 8? i'll book the restaurant. let me know.,en,LEGITIMATE_PERSONAL,False,NONE,legitimate,gold_evaluation,1.0.0-gold,{},Gold evaluation sample for LEGITIMATE_PERSONAL.,2026-07-30T11:02:16.786Z,2026-07-30T11:02:16.786Z
GOLD_LEGITIMATE_PERSONAL_0272,Meeting rescheduled to 3 PM tomorrow. Please confirm attendance.,meeting rescheduled to 3 pm tomorrow. please confirm attendance.,en,LEGITIMATE_PERSONAL,False,NONE,legitimate,gold_evaluation,1.0.0-gold,{},Gold evaluation sample for LEGITIMATE_PERSONAL.,2026-07-30T11:02:16.786Z,2026-07-30T11:02:16.786Z
GOLD_LEGITIMATE_PERSONAL_0273,Happy birthday! Wishing you a wonderful year ahead. - Rahul,happy birthday! wishing you a wonderful year ahead. - rahul,en,LEGITIMATE_PERSONAL,False,NONE,legitimate,gold_evaluation,1.0.0-gold,{},Gold evaluation sample for LEGITIMATE_PERSONAL.,2026-07-30T11:02:16.786Z,2026-07-30T11:02:16.786Z
GOLD_LEGITIMATE_PERSONAL_0274,Can you pick up milk and bread on your way back home?,can you pick up milk and bread on your way back home?,en,LEGITIMATE_PERSONAL,False,NONE,legitimate,gold_evaluation,1.0.0-gold,{},Gold evaluation sample for LEGITIMATE_PERSONAL.,2026-07-30T11:02:16.786Z,2026-07-30T11:02:16.786Z
GOLD_LEGITIMATE_PERSONAL_0275,Your doctor appointment is confirmed for 2 Aug at 10 AM at Apollo Clinic.,your doctor appointment is confirmed for 2 aug at 10 am at apollo clinic.,en,LEGITIMATE_PERSONAL,False,NONE,legitimate,gold_evaluation,1.0.0-gold,{},Gold evaluation sample for LEGITIMATE_PERSONAL.,2026-07-30T11:02:16.786Z,2026-07-30T11:02:16.786Z
GOLD_LEGITIMATE_PERSONAL_0276,Flight AI 202 to Delhi is on time. Boarding at Gate 12 at 6:30 PM.,flight ai 202 to delhi is on time. boarding at gate 12 at 6:30 pm.,en,LEGITIMATE_PERSONAL,False,NONE,legitimate,gold_evaluation,1.0.0-gold,{},Gold evaluation sample for LEGITIMATE_PERSONAL.,2026-07-30T11:02:16.786Z,2026-07-30T11:02:16.786Z
GOLD_LEGITIMATE_PERSONAL_0277,"Gym membership renewed for 6 months. Total paid: Rs 8,999. Valid till Jan 2027.","gym membership renewed for 6 months. total paid: rs 8,999. valid till jan 2027.",en,LEGITIMATE_PERSONAL,False,NONE,legitimate,gold_evaluation,1.0.0-gold,{},Gold evaluation sample for LEGITIMATE_PERSONAL.,2026-07-30T11:02:16.786Z,2026-07-30T11:02:16.786Z
GOLD_LEGITIMATE_PERSONAL_0278,Your package delivered to neighbour. Please collect at door no 45.,your package delivered to neighbour. please collect at door no 45.,en,LEGITIMATE_PERSONAL,False,NONE,legitimate,gold_evaluation,1.0.0-gold,{},Gold evaluation sample for LEGITIMATE_PERSONAL.,2026-07-30T11:02:16.786Z,2026-07-30T11:02:16.786Z
GOLD_LEGITIMATE_PERSONAL_0279,Please send me the photos from yesterday's party. Thanks!,please send me the photos from yesterday's party. thanks!,en,LEGITIMATE_PERSONAL,False,NONE,legitimate,gold_evaluation,1.0.0-gold,{},Gold evaluation sample for LEGITIMATE_PERSONAL.,2026-07-30T11:02:16.786Z,2026-07-30T11:02:16.786Z
GOLD_LEGITIMATE_PERSONAL_0280,I'll be late today. Stuck in traffic near Silk Board.,i'll be late today. stuck in traffic near silk board.,en,LEGITIMATE_PERSONAL,False,NONE,legitimate,gold_evaluation,1.0.0-gold,{},Gold evaluation sample for LEGITIMATE_PERSONAL.,2026-07-30T11:02:16.786Z,2026-07-30T11:02:16.786Z
GOLD_LEGITIMATE_PERSONAL_0281,Dental appointment reminder: You have a checkup on 5 Aug at 4 PM.,dental appointment reminder: you have a checkup on 5 aug at 4 pm.,en,LEGITIMATE_PERSONAL,False,NONE,legitimate,gold_evaluation,1.0.0-gold,{},Gold evaluation sample for LEGITIMATE_PERSONAL.,2026-07-30T11:02:16.786Z,2026-07-30T11:02:16.786Z
GOLD_LEGITIMATE_PERSONAL_0282,"EMI for personal loan of Rs 8,500 deducted successfully for July.","emi for personal loan of rs 8,500 deducted successfully for july.",en,LEGITIMATE_PERSONAL,False,NONE,legitimate,gold_evaluation,1.0.0-gold,{},Gold evaluation sample for LEGITIMATE_PERSONAL.,2026-07-30T11:02:16.786Z,2026-07-30T11:02:16.786Z
GOLD_LEGITIMATE_PERSONAL_0283,Bus ETA: Your bus 500A will arrive at stop in 5 minutes.,bus eta: your bus 500a will arrive at stop in 5 minutes.,en,LEGITIMATE_PERSONAL,False,NONE,legitimate,gold_evaluation,1.0.0-gold,{},Gold evaluation sample for LEGITIMATE_PERSONAL.,2026-07-30T11:02:16.786Z,2026-07-30T11:02:16.786Z
GOLD_LEGITIMATE_PERSONAL_0284,"Your car service is due at 15,000 km. Book appointment at Maruti service center.","your car service is due at 15,000 km. book appointment at maruti service center.",en,LEGITIMATE_PERSONAL,False,NONE,legitimate,gold_evaluation,1.0.0-gold,{},Gold evaluation sample for LEGITIMATE_PERSONAL.,2026-07-30T11:02:16.786Z,2026-07-30T11:02:16.786Z
GOLD_LEGITIMATE_PERSONAL_0285,Railway PNR 4583927163: Train 12627 Karnataka Exp. Departs 22:00 from Platform 3.,railway pnr 4583927163: train 12627 karnataka exp. departs 22:00 from platform 3.,en,LEGITIMATE_PERSONAL,False,NONE,legitimate,gold_evaluation,1.0.0-gold,{},Gold evaluation sample for LEGITIMATE_PERSONAL.,2026-07-30T11:02:16.786Z,2026-07-30T11:02:16.786Z
GOLD_LEGITIMATE_PERSONAL_0286,"UPI: Rs 3,000 received from friend for trip contribution.","upi: rs 3,000 received from friend for trip contribution.",en,LEGITIMATE_PERSONAL,False,NONE,legitimate,gold_evaluation,1.0.0-gold,{},Gold evaluation sample for LEGITIMATE_PERSONAL.,2026-07-30T11:02:16.786Z,2026-07-30T11:02:16.786Z
GOLD_LEGITIMATE_BANKING_0287,"Cash deposit of Rs 20,000 at SBI ATM successful on 26 July.","cash deposit of rs 20,000 at sbi atm successful on 26 july.",en,LEGITIMATE_BANKING,False,NONE,legitimate,gold_evaluation,1.0.0-gold,{},Gold evaluation sample for LEGITIMATE_BANKING.,2026-07-30T11:02:16.787Z,2026-07-30T11:02:16.787Z
GOLD_LEGITIMATE_BANKING_0288,"Your credit card bill of Rs 22,500 generated. Due date: 15 Aug.","your credit card bill of rs 22,500 generated. due date: 15 aug.",en,LEGITIMATE_BANKING,False,NONE,legitimate,gold_evaluation,1.0.0-gold,{},Gold evaluation sample for LEGITIMATE_BANKING.,2026-07-30T11:02:16.787Z,2026-07-30T11:02:16.787Z
GOLD_LEGITIMATE_BANKING_0289,"IDFC Bank: Your FD of Rs 1,00,000 renewed for 1 year at 8.2% p.a.","idfc bank: your fd of rs 1,00,000 renewed for 1 year at 8.2% p.a.",en,LEGITIMATE_BANKING,False,NONE,legitimate,gold_evaluation,1.0.0-gold,{},Gold evaluation sample for LEGITIMATE_BANKING.,2026-07-30T11:02:16.787Z,2026-07-30T11:02:16.787Z
GOLD_LEGITIMATE_UTILITY_0290,"Electricity bill: Thank you for your payment of Rs 3,100.","electricity bill: thank you for your payment of rs 3,100.",en,LEGITIMATE_UTILITY,False,NONE,legitimate,gold_evaluation,1.0.0-gold,{},Gold evaluation sample for LEGITIMATE_UTILITY.,2026-07-30T11:02:16.787Z,2026-07-30T11:02:16.787Z
GOLD_LEGITIMATE_UTILITY_0291,Water supply disruption on 2 Aug due to pipeline maintenance in your area.,water supply disruption on 2 aug due to pipeline maintenance in your area.,en,LEGITIMATE_UTILITY,False,NONE,legitimate,gold_evaluation,1.0.0-gold,{},Gold evaluation sample for LEGITIMATE_UTILITY.,2026-07-30T11:02:16.787Z,2026-07-30T11:02:16.787Z
GOLD_LEGITIMATE_UTILITY_0292,Your broadband bill of Rs 999 is due on 5 Aug. Auto-pay enabled.,your broadband bill of rs 999 is due on 5 aug. auto-pay enabled.,en,LEGITIMATE_UTILITY,False,NONE,legitimate,gold_evaluation,1.0.0-gold,{},Gold evaluation sample for LEGITIMATE_UTILITY.,2026-07-30T11:02:16.787Z,2026-07-30T11:02:16.787Z
GOLD_LEGITIMATE_UTILITY_0293,Gas booking: Your LPG cylinder has been booked. Delivery in 3-5 days.,gas booking: your lpg cylinder has been booked. delivery in 3-5 days.,en,LEGITIMATE_UTILITY,False,NONE,legitimate,gold_evaluation,1.0.0-gold,{},Gold evaluation sample for LEGITIMATE_UTILITY.,2026-07-30T11:02:16.787Z,2026-07-30T11:02:16.787Z
GOLD_LEGITIMATE_SHOPPING_0294,"Insurance premium reminder: Your health insurance of Rs 18,500 due on 10 Aug.","insurance premium reminder: your health insurance of rs 18,500 due on 10 aug.",en,LEGITIMATE_SHOPPING,False,NONE,legitimate,gold_evaluation,1.0.0-gold,{},Gold evaluation sample for LEGITIMATE_SHOPPING.,2026-07-30T11:02:16.787Z,2026-07-30T11:02:16.787Z
GOLD_LEGITIMATE_SHOPPING_0295,Nykaa: 30% off on beauty products. Use code NYK30. Offer ends midnight.,nykaa: 30% off on beauty products. use code nyk30. offer ends midnight.,en,LEGITIMATE_SHOPPING,False,NONE,legitimate,gold_evaluation,1.0.0-gold,{},Gold evaluation sample for LEGITIMATE_SHOPPING.,2026-07-30T11:02:16.787Z,2026-07-30T11:02:16.787Z
GOLD_LEGITIMATE_SHOPPING_0296,Your Meesho order has been delivered successfully. Rate your experience.,your meesho order has been delivered successfully. rate your experience.,en,LEGITIMATE_SHOPPING,False,NONE,legitimate,gold_evaluation,1.0.0-gold,{},Gold evaluation sample for LEGITIMATE_SHOPPING.,2026-07-30T11:02:16.787Z,2026-07-30T11:02:16.787Z
GOLD_LEGITIMATE_SHOPPING_0297,Croma: Your new AC installation scheduled for 2 Aug between 9 AM - 12 PM.,croma: your new ac installation scheduled for 2 aug between 9 am - 12 pm.,en,LEGITIMATE_SHOPPING,False,NONE,legitimate,gold_evaluation,1.0.0-gold,{},Gold evaluation sample for LEGITIMATE_SHOPPING.,2026-07-30T11:02:16.787Z,2026-07-30T11:02:16.787Z
GOLD_LEGITIMATE_SHOPPING_0298,Swiggy: Order delivered! Enjoy your meal. Rate your delivery partner.,swiggy: order delivered! enjoy your meal. rate your delivery partner.,en,LEGITIMATE_SHOPPING,False,NONE,legitimate,gold_evaluation,1.0.0-gold,{},Gold evaluation sample for LEGITIMATE_SHOPPING.,2026-07-30T11:02:16.787Z,2026-07-30T11:02:16.787Z
GOLD_LEGITIMATE_SHOPPING_0299,Zepto: Your order of Rs 899 is out for delivery. ETA 8 minutes.,zepto: your order of rs 899 is out for delivery. eta 8 minutes.,en,LEGITIMATE_SHOPPING,False,NONE,legitimate,gold_evaluation,1.0.0-gold,{},Gold evaluation sample for LEGITIMATE_SHOPPING.,2026-07-30T11:02:16.787Z,2026-07-30T11:02:16.787Z
GOLD_LEGITIMATE_TELECOM_0300,Your Tata Play recharge of Rs 275 successful. All channels active.,your tata play recharge of rs 275 successful. all channels active.,en,LEGITIMATE_TELECOM,False,NONE,legitimate,gold_evaluation,1.0.0-gold,{},Gold evaluation sample for LEGITIMATE_TELECOM.,2026-07-30T11:02:16.787Z,2026-07-30T11:02:16.787Z
GOLD_LEGITIMATE_TELECOM_0301,Airtel Fiber: 100GB additional data credited for loyalty reward.,airtel fiber: 100gb additional data credited for loyalty reward.,en,LEGITIMATE_TELECOM,False,NONE,legitimate,gold_evaluation,1.0.0-gold,{},Gold evaluation sample for LEGITIMATE_TELECOM.,2026-07-30T11:02:16.787Z,2026-07-30T11:02:16.787Z
GOLD_LEGITIMATE_TELECOM_0302,Jio: Your plan auto-renewed. Rs 599 debited. Valid till 26 Aug.,jio: your plan auto-renewed. rs 599 debited. valid till 26 aug.,en,LEGITIMATE_TELECOM,False,NONE,legitimate,gold_evaluation,1.0.0-gold,{},Gold evaluation sample for LEGITIMATE_TELECOM.,2026-07-30T11:02:16.787Z,2026-07-30T11:02:16.787Z
GOLD_LEGITIMATE_COLLEGE_0303,NTA: Your NEET application number is 12345678. Admit card available from 10 Aug.,nta: your neet application number is 12345678. admit card available from 10 aug.,en,LEGITIMATE_COLLEGE,False,NONE,legitimate,gold_evaluation,1.0.0-gold,{},Gold evaluation sample for LEGITIMATE_COLLEGE.,2026-07-30T11:02:16.787Z,2026-07-30T11:02:16.787Z
GOLD_LEGITIMATE_COLLEGE_0304,UPSC: Your civil services prelims result published. Check at http://upsc.gov.in,upsc: your civil services prelims result published. check at http://upsc.gov.in,en,LEGITIMATE_COLLEGE,False,NONE,legitimate,gold_evaluation,1.0.0-gold,{},Gold evaluation sample for LEGITIMATE_COLLEGE.,2026-07-30T11:02:16.787Z,2026-07-30T11:02:16.787Z
GOLD_LEGITIMATE_COLLEGE_0305,"Scholarship: Your renewal application approved for AY 2026-27. Amount Rs 12,000.","scholarship: your renewal application approved for ay 2026-27. amount rs 12,000.",en,LEGITIMATE_COLLEGE,False,NONE,legitimate,gold_evaluation,1.0.0-gold,{},Gold evaluation sample for LEGITIMATE_COLLEGE.,2026-07-30T11:02:16.787Z,2026-07-30T11:02:16.787Z
GOLD_LEGITIMATE_UPI_0306,GPay: Weekly cashback of Rs 45 credited. Make 10 more transactions to unlock bonus.,gpay: weekly cashback of rs 45 credited. make 10 more transactions to unlock bonus.,en,LEGITIMATE_UPI,False,NONE,legitimate,gold_evaluation,1.0.0-gold,{},Gold evaluation sample for LEGITIMATE_UPI.,2026-07-30T11:02:16.787Z,2026-07-30T11:02:16.787Z
GOLD_LEGITIMATE_UPI_0307,PhonePe: Your gold purchase of Rs 500 successful via Digital Gold.,phonepe: your gold purchase of rs 500 successful via digital gold.,en,LEGITIMATE_UPI,False,NONE,legitimate,gold_evaluation,1.0.0-gold,{},Gold evaluation sample for LEGITIMATE_UPI.,2026-07-30T11:02:16.787Z,2026-07-30T11:02:16.787Z
GOLD_LEGITIMATE_UPI_0308,UPI transaction of Rs 250 to Mumbai Local monthly pass successful.,upi transaction of rs 250 to mumbai local monthly pass successful.,en,LEGITIMATE_UPI,False,NONE,legitimate,gold_evaluation,1.0.0-gold,{},Gold evaluation sample for LEGITIMATE_UPI.,2026-07-30T11:02:16.787Z,2026-07-30T11:02:16.787Z
